24-Jan-2025 21:14:06.878 INFO [main] org.apache.catalina.startup.VersionLoggerListener.log Имя версии сервера:    Apache Tomcat/11.0.2
24-Jan-2025 21:14:06.884 INFO [main] org.apache.catalina.startup.VersionLoggerListener.log Сервер собран:         Dec 5 2024 15:19:37 UTC
24-Jan-2025 21:14:06.884 INFO [main] org.apache.catalina.startup.VersionLoggerListener.log Номер версии сервера:  11.0.2.0
24-Jan-2025 21:14:06.884 INFO [main] org.apache.catalina.startup.VersionLoggerListener.log OS Name:               Linux
24-Jan-2025 21:14:06.884 INFO [main] org.apache.catalina.startup.VersionLoggerListener.log Версия ОС:             6.8.0-51-generic
24-Jan-2025 21:14:06.885 INFO [main] org.apache.catalina.startup.VersionLoggerListener.log Архитектура:           amd64
24-Jan-2025 21:14:06.885 INFO [main] org.apache.catalina.startup.VersionLoggerListener.log Java Home:             /usr/lib/jvm/java-21-openjdk-amd64
24-Jan-2025 21:14:06.885 INFO [main] org.apache.catalina.startup.VersionLoggerListener.log Версия JVM:            21.0.5+11-Ubuntu-1ubuntu124.04
24-Jan-2025 21:14:06.885 INFO [main] org.apache.catalina.startup.VersionLoggerListener.log Производитель JVM:     Ubuntu
24-Jan-2025 21:14:06.885 INFO [main] org.apache.catalina.startup.VersionLoggerListener.log CATALINA_BASE:         /home/serega/YandexPr/Middle/Final_Sprint_Tasks/Spring/blog/apache-tomcat-11
24-Jan-2025 21:14:06.885 INFO [main] org.apache.catalina.startup.VersionLoggerListener.log CATALINA_HOME:         /home/serega/YandexPr/Middle/Final_Sprint_Tasks/Spring/blog/apache-tomcat-11
24-Jan-2025 21:14:06.901 INFO [main] org.apache.catalina.startup.VersionLoggerListener.log Command line argument: -Djava.util.logging.config.file=/home/serega/YandexPr/Middle/Final_Sprint_Tasks/Spring/blog/apache-tomcat-11/conf/logging.properties
24-Jan-2025 21:14:06.901 INFO [main] org.apache.catalina.startup.VersionLoggerListener.log Command line argument: -Djava.util.logging.manager=org.apache.juli.ClassLoaderLogManager
24-Jan-2025 21:14:06.901 INFO [main] org.apache.catalina.startup.VersionLoggerListener.log Command line argument: -Djdk.tls.ephemeralDHKeySize=2048
24-Jan-2025 21:14:06.901 INFO [main] org.apache.catalina.startup.VersionLoggerListener.log Command line argument: -Dorg.apache.catalina.security.SecurityListener.UMASK=0027
24-Jan-2025 21:14:06.901 INFO [main] org.apache.catalina.startup.VersionLoggerListener.log Command line argument: --add-opens=java.base/java.lang=ALL-UNNAMED
24-Jan-2025 21:14:06.902 INFO [main] org.apache.catalina.startup.VersionLoggerListener.log Command line argument: --add-opens=java.base/java.io=ALL-UNNAMED
24-Jan-2025 21:14:06.902 INFO [main] org.apache.catalina.startup.VersionLoggerListener.log Command line argument: --add-opens=java.base/java.util=ALL-UNNAMED
24-Jan-2025 21:14:06.902 INFO [main] org.apache.catalina.startup.VersionLoggerListener.log Command line argument: --add-opens=java.base/java.util.concurrent=ALL-UNNAMED
24-Jan-2025 21:14:06.902 INFO [main] org.apache.catalina.startup.VersionLoggerListener.log Command line argument: --add-opens=java.rmi/sun.rmi.transport=ALL-UNNAMED
24-Jan-2025 21:14:06.902 INFO [main] org.apache.catalina.startup.VersionLoggerListener.log Command line argument: --enable-native-access=ALL-UNNAMED
24-Jan-2025 21:14:06.902 INFO [main] org.apache.catalina.startup.VersionLoggerListener.log Command line argument: -Dcatalina.base=/home/serega/YandexPr/Middle/Final_Sprint_Tasks/Spring/blog/apache-tomcat-11
24-Jan-2025 21:14:06.902 INFO [main] org.apache.catalina.startup.VersionLoggerListener.log Command line argument: -Dcatalina.home=/home/serega/YandexPr/Middle/Final_Sprint_Tasks/Spring/blog/apache-tomcat-11
24-Jan-2025 21:14:06.902 INFO [main] org.apache.catalina.startup.VersionLoggerListener.log Command line argument: -Djava.io.tmpdir=/home/serega/YandexPr/Middle/Final_Sprint_Tasks/Spring/blog/apache-tomcat-11/temp
24-Jan-2025 21:14:06.905 INFO [main] org.apache.catalina.core.AprLifecycleListener.lifecycleEvent The Apache Tomcat Native library which allows using OpenSSL was not found on the java.library.path: [/usr/java/packages/lib:/usr/lib/x86_64-linux-gnu/jni:/lib/x86_64-linux-gnu:/usr/lib/x86_64-linux-gnu:/usr/lib/jni:/lib:/usr/lib]
24-Jan-2025 21:14:07.309 INFO [main] org.apache.coyote.AbstractProtocol.init Инициализация ProtocolHandler ["http-nio-8080"]
24-Jan-2025 21:14:07.339 INFO [main] org.apache.catalina.startup.Catalina.load Server initialization in [700] milliseconds
24-Jan-2025 21:14:07.391 INFO [main] org.apache.catalina.core.StandardService.startInternal Starting service [Catalina]
24-Jan-2025 21:14:07.392 INFO [main] org.apache.catalina.core.StandardEngine.startInternal Starting Servlet engine: [Apache Tomcat/11.0.2]
24-Jan-2025 21:14:07.408 INFO [main] org.apache.catalina.startup.HostConfig.deployWAR Deploying web application archive [/home/serega/YandexPr/Middle/Final_Sprint_Tasks/Spring/blog/apache-tomcat-11/webapps/blog.war]
24-Jan-2025 21:14:09.092 INFO [main] org.apache.jasper.servlet.TldScanner.scanJars At least one JAR was scanned for TLDs yet contained no TLDs. Enable debug logging for this logger for a complete list of JARs that were scanned but no TLDs were found in them. Skipping unneeded JARs during scanning can improve startup time and JSP compilation time.
24-Jan-2025 21:14:10.196 INFO [main] org.apache.catalina.startup.HostConfig.deployWAR Deployment of web application archive [/home/serega/YandexPr/Middle/Final_Sprint_Tasks/Spring/blog/apache-tomcat-11/webapps/blog.war] has finished in [2 788] ms
24-Jan-2025 21:14:10.197 INFO [main] org.apache.catalina.startup.HostConfig.deployDirectory Установка веб приложения в папку [/home/serega/YandexPr/Middle/Final_Sprint_Tasks/Spring/blog/apache-tomcat-11/webapps/docs]
24-Jan-2025 21:14:10.241 INFO [main] org.apache.catalina.startup.HostConfig.deployDirectory Deployment of web application directory [/home/serega/YandexPr/Middle/Final_Sprint_Tasks/Spring/blog/apache-tomcat-11/webapps/docs] has finished in [44] ms
24-Jan-2025 21:14:10.242 INFO [main] org.apache.catalina.startup.HostConfig.deployDirectory Установка веб приложения в папку [/home/serega/YandexPr/Middle/Final_Sprint_Tasks/Spring/blog/apache-tomcat-11/webapps/ROOT]
24-Jan-2025 21:14:10.261 INFO [main] org.apache.catalina.startup.HostConfig.deployDirectory Deployment of web application directory [/home/serega/YandexPr/Middle/Final_Sprint_Tasks/Spring/blog/apache-tomcat-11/webapps/ROOT] has finished in [19] ms
24-Jan-2025 21:14:10.261 INFO [main] org.apache.catalina.startup.HostConfig.deployDirectory Установка веб приложения в папку [/home/serega/YandexPr/Middle/Final_Sprint_Tasks/Spring/blog/apache-tomcat-11/webapps/examples]
24-Jan-2025 21:14:10.516 INFO [main] org.apache.catalina.startup.HostConfig.deployDirectory Deployment of web application directory [/home/serega/YandexPr/Middle/Final_Sprint_Tasks/Spring/blog/apache-tomcat-11/webapps/examples] has finished in [254] ms
24-Jan-2025 21:14:10.516 INFO [main] org.apache.catalina.startup.HostConfig.deployDirectory Установка веб приложения в папку [/home/serega/YandexPr/Middle/Final_Sprint_Tasks/Spring/blog/apache-tomcat-11/webapps/host-manager]
24-Jan-2025 21:14:10.549 INFO [main] org.apache.catalina.startup.HostConfig.deployDirectory Deployment of web application directory [/home/serega/YandexPr/Middle/Final_Sprint_Tasks/Spring/blog/apache-tomcat-11/webapps/host-manager] has finished in [33] ms
24-Jan-2025 21:14:10.550 INFO [main] org.apache.catalina.startup.HostConfig.deployDirectory Установка веб приложения в папку [/home/serega/YandexPr/Middle/Final_Sprint_Tasks/Spring/blog/apache-tomcat-11/webapps/manager]
24-Jan-2025 21:14:10.589 INFO [main] org.apache.catalina.startup.HostConfig.deployDirectory Deployment of web application directory [/home/serega/YandexPr/Middle/Final_Sprint_Tasks/Spring/blog/apache-tomcat-11/webapps/manager] has finished in [39] ms
24-Jan-2025 21:14:10.594 INFO [main] org.apache.coyote.AbstractProtocol.start Starting ProtocolHandler ["http-nio-8080"]
24-Jan-2025 21:14:10.728 INFO [main] org.apache.catalina.startup.Catalina.start Server startup in [3388] milliseconds
24-Jan-2025 22:28:10.226 INFO [main] org.apache.catalina.startup.VersionLoggerListener.log Имя версии сервера:    Apache Tomcat/11.0.2
24-Jan-2025 22:28:10.232 INFO [main] org.apache.catalina.startup.VersionLoggerListener.log Сервер собран:         Dec 5 2024 15:19:37 UTC
24-Jan-2025 22:28:10.232 INFO [main] org.apache.catalina.startup.VersionLoggerListener.log Номер версии сервера:  11.0.2.0
24-Jan-2025 22:28:10.233 INFO [main] org.apache.catalina.startup.VersionLoggerListener.log OS Name:               Linux
24-Jan-2025 22:28:10.233 INFO [main] org.apache.catalina.startup.VersionLoggerListener.log Версия ОС:             6.8.0-51-generic
24-Jan-2025 22:28:10.233 INFO [main] org.apache.catalina.startup.VersionLoggerListener.log Архитектура:           amd64
24-Jan-2025 22:28:10.233 INFO [main] org.apache.catalina.startup.VersionLoggerListener.log Java Home:             /usr/lib/jvm/java-21-openjdk-amd64
24-Jan-2025 22:28:10.234 INFO [main] org.apache.catalina.startup.VersionLoggerListener.log Версия JVM:            21.0.5+11-Ubuntu-1ubuntu124.04
24-Jan-2025 22:28:10.234 INFO [main] org.apache.catalina.startup.VersionLoggerListener.log Производитель JVM:     Ubuntu
24-Jan-2025 22:28:10.234 INFO [main] org.apache.catalina.startup.VersionLoggerListener.log CATALINA_BASE:         /home/serega/YandexPr/Middle/Final_Sprint_Tasks/Spring/blog/apache-tomcat-11
24-Jan-2025 22:28:10.234 INFO [main] org.apache.catalina.startup.VersionLoggerListener.log CATALINA_HOME:         /home/serega/YandexPr/Middle/Final_Sprint_Tasks/Spring/blog/apache-tomcat-11
24-Jan-2025 22:28:10.252 INFO [main] org.apache.catalina.startup.VersionLoggerListener.log Command line argument: -Djava.util.logging.config.file=/home/serega/YandexPr/Middle/Final_Sprint_Tasks/Spring/blog/apache-tomcat-11/conf/logging.properties
24-Jan-2025 22:28:10.252 INFO [main] org.apache.catalina.startup.VersionLoggerListener.log Command line argument: -Djava.util.logging.manager=org.apache.juli.ClassLoaderLogManager
24-Jan-2025 22:28:10.252 INFO [main] org.apache.catalina.startup.VersionLoggerListener.log Command line argument: -Djdk.tls.ephemeralDHKeySize=2048
24-Jan-2025 22:28:10.252 INFO [main] org.apache.catalina.startup.VersionLoggerListener.log Command line argument: -Dorg.apache.catalina.security.SecurityListener.UMASK=0027
24-Jan-2025 22:28:10.253 INFO [main] org.apache.catalina.startup.VersionLoggerListener.log Command line argument: --add-opens=java.base/java.lang=ALL-UNNAMED
24-Jan-2025 22:28:10.253 INFO [main] org.apache.catalina.startup.VersionLoggerListener.log Command line argument: --add-opens=java.base/java.io=ALL-UNNAMED
24-Jan-2025 22:28:10.253 INFO [main] org.apache.catalina.startup.VersionLoggerListener.log Command line argument: --add-opens=java.base/java.util=ALL-UNNAMED
24-Jan-2025 22:28:10.253 INFO [main] org.apache.catalina.startup.VersionLoggerListener.log Command line argument: --add-opens=java.base/java.util.concurrent=ALL-UNNAMED
24-Jan-2025 22:28:10.253 INFO [main] org.apache.catalina.startup.VersionLoggerListener.log Command line argument: --add-opens=java.rmi/sun.rmi.transport=ALL-UNNAMED
24-Jan-2025 22:28:10.253 INFO [main] org.apache.catalina.startup.VersionLoggerListener.log Command line argument: --enable-native-access=ALL-UNNAMED
24-Jan-2025 22:28:10.253 INFO [main] org.apache.catalina.startup.VersionLoggerListener.log Command line argument: -Dcatalina.base=/home/serega/YandexPr/Middle/Final_Sprint_Tasks/Spring/blog/apache-tomcat-11
24-Jan-2025 22:28:10.254 INFO [main] org.apache.catalina.startup.VersionLoggerListener.log Command line argument: -Dcatalina.home=/home/serega/YandexPr/Middle/Final_Sprint_Tasks/Spring/blog/apache-tomcat-11
24-Jan-2025 22:28:10.254 INFO [main] org.apache.catalina.startup.VersionLoggerListener.log Command line argument: -Djava.io.tmpdir=/home/serega/YandexPr/Middle/Final_Sprint_Tasks/Spring/blog/apache-tomcat-11/temp
24-Jan-2025 22:28:10.257 INFO [main] org.apache.catalina.core.AprLifecycleListener.lifecycleEvent The Apache Tomcat Native library which allows using OpenSSL was not found on the java.library.path: [/usr/java/packages/lib:/usr/lib/x86_64-linux-gnu/jni:/lib/x86_64-linux-gnu:/usr/lib/x86_64-linux-gnu:/usr/lib/jni:/lib:/usr/lib]
24-Jan-2025 22:28:10.759 INFO [main] org.apache.coyote.AbstractProtocol.init Инициализация ProtocolHandler ["http-nio-8080"]
24-Jan-2025 22:28:10.799 INFO [main] org.apache.catalina.startup.Catalina.load Server initialization in [821] milliseconds
24-Jan-2025 22:28:10.865 INFO [main] org.apache.catalina.core.StandardService.startInternal Starting service [Catalina]
24-Jan-2025 22:28:10.865 INFO [main] org.apache.catalina.core.StandardEngine.startInternal Starting Servlet engine: [Apache Tomcat/11.0.2]
24-Jan-2025 22:28:10.881 INFO [main] org.apache.catalina.startup.HostConfig.deployWAR Deploying web application archive [/home/serega/YandexPr/Middle/Final_Sprint_Tasks/Spring/blog/apache-tomcat-11/webapps/blog.war]
24-Jan-2025 22:28:12.632 INFO [main] org.apache.jasper.servlet.TldScanner.scanJars At least one JAR was scanned for TLDs yet contained no TLDs. Enable debug logging for this logger for a complete list of JARs that were scanned but no TLDs were found in them. Skipping unneeded JARs during scanning can improve startup time and JSP compilation time.
24-Jan-2025 22:28:13.302 INFO [main] org.apache.catalina.startup.HostConfig.deployWAR Deployment of web application archive [/home/serega/YandexPr/Middle/Final_Sprint_Tasks/Spring/blog/apache-tomcat-11/webapps/blog.war] has finished in [2 416] ms
24-Jan-2025 22:28:13.303 INFO [main] org.apache.catalina.startup.HostConfig.deployDirectory Установка веб приложения в папку [/home/serega/YandexPr/Middle/Final_Sprint_Tasks/Spring/blog/apache-tomcat-11/webapps/docs]
24-Jan-2025 22:28:13.326 INFO [main] org.apache.catalina.startup.HostConfig.deployDirectory Deployment of web application directory [/home/serega/YandexPr/Middle/Final_Sprint_Tasks/Spring/blog/apache-tomcat-11/webapps/docs] has finished in [23] ms
24-Jan-2025 22:28:13.326 INFO [main] org.apache.catalina.startup.HostConfig.deployDirectory Установка веб приложения в папку [/home/serega/YandexPr/Middle/Final_Sprint_Tasks/Spring/blog/apache-tomcat-11/webapps/ROOT]
24-Jan-2025 22:28:13.343 INFO [main] org.apache.catalina.startup.HostConfig.deployDirectory Deployment of web application directory [/home/serega/YandexPr/Middle/Final_Sprint_Tasks/Spring/blog/apache-tomcat-11/webapps/ROOT] has finished in [17] ms
24-Jan-2025 22:28:13.343 INFO [main] org.apache.catalina.startup.HostConfig.deployDirectory Установка веб приложения в папку [/home/serega/YandexPr/Middle/Final_Sprint_Tasks/Spring/blog/apache-tomcat-11/webapps/examples]
24-Jan-2025 22:28:13.567 INFO [main] org.apache.catalina.startup.HostConfig.deployDirectory Deployment of web application directory [/home/serega/YandexPr/Middle/Final_Sprint_Tasks/Spring/blog/apache-tomcat-11/webapps/examples] has finished in [224] ms
24-Jan-2025 22:28:13.567 INFO [main] org.apache.catalina.startup.HostConfig.deployDirectory Установка веб приложения в папку [/home/serega/YandexPr/Middle/Final_Sprint_Tasks/Spring/blog/apache-tomcat-11/webapps/host-manager]
24-Jan-2025 22:28:13.599 INFO [main] org.apache.catalina.startup.HostConfig.deployDirectory Deployment of web application directory [/home/serega/YandexPr/Middle/Final_Sprint_Tasks/Spring/blog/apache-tomcat-11/webapps/host-manager] has finished in [31] ms
24-Jan-2025 22:28:13.599 INFO [main] org.apache.catalina.startup.HostConfig.deployDirectory Установка веб приложения в папку [/home/serega/YandexPr/Middle/Final_Sprint_Tasks/Spring/blog/apache-tomcat-11/webapps/manager]
24-Jan-2025 22:28:13.644 INFO [main] org.apache.catalina.startup.HostConfig.deployDirectory Deployment of web application directory [/home/serega/YandexPr/Middle/Final_Sprint_Tasks/Spring/blog/apache-tomcat-11/webapps/manager] has finished in [45] ms
24-Jan-2025 22:28:13.649 INFO [main] org.apache.coyote.AbstractProtocol.start Starting ProtocolHandler ["http-nio-8080"]
24-Jan-2025 22:28:13.661 INFO [main] org.apache.catalina.startup.Catalina.start Server startup in [2859] milliseconds
24-Jan-2025 22:31:16.587 INFO [main] org.apache.catalina.core.StandardServer.await A valid shutdown command was received via the shutdown port. Stopping the Server instance.
24-Jan-2025 22:31:16.588 INFO [main] org.apache.coyote.AbstractProtocol.pause Pausing ProtocolHandler ["http-nio-8080"]
24-Jan-2025 22:31:16.592 INFO [main] org.apache.catalina.core.StandardService.stopInternal Stopping service [Catalina]
24-Jan-2025 22:31:16.622 INFO [main] org.apache.coyote.AbstractProtocol.stop Stopping ProtocolHandler ["http-nio-8080"]
24-Jan-2025 22:31:16.626 INFO [main] org.apache.coyote.AbstractProtocol.destroy Destroying ProtocolHandler ["http-nio-8080"]
24-Jan-2025 22:31:26.834 INFO [main] org.apache.catalina.startup.VersionLoggerListener.log Имя версии сервера:    Apache Tomcat/11.0.2
24-Jan-2025 22:31:26.838 INFO [main] org.apache.catalina.startup.VersionLoggerListener.log Сервер собран:         Dec 5 2024 15:19:37 UTC
24-Jan-2025 22:31:26.838 INFO [main] org.apache.catalina.startup.VersionLoggerListener.log Номер версии сервера:  11.0.2.0
24-Jan-2025 22:31:26.838 INFO [main] org.apache.catalina.startup.VersionLoggerListener.log OS Name:               Linux
24-Jan-2025 22:31:26.838 INFO [main] org.apache.catalina.startup.VersionLoggerListener.log Версия ОС:             6.8.0-51-generic
24-Jan-2025 22:31:26.838 INFO [main] org.apache.catalina.startup.VersionLoggerListener.log Архитектура:           amd64
24-Jan-2025 22:31:26.839 INFO [main] org.apache.catalina.startup.VersionLoggerListener.log Java Home:             /usr/lib/jvm/java-21-openjdk-amd64
24-Jan-2025 22:31:26.839 INFO [main] org.apache.catalina.startup.VersionLoggerListener.log Версия JVM:            21.0.5+11-Ubuntu-1ubuntu124.04
24-Jan-2025 22:31:26.839 INFO [main] org.apache.catalina.startup.VersionLoggerListener.log Производитель JVM:     Ubuntu
24-Jan-2025 22:31:26.839 INFO [main] org.apache.catalina.startup.VersionLoggerListener.log CATALINA_BASE:         /home/serega/YandexPr/Middle/Final_Sprint_Tasks/Spring/blog/apache-tomcat-11
24-Jan-2025 22:31:26.839 INFO [main] org.apache.catalina.startup.VersionLoggerListener.log CATALINA_HOME:         /home/serega/YandexPr/Middle/Final_Sprint_Tasks/Spring/blog/apache-tomcat-11
24-Jan-2025 22:31:26.848 INFO [main] org.apache.catalina.startup.VersionLoggerListener.log Command line argument: -Djava.util.logging.config.file=/home/serega/YandexPr/Middle/Final_Sprint_Tasks/Spring/blog/apache-tomcat-11/conf/logging.properties
24-Jan-2025 22:31:26.849 INFO [main] org.apache.catalina.startup.VersionLoggerListener.log Command line argument: -Djava.util.logging.manager=org.apache.juli.ClassLoaderLogManager
24-Jan-2025 22:31:26.849 INFO [main] org.apache.catalina.startup.VersionLoggerListener.log Command line argument: -Djdk.tls.ephemeralDHKeySize=2048
24-Jan-2025 22:31:26.849 INFO [main] org.apache.catalina.startup.VersionLoggerListener.log Command line argument: -Dorg.apache.catalina.security.SecurityListener.UMASK=0027
24-Jan-2025 22:31:26.849 INFO [main] org.apache.catalina.startup.VersionLoggerListener.log Command line argument: --add-opens=java.base/java.lang=ALL-UNNAMED
24-Jan-2025 22:31:26.849 INFO [main] org.apache.catalina.startup.VersionLoggerListener.log Command line argument: --add-opens=java.base/java.io=ALL-UNNAMED
24-Jan-2025 22:31:26.849 INFO [main] org.apache.catalina.startup.VersionLoggerListener.log Command line argument: --add-opens=java.base/java.util=ALL-UNNAMED
24-Jan-2025 22:31:26.849 INFO [main] org.apache.catalina.startup.VersionLoggerListener.log Command line argument: --add-opens=java.base/java.util.concurrent=ALL-UNNAMED
24-Jan-2025 22:31:26.849 INFO [main] org.apache.catalina.startup.VersionLoggerListener.log Command line argument: --add-opens=java.rmi/sun.rmi.transport=ALL-UNNAMED
24-Jan-2025 22:31:26.849 INFO [main] org.apache.catalina.startup.VersionLoggerListener.log Command line argument: --enable-native-access=ALL-UNNAMED
24-Jan-2025 22:31:26.849 INFO [main] org.apache.catalina.startup.VersionLoggerListener.log Command line argument: -Dcatalina.base=/home/serega/YandexPr/Middle/Final_Sprint_Tasks/Spring/blog/apache-tomcat-11
24-Jan-2025 22:31:26.850 INFO [main] org.apache.catalina.startup.VersionLoggerListener.log Command line argument: -Dcatalina.home=/home/serega/YandexPr/Middle/Final_Sprint_Tasks/Spring/blog/apache-tomcat-11
24-Jan-2025 22:31:26.850 INFO [main] org.apache.catalina.startup.VersionLoggerListener.log Command line argument: -Djava.io.tmpdir=/home/serega/YandexPr/Middle/Final_Sprint_Tasks/Spring/blog/apache-tomcat-11/temp
24-Jan-2025 22:31:26.851 INFO [main] org.apache.catalina.core.AprLifecycleListener.lifecycleEvent The Apache Tomcat Native library which allows using OpenSSL was not found on the java.library.path: [/usr/java/packages/lib:/usr/lib/x86_64-linux-gnu/jni:/lib/x86_64-linux-gnu:/usr/lib/x86_64-linux-gnu:/usr/lib/jni:/lib:/usr/lib]
24-Jan-2025 22:31:27.235 INFO [main] org.apache.coyote.AbstractProtocol.init Инициализация ProtocolHandler ["http-nio-8080"]
24-Jan-2025 22:31:27.258 INFO [main] org.apache.catalina.startup.Catalina.load Server initialization in [613] milliseconds
24-Jan-2025 22:31:27.304 INFO [main] org.apache.catalina.core.StandardService.startInternal Starting service [Catalina]
24-Jan-2025 22:31:27.304 INFO [main] org.apache.catalina.core.StandardEngine.startInternal Starting Servlet engine: [Apache Tomcat/11.0.2]
24-Jan-2025 22:31:27.320 INFO [main] org.apache.catalina.startup.HostConfig.deployWAR Deploying web application archive [/home/serega/YandexPr/Middle/Final_Sprint_Tasks/Spring/blog/apache-tomcat-11/webapps/blog.war]
24-Jan-2025 22:31:28.957 INFO [main] org.apache.jasper.servlet.TldScanner.scanJars At least one JAR was scanned for TLDs yet contained no TLDs. Enable debug logging for this logger for a complete list of JARs that were scanned but no TLDs were found in them. Skipping unneeded JARs during scanning can improve startup time and JSP compilation time.
24-Jan-2025 22:31:29.749 INFO [main] org.apache.catalina.startup.HostConfig.deployWAR Deployment of web application archive [/home/serega/YandexPr/Middle/Final_Sprint_Tasks/Spring/blog/apache-tomcat-11/webapps/blog.war] has finished in [2 425] ms
24-Jan-2025 22:31:29.750 INFO [main] org.apache.catalina.startup.HostConfig.deployDirectory Установка веб приложения в папку [/home/serega/YandexPr/Middle/Final_Sprint_Tasks/Spring/blog/apache-tomcat-11/webapps/docs]
24-Jan-2025 22:31:29.776 INFO [main] org.apache.catalina.startup.HostConfig.deployDirectory Deployment of web application directory [/home/serega/YandexPr/Middle/Final_Sprint_Tasks/Spring/blog/apache-tomcat-11/webapps/docs] has finished in [25] ms
24-Jan-2025 22:31:29.776 INFO [main] org.apache.catalina.startup.HostConfig.deployDirectory Установка веб приложения в папку [/home/serega/YandexPr/Middle/Final_Sprint_Tasks/Spring/blog/apache-tomcat-11/webapps/ROOT]
24-Jan-2025 22:31:29.794 INFO [main] org.apache.catalina.startup.HostConfig.deployDirectory Deployment of web application directory [/home/serega/YandexPr/Middle/Final_Sprint_Tasks/Spring/blog/apache-tomcat-11/webapps/ROOT] has finished in [18] ms
24-Jan-2025 22:31:29.794 INFO [main] org.apache.catalina.startup.HostConfig.deployDirectory Установка веб приложения в папку [/home/serega/YandexPr/Middle/Final_Sprint_Tasks/Spring/blog/apache-tomcat-11/webapps/examples]
24-Jan-2025 22:31:29.981 INFO [main] org.apache.catalina.startup.HostConfig.deployDirectory Deployment of web application directory [/home/serega/YandexPr/Middle/Final_Sprint_Tasks/Spring/blog/apache-tomcat-11/webapps/examples] has finished in [186] ms
24-Jan-2025 22:31:29.981 INFO [main] org.apache.catalina.startup.HostConfig.deployDirectory Установка веб приложения в папку [/home/serega/YandexPr/Middle/Final_Sprint_Tasks/Spring/blog/apache-tomcat-11/webapps/host-manager]
24-Jan-2025 22:31:30.015 INFO [main] org.apache.catalina.startup.HostConfig.deployDirectory Deployment of web application directory [/home/serega/YandexPr/Middle/Final_Sprint_Tasks/Spring/blog/apache-tomcat-11/webapps/host-manager] has finished in [34] ms
24-Jan-2025 22:31:30.015 INFO [main] org.apache.catalina.startup.HostConfig.deployDirectory Установка веб приложения в папку [/home/serega/YandexPr/Middle/Final_Sprint_Tasks/Spring/blog/apache-tomcat-11/webapps/manager]
24-Jan-2025 22:31:30.052 INFO [main] org.apache.catalina.startup.HostConfig.deployDirectory Deployment of web application directory [/home/serega/YandexPr/Middle/Final_Sprint_Tasks/Spring/blog/apache-tomcat-11/webapps/manager] has finished in [37] ms
24-Jan-2025 22:31:30.057 INFO [main] org.apache.coyote.AbstractProtocol.start Starting ProtocolHandler ["http-nio-8080"]
24-Jan-2025 22:31:30.069 INFO [main] org.apache.catalina.startup.Catalina.start Server startup in [2809] milliseconds
24-Jan-2025 22:33:23.917 INFO [main] org.apache.catalina.core.StandardServer.await A valid shutdown command was received via the shutdown port. Stopping the Server instance.
24-Jan-2025 22:33:23.918 INFO [main] org.apache.coyote.AbstractProtocol.pause Pausing ProtocolHandler ["http-nio-8080"]
24-Jan-2025 22:33:23.922 INFO [main] org.apache.catalina.core.StandardService.stopInternal Stopping service [Catalina]
24-Jan-2025 22:33:23.949 INFO [main] org.apache.coyote.AbstractProtocol.stop Stopping ProtocolHandler ["http-nio-8080"]
24-Jan-2025 22:33:23.956 INFO [main] org.apache.coyote.AbstractProtocol.destroy Destroying ProtocolHandler ["http-nio-8080"]
24-Jan-2025 22:33:31.229 INFO [main] org.apache.catalina.startup.VersionLoggerListener.log Имя версии сервера:    Apache Tomcat/11.0.2
24-Jan-2025 22:33:31.234 INFO [main] org.apache.catalina.startup.VersionLoggerListener.log Сервер собран:         Dec 5 2024 15:19:37 UTC
24-Jan-2025 22:33:31.235 INFO [main] org.apache.catalina.startup.VersionLoggerListener.log Номер версии сервера:  11.0.2.0
24-Jan-2025 22:33:31.235 INFO [main] org.apache.catalina.startup.VersionLoggerListener.log OS Name:               Linux
24-Jan-2025 22:33:31.235 INFO [main] org.apache.catalina.startup.VersionLoggerListener.log Версия ОС:             6.8.0-51-generic
24-Jan-2025 22:33:31.235 INFO [main] org.apache.catalina.startup.VersionLoggerListener.log Архитектура:           amd64
24-Jan-2025 22:33:31.235 INFO [main] org.apache.catalina.startup.VersionLoggerListener.log Java Home:             /usr/lib/jvm/java-21-openjdk-amd64
24-Jan-2025 22:33:31.236 INFO [main] org.apache.catalina.startup.VersionLoggerListener.log Версия JVM:            21.0.5+11-Ubuntu-1ubuntu124.04
24-Jan-2025 22:33:31.236 INFO [main] org.apache.catalina.startup.VersionLoggerListener.log Производитель JVM:     Ubuntu
24-Jan-2025 22:33:31.236 INFO [main] org.apache.catalina.startup.VersionLoggerListener.log CATALINA_BASE:         /home/serega/YandexPr/Middle/Final_Sprint_Tasks/Spring/blog/apache-tomcat-11
24-Jan-2025 22:33:31.236 INFO [main] org.apache.catalina.startup.VersionLoggerListener.log CATALINA_HOME:         /home/serega/YandexPr/Middle/Final_Sprint_Tasks/Spring/blog/apache-tomcat-11
24-Jan-2025 22:33:31.246 INFO [main] org.apache.catalina.startup.VersionLoggerListener.log Command line argument: -Djava.util.logging.config.file=/home/serega/YandexPr/Middle/Final_Sprint_Tasks/Spring/blog/apache-tomcat-11/conf/logging.properties
24-Jan-2025 22:33:31.246 INFO [main] org.apache.catalina.startup.VersionLoggerListener.log Command line argument: -Djava.util.logging.manager=org.apache.juli.ClassLoaderLogManager
24-Jan-2025 22:33:31.246 INFO [main] org.apache.catalina.startup.VersionLoggerListener.log Command line argument: -Djdk.tls.ephemeralDHKeySize=2048
24-Jan-2025 22:33:31.246 INFO [main] org.apache.catalina.startup.VersionLoggerListener.log Command line argument: -Dorg.apache.catalina.security.SecurityListener.UMASK=0027
24-Jan-2025 22:33:31.246 INFO [main] org.apache.catalina.startup.VersionLoggerListener.log Command line argument: --add-opens=java.base/java.lang=ALL-UNNAMED
24-Jan-2025 22:33:31.246 INFO [main] org.apache.catalina.startup.VersionLoggerListener.log Command line argument: --add-opens=java.base/java.io=ALL-UNNAMED
24-Jan-2025 22:33:31.247 INFO [main] org.apache.catalina.startup.VersionLoggerListener.log Command line argument: --add-opens=java.base/java.util=ALL-UNNAMED
24-Jan-2025 22:33:31.247 INFO [main] org.apache.catalina.startup.VersionLoggerListener.log Command line argument: --add-opens=java.base/java.util.concurrent=ALL-UNNAMED
24-Jan-2025 22:33:31.247 INFO [main] org.apache.catalina.startup.VersionLoggerListener.log Command line argument: --add-opens=java.rmi/sun.rmi.transport=ALL-UNNAMED
24-Jan-2025 22:33:31.247 INFO [main] org.apache.catalina.startup.VersionLoggerListener.log Command line argument: --enable-native-access=ALL-UNNAMED
24-Jan-2025 22:33:31.247 INFO [main] org.apache.catalina.startup.VersionLoggerListener.log Command line argument: -Dcatalina.base=/home/serega/YandexPr/Middle/Final_Sprint_Tasks/Spring/blog/apache-tomcat-11
24-Jan-2025 22:33:31.247 INFO [main] org.apache.catalina.startup.VersionLoggerListener.log Command line argument: -Dcatalina.home=/home/serega/YandexPr/Middle/Final_Sprint_Tasks/Spring/blog/apache-tomcat-11
24-Jan-2025 22:33:31.248 INFO [main] org.apache.catalina.startup.VersionLoggerListener.log Command line argument: -Djava.io.tmpdir=/home/serega/YandexPr/Middle/Final_Sprint_Tasks/Spring/blog/apache-tomcat-11/temp
24-Jan-2025 22:33:31.250 INFO [main] org.apache.catalina.core.AprLifecycleListener.lifecycleEvent The Apache Tomcat Native library which allows using OpenSSL was not found on the java.library.path: [/usr/java/packages/lib:/usr/lib/x86_64-linux-gnu/jni:/lib/x86_64-linux-gnu:/usr/lib/x86_64-linux-gnu:/usr/lib/jni:/lib:/usr/lib]
24-Jan-2025 22:33:31.627 INFO [main] org.apache.coyote.AbstractProtocol.init Инициализация ProtocolHandler ["http-nio-8080"]
24-Jan-2025 22:33:31.651 INFO [main] org.apache.catalina.startup.Catalina.load Server initialization in [612] milliseconds
24-Jan-2025 22:33:31.695 INFO [main] org.apache.catalina.core.StandardService.startInternal Starting service [Catalina]
24-Jan-2025 22:33:31.695 INFO [main] org.apache.catalina.core.StandardEngine.startInternal Starting Servlet engine: [Apache Tomcat/11.0.2]
24-Jan-2025 22:33:31.711 INFO [main] org.apache.catalina.startup.HostConfig.deployWAR Deploying web application archive [/home/serega/YandexPr/Middle/Final_Sprint_Tasks/Spring/blog/apache-tomcat-11/webapps/blog.war]
24-Jan-2025 22:33:33.346 INFO [main] org.apache.jasper.servlet.TldScanner.scanJars At least one JAR was scanned for TLDs yet contained no TLDs. Enable debug logging for this logger for a complete list of JARs that were scanned but no TLDs were found in them. Skipping unneeded JARs during scanning can improve startup time and JSP compilation time.
24-Jan-2025 22:33:34.788 INFO [main] org.apache.catalina.startup.HostConfig.deployWAR Deployment of web application archive [/home/serega/YandexPr/Middle/Final_Sprint_Tasks/Spring/blog/apache-tomcat-11/webapps/blog.war] has finished in [3 076] ms
24-Jan-2025 22:33:34.788 INFO [main] org.apache.catalina.startup.HostConfig.deployDirectory Установка веб приложения в папку [/home/serega/YandexPr/Middle/Final_Sprint_Tasks/Spring/blog/apache-tomcat-11/webapps/docs]
24-Jan-2025 22:33:34.811 INFO [main] org.apache.catalina.startup.HostConfig.deployDirectory Deployment of web application directory [/home/serega/YandexPr/Middle/Final_Sprint_Tasks/Spring/blog/apache-tomcat-11/webapps/docs] has finished in [22] ms
24-Jan-2025 22:33:34.811 INFO [main] org.apache.catalina.startup.HostConfig.deployDirectory Установка веб приложения в папку [/home/serega/YandexPr/Middle/Final_Sprint_Tasks/Spring/blog/apache-tomcat-11/webapps/ROOT]
24-Jan-2025 22:33:34.828 INFO [main] org.apache.catalina.startup.HostConfig.deployDirectory Deployment of web application directory [/home/serega/YandexPr/Middle/Final_Sprint_Tasks/Spring/blog/apache-tomcat-11/webapps/ROOT] has finished in [17] ms
24-Jan-2025 22:33:34.828 INFO [main] org.apache.catalina.startup.HostConfig.deployDirectory Установка веб приложения в папку [/home/serega/YandexPr/Middle/Final_Sprint_Tasks/Spring/blog/apache-tomcat-11/webapps/examples]
24-Jan-2025 22:33:35.048 INFO [main] org.apache.catalina.startup.HostConfig.deployDirectory Deployment of web application directory [/home/serega/YandexPr/Middle/Final_Sprint_Tasks/Spring/blog/apache-tomcat-11/webapps/examples] has finished in [220] ms
24-Jan-2025 22:33:35.048 INFO [main] org.apache.catalina.startup.HostConfig.deployDirectory Установка веб приложения в папку [/home/serega/YandexPr/Middle/Final_Sprint_Tasks/Spring/blog/apache-tomcat-11/webapps/host-manager]
24-Jan-2025 22:33:35.073 INFO [main] org.apache.catalina.startup.HostConfig.deployDirectory Deployment of web application directory [/home/serega/YandexPr/Middle/Final_Sprint_Tasks/Spring/blog/apache-tomcat-11/webapps/host-manager] has finished in [25] ms
24-Jan-2025 22:33:35.073 INFO [main] org.apache.catalina.startup.HostConfig.deployDirectory Установка веб приложения в папку [/home/serega/YandexPr/Middle/Final_Sprint_Tasks/Spring/blog/apache-tomcat-11/webapps/manager]
24-Jan-2025 22:33:35.094 INFO [main] org.apache.catalina.startup.HostConfig.deployDirectory Deployment of web application directory [/home/serega/YandexPr/Middle/Final_Sprint_Tasks/Spring/blog/apache-tomcat-11/webapps/manager] has finished in [21] ms
24-Jan-2025 22:33:35.099 INFO [main] org.apache.coyote.AbstractProtocol.start Starting ProtocolHandler ["http-nio-8080"]
24-Jan-2025 22:33:35.110 INFO [main] org.apache.catalina.startup.Catalina.start Server startup in [3457] milliseconds
24-Jan-2025 22:34:53.328 INFO [main] org.apache.catalina.core.StandardServer.await A valid shutdown command was received via the shutdown port. Stopping the Server instance.
24-Jan-2025 22:34:53.328 INFO [main] org.apache.coyote.AbstractProtocol.pause Pausing ProtocolHandler ["http-nio-8080"]
24-Jan-2025 22:34:53.330 INFO [main] org.apache.catalina.core.StandardService.stopInternal Stopping service [Catalina]
24-Jan-2025 22:34:53.343 WARNING [main] org.apache.catalina.loader.WebappClassLoaderBase.clearReferencesJdbc The web application [blog] registered the JDBC driver [org.postgresql.Driver] but failed to unregister it when the web application was stopped. To prevent a memory leak, the JDBC Driver has been forcibly unregistered.
24-Jan-2025 22:34:53.359 INFO [main] org.apache.coyote.AbstractProtocol.stop Stopping ProtocolHandler ["http-nio-8080"]
24-Jan-2025 22:34:53.363 INFO [main] org.apache.coyote.AbstractProtocol.destroy Destroying ProtocolHandler ["http-nio-8080"]
24-Jan-2025 22:35:10.316 INFO [main] org.apache.catalina.startup.VersionLoggerListener.log Имя версии сервера:    Apache Tomcat/11.0.2
24-Jan-2025 22:35:10.320 INFO [main] org.apache.catalina.startup.VersionLoggerListener.log Сервер собран:         Dec 5 2024 15:19:37 UTC
24-Jan-2025 22:35:10.321 INFO [main] org.apache.catalina.startup.VersionLoggerListener.log Номер версии сервера:  11.0.2.0
24-Jan-2025 22:35:10.321 INFO [main] org.apache.catalina.startup.VersionLoggerListener.log OS Name:               Linux
24-Jan-2025 22:35:10.321 INFO [main] org.apache.catalina.startup.VersionLoggerListener.log Версия ОС:             6.8.0-51-generic
24-Jan-2025 22:35:10.321 INFO [main] org.apache.catalina.startup.VersionLoggerListener.log Архитектура:           amd64
24-Jan-2025 22:35:10.321 INFO [main] org.apache.catalina.startup.VersionLoggerListener.log Java Home:             /usr/lib/jvm/java-21-openjdk-amd64
24-Jan-2025 22:35:10.321 INFO [main] org.apache.catalina.startup.VersionLoggerListener.log Версия JVM:            21.0.5+11-Ubuntu-1ubuntu124.04
24-Jan-2025 22:35:10.322 INFO [main] org.apache.catalina.startup.VersionLoggerListener.log Производитель JVM:     Ubuntu
24-Jan-2025 22:35:10.322 INFO [main] org.apache.catalina.startup.VersionLoggerListener.log CATALINA_BASE:         /home/serega/YandexPr/Middle/Final_Sprint_Tasks/Spring/blog/apache-tomcat-11
24-Jan-2025 22:35:10.322 INFO [main] org.apache.catalina.startup.VersionLoggerListener.log CATALINA_HOME:         /home/serega/YandexPr/Middle/Final_Sprint_Tasks/Spring/blog/apache-tomcat-11
24-Jan-2025 22:35:10.334 INFO [main] org.apache.catalina.startup.VersionLoggerListener.log Command line argument: -Djava.util.logging.config.file=/home/serega/YandexPr/Middle/Final_Sprint_Tasks/Spring/blog/apache-tomcat-11/conf/logging.properties
24-Jan-2025 22:35:10.335 INFO [main] org.apache.catalina.startup.VersionLoggerListener.log Command line argument: -Djava.util.logging.manager=org.apache.juli.ClassLoaderLogManager
24-Jan-2025 22:35:10.335 INFO [main] org.apache.catalina.startup.VersionLoggerListener.log Command line argument: -Djdk.tls.ephemeralDHKeySize=2048
24-Jan-2025 22:35:10.335 INFO [main] org.apache.catalina.startup.VersionLoggerListener.log Command line argument: -Dorg.apache.catalina.security.SecurityListener.UMASK=0027
24-Jan-2025 22:35:10.335 INFO [main] org.apache.catalina.startup.VersionLoggerListener.log Command line argument: --add-opens=java.base/java.lang=ALL-UNNAMED
24-Jan-2025 22:35:10.335 INFO [main] org.apache.catalina.startup.VersionLoggerListener.log Command line argument: --add-opens=java.base/java.io=ALL-UNNAMED
24-Jan-2025 22:35:10.336 INFO [main] org.apache.catalina.startup.VersionLoggerListener.log Command line argument: --add-opens=java.base/java.util=ALL-UNNAMED
24-Jan-2025 22:35:10.336 INFO [main] org.apache.catalina.startup.VersionLoggerListener.log Command line argument: --add-opens=java.base/java.util.concurrent=ALL-UNNAMED
24-Jan-2025 22:35:10.336 INFO [main] org.apache.catalina.startup.VersionLoggerListener.log Command line argument: --add-opens=java.rmi/sun.rmi.transport=ALL-UNNAMED
24-Jan-2025 22:35:10.336 INFO [main] org.apache.catalina.startup.VersionLoggerListener.log Command line argument: --enable-native-access=ALL-UNNAMED
24-Jan-2025 22:35:10.336 INFO [main] org.apache.catalina.startup.VersionLoggerListener.log Command line argument: -Dcatalina.base=/home/serega/YandexPr/Middle/Final_Sprint_Tasks/Spring/blog/apache-tomcat-11
24-Jan-2025 22:35:10.336 INFO [main] org.apache.catalina.startup.VersionLoggerListener.log Command line argument: -Dcatalina.home=/home/serega/YandexPr/Middle/Final_Sprint_Tasks/Spring/blog/apache-tomcat-11
24-Jan-2025 22:35:10.336 INFO [main] org.apache.catalina.startup.VersionLoggerListener.log Command line argument: -Djava.io.tmpdir=/home/serega/YandexPr/Middle/Final_Sprint_Tasks/Spring/blog/apache-tomcat-11/temp
24-Jan-2025 22:35:10.338 INFO [main] org.apache.catalina.core.AprLifecycleListener.lifecycleEvent The Apache Tomcat Native library which allows using OpenSSL was not found on the java.library.path: [/usr/java/packages/lib:/usr/lib/x86_64-linux-gnu/jni:/lib/x86_64-linux-gnu:/usr/lib/x86_64-linux-gnu:/usr/lib/jni:/lib:/usr/lib]
24-Jan-2025 22:35:10.689 INFO [main] org.apache.coyote.AbstractProtocol.init Инициализация ProtocolHandler ["http-nio-8080"]
24-Jan-2025 22:35:10.713 INFO [main] org.apache.catalina.startup.Catalina.load Server initialization in [582] milliseconds
24-Jan-2025 22:35:10.758 INFO [main] org.apache.catalina.core.StandardService.startInternal Starting service [Catalina]
24-Jan-2025 22:35:10.758 INFO [main] org.apache.catalina.core.StandardEngine.startInternal Starting Servlet engine: [Apache Tomcat/11.0.2]
24-Jan-2025 22:35:10.773 INFO [main] org.apache.catalina.startup.HostConfig.deployWAR Deploying web application archive [/home/serega/YandexPr/Middle/Final_Sprint_Tasks/Spring/blog/apache-tomcat-11/webapps/blog.war]
24-Jan-2025 22:35:12.463 INFO [main] org.apache.jasper.servlet.TldScanner.scanJars At least one JAR was scanned for TLDs yet contained no TLDs. Enable debug logging for this logger for a complete list of JARs that were scanned but no TLDs were found in them. Skipping unneeded JARs during scanning can improve startup time and JSP compilation time.
24-Jan-2025 22:35:13.840 INFO [main] org.apache.catalina.startup.HostConfig.deployWAR Deployment of web application archive [/home/serega/YandexPr/Middle/Final_Sprint_Tasks/Spring/blog/apache-tomcat-11/webapps/blog.war] has finished in [3 066] ms
24-Jan-2025 22:35:13.840 INFO [main] org.apache.catalina.startup.HostConfig.deployDirectory Установка веб приложения в папку [/home/serega/YandexPr/Middle/Final_Sprint_Tasks/Spring/blog/apache-tomcat-11/webapps/docs]
24-Jan-2025 22:35:13.864 INFO [main] org.apache.catalina.startup.HostConfig.deployDirectory Deployment of web application directory [/home/serega/YandexPr/Middle/Final_Sprint_Tasks/Spring/blog/apache-tomcat-11/webapps/docs] has finished in [24] ms
24-Jan-2025 22:35:13.864 INFO [main] org.apache.catalina.startup.HostConfig.deployDirectory Установка веб приложения в папку [/home/serega/YandexPr/Middle/Final_Sprint_Tasks/Spring/blog/apache-tomcat-11/webapps/ROOT]
24-Jan-2025 22:35:13.885 INFO [main] org.apache.catalina.startup.HostConfig.deployDirectory Deployment of web application directory [/home/serega/YandexPr/Middle/Final_Sprint_Tasks/Spring/blog/apache-tomcat-11/webapps/ROOT] has finished in [20] ms
24-Jan-2025 22:35:13.885 INFO [main] org.apache.catalina.startup.HostConfig.deployDirectory Установка веб приложения в папку [/home/serega/YandexPr/Middle/Final_Sprint_Tasks/Spring/blog/apache-tomcat-11/webapps/examples]
24-Jan-2025 22:35:14.091 INFO [main] org.apache.catalina.startup.HostConfig.deployDirectory Deployment of web application directory [/home/serega/YandexPr/Middle/Final_Sprint_Tasks/Spring/blog/apache-tomcat-11/webapps/examples] has finished in [206] ms
24-Jan-2025 22:35:14.091 INFO [main] org.apache.catalina.startup.HostConfig.deployDirectory Установка веб приложения в папку [/home/serega/YandexPr/Middle/Final_Sprint_Tasks/Spring/blog/apache-tomcat-11/webapps/host-manager]
24-Jan-2025 22:35:14.115 INFO [main] org.apache.catalina.startup.HostConfig.deployDirectory Deployment of web application directory [/home/serega/YandexPr/Middle/Final_Sprint_Tasks/Spring/blog/apache-tomcat-11/webapps/host-manager] has finished in [24] ms
24-Jan-2025 22:35:14.116 INFO [main] org.apache.catalina.startup.HostConfig.deployDirectory Установка веб приложения в папку [/home/serega/YandexPr/Middle/Final_Sprint_Tasks/Spring/blog/apache-tomcat-11/webapps/manager]
24-Jan-2025 22:35:14.137 INFO [main] org.apache.catalina.startup.HostConfig.deployDirectory Deployment of web application directory [/home/serega/YandexPr/Middle/Final_Sprint_Tasks/Spring/blog/apache-tomcat-11/webapps/manager] has finished in [21] ms
24-Jan-2025 22:35:14.141 INFO [main] org.apache.coyote.AbstractProtocol.start Starting ProtocolHandler ["http-nio-8080"]
24-Jan-2025 22:35:14.152 INFO [main] org.apache.catalina.startup.Catalina.start Server startup in [3437] milliseconds
24-Jan-2025 22:38:22.155 INFO [main] org.apache.catalina.core.StandardServer.await A valid shutdown command was received via the shutdown port. Stopping the Server instance.
24-Jan-2025 22:38:22.155 INFO [main] org.apache.coyote.AbstractProtocol.pause Pausing ProtocolHandler ["http-nio-8080"]
24-Jan-2025 22:38:22.157 INFO [main] org.apache.catalina.core.StandardService.stopInternal Stopping service [Catalina]
24-Jan-2025 22:38:22.174 WARNING [main] org.apache.catalina.loader.WebappClassLoaderBase.clearReferencesJdbc The web application [blog] registered the JDBC driver [org.postgresql.Driver] but failed to unregister it when the web application was stopped. To prevent a memory leak, the JDBC Driver has been forcibly unregistered.
24-Jan-2025 22:38:22.192 INFO [main] org.apache.coyote.AbstractProtocol.stop Stopping ProtocolHandler ["http-nio-8080"]
24-Jan-2025 22:38:22.201 INFO [main] org.apache.coyote.AbstractProtocol.destroy Destroying ProtocolHandler ["http-nio-8080"]
24-Jan-2025 22:38:29.862 INFO [main] org.apache.catalina.startup.VersionLoggerListener.log Имя версии сервера:    Apache Tomcat/11.0.2
24-Jan-2025 22:38:29.867 INFO [main] org.apache.catalina.startup.VersionLoggerListener.log Сервер собран:         Dec 5 2024 15:19:37 UTC
24-Jan-2025 22:38:29.867 INFO [main] org.apache.catalina.startup.VersionLoggerListener.log Номер версии сервера:  11.0.2.0
24-Jan-2025 22:38:29.867 INFO [main] org.apache.catalina.startup.VersionLoggerListener.log OS Name:               Linux
24-Jan-2025 22:38:29.867 INFO [main] org.apache.catalina.startup.VersionLoggerListener.log Версия ОС:             6.8.0-51-generic
24-Jan-2025 22:38:29.867 INFO [main] org.apache.catalina.startup.VersionLoggerListener.log Архитектура:           amd64
24-Jan-2025 22:38:29.867 INFO [main] org.apache.catalina.startup.VersionLoggerListener.log Java Home:             /usr/lib/jvm/java-21-openjdk-amd64
24-Jan-2025 22:38:29.868 INFO [main] org.apache.catalina.startup.VersionLoggerListener.log Версия JVM:            21.0.5+11-Ubuntu-1ubuntu124.04
24-Jan-2025 22:38:29.868 INFO [main] org.apache.catalina.startup.VersionLoggerListener.log Производитель JVM:     Ubuntu
24-Jan-2025 22:38:29.868 INFO [main] org.apache.catalina.startup.VersionLoggerListener.log CATALINA_BASE:         /home/serega/YandexPr/Middle/Final_Sprint_Tasks/Spring/blog/apache-tomcat-11
24-Jan-2025 22:38:29.868 INFO [main] org.apache.catalina.startup.VersionLoggerListener.log CATALINA_HOME:         /home/serega/YandexPr/Middle/Final_Sprint_Tasks/Spring/blog/apache-tomcat-11
24-Jan-2025 22:38:29.878 INFO [main] org.apache.catalina.startup.VersionLoggerListener.log Command line argument: -Djava.util.logging.config.file=/home/serega/YandexPr/Middle/Final_Sprint_Tasks/Spring/blog/apache-tomcat-11/conf/logging.properties
24-Jan-2025 22:38:29.878 INFO [main] org.apache.catalina.startup.VersionLoggerListener.log Command line argument: -Djava.util.logging.manager=org.apache.juli.ClassLoaderLogManager
24-Jan-2025 22:38:29.878 INFO [main] org.apache.catalina.startup.VersionLoggerListener.log Command line argument: -Djdk.tls.ephemeralDHKeySize=2048
24-Jan-2025 22:38:29.879 INFO [main] org.apache.catalina.startup.VersionLoggerListener.log Command line argument: -Dorg.apache.catalina.security.SecurityListener.UMASK=0027
24-Jan-2025 22:38:29.879 INFO [main] org.apache.catalina.startup.VersionLoggerListener.log Command line argument: --add-opens=java.base/java.lang=ALL-UNNAMED
24-Jan-2025 22:38:29.879 INFO [main] org.apache.catalina.startup.VersionLoggerListener.log Command line argument: --add-opens=java.base/java.io=ALL-UNNAMED
24-Jan-2025 22:38:29.879 INFO [main] org.apache.catalina.startup.VersionLoggerListener.log Command line argument: --add-opens=java.base/java.util=ALL-UNNAMED
24-Jan-2025 22:38:29.879 INFO [main] org.apache.catalina.startup.VersionLoggerListener.log Command line argument: --add-opens=java.base/java.util.concurrent=ALL-UNNAMED
24-Jan-2025 22:38:29.879 INFO [main] org.apache.catalina.startup.VersionLoggerListener.log Command line argument: --add-opens=java.rmi/sun.rmi.transport=ALL-UNNAMED
24-Jan-2025 22:38:29.879 INFO [main] org.apache.catalina.startup.VersionLoggerListener.log Command line argument: --enable-native-access=ALL-UNNAMED
24-Jan-2025 22:38:29.880 INFO [main] org.apache.catalina.startup.VersionLoggerListener.log Command line argument: -Dcatalina.base=/home/serega/YandexPr/Middle/Final_Sprint_Tasks/Spring/blog/apache-tomcat-11
24-Jan-2025 22:38:29.880 INFO [main] org.apache.catalina.startup.VersionLoggerListener.log Command line argument: -Dcatalina.home=/home/serega/YandexPr/Middle/Final_Sprint_Tasks/Spring/blog/apache-tomcat-11
24-Jan-2025 22:38:29.880 INFO [main] org.apache.catalina.startup.VersionLoggerListener.log Command line argument: -Djava.io.tmpdir=/home/serega/YandexPr/Middle/Final_Sprint_Tasks/Spring/blog/apache-tomcat-11/temp
24-Jan-2025 22:38:29.882 INFO [main] org.apache.catalina.core.AprLifecycleListener.lifecycleEvent The Apache Tomcat Native library which allows using OpenSSL was not found on the java.library.path: [/usr/java/packages/lib:/usr/lib/x86_64-linux-gnu/jni:/lib/x86_64-linux-gnu:/usr/lib/x86_64-linux-gnu:/usr/lib/jni:/lib:/usr/lib]
24-Jan-2025 22:38:30.301 INFO [main] org.apache.coyote.AbstractProtocol.init Инициализация ProtocolHandler ["http-nio-8080"]
24-Jan-2025 22:38:30.336 INFO [main] org.apache.catalina.startup.Catalina.load Server initialization in [695] milliseconds
24-Jan-2025 22:38:30.393 INFO [main] org.apache.catalina.core.StandardService.startInternal Starting service [Catalina]
24-Jan-2025 22:38:30.394 INFO [main] org.apache.catalina.core.StandardEngine.startInternal Starting Servlet engine: [Apache Tomcat/11.0.2]
24-Jan-2025 22:38:30.411 INFO [main] org.apache.catalina.startup.HostConfig.deployWAR Deploying web application archive [/home/serega/YandexPr/Middle/Final_Sprint_Tasks/Spring/blog/apache-tomcat-11/webapps/blog.war]
24-Jan-2025 22:38:32.176 INFO [main] org.apache.jasper.servlet.TldScanner.scanJars At least one JAR was scanned for TLDs yet contained no TLDs. Enable debug logging for this logger for a complete list of JARs that were scanned but no TLDs were found in them. Skipping unneeded JARs during scanning can improve startup time and JSP compilation time.
24-Jan-2025 22:38:33.671 INFO [main] org.apache.catalina.startup.HostConfig.deployWAR Deployment of web application archive [/home/serega/YandexPr/Middle/Final_Sprint_Tasks/Spring/blog/apache-tomcat-11/webapps/blog.war] has finished in [3 259] ms
24-Jan-2025 22:38:33.672 INFO [main] org.apache.catalina.startup.HostConfig.deployDirectory Установка веб приложения в папку [/home/serega/YandexPr/Middle/Final_Sprint_Tasks/Spring/blog/apache-tomcat-11/webapps/docs]
24-Jan-2025 22:38:33.701 INFO [main] org.apache.catalina.startup.HostConfig.deployDirectory Deployment of web application directory [/home/serega/YandexPr/Middle/Final_Sprint_Tasks/Spring/blog/apache-tomcat-11/webapps/docs] has finished in [30] ms
24-Jan-2025 22:38:33.701 INFO [main] org.apache.catalina.startup.HostConfig.deployDirectory Установка веб приложения в папку [/home/serega/YandexPr/Middle/Final_Sprint_Tasks/Spring/blog/apache-tomcat-11/webapps/ROOT]
24-Jan-2025 22:38:33.723 INFO [main] org.apache.catalina.startup.HostConfig.deployDirectory Deployment of web application directory [/home/serega/YandexPr/Middle/Final_Sprint_Tasks/Spring/blog/apache-tomcat-11/webapps/ROOT] has finished in [22] ms
24-Jan-2025 22:38:33.724 INFO [main] org.apache.catalina.startup.HostConfig.deployDirectory Установка веб приложения в папку [/home/serega/YandexPr/Middle/Final_Sprint_Tasks/Spring/blog/apache-tomcat-11/webapps/examples]
24-Jan-2025 22:38:33.951 INFO [main] org.apache.catalina.startup.HostConfig.deployDirectory Deployment of web application directory [/home/serega/YandexPr/Middle/Final_Sprint_Tasks/Spring/blog/apache-tomcat-11/webapps/examples] has finished in [228] ms
24-Jan-2025 22:38:33.952 INFO [main] org.apache.catalina.startup.HostConfig.deployDirectory Установка веб приложения в папку [/home/serega/YandexPr/Middle/Final_Sprint_Tasks/Spring/blog/apache-tomcat-11/webapps/host-manager]
24-Jan-2025 22:38:33.977 INFO [main] org.apache.catalina.startup.HostConfig.deployDirectory Deployment of web application directory [/home/serega/YandexPr/Middle/Final_Sprint_Tasks/Spring/blog/apache-tomcat-11/webapps/host-manager] has finished in [26] ms
24-Jan-2025 22:38:33.977 INFO [main] org.apache.catalina.startup.HostConfig.deployDirectory Установка веб приложения в папку [/home/serega/YandexPr/Middle/Final_Sprint_Tasks/Spring/blog/apache-tomcat-11/webapps/manager]
24-Jan-2025 22:38:34.001 INFO [main] org.apache.catalina.startup.HostConfig.deployDirectory Deployment of web application directory [/home/serega/YandexPr/Middle/Final_Sprint_Tasks/Spring/blog/apache-tomcat-11/webapps/manager] has finished in [24] ms
24-Jan-2025 22:38:34.006 INFO [main] org.apache.coyote.AbstractProtocol.start Starting ProtocolHandler ["http-nio-8080"]
24-Jan-2025 22:38:34.018 INFO [main] org.apache.catalina.startup.Catalina.start Server startup in [3680] milliseconds
24-Jan-2025 22:47:49.932 INFO [main] org.apache.catalina.core.StandardServer.await A valid shutdown command was received via the shutdown port. Stopping the Server instance.
24-Jan-2025 22:47:49.942 INFO [main] org.apache.coyote.AbstractProtocol.pause Pausing ProtocolHandler ["http-nio-8080"]
24-Jan-2025 22:47:49.950 INFO [main] org.apache.catalina.core.StandardService.stopInternal Stopping service [Catalina]
24-Jan-2025 22:47:50.018 WARNING [main] org.apache.catalina.loader.WebappClassLoaderBase.clearReferencesJdbc The web application [blog] registered the JDBC driver [org.postgresql.Driver] but failed to unregister it when the web application was stopped. To prevent a memory leak, the JDBC Driver has been forcibly unregistered.
24-Jan-2025 22:47:50.042 INFO [main] org.apache.coyote.AbstractProtocol.stop Stopping ProtocolHandler ["http-nio-8080"]
24-Jan-2025 22:47:50.058 INFO [main] org.apache.coyote.AbstractProtocol.destroy Destroying ProtocolHandler ["http-nio-8080"]
24-Jan-2025 22:47:57.982 INFO [main] org.apache.catalina.startup.VersionLoggerListener.log Имя версии сервера:    Apache Tomcat/11.0.2
24-Jan-2025 22:47:57.988 INFO [main] org.apache.catalina.startup.VersionLoggerListener.log Сервер собран:         Dec 5 2024 15:19:37 UTC
24-Jan-2025 22:47:57.988 INFO [main] org.apache.catalina.startup.VersionLoggerListener.log Номер версии сервера:  11.0.2.0
24-Jan-2025 22:47:57.988 INFO [main] org.apache.catalina.startup.VersionLoggerListener.log OS Name:               Linux
24-Jan-2025 22:47:57.988 INFO [main] org.apache.catalina.startup.VersionLoggerListener.log Версия ОС:             6.8.0-51-generic
24-Jan-2025 22:47:57.989 INFO [main] org.apache.catalina.startup.VersionLoggerListener.log Архитектура:           amd64
24-Jan-2025 22:47:57.989 INFO [main] org.apache.catalina.startup.VersionLoggerListener.log Java Home:             /usr/lib/jvm/java-21-openjdk-amd64
24-Jan-2025 22:47:57.989 INFO [main] org.apache.catalina.startup.VersionLoggerListener.log Версия JVM:            21.0.5+11-Ubuntu-1ubuntu124.04
24-Jan-2025 22:47:57.989 INFO [main] org.apache.catalina.startup.VersionLoggerListener.log Производитель JVM:     Ubuntu
24-Jan-2025 22:47:57.989 INFO [main] org.apache.catalina.startup.VersionLoggerListener.log CATALINA_BASE:         /home/serega/YandexPr/Middle/Final_Sprint_Tasks/Spring/blog/apache-tomcat-11
24-Jan-2025 22:47:57.989 INFO [main] org.apache.catalina.startup.VersionLoggerListener.log CATALINA_HOME:         /home/serega/YandexPr/Middle/Final_Sprint_Tasks/Spring/blog/apache-tomcat-11
24-Jan-2025 22:47:58.004 INFO [main] org.apache.catalina.startup.VersionLoggerListener.log Command line argument: -Djava.util.logging.config.file=/home/serega/YandexPr/Middle/Final_Sprint_Tasks/Spring/blog/apache-tomcat-11/conf/logging.properties
24-Jan-2025 22:47:58.005 INFO [main] org.apache.catalina.startup.VersionLoggerListener.log Command line argument: -Djava.util.logging.manager=org.apache.juli.ClassLoaderLogManager
24-Jan-2025 22:47:58.005 INFO [main] org.apache.catalina.startup.VersionLoggerListener.log Command line argument: -Djdk.tls.ephemeralDHKeySize=2048
24-Jan-2025 22:47:58.005 INFO [main] org.apache.catalina.startup.VersionLoggerListener.log Command line argument: -Dorg.apache.catalina.security.SecurityListener.UMASK=0027
24-Jan-2025 22:47:58.005 INFO [main] org.apache.catalina.startup.VersionLoggerListener.log Command line argument: --add-opens=java.base/java.lang=ALL-UNNAMED
24-Jan-2025 22:47:58.005 INFO [main] org.apache.catalina.startup.VersionLoggerListener.log Command line argument: --add-opens=java.base/java.io=ALL-UNNAMED
24-Jan-2025 22:47:58.005 INFO [main] org.apache.catalina.startup.VersionLoggerListener.log Command line argument: --add-opens=java.base/java.util=ALL-UNNAMED
24-Jan-2025 22:47:58.005 INFO [main] org.apache.catalina.startup.VersionLoggerListener.log Command line argument: --add-opens=java.base/java.util.concurrent=ALL-UNNAMED
24-Jan-2025 22:47:58.006 INFO [main] org.apache.catalina.startup.VersionLoggerListener.log Command line argument: --add-opens=java.rmi/sun.rmi.transport=ALL-UNNAMED
24-Jan-2025 22:47:58.006 INFO [main] org.apache.catalina.startup.VersionLoggerListener.log Command line argument: --enable-native-access=ALL-UNNAMED
24-Jan-2025 22:47:58.006 INFO [main] org.apache.catalina.startup.VersionLoggerListener.log Command line argument: -Dcatalina.base=/home/serega/YandexPr/Middle/Final_Sprint_Tasks/Spring/blog/apache-tomcat-11
24-Jan-2025 22:47:58.006 INFO [main] org.apache.catalina.startup.VersionLoggerListener.log Command line argument: -Dcatalina.home=/home/serega/YandexPr/Middle/Final_Sprint_Tasks/Spring/blog/apache-tomcat-11
24-Jan-2025 22:47:58.006 INFO [main] org.apache.catalina.startup.VersionLoggerListener.log Command line argument: -Djava.io.tmpdir=/home/serega/YandexPr/Middle/Final_Sprint_Tasks/Spring/blog/apache-tomcat-11/temp
24-Jan-2025 22:47:58.008 INFO [main] org.apache.catalina.core.AprLifecycleListener.lifecycleEvent The Apache Tomcat Native library which allows using OpenSSL was not found on the java.library.path: [/usr/java/packages/lib:/usr/lib/x86_64-linux-gnu/jni:/lib/x86_64-linux-gnu:/usr/lib/x86_64-linux-gnu:/usr/lib/jni:/lib:/usr/lib]
24-Jan-2025 22:47:58.424 INFO [main] org.apache.coyote.AbstractProtocol.init Инициализация ProtocolHandler ["http-nio-8080"]
24-Jan-2025 22:47:58.450 INFO [main] org.apache.catalina.startup.Catalina.load Server initialization in [689] milliseconds
24-Jan-2025 22:47:58.504 INFO [main] org.apache.catalina.core.StandardService.startInternal Starting service [Catalina]
24-Jan-2025 22:47:58.504 INFO [main] org.apache.catalina.core.StandardEngine.startInternal Starting Servlet engine: [Apache Tomcat/11.0.2]
24-Jan-2025 22:47:58.522 INFO [main] org.apache.catalina.startup.HostConfig.deployWAR Deploying web application archive [/home/serega/YandexPr/Middle/Final_Sprint_Tasks/Spring/blog/apache-tomcat-11/webapps/blog.war]
24-Jan-2025 22:48:00.430 INFO [main] org.apache.jasper.servlet.TldScanner.scanJars At least one JAR was scanned for TLDs yet contained no TLDs. Enable debug logging for this logger for a complete list of JARs that were scanned but no TLDs were found in them. Skipping unneeded JARs during scanning can improve startup time and JSP compilation time.
24-Jan-2025 22:48:02.096 INFO [main] org.apache.catalina.startup.HostConfig.deployWAR Deployment of web application archive [/home/serega/YandexPr/Middle/Final_Sprint_Tasks/Spring/blog/apache-tomcat-11/webapps/blog.war] has finished in [3 573] ms
24-Jan-2025 22:48:02.097 INFO [main] org.apache.catalina.startup.HostConfig.deployDirectory Установка веб приложения в папку [/home/serega/YandexPr/Middle/Final_Sprint_Tasks/Spring/blog/apache-tomcat-11/webapps/docs]
24-Jan-2025 22:48:02.122 INFO [main] org.apache.catalina.startup.HostConfig.deployDirectory Deployment of web application directory [/home/serega/YandexPr/Middle/Final_Sprint_Tasks/Spring/blog/apache-tomcat-11/webapps/docs] has finished in [24] ms
24-Jan-2025 22:48:02.122 INFO [main] org.apache.catalina.startup.HostConfig.deployDirectory Установка веб приложения в папку [/home/serega/YandexPr/Middle/Final_Sprint_Tasks/Spring/blog/apache-tomcat-11/webapps/ROOT]
24-Jan-2025 22:48:02.140 INFO [main] org.apache.catalina.startup.HostConfig.deployDirectory Deployment of web application directory [/home/serega/YandexPr/Middle/Final_Sprint_Tasks/Spring/blog/apache-tomcat-11/webapps/ROOT] has finished in [18] ms
24-Jan-2025 22:48:02.140 INFO [main] org.apache.catalina.startup.HostConfig.deployDirectory Установка веб приложения в папку [/home/serega/YandexPr/Middle/Final_Sprint_Tasks/Spring/blog/apache-tomcat-11/webapps/examples]
24-Jan-2025 22:48:02.392 INFO [main] org.apache.catalina.startup.HostConfig.deployDirectory Deployment of web application directory [/home/serega/YandexPr/Middle/Final_Sprint_Tasks/Spring/blog/apache-tomcat-11/webapps/examples] has finished in [252] ms
24-Jan-2025 22:48:02.392 INFO [main] org.apache.catalina.startup.HostConfig.deployDirectory Установка веб приложения в папку [/home/serega/YandexPr/Middle/Final_Sprint_Tasks/Spring/blog/apache-tomcat-11/webapps/host-manager]
24-Jan-2025 22:48:02.426 INFO [main] org.apache.catalina.startup.HostConfig.deployDirectory Deployment of web application directory [/home/serega/YandexPr/Middle/Final_Sprint_Tasks/Spring/blog/apache-tomcat-11/webapps/host-manager] has finished in [33] ms
24-Jan-2025 22:48:02.426 INFO [main] org.apache.catalina.startup.HostConfig.deployDirectory Установка веб приложения в папку [/home/serega/YandexPr/Middle/Final_Sprint_Tasks/Spring/blog/apache-tomcat-11/webapps/manager]
24-Jan-2025 22:48:02.450 INFO [main] org.apache.catalina.startup.HostConfig.deployDirectory Deployment of web application directory [/home/serega/YandexPr/Middle/Final_Sprint_Tasks/Spring/blog/apache-tomcat-11/webapps/manager] has finished in [23] ms
24-Jan-2025 22:48:02.456 INFO [main] org.apache.coyote.AbstractProtocol.start Starting ProtocolHandler ["http-nio-8080"]
24-Jan-2025 22:48:02.470 INFO [main] org.apache.catalina.startup.Catalina.start Server startup in [4018] milliseconds
24-Jan-2025 22:49:18.506 INFO [main] org.apache.catalina.core.StandardServer.await A valid shutdown command was received via the shutdown port. Stopping the Server instance.
24-Jan-2025 22:49:18.506 INFO [main] org.apache.coyote.AbstractProtocol.pause Pausing ProtocolHandler ["http-nio-8080"]
24-Jan-2025 22:49:18.508 INFO [main] org.apache.catalina.core.StandardService.stopInternal Stopping service [Catalina]
24-Jan-2025 22:49:18.519 WARNING [main] org.apache.catalina.loader.WebappClassLoaderBase.clearReferencesJdbc The web application [blog] registered the JDBC driver [org.postgresql.Driver] but failed to unregister it when the web application was stopped. To prevent a memory leak, the JDBC Driver has been forcibly unregistered.
24-Jan-2025 22:49:18.537 INFO [main] org.apache.coyote.AbstractProtocol.stop Stopping ProtocolHandler ["http-nio-8080"]
24-Jan-2025 22:49:18.541 INFO [main] org.apache.coyote.AbstractProtocol.destroy Destroying ProtocolHandler ["http-nio-8080"]
24-Jan-2025 22:49:26.460 INFO [main] org.apache.catalina.startup.VersionLoggerListener.log Имя версии сервера:    Apache Tomcat/11.0.2
24-Jan-2025 22:49:26.466 INFO [main] org.apache.catalina.startup.VersionLoggerListener.log Сервер собран:         Dec 5 2024 15:19:37 UTC
24-Jan-2025 22:49:26.467 INFO [main] org.apache.catalina.startup.VersionLoggerListener.log Номер версии сервера:  11.0.2.0
24-Jan-2025 22:49:26.467 INFO [main] org.apache.catalina.startup.VersionLoggerListener.log OS Name:               Linux
24-Jan-2025 22:49:26.467 INFO [main] org.apache.catalina.startup.VersionLoggerListener.log Версия ОС:             6.8.0-51-generic
24-Jan-2025 22:49:26.467 INFO [main] org.apache.catalina.startup.VersionLoggerListener.log Архитектура:           amd64
24-Jan-2025 22:49:26.468 INFO [main] org.apache.catalina.startup.VersionLoggerListener.log Java Home:             /usr/lib/jvm/java-21-openjdk-amd64
24-Jan-2025 22:49:26.468 INFO [main] org.apache.catalina.startup.VersionLoggerListener.log Версия JVM:            21.0.5+11-Ubuntu-1ubuntu124.04
24-Jan-2025 22:49:26.468 INFO [main] org.apache.catalina.startup.VersionLoggerListener.log Производитель JVM:     Ubuntu
24-Jan-2025 22:49:26.469 INFO [main] org.apache.catalina.startup.VersionLoggerListener.log CATALINA_BASE:         /home/serega/YandexPr/Middle/Final_Sprint_Tasks/Spring/blog/apache-tomcat-11
24-Jan-2025 22:49:26.469 INFO [main] org.apache.catalina.startup.VersionLoggerListener.log CATALINA_HOME:         /home/serega/YandexPr/Middle/Final_Sprint_Tasks/Spring/blog/apache-tomcat-11
24-Jan-2025 22:49:26.479 INFO [main] org.apache.catalina.startup.VersionLoggerListener.log Command line argument: -Djava.util.logging.config.file=/home/serega/YandexPr/Middle/Final_Sprint_Tasks/Spring/blog/apache-tomcat-11/conf/logging.properties
24-Jan-2025 22:49:26.479 INFO [main] org.apache.catalina.startup.VersionLoggerListener.log Command line argument: -Djava.util.logging.manager=org.apache.juli.ClassLoaderLogManager
24-Jan-2025 22:49:26.479 INFO [main] org.apache.catalina.startup.VersionLoggerListener.log Command line argument: -Djdk.tls.ephemeralDHKeySize=2048
24-Jan-2025 22:49:26.479 INFO [main] org.apache.catalina.startup.VersionLoggerListener.log Command line argument: -Dorg.apache.catalina.security.SecurityListener.UMASK=0027
24-Jan-2025 22:49:26.479 INFO [main] org.apache.catalina.startup.VersionLoggerListener.log Command line argument: --add-opens=java.base/java.lang=ALL-UNNAMED
24-Jan-2025 22:49:26.479 INFO [main] org.apache.catalina.startup.VersionLoggerListener.log Command line argument: --add-opens=java.base/java.io=ALL-UNNAMED
24-Jan-2025 22:49:26.479 INFO [main] org.apache.catalina.startup.VersionLoggerListener.log Command line argument: --add-opens=java.base/java.util=ALL-UNNAMED
24-Jan-2025 22:49:26.480 INFO [main] org.apache.catalina.startup.VersionLoggerListener.log Command line argument: --add-opens=java.base/java.util.concurrent=ALL-UNNAMED
24-Jan-2025 22:49:26.480 INFO [main] org.apache.catalina.startup.VersionLoggerListener.log Command line argument: --add-opens=java.rmi/sun.rmi.transport=ALL-UNNAMED
24-Jan-2025 22:49:26.480 INFO [main] org.apache.catalina.startup.VersionLoggerListener.log Command line argument: --enable-native-access=ALL-UNNAMED
24-Jan-2025 22:49:26.480 INFO [main] org.apache.catalina.startup.VersionLoggerListener.log Command line argument: -Dcatalina.base=/home/serega/YandexPr/Middle/Final_Sprint_Tasks/Spring/blog/apache-tomcat-11
24-Jan-2025 22:49:26.480 INFO [main] org.apache.catalina.startup.VersionLoggerListener.log Command line argument: -Dcatalina.home=/home/serega/YandexPr/Middle/Final_Sprint_Tasks/Spring/blog/apache-tomcat-11
24-Jan-2025 22:49:26.480 INFO [main] org.apache.catalina.startup.VersionLoggerListener.log Command line argument: -Djava.io.tmpdir=/home/serega/YandexPr/Middle/Final_Sprint_Tasks/Spring/blog/apache-tomcat-11/temp
24-Jan-2025 22:49:26.482 INFO [main] org.apache.catalina.core.AprLifecycleListener.lifecycleEvent The Apache Tomcat Native library which allows using OpenSSL was not found on the java.library.path: [/usr/java/packages/lib:/usr/lib/x86_64-linux-gnu/jni:/lib/x86_64-linux-gnu:/usr/lib/x86_64-linux-gnu:/usr/lib/jni:/lib:/usr/lib]
24-Jan-2025 22:49:26.887 INFO [main] org.apache.coyote.AbstractProtocol.init Инициализация ProtocolHandler ["http-nio-8080"]
24-Jan-2025 22:49:26.917 INFO [main] org.apache.catalina.startup.Catalina.load Server initialization in [664] milliseconds
24-Jan-2025 22:49:26.973 INFO [main] org.apache.catalina.core.StandardService.startInternal Starting service [Catalina]
24-Jan-2025 22:49:26.973 INFO [main] org.apache.catalina.core.StandardEngine.startInternal Starting Servlet engine: [Apache Tomcat/11.0.2]
24-Jan-2025 22:49:26.991 INFO [main] org.apache.catalina.startup.HostConfig.deployWAR Deploying web application archive [/home/serega/YandexPr/Middle/Final_Sprint_Tasks/Spring/blog/apache-tomcat-11/webapps/blog.war]
24-Jan-2025 22:49:28.562 INFO [main] org.apache.jasper.servlet.TldScanner.scanJars At least one JAR was scanned for TLDs yet contained no TLDs. Enable debug logging for this logger for a complete list of JARs that were scanned but no TLDs were found in them. Skipping unneeded JARs during scanning can improve startup time and JSP compilation time.
24-Jan-2025 22:49:30.147 INFO [main] org.apache.catalina.startup.HostConfig.deployWAR Deployment of web application archive [/home/serega/YandexPr/Middle/Final_Sprint_Tasks/Spring/blog/apache-tomcat-11/webapps/blog.war] has finished in [3 155] ms
24-Jan-2025 22:49:30.148 INFO [main] org.apache.catalina.startup.HostConfig.deployDirectory Установка веб приложения в папку [/home/serega/YandexPr/Middle/Final_Sprint_Tasks/Spring/blog/apache-tomcat-11/webapps/docs]
24-Jan-2025 22:49:30.179 INFO [main] org.apache.catalina.startup.HostConfig.deployDirectory Deployment of web application directory [/home/serega/YandexPr/Middle/Final_Sprint_Tasks/Spring/blog/apache-tomcat-11/webapps/docs] has finished in [30] ms
24-Jan-2025 22:49:30.179 INFO [main] org.apache.catalina.startup.HostConfig.deployDirectory Установка веб приложения в папку [/home/serega/YandexPr/Middle/Final_Sprint_Tasks/Spring/blog/apache-tomcat-11/webapps/ROOT]
24-Jan-2025 22:49:30.202 INFO [main] org.apache.catalina.startup.HostConfig.deployDirectory Deployment of web application directory [/home/serega/YandexPr/Middle/Final_Sprint_Tasks/Spring/blog/apache-tomcat-11/webapps/ROOT] has finished in [22] ms
24-Jan-2025 22:49:30.202 INFO [main] org.apache.catalina.startup.HostConfig.deployDirectory Установка веб приложения в папку [/home/serega/YandexPr/Middle/Final_Sprint_Tasks/Spring/blog/apache-tomcat-11/webapps/examples]
24-Jan-2025 22:49:30.422 INFO [main] org.apache.catalina.startup.HostConfig.deployDirectory Deployment of web application directory [/home/serega/YandexPr/Middle/Final_Sprint_Tasks/Spring/blog/apache-tomcat-11/webapps/examples] has finished in [220] ms
24-Jan-2025 22:49:30.423 INFO [main] org.apache.catalina.startup.HostConfig.deployDirectory Установка веб приложения в папку [/home/serega/YandexPr/Middle/Final_Sprint_Tasks/Spring/blog/apache-tomcat-11/webapps/host-manager]
24-Jan-2025 22:49:30.447 INFO [main] org.apache.catalina.startup.HostConfig.deployDirectory Deployment of web application directory [/home/serega/YandexPr/Middle/Final_Sprint_Tasks/Spring/blog/apache-tomcat-11/webapps/host-manager] has finished in [24] ms
24-Jan-2025 22:49:30.447 INFO [main] org.apache.catalina.startup.HostConfig.deployDirectory Установка веб приложения в папку [/home/serega/YandexPr/Middle/Final_Sprint_Tasks/Spring/blog/apache-tomcat-11/webapps/manager]
24-Jan-2025 22:49:30.469 INFO [main] org.apache.catalina.startup.HostConfig.deployDirectory Deployment of web application directory [/home/serega/YandexPr/Middle/Final_Sprint_Tasks/Spring/blog/apache-tomcat-11/webapps/manager] has finished in [22] ms
24-Jan-2025 22:49:30.474 INFO [main] org.apache.coyote.AbstractProtocol.start Starting ProtocolHandler ["http-nio-8080"]
24-Jan-2025 22:49:30.485 INFO [main] org.apache.catalina.startup.Catalina.start Server startup in [3566] milliseconds
24-Jan-2025 22:50:46.144 INFO [main] org.apache.catalina.core.StandardServer.await A valid shutdown command was received via the shutdown port. Stopping the Server instance.
24-Jan-2025 22:50:46.145 INFO [main] org.apache.coyote.AbstractProtocol.pause Pausing ProtocolHandler ["http-nio-8080"]
24-Jan-2025 22:50:46.146 INFO [main] org.apache.catalina.core.StandardService.stopInternal Stopping service [Catalina]
24-Jan-2025 22:50:46.159 WARNING [main] org.apache.catalina.loader.WebappClassLoaderBase.clearReferencesJdbc The web application [blog] registered the JDBC driver [org.postgresql.Driver] but failed to unregister it when the web application was stopped. To prevent a memory leak, the JDBC Driver has been forcibly unregistered.
24-Jan-2025 22:50:46.174 INFO [main] org.apache.coyote.AbstractProtocol.stop Stopping ProtocolHandler ["http-nio-8080"]
24-Jan-2025 22:50:46.180 INFO [main] org.apache.coyote.AbstractProtocol.destroy Destroying ProtocolHandler ["http-nio-8080"]
24-Jan-2025 22:50:53.030 INFO [main] org.apache.catalina.startup.VersionLoggerListener.log Имя версии сервера:    Apache Tomcat/11.0.2
24-Jan-2025 22:50:53.035 INFO [main] org.apache.catalina.startup.VersionLoggerListener.log Сервер собран:         Dec 5 2024 15:19:37 UTC
24-Jan-2025 22:50:53.035 INFO [main] org.apache.catalina.startup.VersionLoggerListener.log Номер версии сервера:  11.0.2.0
24-Jan-2025 22:50:53.035 INFO [main] org.apache.catalina.startup.VersionLoggerListener.log OS Name:               Linux
24-Jan-2025 22:50:53.035 INFO [main] org.apache.catalina.startup.VersionLoggerListener.log Версия ОС:             6.8.0-51-generic
24-Jan-2025 22:50:53.036 INFO [main] org.apache.catalina.startup.VersionLoggerListener.log Архитектура:           amd64
24-Jan-2025 22:50:53.036 INFO [main] org.apache.catalina.startup.VersionLoggerListener.log Java Home:             /usr/lib/jvm/java-21-openjdk-amd64
24-Jan-2025 22:50:53.036 INFO [main] org.apache.catalina.startup.VersionLoggerListener.log Версия JVM:            21.0.5+11-Ubuntu-1ubuntu124.04
24-Jan-2025 22:50:53.036 INFO [main] org.apache.catalina.startup.VersionLoggerListener.log Производитель JVM:     Ubuntu
24-Jan-2025 22:50:53.036 INFO [main] org.apache.catalina.startup.VersionLoggerListener.log CATALINA_BASE:         /home/serega/YandexPr/Middle/Final_Sprint_Tasks/Spring/blog/apache-tomcat-11
24-Jan-2025 22:50:53.036 INFO [main] org.apache.catalina.startup.VersionLoggerListener.log CATALINA_HOME:         /home/serega/YandexPr/Middle/Final_Sprint_Tasks/Spring/blog/apache-tomcat-11
24-Jan-2025 22:50:53.046 INFO [main] org.apache.catalina.startup.VersionLoggerListener.log Command line argument: -Djava.util.logging.config.file=/home/serega/YandexPr/Middle/Final_Sprint_Tasks/Spring/blog/apache-tomcat-11/conf/logging.properties
24-Jan-2025 22:50:53.046 INFO [main] org.apache.catalina.startup.VersionLoggerListener.log Command line argument: -Djava.util.logging.manager=org.apache.juli.ClassLoaderLogManager
24-Jan-2025 22:50:53.046 INFO [main] org.apache.catalina.startup.VersionLoggerListener.log Command line argument: -Djdk.tls.ephemeralDHKeySize=2048
24-Jan-2025 22:50:53.047 INFO [main] org.apache.catalina.startup.VersionLoggerListener.log Command line argument: -Dorg.apache.catalina.security.SecurityListener.UMASK=0027
24-Jan-2025 22:50:53.047 INFO [main] org.apache.catalina.startup.VersionLoggerListener.log Command line argument: --add-opens=java.base/java.lang=ALL-UNNAMED
24-Jan-2025 22:50:53.047 INFO [main] org.apache.catalina.startup.VersionLoggerListener.log Command line argument: --add-opens=java.base/java.io=ALL-UNNAMED
24-Jan-2025 22:50:53.047 INFO [main] org.apache.catalina.startup.VersionLoggerListener.log Command line argument: --add-opens=java.base/java.util=ALL-UNNAMED
24-Jan-2025 22:50:53.047 INFO [main] org.apache.catalina.startup.VersionLoggerListener.log Command line argument: --add-opens=java.base/java.util.concurrent=ALL-UNNAMED
24-Jan-2025 22:50:53.047 INFO [main] org.apache.catalina.startup.VersionLoggerListener.log Command line argument: --add-opens=java.rmi/sun.rmi.transport=ALL-UNNAMED
24-Jan-2025 22:50:53.047 INFO [main] org.apache.catalina.startup.VersionLoggerListener.log Command line argument: --enable-native-access=ALL-UNNAMED
24-Jan-2025 22:50:53.047 INFO [main] org.apache.catalina.startup.VersionLoggerListener.log Command line argument: -Dcatalina.base=/home/serega/YandexPr/Middle/Final_Sprint_Tasks/Spring/blog/apache-tomcat-11
24-Jan-2025 22:50:53.047 INFO [main] org.apache.catalina.startup.VersionLoggerListener.log Command line argument: -Dcatalina.home=/home/serega/YandexPr/Middle/Final_Sprint_Tasks/Spring/blog/apache-tomcat-11
24-Jan-2025 22:50:53.048 INFO [main] org.apache.catalina.startup.VersionLoggerListener.log Command line argument: -Djava.io.tmpdir=/home/serega/YandexPr/Middle/Final_Sprint_Tasks/Spring/blog/apache-tomcat-11/temp
24-Jan-2025 22:50:53.049 INFO [main] org.apache.catalina.core.AprLifecycleListener.lifecycleEvent The Apache Tomcat Native library which allows using OpenSSL was not found on the java.library.path: [/usr/java/packages/lib:/usr/lib/x86_64-linux-gnu/jni:/lib/x86_64-linux-gnu:/usr/lib/x86_64-linux-gnu:/usr/lib/jni:/lib:/usr/lib]
24-Jan-2025 22:50:53.415 INFO [main] org.apache.coyote.AbstractProtocol.init Инициализация ProtocolHandler ["http-nio-8080"]
24-Jan-2025 22:50:53.440 INFO [main] org.apache.catalina.startup.Catalina.load Server initialization in [634] milliseconds
24-Jan-2025 22:50:53.486 INFO [main] org.apache.catalina.core.StandardService.startInternal Starting service [Catalina]
24-Jan-2025 22:50:53.486 INFO [main] org.apache.catalina.core.StandardEngine.startInternal Starting Servlet engine: [Apache Tomcat/11.0.2]
24-Jan-2025 22:50:53.502 INFO [main] org.apache.catalina.startup.HostConfig.deployWAR Deploying web application archive [/home/serega/YandexPr/Middle/Final_Sprint_Tasks/Spring/blog/apache-tomcat-11/webapps/blog.war]
24-Jan-2025 22:50:55.095 INFO [main] org.apache.jasper.servlet.TldScanner.scanJars At least one JAR was scanned for TLDs yet contained no TLDs. Enable debug logging for this logger for a complete list of JARs that were scanned but no TLDs were found in them. Skipping unneeded JARs during scanning can improve startup time and JSP compilation time.
24-Jan-2025 22:50:56.569 INFO [main] org.apache.catalina.startup.HostConfig.deployWAR Deployment of web application archive [/home/serega/YandexPr/Middle/Final_Sprint_Tasks/Spring/blog/apache-tomcat-11/webapps/blog.war] has finished in [3 067] ms
24-Jan-2025 22:50:56.571 INFO [main] org.apache.catalina.startup.HostConfig.deployDirectory Установка веб приложения в папку [/home/serega/YandexPr/Middle/Final_Sprint_Tasks/Spring/blog/apache-tomcat-11/webapps/docs]
24-Jan-2025 22:50:56.601 INFO [main] org.apache.catalina.startup.HostConfig.deployDirectory Deployment of web application directory [/home/serega/YandexPr/Middle/Final_Sprint_Tasks/Spring/blog/apache-tomcat-11/webapps/docs] has finished in [30] ms
24-Jan-2025 22:50:56.601 INFO [main] org.apache.catalina.startup.HostConfig.deployDirectory Установка веб приложения в папку [/home/serega/YandexPr/Middle/Final_Sprint_Tasks/Spring/blog/apache-tomcat-11/webapps/ROOT]
24-Jan-2025 22:50:56.625 INFO [main] org.apache.catalina.startup.HostConfig.deployDirectory Deployment of web application directory [/home/serega/YandexPr/Middle/Final_Sprint_Tasks/Spring/blog/apache-tomcat-11/webapps/ROOT] has finished in [24] ms
24-Jan-2025 22:50:56.625 INFO [main] org.apache.catalina.startup.HostConfig.deployDirectory Установка веб приложения в папку [/home/serega/YandexPr/Middle/Final_Sprint_Tasks/Spring/blog/apache-tomcat-11/webapps/examples]
24-Jan-2025 22:50:56.853 INFO [main] org.apache.catalina.startup.HostConfig.deployDirectory Deployment of web application directory [/home/serega/YandexPr/Middle/Final_Sprint_Tasks/Spring/blog/apache-tomcat-11/webapps/examples] has finished in [228] ms
24-Jan-2025 22:50:56.854 INFO [main] org.apache.catalina.startup.HostConfig.deployDirectory Установка веб приложения в папку [/home/serega/YandexPr/Middle/Final_Sprint_Tasks/Spring/blog/apache-tomcat-11/webapps/host-manager]
24-Jan-2025 22:50:56.880 INFO [main] org.apache.catalina.startup.HostConfig.deployDirectory Deployment of web application directory [/home/serega/YandexPr/Middle/Final_Sprint_Tasks/Spring/blog/apache-tomcat-11/webapps/host-manager] has finished in [26] ms
24-Jan-2025 22:50:56.880 INFO [main] org.apache.catalina.startup.HostConfig.deployDirectory Установка веб приложения в папку [/home/serega/YandexPr/Middle/Final_Sprint_Tasks/Spring/blog/apache-tomcat-11/webapps/manager]
24-Jan-2025 22:50:56.907 INFO [main] org.apache.catalina.startup.HostConfig.deployDirectory Deployment of web application directory [/home/serega/YandexPr/Middle/Final_Sprint_Tasks/Spring/blog/apache-tomcat-11/webapps/manager] has finished in [27] ms
24-Jan-2025 22:50:56.912 INFO [main] org.apache.coyote.AbstractProtocol.start Starting ProtocolHandler ["http-nio-8080"]
24-Jan-2025 22:50:56.924 INFO [main] org.apache.catalina.startup.Catalina.start Server startup in [3483] milliseconds
24-Jan-2025 22:53:04.663 INFO [main] org.apache.catalina.core.StandardServer.await A valid shutdown command was received via the shutdown port. Stopping the Server instance.
24-Jan-2025 22:53:04.664 INFO [main] org.apache.coyote.AbstractProtocol.pause Pausing ProtocolHandler ["http-nio-8080"]
24-Jan-2025 22:53:04.665 INFO [main] org.apache.catalina.core.StandardService.stopInternal Stopping service [Catalina]
24-Jan-2025 22:53:04.678 WARNING [main] org.apache.catalina.loader.WebappClassLoaderBase.clearReferencesJdbc The web application [blog] registered the JDBC driver [org.postgresql.Driver] but failed to unregister it when the web application was stopped. To prevent a memory leak, the JDBC Driver has been forcibly unregistered.
24-Jan-2025 22:53:04.695 INFO [main] org.apache.coyote.AbstractProtocol.stop Stopping ProtocolHandler ["http-nio-8080"]
24-Jan-2025 22:53:04.698 INFO [main] org.apache.coyote.AbstractProtocol.destroy Destroying ProtocolHandler ["http-nio-8080"]
24-Jan-2025 22:53:12.905 INFO [main] org.apache.catalina.startup.VersionLoggerListener.log Имя версии сервера:    Apache Tomcat/11.0.2
24-Jan-2025 22:53:12.909 INFO [main] org.apache.catalina.startup.VersionLoggerListener.log Сервер собран:         Dec 5 2024 15:19:37 UTC
24-Jan-2025 22:53:12.909 INFO [main] org.apache.catalina.startup.VersionLoggerListener.log Номер версии сервера:  11.0.2.0
24-Jan-2025 22:53:12.909 INFO [main] org.apache.catalina.startup.VersionLoggerListener.log OS Name:               Linux
24-Jan-2025 22:53:12.909 INFO [main] org.apache.catalina.startup.VersionLoggerListener.log Версия ОС:             6.8.0-51-generic
24-Jan-2025 22:53:12.909 INFO [main] org.apache.catalina.startup.VersionLoggerListener.log Архитектура:           amd64
24-Jan-2025 22:53:12.909 INFO [main] org.apache.catalina.startup.VersionLoggerListener.log Java Home:             /usr/lib/jvm/java-21-openjdk-amd64
24-Jan-2025 22:53:12.910 INFO [main] org.apache.catalina.startup.VersionLoggerListener.log Версия JVM:            21.0.5+11-Ubuntu-1ubuntu124.04
24-Jan-2025 22:53:12.910 INFO [main] org.apache.catalina.startup.VersionLoggerListener.log Производитель JVM:     Ubuntu
24-Jan-2025 22:53:12.910 INFO [main] org.apache.catalina.startup.VersionLoggerListener.log CATALINA_BASE:         /home/serega/YandexPr/Middle/Final_Sprint_Tasks/Spring/blog/apache-tomcat-11
24-Jan-2025 22:53:12.910 INFO [main] org.apache.catalina.startup.VersionLoggerListener.log CATALINA_HOME:         /home/serega/YandexPr/Middle/Final_Sprint_Tasks/Spring/blog/apache-tomcat-11
24-Jan-2025 22:53:12.920 INFO [main] org.apache.catalina.startup.VersionLoggerListener.log Command line argument: -Djava.util.logging.config.file=/home/serega/YandexPr/Middle/Final_Sprint_Tasks/Spring/blog/apache-tomcat-11/conf/logging.properties
24-Jan-2025 22:53:12.920 INFO [main] org.apache.catalina.startup.VersionLoggerListener.log Command line argument: -Djava.util.logging.manager=org.apache.juli.ClassLoaderLogManager
24-Jan-2025 22:53:12.920 INFO [main] org.apache.catalina.startup.VersionLoggerListener.log Command line argument: -Djdk.tls.ephemeralDHKeySize=2048
24-Jan-2025 22:53:12.920 INFO [main] org.apache.catalina.startup.VersionLoggerListener.log Command line argument: -Dorg.apache.catalina.security.SecurityListener.UMASK=0027
24-Jan-2025 22:53:12.920 INFO [main] org.apache.catalina.startup.VersionLoggerListener.log Command line argument: --add-opens=java.base/java.lang=ALL-UNNAMED
24-Jan-2025 22:53:12.920 INFO [main] org.apache.catalina.startup.VersionLoggerListener.log Command line argument: --add-opens=java.base/java.io=ALL-UNNAMED
24-Jan-2025 22:53:12.921 INFO [main] org.apache.catalina.startup.VersionLoggerListener.log Command line argument: --add-opens=java.base/java.util=ALL-UNNAMED
24-Jan-2025 22:53:12.921 INFO [main] org.apache.catalina.startup.VersionLoggerListener.log Command line argument: --add-opens=java.base/java.util.concurrent=ALL-UNNAMED
24-Jan-2025 22:53:12.921 INFO [main] org.apache.catalina.startup.VersionLoggerListener.log Command line argument: --add-opens=java.rmi/sun.rmi.transport=ALL-UNNAMED
24-Jan-2025 22:53:12.921 INFO [main] org.apache.catalina.startup.VersionLoggerListener.log Command line argument: --enable-native-access=ALL-UNNAMED
24-Jan-2025 22:53:12.921 INFO [main] org.apache.catalina.startup.VersionLoggerListener.log Command line argument: -Dcatalina.base=/home/serega/YandexPr/Middle/Final_Sprint_Tasks/Spring/blog/apache-tomcat-11
24-Jan-2025 22:53:12.921 INFO [main] org.apache.catalina.startup.VersionLoggerListener.log Command line argument: -Dcatalina.home=/home/serega/YandexPr/Middle/Final_Sprint_Tasks/Spring/blog/apache-tomcat-11
24-Jan-2025 22:53:12.921 INFO [main] org.apache.catalina.startup.VersionLoggerListener.log Command line argument: -Djava.io.tmpdir=/home/serega/YandexPr/Middle/Final_Sprint_Tasks/Spring/blog/apache-tomcat-11/temp
24-Jan-2025 22:53:12.924 INFO [main] org.apache.catalina.core.AprLifecycleListener.lifecycleEvent The Apache Tomcat Native library which allows using OpenSSL was not found on the java.library.path: [/usr/java/packages/lib:/usr/lib/x86_64-linux-gnu/jni:/lib/x86_64-linux-gnu:/usr/lib/x86_64-linux-gnu:/usr/lib/jni:/lib:/usr/lib]
24-Jan-2025 22:53:13.308 INFO [main] org.apache.coyote.AbstractProtocol.init Инициализация ProtocolHandler ["http-nio-8080"]
24-Jan-2025 22:53:13.337 INFO [main] org.apache.catalina.startup.Catalina.load Server initialization in [624] milliseconds
24-Jan-2025 22:53:13.397 INFO [main] org.apache.catalina.core.StandardService.startInternal Starting service [Catalina]
24-Jan-2025 22:53:13.397 INFO [main] org.apache.catalina.core.StandardEngine.startInternal Starting Servlet engine: [Apache Tomcat/11.0.2]
24-Jan-2025 22:53:13.415 INFO [main] org.apache.catalina.startup.HostConfig.deployWAR Deploying web application archive [/home/serega/YandexPr/Middle/Final_Sprint_Tasks/Spring/blog/apache-tomcat-11/webapps/blog.war]
24-Jan-2025 22:53:14.982 INFO [main] org.apache.jasper.servlet.TldScanner.scanJars At least one JAR was scanned for TLDs yet contained no TLDs. Enable debug logging for this logger for a complete list of JARs that were scanned but no TLDs were found in them. Skipping unneeded JARs during scanning can improve startup time and JSP compilation time.
24-Jan-2025 22:53:16.708 INFO [main] org.apache.catalina.startup.HostConfig.deployWAR Deployment of web application archive [/home/serega/YandexPr/Middle/Final_Sprint_Tasks/Spring/blog/apache-tomcat-11/webapps/blog.war] has finished in [3 292] ms
24-Jan-2025 22:53:16.709 INFO [main] org.apache.catalina.startup.HostConfig.deployDirectory Установка веб приложения в папку [/home/serega/YandexPr/Middle/Final_Sprint_Tasks/Spring/blog/apache-tomcat-11/webapps/docs]
24-Jan-2025 22:53:16.734 INFO [main] org.apache.catalina.startup.HostConfig.deployDirectory Deployment of web application directory [/home/serega/YandexPr/Middle/Final_Sprint_Tasks/Spring/blog/apache-tomcat-11/webapps/docs] has finished in [24] ms
24-Jan-2025 22:53:16.734 INFO [main] org.apache.catalina.startup.HostConfig.deployDirectory Установка веб приложения в папку [/home/serega/YandexPr/Middle/Final_Sprint_Tasks/Spring/blog/apache-tomcat-11/webapps/ROOT]
24-Jan-2025 22:53:16.751 INFO [main] org.apache.catalina.startup.HostConfig.deployDirectory Deployment of web application directory [/home/serega/YandexPr/Middle/Final_Sprint_Tasks/Spring/blog/apache-tomcat-11/webapps/ROOT] has finished in [17] ms
24-Jan-2025 22:53:16.752 INFO [main] org.apache.catalina.startup.HostConfig.deployDirectory Установка веб приложения в папку [/home/serega/YandexPr/Middle/Final_Sprint_Tasks/Spring/blog/apache-tomcat-11/webapps/examples]
24-Jan-2025 22:53:16.939 INFO [main] org.apache.catalina.startup.HostConfig.deployDirectory Deployment of web application directory [/home/serega/YandexPr/Middle/Final_Sprint_Tasks/Spring/blog/apache-tomcat-11/webapps/examples] has finished in [188] ms
24-Jan-2025 22:53:16.940 INFO [main] org.apache.catalina.startup.HostConfig.deployDirectory Установка веб приложения в папку [/home/serega/YandexPr/Middle/Final_Sprint_Tasks/Spring/blog/apache-tomcat-11/webapps/host-manager]
24-Jan-2025 22:53:16.961 INFO [main] org.apache.catalina.startup.HostConfig.deployDirectory Deployment of web application directory [/home/serega/YandexPr/Middle/Final_Sprint_Tasks/Spring/blog/apache-tomcat-11/webapps/host-manager] has finished in [21] ms
24-Jan-2025 22:53:16.961 INFO [main] org.apache.catalina.startup.HostConfig.deployDirectory Установка веб приложения в папку [/home/serega/YandexPr/Middle/Final_Sprint_Tasks/Spring/blog/apache-tomcat-11/webapps/manager]
24-Jan-2025 22:53:16.980 INFO [main] org.apache.catalina.startup.HostConfig.deployDirectory Deployment of web application directory [/home/serega/YandexPr/Middle/Final_Sprint_Tasks/Spring/blog/apache-tomcat-11/webapps/manager] has finished in [19] ms
24-Jan-2025 22:53:16.984 INFO [main] org.apache.coyote.AbstractProtocol.start Starting ProtocolHandler ["http-nio-8080"]
24-Jan-2025 22:53:16.993 INFO [main] org.apache.catalina.startup.Catalina.start Server startup in [3654] milliseconds
24-Jan-2025 22:54:47.869 INFO [main] org.apache.catalina.core.StandardServer.await A valid shutdown command was received via the shutdown port. Stopping the Server instance.
24-Jan-2025 22:54:47.870 INFO [main] org.apache.coyote.AbstractProtocol.pause Pausing ProtocolHandler ["http-nio-8080"]
24-Jan-2025 22:54:47.871 INFO [main] org.apache.catalina.core.StandardService.stopInternal Stopping service [Catalina]
24-Jan-2025 22:54:47.886 WARNING [main] org.apache.catalina.loader.WebappClassLoaderBase.clearReferencesJdbc The web application [blog] registered the JDBC driver [org.postgresql.Driver] but failed to unregister it when the web application was stopped. To prevent a memory leak, the JDBC Driver has been forcibly unregistered.
24-Jan-2025 22:54:47.904 INFO [main] org.apache.coyote.AbstractProtocol.stop Stopping ProtocolHandler ["http-nio-8080"]
24-Jan-2025 22:54:47.915 INFO [main] org.apache.coyote.AbstractProtocol.destroy Destroying ProtocolHandler ["http-nio-8080"]
24-Jan-2025 22:54:56.997 INFO [main] org.apache.catalina.startup.VersionLoggerListener.log Имя версии сервера:    Apache Tomcat/11.0.2
24-Jan-2025 22:54:57.002 INFO [main] org.apache.catalina.startup.VersionLoggerListener.log Сервер собран:         Dec 5 2024 15:19:37 UTC
24-Jan-2025 22:54:57.002 INFO [main] org.apache.catalina.startup.VersionLoggerListener.log Номер версии сервера:  11.0.2.0
24-Jan-2025 22:54:57.002 INFO [main] org.apache.catalina.startup.VersionLoggerListener.log OS Name:               Linux
24-Jan-2025 22:54:57.002 INFO [main] org.apache.catalina.startup.VersionLoggerListener.log Версия ОС:             6.8.0-51-generic
24-Jan-2025 22:54:57.003 INFO [main] org.apache.catalina.startup.VersionLoggerListener.log Архитектура:           amd64
24-Jan-2025 22:54:57.003 INFO [main] org.apache.catalina.startup.VersionLoggerListener.log Java Home:             /usr/lib/jvm/java-21-openjdk-amd64
24-Jan-2025 22:54:57.003 INFO [main] org.apache.catalina.startup.VersionLoggerListener.log Версия JVM:            21.0.5+11-Ubuntu-1ubuntu124.04
24-Jan-2025 22:54:57.003 INFO [main] org.apache.catalina.startup.VersionLoggerListener.log Производитель JVM:     Ubuntu
24-Jan-2025 22:54:57.003 INFO [main] org.apache.catalina.startup.VersionLoggerListener.log CATALINA_BASE:         /home/serega/YandexPr/Middle/Final_Sprint_Tasks/Spring/blog/apache-tomcat-11
24-Jan-2025 22:54:57.003 INFO [main] org.apache.catalina.startup.VersionLoggerListener.log CATALINA_HOME:         /home/serega/YandexPr/Middle/Final_Sprint_Tasks/Spring/blog/apache-tomcat-11
24-Jan-2025 22:54:57.013 INFO [main] org.apache.catalina.startup.VersionLoggerListener.log Command line argument: -Djava.util.logging.config.file=/home/serega/YandexPr/Middle/Final_Sprint_Tasks/Spring/blog/apache-tomcat-11/conf/logging.properties
24-Jan-2025 22:54:57.013 INFO [main] org.apache.catalina.startup.VersionLoggerListener.log Command line argument: -Djava.util.logging.manager=org.apache.juli.ClassLoaderLogManager
24-Jan-2025 22:54:57.014 INFO [main] org.apache.catalina.startup.VersionLoggerListener.log Command line argument: -Djdk.tls.ephemeralDHKeySize=2048
24-Jan-2025 22:54:57.014 INFO [main] org.apache.catalina.startup.VersionLoggerListener.log Command line argument: -Dorg.apache.catalina.security.SecurityListener.UMASK=0027
24-Jan-2025 22:54:57.014 INFO [main] org.apache.catalina.startup.VersionLoggerListener.log Command line argument: --add-opens=java.base/java.lang=ALL-UNNAMED
24-Jan-2025 22:54:57.014 INFO [main] org.apache.catalina.startup.VersionLoggerListener.log Command line argument: --add-opens=java.base/java.io=ALL-UNNAMED
24-Jan-2025 22:54:57.014 INFO [main] org.apache.catalina.startup.VersionLoggerListener.log Command line argument: --add-opens=java.base/java.util=ALL-UNNAMED
24-Jan-2025 22:54:57.014 INFO [main] org.apache.catalina.startup.VersionLoggerListener.log Command line argument: --add-opens=java.base/java.util.concurrent=ALL-UNNAMED
24-Jan-2025 22:54:57.014 INFO [main] org.apache.catalina.startup.VersionLoggerListener.log Command line argument: --add-opens=java.rmi/sun.rmi.transport=ALL-UNNAMED
24-Jan-2025 22:54:57.014 INFO [main] org.apache.catalina.startup.VersionLoggerListener.log Command line argument: --enable-native-access=ALL-UNNAMED
24-Jan-2025 22:54:57.015 INFO [main] org.apache.catalina.startup.VersionLoggerListener.log Command line argument: -Dcatalina.base=/home/serega/YandexPr/Middle/Final_Sprint_Tasks/Spring/blog/apache-tomcat-11
24-Jan-2025 22:54:57.015 INFO [main] org.apache.catalina.startup.VersionLoggerListener.log Command line argument: -Dcatalina.home=/home/serega/YandexPr/Middle/Final_Sprint_Tasks/Spring/blog/apache-tomcat-11
24-Jan-2025 22:54:57.015 INFO [main] org.apache.catalina.startup.VersionLoggerListener.log Command line argument: -Djava.io.tmpdir=/home/serega/YandexPr/Middle/Final_Sprint_Tasks/Spring/blog/apache-tomcat-11/temp
24-Jan-2025 22:54:57.016 INFO [main] org.apache.catalina.core.AprLifecycleListener.lifecycleEvent The Apache Tomcat Native library which allows using OpenSSL was not found on the java.library.path: [/usr/java/packages/lib:/usr/lib/x86_64-linux-gnu/jni:/lib/x86_64-linux-gnu:/usr/lib/x86_64-linux-gnu:/usr/lib/jni:/lib:/usr/lib]
24-Jan-2025 22:54:57.427 INFO [main] org.apache.coyote.AbstractProtocol.init Инициализация ProtocolHandler ["http-nio-8080"]
24-Jan-2025 22:54:57.451 INFO [main] org.apache.catalina.startup.Catalina.load Server initialization in [649] milliseconds
24-Jan-2025 22:54:57.497 INFO [main] org.apache.catalina.core.StandardService.startInternal Starting service [Catalina]
24-Jan-2025 22:54:57.497 INFO [main] org.apache.catalina.core.StandardEngine.startInternal Starting Servlet engine: [Apache Tomcat/11.0.2]
24-Jan-2025 22:54:57.513 INFO [main] org.apache.catalina.startup.HostConfig.deployWAR Deploying web application archive [/home/serega/YandexPr/Middle/Final_Sprint_Tasks/Spring/blog/apache-tomcat-11/webapps/blog.war]
24-Jan-2025 22:54:59.135 INFO [main] org.apache.jasper.servlet.TldScanner.scanJars At least one JAR was scanned for TLDs yet contained no TLDs. Enable debug logging for this logger for a complete list of JARs that were scanned but no TLDs were found in them. Skipping unneeded JARs during scanning can improve startup time and JSP compilation time.
24-Jan-2025 22:55:00.580 INFO [main] org.apache.catalina.startup.HostConfig.deployWAR Deployment of web application archive [/home/serega/YandexPr/Middle/Final_Sprint_Tasks/Spring/blog/apache-tomcat-11/webapps/blog.war] has finished in [3 066] ms
24-Jan-2025 22:55:00.581 INFO [main] org.apache.catalina.startup.HostConfig.deployDirectory Установка веб приложения в папку [/home/serega/YandexPr/Middle/Final_Sprint_Tasks/Spring/blog/apache-tomcat-11/webapps/docs]
24-Jan-2025 22:55:00.604 INFO [main] org.apache.catalina.startup.HostConfig.deployDirectory Deployment of web application directory [/home/serega/YandexPr/Middle/Final_Sprint_Tasks/Spring/blog/apache-tomcat-11/webapps/docs] has finished in [23] ms
24-Jan-2025 22:55:00.605 INFO [main] org.apache.catalina.startup.HostConfig.deployDirectory Установка веб приложения в папку [/home/serega/YandexPr/Middle/Final_Sprint_Tasks/Spring/blog/apache-tomcat-11/webapps/ROOT]
24-Jan-2025 22:55:00.626 INFO [main] org.apache.catalina.startup.HostConfig.deployDirectory Deployment of web application directory [/home/serega/YandexPr/Middle/Final_Sprint_Tasks/Spring/blog/apache-tomcat-11/webapps/ROOT] has finished in [21] ms
24-Jan-2025 22:55:00.627 INFO [main] org.apache.catalina.startup.HostConfig.deployDirectory Установка веб приложения в папку [/home/serega/YandexPr/Middle/Final_Sprint_Tasks/Spring/blog/apache-tomcat-11/webapps/examples]
24-Jan-2025 22:55:01.028 INFO [main] org.apache.catalina.startup.HostConfig.deployDirectory Deployment of web application directory [/home/serega/YandexPr/Middle/Final_Sprint_Tasks/Spring/blog/apache-tomcat-11/webapps/examples] has finished in [401] ms
24-Jan-2025 22:55:01.029 INFO [main] org.apache.catalina.startup.HostConfig.deployDirectory Установка веб приложения в папку [/home/serega/YandexPr/Middle/Final_Sprint_Tasks/Spring/blog/apache-tomcat-11/webapps/host-manager]
24-Jan-2025 22:55:01.088 INFO [main] org.apache.catalina.startup.HostConfig.deployDirectory Deployment of web application directory [/home/serega/YandexPr/Middle/Final_Sprint_Tasks/Spring/blog/apache-tomcat-11/webapps/host-manager] has finished in [58] ms
24-Jan-2025 22:55:01.090 INFO [main] org.apache.catalina.startup.HostConfig.deployDirectory Установка веб приложения в папку [/home/serega/YandexPr/Middle/Final_Sprint_Tasks/Spring/blog/apache-tomcat-11/webapps/manager]
24-Jan-2025 22:55:01.139 INFO [main] org.apache.catalina.startup.HostConfig.deployDirectory Deployment of web application directory [/home/serega/YandexPr/Middle/Final_Sprint_Tasks/Spring/blog/apache-tomcat-11/webapps/manager] has finished in [49] ms
24-Jan-2025 22:55:01.150 INFO [main] org.apache.coyote.AbstractProtocol.start Starting ProtocolHandler ["http-nio-8080"]
24-Jan-2025 22:55:01.171 INFO [main] org.apache.catalina.startup.Catalina.start Server startup in [3718] milliseconds
24-Jan-2025 22:56:16.929 INFO [main] org.apache.catalina.core.StandardServer.await A valid shutdown command was received via the shutdown port. Stopping the Server instance.
24-Jan-2025 22:56:16.930 INFO [main] org.apache.coyote.AbstractProtocol.pause Pausing ProtocolHandler ["http-nio-8080"]
24-Jan-2025 22:56:16.931 INFO [main] org.apache.catalina.core.StandardService.stopInternal Stopping service [Catalina]
24-Jan-2025 22:56:16.944 WARNING [main] org.apache.catalina.loader.WebappClassLoaderBase.clearReferencesJdbc The web application [blog] registered the JDBC driver [org.postgresql.Driver] but failed to unregister it when the web application was stopped. To prevent a memory leak, the JDBC Driver has been forcibly unregistered.
24-Jan-2025 22:56:16.959 INFO [main] org.apache.coyote.AbstractProtocol.stop Stopping ProtocolHandler ["http-nio-8080"]
24-Jan-2025 22:56:16.965 INFO [main] org.apache.coyote.AbstractProtocol.destroy Destroying ProtocolHandler ["http-nio-8080"]
24-Jan-2025 22:56:24.123 INFO [main] org.apache.catalina.startup.VersionLoggerListener.log Имя версии сервера:    Apache Tomcat/11.0.2
24-Jan-2025 22:56:24.127 INFO [main] org.apache.catalina.startup.VersionLoggerListener.log Сервер собран:         Dec 5 2024 15:19:37 UTC
24-Jan-2025 22:56:24.127 INFO [main] org.apache.catalina.startup.VersionLoggerListener.log Номер версии сервера:  11.0.2.0
24-Jan-2025 22:56:24.127 INFO [main] org.apache.catalina.startup.VersionLoggerListener.log OS Name:               Linux
24-Jan-2025 22:56:24.128 INFO [main] org.apache.catalina.startup.VersionLoggerListener.log Версия ОС:             6.8.0-51-generic
24-Jan-2025 22:56:24.128 INFO [main] org.apache.catalina.startup.VersionLoggerListener.log Архитектура:           amd64
24-Jan-2025 22:56:24.128 INFO [main] org.apache.catalina.startup.VersionLoggerListener.log Java Home:             /usr/lib/jvm/java-21-openjdk-amd64
24-Jan-2025 22:56:24.128 INFO [main] org.apache.catalina.startup.VersionLoggerListener.log Версия JVM:            21.0.5+11-Ubuntu-1ubuntu124.04
24-Jan-2025 22:56:24.128 INFO [main] org.apache.catalina.startup.VersionLoggerListener.log Производитель JVM:     Ubuntu
24-Jan-2025 22:56:24.128 INFO [main] org.apache.catalina.startup.VersionLoggerListener.log CATALINA_BASE:         /home/serega/YandexPr/Middle/Final_Sprint_Tasks/Spring/blog/apache-tomcat-11
24-Jan-2025 22:56:24.128 INFO [main] org.apache.catalina.startup.VersionLoggerListener.log CATALINA_HOME:         /home/serega/YandexPr/Middle/Final_Sprint_Tasks/Spring/blog/apache-tomcat-11
24-Jan-2025 22:56:24.138 INFO [main] org.apache.catalina.startup.VersionLoggerListener.log Command line argument: -Djava.util.logging.config.file=/home/serega/YandexPr/Middle/Final_Sprint_Tasks/Spring/blog/apache-tomcat-11/conf/logging.properties
24-Jan-2025 22:56:24.138 INFO [main] org.apache.catalina.startup.VersionLoggerListener.log Command line argument: -Djava.util.logging.manager=org.apache.juli.ClassLoaderLogManager
24-Jan-2025 22:56:24.138 INFO [main] org.apache.catalina.startup.VersionLoggerListener.log Command line argument: -Djdk.tls.ephemeralDHKeySize=2048
24-Jan-2025 22:56:24.139 INFO [main] org.apache.catalina.startup.VersionLoggerListener.log Command line argument: -Dorg.apache.catalina.security.SecurityListener.UMASK=0027
24-Jan-2025 22:56:24.139 INFO [main] org.apache.catalina.startup.VersionLoggerListener.log Command line argument: --add-opens=java.base/java.lang=ALL-UNNAMED
24-Jan-2025 22:56:24.139 INFO [main] org.apache.catalina.startup.VersionLoggerListener.log Command line argument: --add-opens=java.base/java.io=ALL-UNNAMED
24-Jan-2025 22:56:24.139 INFO [main] org.apache.catalina.startup.VersionLoggerListener.log Command line argument: --add-opens=java.base/java.util=ALL-UNNAMED
24-Jan-2025 22:56:24.139 INFO [main] org.apache.catalina.startup.VersionLoggerListener.log Command line argument: --add-opens=java.base/java.util.concurrent=ALL-UNNAMED
24-Jan-2025 22:56:24.139 INFO [main] org.apache.catalina.startup.VersionLoggerListener.log Command line argument: --add-opens=java.rmi/sun.rmi.transport=ALL-UNNAMED
24-Jan-2025 22:56:24.139 INFO [main] org.apache.catalina.startup.VersionLoggerListener.log Command line argument: --enable-native-access=ALL-UNNAMED
24-Jan-2025 22:56:24.139 INFO [main] org.apache.catalina.startup.VersionLoggerListener.log Command line argument: -Dcatalina.base=/home/serega/YandexPr/Middle/Final_Sprint_Tasks/Spring/blog/apache-tomcat-11
24-Jan-2025 22:56:24.139 INFO [main] org.apache.catalina.startup.VersionLoggerListener.log Command line argument: -Dcatalina.home=/home/serega/YandexPr/Middle/Final_Sprint_Tasks/Spring/blog/apache-tomcat-11
24-Jan-2025 22:56:24.139 INFO [main] org.apache.catalina.startup.VersionLoggerListener.log Command line argument: -Djava.io.tmpdir=/home/serega/YandexPr/Middle/Final_Sprint_Tasks/Spring/blog/apache-tomcat-11/temp
24-Jan-2025 22:56:24.141 INFO [main] org.apache.catalina.core.AprLifecycleListener.lifecycleEvent The Apache Tomcat Native library which allows using OpenSSL was not found on the java.library.path: [/usr/java/packages/lib:/usr/lib/x86_64-linux-gnu/jni:/lib/x86_64-linux-gnu:/usr/lib/x86_64-linux-gnu:/usr/lib/jni:/lib:/usr/lib]
24-Jan-2025 22:56:24.515 INFO [main] org.apache.coyote.AbstractProtocol.init Инициализация ProtocolHandler ["http-nio-8080"]
24-Jan-2025 22:56:24.538 INFO [main] org.apache.catalina.startup.Catalina.load Server initialization in [610] milliseconds
24-Jan-2025 22:56:24.584 INFO [main] org.apache.catalina.core.StandardService.startInternal Starting service [Catalina]
24-Jan-2025 22:56:24.584 INFO [main] org.apache.catalina.core.StandardEngine.startInternal Starting Servlet engine: [Apache Tomcat/11.0.2]
24-Jan-2025 22:56:24.600 INFO [main] org.apache.catalina.startup.HostConfig.deployWAR Deploying web application archive [/home/serega/YandexPr/Middle/Final_Sprint_Tasks/Spring/blog/apache-tomcat-11/webapps/blog.war]
24-Jan-2025 22:56:26.187 INFO [main] org.apache.jasper.servlet.TldScanner.scanJars At least one JAR was scanned for TLDs yet contained no TLDs. Enable debug logging for this logger for a complete list of JARs that were scanned but no TLDs were found in them. Skipping unneeded JARs during scanning can improve startup time and JSP compilation time.
24-Jan-2025 22:56:27.567 INFO [main] org.apache.catalina.startup.HostConfig.deployWAR Deployment of web application archive [/home/serega/YandexPr/Middle/Final_Sprint_Tasks/Spring/blog/apache-tomcat-11/webapps/blog.war] has finished in [2 966] ms
24-Jan-2025 22:56:27.568 INFO [main] org.apache.catalina.startup.HostConfig.deployDirectory Установка веб приложения в папку [/home/serega/YandexPr/Middle/Final_Sprint_Tasks/Spring/blog/apache-tomcat-11/webapps/docs]
24-Jan-2025 22:56:27.592 INFO [main] org.apache.catalina.startup.HostConfig.deployDirectory Deployment of web application directory [/home/serega/YandexPr/Middle/Final_Sprint_Tasks/Spring/blog/apache-tomcat-11/webapps/docs] has finished in [23] ms
24-Jan-2025 22:56:27.592 INFO [main] org.apache.catalina.startup.HostConfig.deployDirectory Установка веб приложения в папку [/home/serega/YandexPr/Middle/Final_Sprint_Tasks/Spring/blog/apache-tomcat-11/webapps/ROOT]
24-Jan-2025 22:56:27.609 INFO [main] org.apache.catalina.startup.HostConfig.deployDirectory Deployment of web application directory [/home/serega/YandexPr/Middle/Final_Sprint_Tasks/Spring/blog/apache-tomcat-11/webapps/ROOT] has finished in [17] ms
24-Jan-2025 22:56:27.609 INFO [main] org.apache.catalina.startup.HostConfig.deployDirectory Установка веб приложения в папку [/home/serega/YandexPr/Middle/Final_Sprint_Tasks/Spring/blog/apache-tomcat-11/webapps/examples]
24-Jan-2025 22:56:27.841 INFO [main] org.apache.catalina.startup.HostConfig.deployDirectory Deployment of web application directory [/home/serega/YandexPr/Middle/Final_Sprint_Tasks/Spring/blog/apache-tomcat-11/webapps/examples] has finished in [232] ms
24-Jan-2025 22:56:27.841 INFO [main] org.apache.catalina.startup.HostConfig.deployDirectory Установка веб приложения в папку [/home/serega/YandexPr/Middle/Final_Sprint_Tasks/Spring/blog/apache-tomcat-11/webapps/host-manager]
24-Jan-2025 22:56:27.864 INFO [main] org.apache.catalina.startup.HostConfig.deployDirectory Deployment of web application directory [/home/serega/YandexPr/Middle/Final_Sprint_Tasks/Spring/blog/apache-tomcat-11/webapps/host-manager] has finished in [22] ms
24-Jan-2025 22:56:27.864 INFO [main] org.apache.catalina.startup.HostConfig.deployDirectory Установка веб приложения в папку [/home/serega/YandexPr/Middle/Final_Sprint_Tasks/Spring/blog/apache-tomcat-11/webapps/manager]
24-Jan-2025 22:56:27.884 INFO [main] org.apache.catalina.startup.HostConfig.deployDirectory Deployment of web application directory [/home/serega/YandexPr/Middle/Final_Sprint_Tasks/Spring/blog/apache-tomcat-11/webapps/manager] has finished in [20] ms
24-Jan-2025 22:56:27.888 INFO [main] org.apache.coyote.AbstractProtocol.start Starting ProtocolHandler ["http-nio-8080"]
24-Jan-2025 22:56:27.898 INFO [main] org.apache.catalina.startup.Catalina.start Server startup in [3358] milliseconds
24-Jan-2025 23:01:05.899 INFO [main] org.apache.catalina.core.StandardServer.await A valid shutdown command was received via the shutdown port. Stopping the Server instance.
24-Jan-2025 23:01:05.900 INFO [main] org.apache.coyote.AbstractProtocol.pause Pausing ProtocolHandler ["http-nio-8080"]
24-Jan-2025 23:01:05.901 INFO [main] org.apache.catalina.core.StandardService.stopInternal Stopping service [Catalina]
24-Jan-2025 23:01:05.913 WARNING [main] org.apache.catalina.loader.WebappClassLoaderBase.clearReferencesJdbc The web application [blog] registered the JDBC driver [org.postgresql.Driver] but failed to unregister it when the web application was stopped. To prevent a memory leak, the JDBC Driver has been forcibly unregistered.
24-Jan-2025 23:01:05.930 INFO [main] org.apache.coyote.AbstractProtocol.stop Stopping ProtocolHandler ["http-nio-8080"]
24-Jan-2025 23:01:05.935 INFO [main] org.apache.coyote.AbstractProtocol.destroy Destroying ProtocolHandler ["http-nio-8080"]
24-Jan-2025 23:01:13.011 INFO [main] org.apache.catalina.startup.VersionLoggerListener.log Имя версии сервера:    Apache Tomcat/11.0.2
24-Jan-2025 23:01:13.015 INFO [main] org.apache.catalina.startup.VersionLoggerListener.log Сервер собран:         Dec 5 2024 15:19:37 UTC
24-Jan-2025 23:01:13.015 INFO [main] org.apache.catalina.startup.VersionLoggerListener.log Номер версии сервера:  11.0.2.0
24-Jan-2025 23:01:13.015 INFO [main] org.apache.catalina.startup.VersionLoggerListener.log OS Name:               Linux
24-Jan-2025 23:01:13.015 INFO [main] org.apache.catalina.startup.VersionLoggerListener.log Версия ОС:             6.8.0-51-generic
24-Jan-2025 23:01:13.016 INFO [main] org.apache.catalina.startup.VersionLoggerListener.log Архитектура:           amd64
24-Jan-2025 23:01:13.016 INFO [main] org.apache.catalina.startup.VersionLoggerListener.log Java Home:             /usr/lib/jvm/java-21-openjdk-amd64
24-Jan-2025 23:01:13.016 INFO [main] org.apache.catalina.startup.VersionLoggerListener.log Версия JVM:            21.0.5+11-Ubuntu-1ubuntu124.04
24-Jan-2025 23:01:13.016 INFO [main] org.apache.catalina.startup.VersionLoggerListener.log Производитель JVM:     Ubuntu
24-Jan-2025 23:01:13.016 INFO [main] org.apache.catalina.startup.VersionLoggerListener.log CATALINA_BASE:         /home/serega/YandexPr/Middle/Final_Sprint_Tasks/Spring/blog/apache-tomcat-11
24-Jan-2025 23:01:13.016 INFO [main] org.apache.catalina.startup.VersionLoggerListener.log CATALINA_HOME:         /home/serega/YandexPr/Middle/Final_Sprint_Tasks/Spring/blog/apache-tomcat-11
24-Jan-2025 23:01:13.026 INFO [main] org.apache.catalina.startup.VersionLoggerListener.log Command line argument: -Djava.util.logging.config.file=/home/serega/YandexPr/Middle/Final_Sprint_Tasks/Spring/blog/apache-tomcat-11/conf/logging.properties
24-Jan-2025 23:01:13.026 INFO [main] org.apache.catalina.startup.VersionLoggerListener.log Command line argument: -Djava.util.logging.manager=org.apache.juli.ClassLoaderLogManager
24-Jan-2025 23:01:13.027 INFO [main] org.apache.catalina.startup.VersionLoggerListener.log Command line argument: -Djdk.tls.ephemeralDHKeySize=2048
24-Jan-2025 23:01:13.027 INFO [main] org.apache.catalina.startup.VersionLoggerListener.log Command line argument: -Dorg.apache.catalina.security.SecurityListener.UMASK=0027
24-Jan-2025 23:01:13.027 INFO [main] org.apache.catalina.startup.VersionLoggerListener.log Command line argument: --add-opens=java.base/java.lang=ALL-UNNAMED
24-Jan-2025 23:01:13.027 INFO [main] org.apache.catalina.startup.VersionLoggerListener.log Command line argument: --add-opens=java.base/java.io=ALL-UNNAMED
24-Jan-2025 23:01:13.027 INFO [main] org.apache.catalina.startup.VersionLoggerListener.log Command line argument: --add-opens=java.base/java.util=ALL-UNNAMED
24-Jan-2025 23:01:13.027 INFO [main] org.apache.catalina.startup.VersionLoggerListener.log Command line argument: --add-opens=java.base/java.util.concurrent=ALL-UNNAMED
24-Jan-2025 23:01:13.027 INFO [main] org.apache.catalina.startup.VersionLoggerListener.log Command line argument: --add-opens=java.rmi/sun.rmi.transport=ALL-UNNAMED
24-Jan-2025 23:01:13.027 INFO [main] org.apache.catalina.startup.VersionLoggerListener.log Command line argument: --enable-native-access=ALL-UNNAMED
24-Jan-2025 23:01:13.027 INFO [main] org.apache.catalina.startup.VersionLoggerListener.log Command line argument: -Dcatalina.base=/home/serega/YandexPr/Middle/Final_Sprint_Tasks/Spring/blog/apache-tomcat-11
24-Jan-2025 23:01:13.028 INFO [main] org.apache.catalina.startup.VersionLoggerListener.log Command line argument: -Dcatalina.home=/home/serega/YandexPr/Middle/Final_Sprint_Tasks/Spring/blog/apache-tomcat-11
24-Jan-2025 23:01:13.028 INFO [main] org.apache.catalina.startup.VersionLoggerListener.log Command line argument: -Djava.io.tmpdir=/home/serega/YandexPr/Middle/Final_Sprint_Tasks/Spring/blog/apache-tomcat-11/temp
24-Jan-2025 23:01:13.029 INFO [main] org.apache.catalina.core.AprLifecycleListener.lifecycleEvent The Apache Tomcat Native library which allows using OpenSSL was not found on the java.library.path: [/usr/java/packages/lib:/usr/lib/x86_64-linux-gnu/jni:/lib/x86_64-linux-gnu:/usr/lib/x86_64-linux-gnu:/usr/lib/jni:/lib:/usr/lib]
24-Jan-2025 23:01:13.393 INFO [main] org.apache.coyote.AbstractProtocol.init Инициализация ProtocolHandler ["http-nio-8080"]
24-Jan-2025 23:01:13.418 INFO [main] org.apache.catalina.startup.Catalina.load Server initialization in [603] milliseconds
24-Jan-2025 23:01:13.462 INFO [main] org.apache.catalina.core.StandardService.startInternal Starting service [Catalina]
24-Jan-2025 23:01:13.462 INFO [main] org.apache.catalina.core.StandardEngine.startInternal Starting Servlet engine: [Apache Tomcat/11.0.2]
24-Jan-2025 23:01:13.478 INFO [main] org.apache.catalina.startup.HostConfig.deployWAR Deploying web application archive [/home/serega/YandexPr/Middle/Final_Sprint_Tasks/Spring/blog/apache-tomcat-11/webapps/blog.war]
24-Jan-2025 23:01:15.074 INFO [main] org.apache.jasper.servlet.TldScanner.scanJars At least one JAR was scanned for TLDs yet contained no TLDs. Enable debug logging for this logger for a complete list of JARs that were scanned but no TLDs were found in them. Skipping unneeded JARs during scanning can improve startup time and JSP compilation time.
24-Jan-2025 23:01:16.641 INFO [main] org.apache.catalina.startup.HostConfig.deployWAR Deployment of web application archive [/home/serega/YandexPr/Middle/Final_Sprint_Tasks/Spring/blog/apache-tomcat-11/webapps/blog.war] has finished in [3 163] ms
24-Jan-2025 23:01:16.642 INFO [main] org.apache.catalina.startup.HostConfig.deployDirectory Установка веб приложения в папку [/home/serega/YandexPr/Middle/Final_Sprint_Tasks/Spring/blog/apache-tomcat-11/webapps/docs]
24-Jan-2025 23:01:16.673 INFO [main] org.apache.catalina.startup.HostConfig.deployDirectory Deployment of web application directory [/home/serega/YandexPr/Middle/Final_Sprint_Tasks/Spring/blog/apache-tomcat-11/webapps/docs] has finished in [31] ms
24-Jan-2025 23:01:16.673 INFO [main] org.apache.catalina.startup.HostConfig.deployDirectory Установка веб приложения в папку [/home/serega/YandexPr/Middle/Final_Sprint_Tasks/Spring/blog/apache-tomcat-11/webapps/ROOT]
24-Jan-2025 23:01:16.690 INFO [main] org.apache.catalina.startup.HostConfig.deployDirectory Deployment of web application directory [/home/serega/YandexPr/Middle/Final_Sprint_Tasks/Spring/blog/apache-tomcat-11/webapps/ROOT] has finished in [17] ms
24-Jan-2025 23:01:16.690 INFO [main] org.apache.catalina.startup.HostConfig.deployDirectory Установка веб приложения в папку [/home/serega/YandexPr/Middle/Final_Sprint_Tasks/Spring/blog/apache-tomcat-11/webapps/examples]
24-Jan-2025 23:01:16.898 INFO [main] org.apache.catalina.startup.HostConfig.deployDirectory Deployment of web application directory [/home/serega/YandexPr/Middle/Final_Sprint_Tasks/Spring/blog/apache-tomcat-11/webapps/examples] has finished in [208] ms
24-Jan-2025 23:01:16.898 INFO [main] org.apache.catalina.startup.HostConfig.deployDirectory Установка веб приложения в папку [/home/serega/YandexPr/Middle/Final_Sprint_Tasks/Spring/blog/apache-tomcat-11/webapps/host-manager]
24-Jan-2025 23:01:16.920 INFO [main] org.apache.catalina.startup.HostConfig.deployDirectory Deployment of web application directory [/home/serega/YandexPr/Middle/Final_Sprint_Tasks/Spring/blog/apache-tomcat-11/webapps/host-manager] has finished in [22] ms
24-Jan-2025 23:01:16.920 INFO [main] org.apache.catalina.startup.HostConfig.deployDirectory Установка веб приложения в папку [/home/serega/YandexPr/Middle/Final_Sprint_Tasks/Spring/blog/apache-tomcat-11/webapps/manager]
24-Jan-2025 23:01:16.939 INFO [main] org.apache.catalina.startup.HostConfig.deployDirectory Deployment of web application directory [/home/serega/YandexPr/Middle/Final_Sprint_Tasks/Spring/blog/apache-tomcat-11/webapps/manager] has finished in [19] ms
24-Jan-2025 23:01:16.943 INFO [main] org.apache.coyote.AbstractProtocol.start Starting ProtocolHandler ["http-nio-8080"]
24-Jan-2025 23:01:16.954 INFO [main] org.apache.catalina.startup.Catalina.start Server startup in [3534] milliseconds
24-Jan-2025 23:07:46.130 INFO [main] org.apache.catalina.core.StandardServer.await A valid shutdown command was received via the shutdown port. Stopping the Server instance.
24-Jan-2025 23:07:46.131 INFO [main] org.apache.coyote.AbstractProtocol.pause Pausing ProtocolHandler ["http-nio-8080"]
24-Jan-2025 23:07:46.132 INFO [main] org.apache.catalina.core.StandardService.stopInternal Stopping service [Catalina]
24-Jan-2025 23:07:46.145 WARNING [main] org.apache.catalina.loader.WebappClassLoaderBase.clearReferencesJdbc The web application [blog] registered the JDBC driver [org.postgresql.Driver] but failed to unregister it when the web application was stopped. To prevent a memory leak, the JDBC Driver has been forcibly unregistered.
24-Jan-2025 23:07:46.162 INFO [main] org.apache.coyote.AbstractProtocol.stop Stopping ProtocolHandler ["http-nio-8080"]
24-Jan-2025 23:07:46.165 INFO [main] org.apache.coyote.AbstractProtocol.destroy Destroying ProtocolHandler ["http-nio-8080"]
24-Jan-2025 23:07:57.350 INFO [main] org.apache.catalina.startup.VersionLoggerListener.log Имя версии сервера:    Apache Tomcat/11.0.2
24-Jan-2025 23:07:57.354 INFO [main] org.apache.catalina.startup.VersionLoggerListener.log Сервер собран:         Dec 5 2024 15:19:37 UTC
24-Jan-2025 23:07:57.354 INFO [main] org.apache.catalina.startup.VersionLoggerListener.log Номер версии сервера:  11.0.2.0
24-Jan-2025 23:07:57.354 INFO [main] org.apache.catalina.startup.VersionLoggerListener.log OS Name:               Linux
24-Jan-2025 23:07:57.354 INFO [main] org.apache.catalina.startup.VersionLoggerListener.log Версия ОС:             6.8.0-51-generic
24-Jan-2025 23:07:57.354 INFO [main] org.apache.catalina.startup.VersionLoggerListener.log Архитектура:           amd64
24-Jan-2025 23:07:57.354 INFO [main] org.apache.catalina.startup.VersionLoggerListener.log Java Home:             /usr/lib/jvm/java-21-openjdk-amd64
24-Jan-2025 23:07:57.355 INFO [main] org.apache.catalina.startup.VersionLoggerListener.log Версия JVM:            21.0.5+11-Ubuntu-1ubuntu124.04
24-Jan-2025 23:07:57.355 INFO [main] org.apache.catalina.startup.VersionLoggerListener.log Производитель JVM:     Ubuntu
24-Jan-2025 23:07:57.355 INFO [main] org.apache.catalina.startup.VersionLoggerListener.log CATALINA_BASE:         /home/serega/YandexPr/Middle/Final_Sprint_Tasks/Spring/blog/apache-tomcat-11
24-Jan-2025 23:07:57.355 INFO [main] org.apache.catalina.startup.VersionLoggerListener.log CATALINA_HOME:         /home/serega/YandexPr/Middle/Final_Sprint_Tasks/Spring/blog/apache-tomcat-11
24-Jan-2025 23:07:57.364 INFO [main] org.apache.catalina.startup.VersionLoggerListener.log Command line argument: -Djava.util.logging.config.file=/home/serega/YandexPr/Middle/Final_Sprint_Tasks/Spring/blog/apache-tomcat-11/conf/logging.properties
24-Jan-2025 23:07:57.365 INFO [main] org.apache.catalina.startup.VersionLoggerListener.log Command line argument: -Djava.util.logging.manager=org.apache.juli.ClassLoaderLogManager
24-Jan-2025 23:07:57.365 INFO [main] org.apache.catalina.startup.VersionLoggerListener.log Command line argument: -Djdk.tls.ephemeralDHKeySize=2048
24-Jan-2025 23:07:57.365 INFO [main] org.apache.catalina.startup.VersionLoggerListener.log Command line argument: -Dorg.apache.catalina.security.SecurityListener.UMASK=0027
24-Jan-2025 23:07:57.365 INFO [main] org.apache.catalina.startup.VersionLoggerListener.log Command line argument: --add-opens=java.base/java.lang=ALL-UNNAMED
24-Jan-2025 23:07:57.365 INFO [main] org.apache.catalina.startup.VersionLoggerListener.log Command line argument: --add-opens=java.base/java.io=ALL-UNNAMED
24-Jan-2025 23:07:57.365 INFO [main] org.apache.catalina.startup.VersionLoggerListener.log Command line argument: --add-opens=java.base/java.util=ALL-UNNAMED
24-Jan-2025 23:07:57.365 INFO [main] org.apache.catalina.startup.VersionLoggerListener.log Command line argument: --add-opens=java.base/java.util.concurrent=ALL-UNNAMED
24-Jan-2025 23:07:57.365 INFO [main] org.apache.catalina.startup.VersionLoggerListener.log Command line argument: --add-opens=java.rmi/sun.rmi.transport=ALL-UNNAMED
24-Jan-2025 23:07:57.366 INFO [main] org.apache.catalina.startup.VersionLoggerListener.log Command line argument: --enable-native-access=ALL-UNNAMED
24-Jan-2025 23:07:57.366 INFO [main] org.apache.catalina.startup.VersionLoggerListener.log Command line argument: -Dcatalina.base=/home/serega/YandexPr/Middle/Final_Sprint_Tasks/Spring/blog/apache-tomcat-11
24-Jan-2025 23:07:57.366 INFO [main] org.apache.catalina.startup.VersionLoggerListener.log Command line argument: -Dcatalina.home=/home/serega/YandexPr/Middle/Final_Sprint_Tasks/Spring/blog/apache-tomcat-11
24-Jan-2025 23:07:57.366 INFO [main] org.apache.catalina.startup.VersionLoggerListener.log Command line argument: -Djava.io.tmpdir=/home/serega/YandexPr/Middle/Final_Sprint_Tasks/Spring/blog/apache-tomcat-11/temp
24-Jan-2025 23:07:57.367 INFO [main] org.apache.catalina.core.AprLifecycleListener.lifecycleEvent The Apache Tomcat Native library which allows using OpenSSL was not found on the java.library.path: [/usr/java/packages/lib:/usr/lib/x86_64-linux-gnu/jni:/lib/x86_64-linux-gnu:/usr/lib/x86_64-linux-gnu:/usr/lib/jni:/lib:/usr/lib]
24-Jan-2025 23:07:57.731 INFO [main] org.apache.coyote.AbstractProtocol.init Инициализация ProtocolHandler ["http-nio-8080"]
24-Jan-2025 23:07:57.755 INFO [main] org.apache.catalina.startup.Catalina.load Server initialization in [605] milliseconds
24-Jan-2025 23:07:57.800 INFO [main] org.apache.catalina.core.StandardService.startInternal Starting service [Catalina]
24-Jan-2025 23:07:57.801 INFO [main] org.apache.catalina.core.StandardEngine.startInternal Starting Servlet engine: [Apache Tomcat/11.0.2]
24-Jan-2025 23:07:57.817 INFO [main] org.apache.catalina.startup.HostConfig.deployWAR Deploying web application archive [/home/serega/YandexPr/Middle/Final_Sprint_Tasks/Spring/blog/apache-tomcat-11/webapps/blog.war]
24-Jan-2025 23:07:59.447 INFO [main] org.apache.jasper.servlet.TldScanner.scanJars At least one JAR was scanned for TLDs yet contained no TLDs. Enable debug logging for this logger for a complete list of JARs that were scanned but no TLDs were found in them. Skipping unneeded JARs during scanning can improve startup time and JSP compilation time.
24-Jan-2025 23:08:00.972 INFO [main] org.apache.catalina.startup.HostConfig.deployWAR Deployment of web application archive [/home/serega/YandexPr/Middle/Final_Sprint_Tasks/Spring/blog/apache-tomcat-11/webapps/blog.war] has finished in [3 156] ms
24-Jan-2025 23:08:00.973 INFO [main] org.apache.catalina.startup.HostConfig.deployDirectory Установка веб приложения в папку [/home/serega/YandexPr/Middle/Final_Sprint_Tasks/Spring/blog/apache-tomcat-11/webapps/docs]
24-Jan-2025 23:08:01.010 INFO [main] org.apache.catalina.startup.HostConfig.deployDirectory Deployment of web application directory [/home/serega/YandexPr/Middle/Final_Sprint_Tasks/Spring/blog/apache-tomcat-11/webapps/docs] has finished in [37] ms
24-Jan-2025 23:08:01.010 INFO [main] org.apache.catalina.startup.HostConfig.deployDirectory Установка веб приложения в папку [/home/serega/YandexPr/Middle/Final_Sprint_Tasks/Spring/blog/apache-tomcat-11/webapps/ROOT]
24-Jan-2025 23:08:01.033 INFO [main] org.apache.catalina.startup.HostConfig.deployDirectory Deployment of web application directory [/home/serega/YandexPr/Middle/Final_Sprint_Tasks/Spring/blog/apache-tomcat-11/webapps/ROOT] has finished in [23] ms
24-Jan-2025 23:08:01.033 INFO [main] org.apache.catalina.startup.HostConfig.deployDirectory Установка веб приложения в папку [/home/serega/YandexPr/Middle/Final_Sprint_Tasks/Spring/blog/apache-tomcat-11/webapps/examples]
24-Jan-2025 23:08:01.253 INFO [main] org.apache.catalina.startup.HostConfig.deployDirectory Deployment of web application directory [/home/serega/YandexPr/Middle/Final_Sprint_Tasks/Spring/blog/apache-tomcat-11/webapps/examples] has finished in [220] ms
24-Jan-2025 23:08:01.253 INFO [main] org.apache.catalina.startup.HostConfig.deployDirectory Установка веб приложения в папку [/home/serega/YandexPr/Middle/Final_Sprint_Tasks/Spring/blog/apache-tomcat-11/webapps/host-manager]
24-Jan-2025 23:08:01.275 INFO [main] org.apache.catalina.startup.HostConfig.deployDirectory Deployment of web application directory [/home/serega/YandexPr/Middle/Final_Sprint_Tasks/Spring/blog/apache-tomcat-11/webapps/host-manager] has finished in [22] ms
24-Jan-2025 23:08:01.276 INFO [main] org.apache.catalina.startup.HostConfig.deployDirectory Установка веб приложения в папку [/home/serega/YandexPr/Middle/Final_Sprint_Tasks/Spring/blog/apache-tomcat-11/webapps/manager]
24-Jan-2025 23:08:01.296 INFO [main] org.apache.catalina.startup.HostConfig.deployDirectory Deployment of web application directory [/home/serega/YandexPr/Middle/Final_Sprint_Tasks/Spring/blog/apache-tomcat-11/webapps/manager] has finished in [21] ms
24-Jan-2025 23:08:01.301 INFO [main] org.apache.coyote.AbstractProtocol.start Starting ProtocolHandler ["http-nio-8080"]
24-Jan-2025 23:08:01.311 INFO [main] org.apache.catalina.startup.Catalina.start Server startup in [3554] milliseconds
24-Jan-2025 23:27:55.467 INFO [main] org.apache.catalina.core.StandardServer.await A valid shutdown command was received via the shutdown port. Stopping the Server instance.
24-Jan-2025 23:27:55.467 INFO [main] org.apache.coyote.AbstractProtocol.pause Pausing ProtocolHandler ["http-nio-8080"]
24-Jan-2025 23:27:55.469 INFO [main] org.apache.catalina.core.StandardService.stopInternal Stopping service [Catalina]
24-Jan-2025 23:27:55.482 WARNING [main] org.apache.catalina.loader.WebappClassLoaderBase.clearReferencesJdbc The web application [blog] registered the JDBC driver [org.postgresql.Driver] but failed to unregister it when the web application was stopped. To prevent a memory leak, the JDBC Driver has been forcibly unregistered.
24-Jan-2025 23:27:55.497 INFO [main] org.apache.coyote.AbstractProtocol.stop Stopping ProtocolHandler ["http-nio-8080"]
24-Jan-2025 23:27:55.502 INFO [main] org.apache.coyote.AbstractProtocol.destroy Destroying ProtocolHandler ["http-nio-8080"]
24-Jan-2025 23:28:06.804 INFO [main] org.apache.catalina.startup.VersionLoggerListener.log Имя версии сервера:    Apache Tomcat/11.0.2
24-Jan-2025 23:28:06.809 INFO [main] org.apache.catalina.startup.VersionLoggerListener.log Сервер собран:         Dec 5 2024 15:19:37 UTC
24-Jan-2025 23:28:06.810 INFO [main] org.apache.catalina.startup.VersionLoggerListener.log Номер версии сервера:  11.0.2.0
24-Jan-2025 23:28:06.810 INFO [main] org.apache.catalina.startup.VersionLoggerListener.log OS Name:               Linux
24-Jan-2025 23:28:06.810 INFO [main] org.apache.catalina.startup.VersionLoggerListener.log Версия ОС:             6.8.0-51-generic
24-Jan-2025 23:28:06.810 INFO [main] org.apache.catalina.startup.VersionLoggerListener.log Архитектура:           amd64
24-Jan-2025 23:28:06.811 INFO [main] org.apache.catalina.startup.VersionLoggerListener.log Java Home:             /usr/lib/jvm/java-21-openjdk-amd64
24-Jan-2025 23:28:06.811 INFO [main] org.apache.catalina.startup.VersionLoggerListener.log Версия JVM:            21.0.5+11-Ubuntu-1ubuntu124.04
24-Jan-2025 23:28:06.811 INFO [main] org.apache.catalina.startup.VersionLoggerListener.log Производитель JVM:     Ubuntu
24-Jan-2025 23:28:06.811 INFO [main] org.apache.catalina.startup.VersionLoggerListener.log CATALINA_BASE:         /home/serega/YandexPr/Middle/Final_Sprint_Tasks/Spring/blog/apache-tomcat-11
24-Jan-2025 23:28:06.811 INFO [main] org.apache.catalina.startup.VersionLoggerListener.log CATALINA_HOME:         /home/serega/YandexPr/Middle/Final_Sprint_Tasks/Spring/blog/apache-tomcat-11
24-Jan-2025 23:28:06.822 INFO [main] org.apache.catalina.startup.VersionLoggerListener.log Command line argument: -Djava.util.logging.config.file=/home/serega/YandexPr/Middle/Final_Sprint_Tasks/Spring/blog/apache-tomcat-11/conf/logging.properties
24-Jan-2025 23:28:06.822 INFO [main] org.apache.catalina.startup.VersionLoggerListener.log Command line argument: -Djava.util.logging.manager=org.apache.juli.ClassLoaderLogManager
24-Jan-2025 23:28:06.823 INFO [main] org.apache.catalina.startup.VersionLoggerListener.log Command line argument: -Djdk.tls.ephemeralDHKeySize=2048
24-Jan-2025 23:28:06.823 INFO [main] org.apache.catalina.startup.VersionLoggerListener.log Command line argument: -Dorg.apache.catalina.security.SecurityListener.UMASK=0027
24-Jan-2025 23:28:06.823 INFO [main] org.apache.catalina.startup.VersionLoggerListener.log Command line argument: --add-opens=java.base/java.lang=ALL-UNNAMED
24-Jan-2025 23:28:06.823 INFO [main] org.apache.catalina.startup.VersionLoggerListener.log Command line argument: --add-opens=java.base/java.io=ALL-UNNAMED
24-Jan-2025 23:28:06.823 INFO [main] org.apache.catalina.startup.VersionLoggerListener.log Command line argument: --add-opens=java.base/java.util=ALL-UNNAMED
24-Jan-2025 23:28:06.823 INFO [main] org.apache.catalina.startup.VersionLoggerListener.log Command line argument: --add-opens=java.base/java.util.concurrent=ALL-UNNAMED
24-Jan-2025 23:28:06.823 INFO [main] org.apache.catalina.startup.VersionLoggerListener.log Command line argument: --add-opens=java.rmi/sun.rmi.transport=ALL-UNNAMED
24-Jan-2025 23:28:06.824 INFO [main] org.apache.catalina.startup.VersionLoggerListener.log Command line argument: --enable-native-access=ALL-UNNAMED
24-Jan-2025 23:28:06.824 INFO [main] org.apache.catalina.startup.VersionLoggerListener.log Command line argument: -Dcatalina.base=/home/serega/YandexPr/Middle/Final_Sprint_Tasks/Spring/blog/apache-tomcat-11
24-Jan-2025 23:28:06.824 INFO [main] org.apache.catalina.startup.VersionLoggerListener.log Command line argument: -Dcatalina.home=/home/serega/YandexPr/Middle/Final_Sprint_Tasks/Spring/blog/apache-tomcat-11
24-Jan-2025 23:28:06.824 INFO [main] org.apache.catalina.startup.VersionLoggerListener.log Command line argument: -Djava.io.tmpdir=/home/serega/YandexPr/Middle/Final_Sprint_Tasks/Spring/blog/apache-tomcat-11/temp
24-Jan-2025 23:28:06.827 INFO [main] org.apache.catalina.core.AprLifecycleListener.lifecycleEvent The Apache Tomcat Native library which allows using OpenSSL was not found on the java.library.path: [/usr/java/packages/lib:/usr/lib/x86_64-linux-gnu/jni:/lib/x86_64-linux-gnu:/usr/lib/x86_64-linux-gnu:/usr/lib/jni:/lib:/usr/lib]
24-Jan-2025 23:28:07.212 INFO [main] org.apache.coyote.AbstractProtocol.init Инициализация ProtocolHandler ["http-nio-8080"]
24-Jan-2025 23:28:07.236 INFO [main] org.apache.catalina.startup.Catalina.load Server initialization in [651] milliseconds
24-Jan-2025 23:28:07.280 INFO [main] org.apache.catalina.core.StandardService.startInternal Starting service [Catalina]
24-Jan-2025 23:28:07.280 INFO [main] org.apache.catalina.core.StandardEngine.startInternal Starting Servlet engine: [Apache Tomcat/11.0.2]
24-Jan-2025 23:28:07.296 INFO [main] org.apache.catalina.startup.HostConfig.deployWAR Deploying web application archive [/home/serega/YandexPr/Middle/Final_Sprint_Tasks/Spring/blog/apache-tomcat-11/webapps/blog.war]
24-Jan-2025 23:28:09.206 INFO [main] org.apache.jasper.servlet.TldScanner.scanJars At least one JAR was scanned for TLDs yet contained no TLDs. Enable debug logging for this logger for a complete list of JARs that were scanned but no TLDs were found in them. Skipping unneeded JARs during scanning can improve startup time and JSP compilation time.
24-Jan-2025 23:28:10.790 INFO [main] org.apache.catalina.startup.HostConfig.deployWAR Deployment of web application archive [/home/serega/YandexPr/Middle/Final_Sprint_Tasks/Spring/blog/apache-tomcat-11/webapps/blog.war] has finished in [3 493] ms
24-Jan-2025 23:28:10.791 INFO [main] org.apache.catalina.startup.HostConfig.deployDirectory Установка веб приложения в папку [/home/serega/YandexPr/Middle/Final_Sprint_Tasks/Spring/blog/apache-tomcat-11/webapps/docs]
24-Jan-2025 23:28:10.819 INFO [main] org.apache.catalina.startup.HostConfig.deployDirectory Deployment of web application directory [/home/serega/YandexPr/Middle/Final_Sprint_Tasks/Spring/blog/apache-tomcat-11/webapps/docs] has finished in [27] ms
24-Jan-2025 23:28:10.819 INFO [main] org.apache.catalina.startup.HostConfig.deployDirectory Установка веб приложения в папку [/home/serega/YandexPr/Middle/Final_Sprint_Tasks/Spring/blog/apache-tomcat-11/webapps/ROOT]
24-Jan-2025 23:28:10.840 INFO [main] org.apache.catalina.startup.HostConfig.deployDirectory Deployment of web application directory [/home/serega/YandexPr/Middle/Final_Sprint_Tasks/Spring/blog/apache-tomcat-11/webapps/ROOT] has finished in [21] ms
24-Jan-2025 23:28:10.840 INFO [main] org.apache.catalina.startup.HostConfig.deployDirectory Установка веб приложения в папку [/home/serega/YandexPr/Middle/Final_Sprint_Tasks/Spring/blog/apache-tomcat-11/webapps/examples]
24-Jan-2025 23:28:11.072 INFO [main] org.apache.catalina.startup.HostConfig.deployDirectory Deployment of web application directory [/home/serega/YandexPr/Middle/Final_Sprint_Tasks/Spring/blog/apache-tomcat-11/webapps/examples] has finished in [232] ms
24-Jan-2025 23:28:11.072 INFO [main] org.apache.catalina.startup.HostConfig.deployDirectory Установка веб приложения в папку [/home/serega/YandexPr/Middle/Final_Sprint_Tasks/Spring/blog/apache-tomcat-11/webapps/host-manager]
24-Jan-2025 23:28:11.095 INFO [main] org.apache.catalina.startup.HostConfig.deployDirectory Deployment of web application directory [/home/serega/YandexPr/Middle/Final_Sprint_Tasks/Spring/blog/apache-tomcat-11/webapps/host-manager] has finished in [23] ms
24-Jan-2025 23:28:11.096 INFO [main] org.apache.catalina.startup.HostConfig.deployDirectory Установка веб приложения в папку [/home/serega/YandexPr/Middle/Final_Sprint_Tasks/Spring/blog/apache-tomcat-11/webapps/manager]
24-Jan-2025 23:28:11.117 INFO [main] org.apache.catalina.startup.HostConfig.deployDirectory Deployment of web application directory [/home/serega/YandexPr/Middle/Final_Sprint_Tasks/Spring/blog/apache-tomcat-11/webapps/manager] has finished in [22] ms
24-Jan-2025 23:28:11.121 INFO [main] org.apache.coyote.AbstractProtocol.start Starting ProtocolHandler ["http-nio-8080"]
24-Jan-2025 23:28:11.131 INFO [main] org.apache.catalina.startup.Catalina.start Server startup in [3893] milliseconds
24-Jan-2025 23:29:54.417 INFO [main] org.apache.catalina.core.StandardServer.await A valid shutdown command was received via the shutdown port. Stopping the Server instance.
24-Jan-2025 23:29:54.417 INFO [main] org.apache.coyote.AbstractProtocol.pause Pausing ProtocolHandler ["http-nio-8080"]
24-Jan-2025 23:29:54.419 INFO [main] org.apache.catalina.core.StandardService.stopInternal Stopping service [Catalina]
24-Jan-2025 23:29:54.431 WARNING [main] org.apache.catalina.loader.WebappClassLoaderBase.clearReferencesJdbc The web application [blog] registered the JDBC driver [org.postgresql.Driver] but failed to unregister it when the web application was stopped. To prevent a memory leak, the JDBC Driver has been forcibly unregistered.
24-Jan-2025 23:29:54.445 INFO [main] org.apache.coyote.AbstractProtocol.stop Stopping ProtocolHandler ["http-nio-8080"]
24-Jan-2025 23:29:54.452 INFO [main] org.apache.coyote.AbstractProtocol.destroy Destroying ProtocolHandler ["http-nio-8080"]
24-Jan-2025 23:30:02.648 INFO [main] org.apache.catalina.startup.VersionLoggerListener.log Имя версии сервера:    Apache Tomcat/11.0.2
24-Jan-2025 23:30:02.654 INFO [main] org.apache.catalina.startup.VersionLoggerListener.log Сервер собран:         Dec 5 2024 15:19:37 UTC
24-Jan-2025 23:30:02.654 INFO [main] org.apache.catalina.startup.VersionLoggerListener.log Номер версии сервера:  11.0.2.0
24-Jan-2025 23:30:02.654 INFO [main] org.apache.catalina.startup.VersionLoggerListener.log OS Name:               Linux
24-Jan-2025 23:30:02.655 INFO [main] org.apache.catalina.startup.VersionLoggerListener.log Версия ОС:             6.8.0-51-generic
24-Jan-2025 23:30:02.655 INFO [main] org.apache.catalina.startup.VersionLoggerListener.log Архитектура:           amd64
24-Jan-2025 23:30:02.655 INFO [main] org.apache.catalina.startup.VersionLoggerListener.log Java Home:             /usr/lib/jvm/java-21-openjdk-amd64
24-Jan-2025 23:30:02.655 INFO [main] org.apache.catalina.startup.VersionLoggerListener.log Версия JVM:            21.0.5+11-Ubuntu-1ubuntu124.04
24-Jan-2025 23:30:02.656 INFO [main] org.apache.catalina.startup.VersionLoggerListener.log Производитель JVM:     Ubuntu
24-Jan-2025 23:30:02.656 INFO [main] org.apache.catalina.startup.VersionLoggerListener.log CATALINA_BASE:         /home/serega/YandexPr/Middle/Final_Sprint_Tasks/Spring/blog/apache-tomcat-11
24-Jan-2025 23:30:02.656 INFO [main] org.apache.catalina.startup.VersionLoggerListener.log CATALINA_HOME:         /home/serega/YandexPr/Middle/Final_Sprint_Tasks/Spring/blog/apache-tomcat-11
24-Jan-2025 23:30:02.666 INFO [main] org.apache.catalina.startup.VersionLoggerListener.log Command line argument: -Djava.util.logging.config.file=/home/serega/YandexPr/Middle/Final_Sprint_Tasks/Spring/blog/apache-tomcat-11/conf/logging.properties
24-Jan-2025 23:30:02.667 INFO [main] org.apache.catalina.startup.VersionLoggerListener.log Command line argument: -Djava.util.logging.manager=org.apache.juli.ClassLoaderLogManager
24-Jan-2025 23:30:02.667 INFO [main] org.apache.catalina.startup.VersionLoggerListener.log Command line argument: -Djdk.tls.ephemeralDHKeySize=2048
24-Jan-2025 23:30:02.667 INFO [main] org.apache.catalina.startup.VersionLoggerListener.log Command line argument: -Dorg.apache.catalina.security.SecurityListener.UMASK=0027
24-Jan-2025 23:30:02.667 INFO [main] org.apache.catalina.startup.VersionLoggerListener.log Command line argument: --add-opens=java.base/java.lang=ALL-UNNAMED
24-Jan-2025 23:30:02.667 INFO [main] org.apache.catalina.startup.VersionLoggerListener.log Command line argument: --add-opens=java.base/java.io=ALL-UNNAMED
24-Jan-2025 23:30:02.668 INFO [main] org.apache.catalina.startup.VersionLoggerListener.log Command line argument: --add-opens=java.base/java.util=ALL-UNNAMED
24-Jan-2025 23:30:02.668 INFO [main] org.apache.catalina.startup.VersionLoggerListener.log Command line argument: --add-opens=java.base/java.util.concurrent=ALL-UNNAMED
24-Jan-2025 23:30:02.668 INFO [main] org.apache.catalina.startup.VersionLoggerListener.log Command line argument: --add-opens=java.rmi/sun.rmi.transport=ALL-UNNAMED
24-Jan-2025 23:30:02.668 INFO [main] org.apache.catalina.startup.VersionLoggerListener.log Command line argument: --enable-native-access=ALL-UNNAMED
24-Jan-2025 23:30:02.668 INFO [main] org.apache.catalina.startup.VersionLoggerListener.log Command line argument: -Dcatalina.base=/home/serega/YandexPr/Middle/Final_Sprint_Tasks/Spring/blog/apache-tomcat-11
24-Jan-2025 23:30:02.668 INFO [main] org.apache.catalina.startup.VersionLoggerListener.log Command line argument: -Dcatalina.home=/home/serega/YandexPr/Middle/Final_Sprint_Tasks/Spring/blog/apache-tomcat-11
24-Jan-2025 23:30:02.668 INFO [main] org.apache.catalina.startup.VersionLoggerListener.log Command line argument: -Djava.io.tmpdir=/home/serega/YandexPr/Middle/Final_Sprint_Tasks/Spring/blog/apache-tomcat-11/temp
24-Jan-2025 23:30:02.670 INFO [main] org.apache.catalina.core.AprLifecycleListener.lifecycleEvent The Apache Tomcat Native library which allows using OpenSSL was not found on the java.library.path: [/usr/java/packages/lib:/usr/lib/x86_64-linux-gnu/jni:/lib/x86_64-linux-gnu:/usr/lib/x86_64-linux-gnu:/usr/lib/jni:/lib:/usr/lib]
24-Jan-2025 23:30:03.073 INFO [main] org.apache.coyote.AbstractProtocol.init Инициализация ProtocolHandler ["http-nio-8080"]
24-Jan-2025 23:30:03.103 INFO [main] org.apache.catalina.startup.Catalina.load Server initialization in [655] milliseconds
24-Jan-2025 23:30:03.152 INFO [main] org.apache.catalina.core.StandardService.startInternal Starting service [Catalina]
24-Jan-2025 23:30:03.152 INFO [main] org.apache.catalina.core.StandardEngine.startInternal Starting Servlet engine: [Apache Tomcat/11.0.2]
24-Jan-2025 23:30:03.168 INFO [main] org.apache.catalina.startup.HostConfig.deployWAR Deploying web application archive [/home/serega/YandexPr/Middle/Final_Sprint_Tasks/Spring/blog/apache-tomcat-11/webapps/blog.war]
24-Jan-2025 23:30:04.816 INFO [main] org.apache.jasper.servlet.TldScanner.scanJars At least one JAR was scanned for TLDs yet contained no TLDs. Enable debug logging for this logger for a complete list of JARs that were scanned but no TLDs were found in them. Skipping unneeded JARs during scanning can improve startup time and JSP compilation time.
24-Jan-2025 23:30:06.318 INFO [main] org.apache.catalina.startup.HostConfig.deployWAR Deployment of web application archive [/home/serega/YandexPr/Middle/Final_Sprint_Tasks/Spring/blog/apache-tomcat-11/webapps/blog.war] has finished in [3 150] ms
24-Jan-2025 23:30:06.319 INFO [main] org.apache.catalina.startup.HostConfig.deployDirectory Установка веб приложения в папку [/home/serega/YandexPr/Middle/Final_Sprint_Tasks/Spring/blog/apache-tomcat-11/webapps/docs]
24-Jan-2025 23:30:06.344 INFO [main] org.apache.catalina.startup.HostConfig.deployDirectory Deployment of web application directory [/home/serega/YandexPr/Middle/Final_Sprint_Tasks/Spring/blog/apache-tomcat-11/webapps/docs] has finished in [24] ms
24-Jan-2025 23:30:06.344 INFO [main] org.apache.catalina.startup.HostConfig.deployDirectory Установка веб приложения в папку [/home/serega/YandexPr/Middle/Final_Sprint_Tasks/Spring/blog/apache-tomcat-11/webapps/ROOT]
24-Jan-2025 23:30:06.362 INFO [main] org.apache.catalina.startup.HostConfig.deployDirectory Deployment of web application directory [/home/serega/YandexPr/Middle/Final_Sprint_Tasks/Spring/blog/apache-tomcat-11/webapps/ROOT] has finished in [18] ms
24-Jan-2025 23:30:06.362 INFO [main] org.apache.catalina.startup.HostConfig.deployDirectory Установка веб приложения в папку [/home/serega/YandexPr/Middle/Final_Sprint_Tasks/Spring/blog/apache-tomcat-11/webapps/examples]
24-Jan-2025 23:30:06.574 INFO [main] org.apache.catalina.startup.HostConfig.deployDirectory Deployment of web application directory [/home/serega/YandexPr/Middle/Final_Sprint_Tasks/Spring/blog/apache-tomcat-11/webapps/examples] has finished in [211] ms
24-Jan-2025 23:30:06.574 INFO [main] org.apache.catalina.startup.HostConfig.deployDirectory Установка веб приложения в папку [/home/serega/YandexPr/Middle/Final_Sprint_Tasks/Spring/blog/apache-tomcat-11/webapps/host-manager]
24-Jan-2025 23:30:06.597 INFO [main] org.apache.catalina.startup.HostConfig.deployDirectory Deployment of web application directory [/home/serega/YandexPr/Middle/Final_Sprint_Tasks/Spring/blog/apache-tomcat-11/webapps/host-manager] has finished in [23] ms
24-Jan-2025 23:30:06.597 INFO [main] org.apache.catalina.startup.HostConfig.deployDirectory Установка веб приложения в папку [/home/serega/YandexPr/Middle/Final_Sprint_Tasks/Spring/blog/apache-tomcat-11/webapps/manager]
24-Jan-2025 23:30:06.619 INFO [main] org.apache.catalina.startup.HostConfig.deployDirectory Deployment of web application directory [/home/serega/YandexPr/Middle/Final_Sprint_Tasks/Spring/blog/apache-tomcat-11/webapps/manager] has finished in [22] ms
24-Jan-2025 23:30:06.623 INFO [main] org.apache.coyote.AbstractProtocol.start Starting ProtocolHandler ["http-nio-8080"]
24-Jan-2025 23:30:06.636 INFO [main] org.apache.catalina.startup.Catalina.start Server startup in [3531] milliseconds
24-Jan-2025 23:33:35.891 INFO [main] org.apache.catalina.core.StandardServer.await A valid shutdown command was received via the shutdown port. Stopping the Server instance.
24-Jan-2025 23:33:35.891 INFO [main] org.apache.coyote.AbstractProtocol.pause Pausing ProtocolHandler ["http-nio-8080"]
24-Jan-2025 23:33:35.893 INFO [main] org.apache.catalina.core.StandardService.stopInternal Stopping service [Catalina]
24-Jan-2025 23:33:35.910 WARNING [main] org.apache.catalina.loader.WebappClassLoaderBase.clearReferencesJdbc The web application [blog] registered the JDBC driver [org.postgresql.Driver] but failed to unregister it when the web application was stopped. To prevent a memory leak, the JDBC Driver has been forcibly unregistered.
24-Jan-2025 23:33:35.931 INFO [main] org.apache.coyote.AbstractProtocol.stop Stopping ProtocolHandler ["http-nio-8080"]
24-Jan-2025 23:33:35.937 INFO [main] org.apache.coyote.AbstractProtocol.destroy Destroying ProtocolHandler ["http-nio-8080"]
24-Jan-2025 23:33:44.154 INFO [main] org.apache.catalina.startup.VersionLoggerListener.log Имя версии сервера:    Apache Tomcat/11.0.2
24-Jan-2025 23:33:44.158 INFO [main] org.apache.catalina.startup.VersionLoggerListener.log Сервер собран:         Dec 5 2024 15:19:37 UTC
24-Jan-2025 23:33:44.158 INFO [main] org.apache.catalina.startup.VersionLoggerListener.log Номер версии сервера:  11.0.2.0
24-Jan-2025 23:33:44.158 INFO [main] org.apache.catalina.startup.VersionLoggerListener.log OS Name:               Linux
24-Jan-2025 23:33:44.158 INFO [main] org.apache.catalina.startup.VersionLoggerListener.log Версия ОС:             6.8.0-51-generic
24-Jan-2025 23:33:44.158 INFO [main] org.apache.catalina.startup.VersionLoggerListener.log Архитектура:           amd64
24-Jan-2025 23:33:44.158 INFO [main] org.apache.catalina.startup.VersionLoggerListener.log Java Home:             /usr/lib/jvm/java-21-openjdk-amd64
24-Jan-2025 23:33:44.158 INFO [main] org.apache.catalina.startup.VersionLoggerListener.log Версия JVM:            21.0.5+11-Ubuntu-1ubuntu124.04
24-Jan-2025 23:33:44.159 INFO [main] org.apache.catalina.startup.VersionLoggerListener.log Производитель JVM:     Ubuntu
24-Jan-2025 23:33:44.159 INFO [main] org.apache.catalina.startup.VersionLoggerListener.log CATALINA_BASE:         /home/serega/YandexPr/Middle/Final_Sprint_Tasks/Spring/blog/apache-tomcat-11
24-Jan-2025 23:33:44.159 INFO [main] org.apache.catalina.startup.VersionLoggerListener.log CATALINA_HOME:         /home/serega/YandexPr/Middle/Final_Sprint_Tasks/Spring/blog/apache-tomcat-11
24-Jan-2025 23:33:44.169 INFO [main] org.apache.catalina.startup.VersionLoggerListener.log Command line argument: -Djava.util.logging.config.file=/home/serega/YandexPr/Middle/Final_Sprint_Tasks/Spring/blog/apache-tomcat-11/conf/logging.properties
24-Jan-2025 23:33:44.169 INFO [main] org.apache.catalina.startup.VersionLoggerListener.log Command line argument: -Djava.util.logging.manager=org.apache.juli.ClassLoaderLogManager
24-Jan-2025 23:33:44.169 INFO [main] org.apache.catalina.startup.VersionLoggerListener.log Command line argument: -Djdk.tls.ephemeralDHKeySize=2048
24-Jan-2025 23:33:44.169 INFO [main] org.apache.catalina.startup.VersionLoggerListener.log Command line argument: -Dorg.apache.catalina.security.SecurityListener.UMASK=0027
24-Jan-2025 23:33:44.169 INFO [main] org.apache.catalina.startup.VersionLoggerListener.log Command line argument: --add-opens=java.base/java.lang=ALL-UNNAMED
24-Jan-2025 23:33:44.170 INFO [main] org.apache.catalina.startup.VersionLoggerListener.log Command line argument: --add-opens=java.base/java.io=ALL-UNNAMED
24-Jan-2025 23:33:44.170 INFO [main] org.apache.catalina.startup.VersionLoggerListener.log Command line argument: --add-opens=java.base/java.util=ALL-UNNAMED
24-Jan-2025 23:33:44.170 INFO [main] org.apache.catalina.startup.VersionLoggerListener.log Command line argument: --add-opens=java.base/java.util.concurrent=ALL-UNNAMED
24-Jan-2025 23:33:44.170 INFO [main] org.apache.catalina.startup.VersionLoggerListener.log Command line argument: --add-opens=java.rmi/sun.rmi.transport=ALL-UNNAMED
24-Jan-2025 23:33:44.170 INFO [main] org.apache.catalina.startup.VersionLoggerListener.log Command line argument: --enable-native-access=ALL-UNNAMED
24-Jan-2025 23:33:44.170 INFO [main] org.apache.catalina.startup.VersionLoggerListener.log Command line argument: -Dcatalina.base=/home/serega/YandexPr/Middle/Final_Sprint_Tasks/Spring/blog/apache-tomcat-11
24-Jan-2025 23:33:44.170 INFO [main] org.apache.catalina.startup.VersionLoggerListener.log Command line argument: -Dcatalina.home=/home/serega/YandexPr/Middle/Final_Sprint_Tasks/Spring/blog/apache-tomcat-11
24-Jan-2025 23:33:44.170 INFO [main] org.apache.catalina.startup.VersionLoggerListener.log Command line argument: -Djava.io.tmpdir=/home/serega/YandexPr/Middle/Final_Sprint_Tasks/Spring/blog/apache-tomcat-11/temp
24-Jan-2025 23:33:44.172 INFO [main] org.apache.catalina.core.AprLifecycleListener.lifecycleEvent The Apache Tomcat Native library which allows using OpenSSL was not found on the java.library.path: [/usr/java/packages/lib:/usr/lib/x86_64-linux-gnu/jni:/lib/x86_64-linux-gnu:/usr/lib/x86_64-linux-gnu:/usr/lib/jni:/lib:/usr/lib]
24-Jan-2025 23:33:44.529 INFO [main] org.apache.coyote.AbstractProtocol.init Инициализация ProtocolHandler ["http-nio-8080"]
24-Jan-2025 23:33:44.552 INFO [main] org.apache.catalina.startup.Catalina.load Server initialization in [589] milliseconds
24-Jan-2025 23:33:44.596 INFO [main] org.apache.catalina.core.StandardService.startInternal Starting service [Catalina]
24-Jan-2025 23:33:44.596 INFO [main] org.apache.catalina.core.StandardEngine.startInternal Starting Servlet engine: [Apache Tomcat/11.0.2]
24-Jan-2025 23:33:44.618 INFO [main] org.apache.catalina.startup.HostConfig.deployWAR Deploying web application archive [/home/serega/YandexPr/Middle/Final_Sprint_Tasks/Spring/blog/apache-tomcat-11/webapps/blog.war]
24-Jan-2025 23:33:46.198 INFO [main] org.apache.jasper.servlet.TldScanner.scanJars At least one JAR was scanned for TLDs yet contained no TLDs. Enable debug logging for this logger for a complete list of JARs that were scanned but no TLDs were found in them. Skipping unneeded JARs during scanning can improve startup time and JSP compilation time.
24-Jan-2025 23:33:47.616 INFO [main] org.apache.catalina.startup.HostConfig.deployWAR Deployment of web application archive [/home/serega/YandexPr/Middle/Final_Sprint_Tasks/Spring/blog/apache-tomcat-11/webapps/blog.war] has finished in [2 999] ms
24-Jan-2025 23:33:47.617 INFO [main] org.apache.catalina.startup.HostConfig.deployDirectory Установка веб приложения в папку [/home/serega/YandexPr/Middle/Final_Sprint_Tasks/Spring/blog/apache-tomcat-11/webapps/docs]
24-Jan-2025 23:33:47.640 INFO [main] org.apache.catalina.startup.HostConfig.deployDirectory Deployment of web application directory [/home/serega/YandexPr/Middle/Final_Sprint_Tasks/Spring/blog/apache-tomcat-11/webapps/docs] has finished in [23] ms
24-Jan-2025 23:33:47.640 INFO [main] org.apache.catalina.startup.HostConfig.deployDirectory Установка веб приложения в папку [/home/serega/YandexPr/Middle/Final_Sprint_Tasks/Spring/blog/apache-tomcat-11/webapps/ROOT]
24-Jan-2025 23:33:47.657 INFO [main] org.apache.catalina.startup.HostConfig.deployDirectory Deployment of web application directory [/home/serega/YandexPr/Middle/Final_Sprint_Tasks/Spring/blog/apache-tomcat-11/webapps/ROOT] has finished in [17] ms
24-Jan-2025 23:33:47.657 INFO [main] org.apache.catalina.startup.HostConfig.deployDirectory Установка веб приложения в папку [/home/serega/YandexPr/Middle/Final_Sprint_Tasks/Spring/blog/apache-tomcat-11/webapps/examples]
24-Jan-2025 23:33:47.886 INFO [main] org.apache.catalina.startup.HostConfig.deployDirectory Deployment of web application directory [/home/serega/YandexPr/Middle/Final_Sprint_Tasks/Spring/blog/apache-tomcat-11/webapps/examples] has finished in [229] ms
24-Jan-2025 23:33:47.887 INFO [main] org.apache.catalina.startup.HostConfig.deployDirectory Установка веб приложения в папку [/home/serega/YandexPr/Middle/Final_Sprint_Tasks/Spring/blog/apache-tomcat-11/webapps/host-manager]
24-Jan-2025 23:33:47.916 INFO [main] org.apache.catalina.startup.HostConfig.deployDirectory Deployment of web application directory [/home/serega/YandexPr/Middle/Final_Sprint_Tasks/Spring/blog/apache-tomcat-11/webapps/host-manager] has finished in [29] ms
24-Jan-2025 23:33:47.917 INFO [main] org.apache.catalina.startup.HostConfig.deployDirectory Установка веб приложения в папку [/home/serega/YandexPr/Middle/Final_Sprint_Tasks/Spring/blog/apache-tomcat-11/webapps/manager]
24-Jan-2025 23:33:47.943 INFO [main] org.apache.catalina.startup.HostConfig.deployDirectory Deployment of web application directory [/home/serega/YandexPr/Middle/Final_Sprint_Tasks/Spring/blog/apache-tomcat-11/webapps/manager] has finished in [25] ms
24-Jan-2025 23:33:47.947 INFO [main] org.apache.coyote.AbstractProtocol.start Starting ProtocolHandler ["http-nio-8080"]
24-Jan-2025 23:33:47.957 INFO [main] org.apache.catalina.startup.Catalina.start Server startup in [3403] milliseconds
24-Jan-2025 23:40:46.198 INFO [main] org.apache.catalina.core.StandardServer.await A valid shutdown command was received via the shutdown port. Stopping the Server instance.
24-Jan-2025 23:40:46.199 INFO [main] org.apache.coyote.AbstractProtocol.pause Pausing ProtocolHandler ["http-nio-8080"]
24-Jan-2025 23:40:46.200 INFO [main] org.apache.catalina.core.StandardService.stopInternal Stopping service [Catalina]
24-Jan-2025 23:40:46.215 WARNING [main] org.apache.catalina.loader.WebappClassLoaderBase.clearReferencesJdbc The web application [blog] registered the JDBC driver [org.postgresql.Driver] but failed to unregister it when the web application was stopped. To prevent a memory leak, the JDBC Driver has been forcibly unregistered.
24-Jan-2025 23:40:46.236 INFO [main] org.apache.coyote.AbstractProtocol.stop Stopping ProtocolHandler ["http-nio-8080"]
24-Jan-2025 23:40:46.244 INFO [main] org.apache.coyote.AbstractProtocol.destroy Destroying ProtocolHandler ["http-nio-8080"]
24-Jan-2025 23:40:54.817 INFO [main] org.apache.catalina.startup.VersionLoggerListener.log Имя версии сервера:    Apache Tomcat/11.0.2
24-Jan-2025 23:40:54.821 INFO [main] org.apache.catalina.startup.VersionLoggerListener.log Сервер собран:         Dec 5 2024 15:19:37 UTC
24-Jan-2025 23:40:54.821 INFO [main] org.apache.catalina.startup.VersionLoggerListener.log Номер версии сервера:  11.0.2.0
24-Jan-2025 23:40:54.821 INFO [main] org.apache.catalina.startup.VersionLoggerListener.log OS Name:               Linux
24-Jan-2025 23:40:54.821 INFO [main] org.apache.catalina.startup.VersionLoggerListener.log Версия ОС:             6.8.0-51-generic
24-Jan-2025 23:40:54.821 INFO [main] org.apache.catalina.startup.VersionLoggerListener.log Архитектура:           amd64
24-Jan-2025 23:40:54.822 INFO [main] org.apache.catalina.startup.VersionLoggerListener.log Java Home:             /usr/lib/jvm/java-21-openjdk-amd64
24-Jan-2025 23:40:54.822 INFO [main] org.apache.catalina.startup.VersionLoggerListener.log Версия JVM:            21.0.5+11-Ubuntu-1ubuntu124.04
24-Jan-2025 23:40:54.822 INFO [main] org.apache.catalina.startup.VersionLoggerListener.log Производитель JVM:     Ubuntu
24-Jan-2025 23:40:54.822 INFO [main] org.apache.catalina.startup.VersionLoggerListener.log CATALINA_BASE:         /home/serega/YandexPr/Middle/Final_Sprint_Tasks/Spring/blog/apache-tomcat-11
24-Jan-2025 23:40:54.822 INFO [main] org.apache.catalina.startup.VersionLoggerListener.log CATALINA_HOME:         /home/serega/YandexPr/Middle/Final_Sprint_Tasks/Spring/blog/apache-tomcat-11
24-Jan-2025 23:40:54.832 INFO [main] org.apache.catalina.startup.VersionLoggerListener.log Command line argument: -Djava.util.logging.config.file=/home/serega/YandexPr/Middle/Final_Sprint_Tasks/Spring/blog/apache-tomcat-11/conf/logging.properties
24-Jan-2025 23:40:54.832 INFO [main] org.apache.catalina.startup.VersionLoggerListener.log Command line argument: -Djava.util.logging.manager=org.apache.juli.ClassLoaderLogManager
24-Jan-2025 23:40:54.832 INFO [main] org.apache.catalina.startup.VersionLoggerListener.log Command line argument: -Djdk.tls.ephemeralDHKeySize=2048
24-Jan-2025 23:40:54.832 INFO [main] org.apache.catalina.startup.VersionLoggerListener.log Command line argument: -Dorg.apache.catalina.security.SecurityListener.UMASK=0027
24-Jan-2025 23:40:54.833 INFO [main] org.apache.catalina.startup.VersionLoggerListener.log Command line argument: --add-opens=java.base/java.lang=ALL-UNNAMED
24-Jan-2025 23:40:54.833 INFO [main] org.apache.catalina.startup.VersionLoggerListener.log Command line argument: --add-opens=java.base/java.io=ALL-UNNAMED
24-Jan-2025 23:40:54.833 INFO [main] org.apache.catalina.startup.VersionLoggerListener.log Command line argument: --add-opens=java.base/java.util=ALL-UNNAMED
24-Jan-2025 23:40:54.833 INFO [main] org.apache.catalina.startup.VersionLoggerListener.log Command line argument: --add-opens=java.base/java.util.concurrent=ALL-UNNAMED
24-Jan-2025 23:40:54.833 INFO [main] org.apache.catalina.startup.VersionLoggerListener.log Command line argument: --add-opens=java.rmi/sun.rmi.transport=ALL-UNNAMED
24-Jan-2025 23:40:54.833 INFO [main] org.apache.catalina.startup.VersionLoggerListener.log Command line argument: --enable-native-access=ALL-UNNAMED
24-Jan-2025 23:40:54.833 INFO [main] org.apache.catalina.startup.VersionLoggerListener.log Command line argument: -Dcatalina.base=/home/serega/YandexPr/Middle/Final_Sprint_Tasks/Spring/blog/apache-tomcat-11
24-Jan-2025 23:40:54.833 INFO [main] org.apache.catalina.startup.VersionLoggerListener.log Command line argument: -Dcatalina.home=/home/serega/YandexPr/Middle/Final_Sprint_Tasks/Spring/blog/apache-tomcat-11
24-Jan-2025 23:40:54.833 INFO [main] org.apache.catalina.startup.VersionLoggerListener.log Command line argument: -Djava.io.tmpdir=/home/serega/YandexPr/Middle/Final_Sprint_Tasks/Spring/blog/apache-tomcat-11/temp
24-Jan-2025 23:40:54.835 INFO [main] org.apache.catalina.core.AprLifecycleListener.lifecycleEvent The Apache Tomcat Native library which allows using OpenSSL was not found on the java.library.path: [/usr/java/packages/lib:/usr/lib/x86_64-linux-gnu/jni:/lib/x86_64-linux-gnu:/usr/lib/x86_64-linux-gnu:/usr/lib/jni:/lib:/usr/lib]
24-Jan-2025 23:40:55.202 INFO [main] org.apache.coyote.AbstractProtocol.init Инициализация ProtocolHandler ["http-nio-8080"]
24-Jan-2025 23:40:55.226 INFO [main] org.apache.catalina.startup.Catalina.load Server initialization in [600] milliseconds
24-Jan-2025 23:40:55.270 INFO [main] org.apache.catalina.core.StandardService.startInternal Starting service [Catalina]
24-Jan-2025 23:40:55.270 INFO [main] org.apache.catalina.core.StandardEngine.startInternal Starting Servlet engine: [Apache Tomcat/11.0.2]
24-Jan-2025 23:40:55.286 INFO [main] org.apache.catalina.startup.HostConfig.deployWAR Deploying web application archive [/home/serega/YandexPr/Middle/Final_Sprint_Tasks/Spring/blog/apache-tomcat-11/webapps/blog.war]
24-Jan-2025 23:40:56.818 INFO [main] org.apache.jasper.servlet.TldScanner.scanJars At least one JAR was scanned for TLDs yet contained no TLDs. Enable debug logging for this logger for a complete list of JARs that were scanned but no TLDs were found in them. Skipping unneeded JARs during scanning can improve startup time and JSP compilation time.
24-Jan-2025 23:40:58.183 INFO [main] org.apache.catalina.startup.HostConfig.deployWAR Deployment of web application archive [/home/serega/YandexPr/Middle/Final_Sprint_Tasks/Spring/blog/apache-tomcat-11/webapps/blog.war] has finished in [2 896] ms
24-Jan-2025 23:40:58.184 INFO [main] org.apache.catalina.startup.HostConfig.deployDirectory Установка веб приложения в папку [/home/serega/YandexPr/Middle/Final_Sprint_Tasks/Spring/blog/apache-tomcat-11/webapps/docs]
24-Jan-2025 23:40:58.207 INFO [main] org.apache.catalina.startup.HostConfig.deployDirectory Deployment of web application directory [/home/serega/YandexPr/Middle/Final_Sprint_Tasks/Spring/blog/apache-tomcat-11/webapps/docs] has finished in [23] ms
24-Jan-2025 23:40:58.207 INFO [main] org.apache.catalina.startup.HostConfig.deployDirectory Установка веб приложения в папку [/home/serega/YandexPr/Middle/Final_Sprint_Tasks/Spring/blog/apache-tomcat-11/webapps/ROOT]
24-Jan-2025 23:40:58.223 INFO [main] org.apache.catalina.startup.HostConfig.deployDirectory Deployment of web application directory [/home/serega/YandexPr/Middle/Final_Sprint_Tasks/Spring/blog/apache-tomcat-11/webapps/ROOT] has finished in [16] ms
24-Jan-2025 23:40:58.224 INFO [main] org.apache.catalina.startup.HostConfig.deployDirectory Установка веб приложения в папку [/home/serega/YandexPr/Middle/Final_Sprint_Tasks/Spring/blog/apache-tomcat-11/webapps/examples]
24-Jan-2025 23:40:58.435 INFO [main] org.apache.catalina.startup.HostConfig.deployDirectory Deployment of web application directory [/home/serega/YandexPr/Middle/Final_Sprint_Tasks/Spring/blog/apache-tomcat-11/webapps/examples] has finished in [211] ms
24-Jan-2025 23:40:58.435 INFO [main] org.apache.catalina.startup.HostConfig.deployDirectory Установка веб приложения в папку [/home/serega/YandexPr/Middle/Final_Sprint_Tasks/Spring/blog/apache-tomcat-11/webapps/host-manager]
24-Jan-2025 23:40:58.463 INFO [main] org.apache.catalina.startup.HostConfig.deployDirectory Deployment of web application directory [/home/serega/YandexPr/Middle/Final_Sprint_Tasks/Spring/blog/apache-tomcat-11/webapps/host-manager] has finished in [28] ms
24-Jan-2025 23:40:58.464 INFO [main] org.apache.catalina.startup.HostConfig.deployDirectory Установка веб приложения в папку [/home/serega/YandexPr/Middle/Final_Sprint_Tasks/Spring/blog/apache-tomcat-11/webapps/manager]
24-Jan-2025 23:40:58.489 INFO [main] org.apache.catalina.startup.HostConfig.deployDirectory Deployment of web application directory [/home/serega/YandexPr/Middle/Final_Sprint_Tasks/Spring/blog/apache-tomcat-11/webapps/manager] has finished in [25] ms
24-Jan-2025 23:40:58.493 INFO [main] org.apache.coyote.AbstractProtocol.start Starting ProtocolHandler ["http-nio-8080"]
24-Jan-2025 23:40:58.503 INFO [main] org.apache.catalina.startup.Catalina.start Server startup in [3276] milliseconds
24-Jan-2025 23:43:06.763 INFO [main] org.apache.catalina.core.StandardServer.await A valid shutdown command was received via the shutdown port. Stopping the Server instance.
24-Jan-2025 23:43:06.764 INFO [main] org.apache.coyote.AbstractProtocol.pause Pausing ProtocolHandler ["http-nio-8080"]
24-Jan-2025 23:43:06.765 INFO [main] org.apache.catalina.core.StandardService.stopInternal Stopping service [Catalina]
24-Jan-2025 23:43:06.775 WARNING [main] org.apache.catalina.loader.WebappClassLoaderBase.clearReferencesJdbc The web application [blog] registered the JDBC driver [org.postgresql.Driver] but failed to unregister it when the web application was stopped. To prevent a memory leak, the JDBC Driver has been forcibly unregistered.
24-Jan-2025 23:43:06.789 INFO [main] org.apache.coyote.AbstractProtocol.stop Stopping ProtocolHandler ["http-nio-8080"]
24-Jan-2025 23:43:06.799 INFO [main] org.apache.coyote.AbstractProtocol.destroy Destroying ProtocolHandler ["http-nio-8080"]
24-Jan-2025 23:43:15.009 INFO [main] org.apache.catalina.startup.VersionLoggerListener.log Имя версии сервера:    Apache Tomcat/11.0.2
24-Jan-2025 23:43:15.015 INFO [main] org.apache.catalina.startup.VersionLoggerListener.log Сервер собран:         Dec 5 2024 15:19:37 UTC
24-Jan-2025 23:43:15.015 INFO [main] org.apache.catalina.startup.VersionLoggerListener.log Номер версии сервера:  11.0.2.0
24-Jan-2025 23:43:15.015 INFO [main] org.apache.catalina.startup.VersionLoggerListener.log OS Name:               Linux
24-Jan-2025 23:43:15.016 INFO [main] org.apache.catalina.startup.VersionLoggerListener.log Версия ОС:             6.8.0-51-generic
24-Jan-2025 23:43:15.016 INFO [main] org.apache.catalina.startup.VersionLoggerListener.log Архитектура:           amd64
24-Jan-2025 23:43:15.016 INFO [main] org.apache.catalina.startup.VersionLoggerListener.log Java Home:             /usr/lib/jvm/java-21-openjdk-amd64
24-Jan-2025 23:43:15.016 INFO [main] org.apache.catalina.startup.VersionLoggerListener.log Версия JVM:            21.0.5+11-Ubuntu-1ubuntu124.04
24-Jan-2025 23:43:15.016 INFO [main] org.apache.catalina.startup.VersionLoggerListener.log Производитель JVM:     Ubuntu
24-Jan-2025 23:43:15.017 INFO [main] org.apache.catalina.startup.VersionLoggerListener.log CATALINA_BASE:         /home/serega/YandexPr/Middle/Final_Sprint_Tasks/Spring/blog/apache-tomcat-11
24-Jan-2025 23:43:15.017 INFO [main] org.apache.catalina.startup.VersionLoggerListener.log CATALINA_HOME:         /home/serega/YandexPr/Middle/Final_Sprint_Tasks/Spring/blog/apache-tomcat-11
24-Jan-2025 23:43:15.028 INFO [main] org.apache.catalina.startup.VersionLoggerListener.log Command line argument: -Djava.util.logging.config.file=/home/serega/YandexPr/Middle/Final_Sprint_Tasks/Spring/blog/apache-tomcat-11/conf/logging.properties
24-Jan-2025 23:43:15.028 INFO [main] org.apache.catalina.startup.VersionLoggerListener.log Command line argument: -Djava.util.logging.manager=org.apache.juli.ClassLoaderLogManager
24-Jan-2025 23:43:15.028 INFO [main] org.apache.catalina.startup.VersionLoggerListener.log Command line argument: -Djdk.tls.ephemeralDHKeySize=2048
24-Jan-2025 23:43:15.028 INFO [main] org.apache.catalina.startup.VersionLoggerListener.log Command line argument: -Dorg.apache.catalina.security.SecurityListener.UMASK=0027
24-Jan-2025 23:43:15.029 INFO [main] org.apache.catalina.startup.VersionLoggerListener.log Command line argument: --add-opens=java.base/java.lang=ALL-UNNAMED
24-Jan-2025 23:43:15.029 INFO [main] org.apache.catalina.startup.VersionLoggerListener.log Command line argument: --add-opens=java.base/java.io=ALL-UNNAMED
24-Jan-2025 23:43:15.029 INFO [main] org.apache.catalina.startup.VersionLoggerListener.log Command line argument: --add-opens=java.base/java.util=ALL-UNNAMED
24-Jan-2025 23:43:15.029 INFO [main] org.apache.catalina.startup.VersionLoggerListener.log Command line argument: --add-opens=java.base/java.util.concurrent=ALL-UNNAMED
24-Jan-2025 23:43:15.029 INFO [main] org.apache.catalina.startup.VersionLoggerListener.log Command line argument: --add-opens=java.rmi/sun.rmi.transport=ALL-UNNAMED
24-Jan-2025 23:43:15.029 INFO [main] org.apache.catalina.startup.VersionLoggerListener.log Command line argument: --enable-native-access=ALL-UNNAMED
24-Jan-2025 23:43:15.030 INFO [main] org.apache.catalina.startup.VersionLoggerListener.log Command line argument: -Dcatalina.base=/home/serega/YandexPr/Middle/Final_Sprint_Tasks/Spring/blog/apache-tomcat-11
24-Jan-2025 23:43:15.030 INFO [main] org.apache.catalina.startup.VersionLoggerListener.log Command line argument: -Dcatalina.home=/home/serega/YandexPr/Middle/Final_Sprint_Tasks/Spring/blog/apache-tomcat-11
24-Jan-2025 23:43:15.030 INFO [main] org.apache.catalina.startup.VersionLoggerListener.log Command line argument: -Djava.io.tmpdir=/home/serega/YandexPr/Middle/Final_Sprint_Tasks/Spring/blog/apache-tomcat-11/temp
24-Jan-2025 23:43:15.032 INFO [main] org.apache.catalina.core.AprLifecycleListener.lifecycleEvent The Apache Tomcat Native library which allows using OpenSSL was not found on the java.library.path: [/usr/java/packages/lib:/usr/lib/x86_64-linux-gnu/jni:/lib/x86_64-linux-gnu:/usr/lib/x86_64-linux-gnu:/usr/lib/jni:/lib:/usr/lib]
24-Jan-2025 23:43:15.425 INFO [main] org.apache.coyote.AbstractProtocol.init Инициализация ProtocolHandler ["http-nio-8080"]
24-Jan-2025 23:43:15.448 INFO [main] org.apache.catalina.startup.Catalina.load Server initialization in [631] milliseconds
24-Jan-2025 23:43:15.492 INFO [main] org.apache.catalina.core.StandardService.startInternal Starting service [Catalina]
24-Jan-2025 23:43:15.492 INFO [main] org.apache.catalina.core.StandardEngine.startInternal Starting Servlet engine: [Apache Tomcat/11.0.2]
24-Jan-2025 23:43:15.508 INFO [main] org.apache.catalina.startup.HostConfig.deployWAR Deploying web application archive [/home/serega/YandexPr/Middle/Final_Sprint_Tasks/Spring/blog/apache-tomcat-11/webapps/blog.war]
24-Jan-2025 23:43:17.126 INFO [main] org.apache.jasper.servlet.TldScanner.scanJars At least one JAR was scanned for TLDs yet contained no TLDs. Enable debug logging for this logger for a complete list of JARs that were scanned but no TLDs were found in them. Skipping unneeded JARs during scanning can improve startup time and JSP compilation time.
24-Jan-2025 23:43:18.620 INFO [main] org.apache.catalina.startup.HostConfig.deployWAR Deployment of web application archive [/home/serega/YandexPr/Middle/Final_Sprint_Tasks/Spring/blog/apache-tomcat-11/webapps/blog.war] has finished in [3 112] ms
24-Jan-2025 23:43:18.622 INFO [main] org.apache.catalina.startup.HostConfig.deployDirectory Установка веб приложения в папку [/home/serega/YandexPr/Middle/Final_Sprint_Tasks/Spring/blog/apache-tomcat-11/webapps/docs]
24-Jan-2025 23:43:18.650 INFO [main] org.apache.catalina.startup.HostConfig.deployDirectory Deployment of web application directory [/home/serega/YandexPr/Middle/Final_Sprint_Tasks/Spring/blog/apache-tomcat-11/webapps/docs] has finished in [27] ms
24-Jan-2025 23:43:18.650 INFO [main] org.apache.catalina.startup.HostConfig.deployDirectory Установка веб приложения в папку [/home/serega/YandexPr/Middle/Final_Sprint_Tasks/Spring/blog/apache-tomcat-11/webapps/ROOT]
24-Jan-2025 23:43:18.672 INFO [main] org.apache.catalina.startup.HostConfig.deployDirectory Deployment of web application directory [/home/serega/YandexPr/Middle/Final_Sprint_Tasks/Spring/blog/apache-tomcat-11/webapps/ROOT] has finished in [22] ms
24-Jan-2025 23:43:18.672 INFO [main] org.apache.catalina.startup.HostConfig.deployDirectory Установка веб приложения в папку [/home/serega/YandexPr/Middle/Final_Sprint_Tasks/Spring/blog/apache-tomcat-11/webapps/examples]
24-Jan-2025 23:43:18.901 INFO [main] org.apache.catalina.startup.HostConfig.deployDirectory Deployment of web application directory [/home/serega/YandexPr/Middle/Final_Sprint_Tasks/Spring/blog/apache-tomcat-11/webapps/examples] has finished in [228] ms
24-Jan-2025 23:43:18.901 INFO [main] org.apache.catalina.startup.HostConfig.deployDirectory Установка веб приложения в папку [/home/serega/YandexPr/Middle/Final_Sprint_Tasks/Spring/blog/apache-tomcat-11/webapps/host-manager]
24-Jan-2025 23:43:18.929 INFO [main] org.apache.catalina.startup.HostConfig.deployDirectory Deployment of web application directory [/home/serega/YandexPr/Middle/Final_Sprint_Tasks/Spring/blog/apache-tomcat-11/webapps/host-manager] has finished in [28] ms
24-Jan-2025 23:43:18.930 INFO [main] org.apache.catalina.startup.HostConfig.deployDirectory Установка веб приложения в папку [/home/serega/YandexPr/Middle/Final_Sprint_Tasks/Spring/blog/apache-tomcat-11/webapps/manager]
24-Jan-2025 23:43:18.957 INFO [main] org.apache.catalina.startup.HostConfig.deployDirectory Deployment of web application directory [/home/serega/YandexPr/Middle/Final_Sprint_Tasks/Spring/blog/apache-tomcat-11/webapps/manager] has finished in [27] ms
24-Jan-2025 23:43:18.963 INFO [main] org.apache.coyote.AbstractProtocol.start Starting ProtocolHandler ["http-nio-8080"]
24-Jan-2025 23:43:18.977 INFO [main] org.apache.catalina.startup.Catalina.start Server startup in [3527] milliseconds
24-Jan-2025 23:44:43.558 INFO [main] org.apache.catalina.core.StandardServer.await A valid shutdown command was received via the shutdown port. Stopping the Server instance.
24-Jan-2025 23:44:43.559 INFO [main] org.apache.coyote.AbstractProtocol.pause Pausing ProtocolHandler ["http-nio-8080"]
24-Jan-2025 23:44:43.560 INFO [main] org.apache.catalina.core.StandardService.stopInternal Stopping service [Catalina]
24-Jan-2025 23:44:43.572 WARNING [main] org.apache.catalina.loader.WebappClassLoaderBase.clearReferencesJdbc The web application [blog] registered the JDBC driver [org.postgresql.Driver] but failed to unregister it when the web application was stopped. To prevent a memory leak, the JDBC Driver has been forcibly unregistered.
24-Jan-2025 23:44:43.587 INFO [main] org.apache.coyote.AbstractProtocol.stop Stopping ProtocolHandler ["http-nio-8080"]
24-Jan-2025 23:44:43.594 INFO [main] org.apache.coyote.AbstractProtocol.destroy Destroying ProtocolHandler ["http-nio-8080"]
24-Jan-2025 23:44:51.504 INFO [main] org.apache.catalina.startup.VersionLoggerListener.log Имя версии сервера:    Apache Tomcat/11.0.2
24-Jan-2025 23:44:51.509 INFO [main] org.apache.catalina.startup.VersionLoggerListener.log Сервер собран:         Dec 5 2024 15:19:37 UTC
24-Jan-2025 23:44:51.509 INFO [main] org.apache.catalina.startup.VersionLoggerListener.log Номер версии сервера:  11.0.2.0
24-Jan-2025 23:44:51.509 INFO [main] org.apache.catalina.startup.VersionLoggerListener.log OS Name:               Linux
24-Jan-2025 23:44:51.510 INFO [main] org.apache.catalina.startup.VersionLoggerListener.log Версия ОС:             6.8.0-51-generic
24-Jan-2025 23:44:51.510 INFO [main] org.apache.catalina.startup.VersionLoggerListener.log Архитектура:           amd64
24-Jan-2025 23:44:51.510 INFO [main] org.apache.catalina.startup.VersionLoggerListener.log Java Home:             /usr/lib/jvm/java-21-openjdk-amd64
24-Jan-2025 23:44:51.510 INFO [main] org.apache.catalina.startup.VersionLoggerListener.log Версия JVM:            21.0.5+11-Ubuntu-1ubuntu124.04
24-Jan-2025 23:44:51.510 INFO [main] org.apache.catalina.startup.VersionLoggerListener.log Производитель JVM:     Ubuntu
24-Jan-2025 23:44:51.511 INFO [main] org.apache.catalina.startup.VersionLoggerListener.log CATALINA_BASE:         /home/serega/YandexPr/Middle/Final_Sprint_Tasks/Spring/blog/apache-tomcat-11
24-Jan-2025 23:44:51.511 INFO [main] org.apache.catalina.startup.VersionLoggerListener.log CATALINA_HOME:         /home/serega/YandexPr/Middle/Final_Sprint_Tasks/Spring/blog/apache-tomcat-11
24-Jan-2025 23:44:51.523 INFO [main] org.apache.catalina.startup.VersionLoggerListener.log Command line argument: -Djava.util.logging.config.file=/home/serega/YandexPr/Middle/Final_Sprint_Tasks/Spring/blog/apache-tomcat-11/conf/logging.properties
24-Jan-2025 23:44:51.523 INFO [main] org.apache.catalina.startup.VersionLoggerListener.log Command line argument: -Djava.util.logging.manager=org.apache.juli.ClassLoaderLogManager
24-Jan-2025 23:44:51.523 INFO [main] org.apache.catalina.startup.VersionLoggerListener.log Command line argument: -Djdk.tls.ephemeralDHKeySize=2048
24-Jan-2025 23:44:51.523 INFO [main] org.apache.catalina.startup.VersionLoggerListener.log Command line argument: -Dorg.apache.catalina.security.SecurityListener.UMASK=0027
24-Jan-2025 23:44:51.524 INFO [main] org.apache.catalina.startup.VersionLoggerListener.log Command line argument: --add-opens=java.base/java.lang=ALL-UNNAMED
24-Jan-2025 23:44:51.524 INFO [main] org.apache.catalina.startup.VersionLoggerListener.log Command line argument: --add-opens=java.base/java.io=ALL-UNNAMED
24-Jan-2025 23:44:51.524 INFO [main] org.apache.catalina.startup.VersionLoggerListener.log Command line argument: --add-opens=java.base/java.util=ALL-UNNAMED
24-Jan-2025 23:44:51.524 INFO [main] org.apache.catalina.startup.VersionLoggerListener.log Command line argument: --add-opens=java.base/java.util.concurrent=ALL-UNNAMED
24-Jan-2025 23:44:51.524 INFO [main] org.apache.catalina.startup.VersionLoggerListener.log Command line argument: --add-opens=java.rmi/sun.rmi.transport=ALL-UNNAMED
24-Jan-2025 23:44:51.524 INFO [main] org.apache.catalina.startup.VersionLoggerListener.log Command line argument: --enable-native-access=ALL-UNNAMED
24-Jan-2025 23:44:51.525 INFO [main] org.apache.catalina.startup.VersionLoggerListener.log Command line argument: -Dcatalina.base=/home/serega/YandexPr/Middle/Final_Sprint_Tasks/Spring/blog/apache-tomcat-11
24-Jan-2025 23:44:51.525 INFO [main] org.apache.catalina.startup.VersionLoggerListener.log Command line argument: -Dcatalina.home=/home/serega/YandexPr/Middle/Final_Sprint_Tasks/Spring/blog/apache-tomcat-11
24-Jan-2025 23:44:51.525 INFO [main] org.apache.catalina.startup.VersionLoggerListener.log Command line argument: -Djava.io.tmpdir=/home/serega/YandexPr/Middle/Final_Sprint_Tasks/Spring/blog/apache-tomcat-11/temp
24-Jan-2025 23:44:51.527 INFO [main] org.apache.catalina.core.AprLifecycleListener.lifecycleEvent The Apache Tomcat Native library which allows using OpenSSL was not found on the java.library.path: [/usr/java/packages/lib:/usr/lib/x86_64-linux-gnu/jni:/lib/x86_64-linux-gnu:/usr/lib/x86_64-linux-gnu:/usr/lib/jni:/lib:/usr/lib]
24-Jan-2025 23:44:51.886 INFO [main] org.apache.coyote.AbstractProtocol.init Инициализация ProtocolHandler ["http-nio-8080"]
24-Jan-2025 23:44:51.910 INFO [main] org.apache.catalina.startup.Catalina.load Server initialization in [601] milliseconds
24-Jan-2025 23:44:51.954 INFO [main] org.apache.catalina.core.StandardService.startInternal Starting service [Catalina]
24-Jan-2025 23:44:51.954 INFO [main] org.apache.catalina.core.StandardEngine.startInternal Starting Servlet engine: [Apache Tomcat/11.0.2]
24-Jan-2025 23:44:51.970 INFO [main] org.apache.catalina.startup.HostConfig.deployWAR Deploying web application archive [/home/serega/YandexPr/Middle/Final_Sprint_Tasks/Spring/blog/apache-tomcat-11/webapps/blog.war]
24-Jan-2025 23:44:53.604 INFO [main] org.apache.jasper.servlet.TldScanner.scanJars At least one JAR was scanned for TLDs yet contained no TLDs. Enable debug logging for this logger for a complete list of JARs that were scanned but no TLDs were found in them. Skipping unneeded JARs during scanning can improve startup time and JSP compilation time.
24-Jan-2025 23:44:55.060 INFO [main] org.apache.catalina.startup.HostConfig.deployWAR Deployment of web application archive [/home/serega/YandexPr/Middle/Final_Sprint_Tasks/Spring/blog/apache-tomcat-11/webapps/blog.war] has finished in [3 089] ms
24-Jan-2025 23:44:55.061 INFO [main] org.apache.catalina.startup.HostConfig.deployDirectory Установка веб приложения в папку [/home/serega/YandexPr/Middle/Final_Sprint_Tasks/Spring/blog/apache-tomcat-11/webapps/docs]
24-Jan-2025 23:44:55.089 INFO [main] org.apache.catalina.startup.HostConfig.deployDirectory Deployment of web application directory [/home/serega/YandexPr/Middle/Final_Sprint_Tasks/Spring/blog/apache-tomcat-11/webapps/docs] has finished in [29] ms
24-Jan-2025 23:44:55.090 INFO [main] org.apache.catalina.startup.HostConfig.deployDirectory Установка веб приложения в папку [/home/serega/YandexPr/Middle/Final_Sprint_Tasks/Spring/blog/apache-tomcat-11/webapps/ROOT]
24-Jan-2025 23:44:55.114 INFO [main] org.apache.catalina.startup.HostConfig.deployDirectory Deployment of web application directory [/home/serega/YandexPr/Middle/Final_Sprint_Tasks/Spring/blog/apache-tomcat-11/webapps/ROOT] has finished in [24] ms
24-Jan-2025 23:44:55.115 INFO [main] org.apache.catalina.startup.HostConfig.deployDirectory Установка веб приложения в папку [/home/serega/YandexPr/Middle/Final_Sprint_Tasks/Spring/blog/apache-tomcat-11/webapps/examples]
24-Jan-2025 23:44:55.327 INFO [main] org.apache.catalina.startup.HostConfig.deployDirectory Deployment of web application directory [/home/serega/YandexPr/Middle/Final_Sprint_Tasks/Spring/blog/apache-tomcat-11/webapps/examples] has finished in [212] ms
24-Jan-2025 23:44:55.327 INFO [main] org.apache.catalina.startup.HostConfig.deployDirectory Установка веб приложения в папку [/home/serega/YandexPr/Middle/Final_Sprint_Tasks/Spring/blog/apache-tomcat-11/webapps/host-manager]
24-Jan-2025 23:44:55.355 INFO [main] org.apache.catalina.startup.HostConfig.deployDirectory Deployment of web application directory [/home/serega/YandexPr/Middle/Final_Sprint_Tasks/Spring/blog/apache-tomcat-11/webapps/host-manager] has finished in [28] ms
24-Jan-2025 23:44:55.356 INFO [main] org.apache.catalina.startup.HostConfig.deployDirectory Установка веб приложения в папку [/home/serega/YandexPr/Middle/Final_Sprint_Tasks/Spring/blog/apache-tomcat-11/webapps/manager]
24-Jan-2025 23:44:55.379 INFO [main] org.apache.catalina.startup.HostConfig.deployDirectory Deployment of web application directory [/home/serega/YandexPr/Middle/Final_Sprint_Tasks/Spring/blog/apache-tomcat-11/webapps/manager] has finished in [23] ms
24-Jan-2025 23:44:55.384 INFO [main] org.apache.coyote.AbstractProtocol.start Starting ProtocolHandler ["http-nio-8080"]
24-Jan-2025 23:44:55.393 INFO [main] org.apache.catalina.startup.Catalina.start Server startup in [3481] milliseconds
24-Jan-2025 23:54:30.713 INFO [main] org.apache.catalina.core.StandardServer.await A valid shutdown command was received via the shutdown port. Stopping the Server instance.
24-Jan-2025 23:54:30.714 INFO [main] org.apache.coyote.AbstractProtocol.pause Pausing ProtocolHandler ["http-nio-8080"]
24-Jan-2025 23:54:30.715 INFO [main] org.apache.catalina.core.StandardService.stopInternal Stopping service [Catalina]
24-Jan-2025 23:54:30.726 WARNING [main] org.apache.catalina.loader.WebappClassLoaderBase.clearReferencesJdbc The web application [blog] registered the JDBC driver [org.postgresql.Driver] but failed to unregister it when the web application was stopped. To prevent a memory leak, the JDBC Driver has been forcibly unregistered.
24-Jan-2025 23:54:30.739 INFO [main] org.apache.coyote.AbstractProtocol.stop Stopping ProtocolHandler ["http-nio-8080"]
24-Jan-2025 23:54:30.749 INFO [main] org.apache.coyote.AbstractProtocol.destroy Destroying ProtocolHandler ["http-nio-8080"]
24-Jan-2025 23:54:38.269 INFO [main] org.apache.catalina.startup.VersionLoggerListener.log Имя версии сервера:    Apache Tomcat/11.0.2
24-Jan-2025 23:54:38.273 INFO [main] org.apache.catalina.startup.VersionLoggerListener.log Сервер собран:         Dec 5 2024 15:19:37 UTC
24-Jan-2025 23:54:38.273 INFO [main] org.apache.catalina.startup.VersionLoggerListener.log Номер версии сервера:  11.0.2.0
24-Jan-2025 23:54:38.273 INFO [main] org.apache.catalina.startup.VersionLoggerListener.log OS Name:               Linux
24-Jan-2025 23:54:38.273 INFO [main] org.apache.catalina.startup.VersionLoggerListener.log Версия ОС:             6.8.0-51-generic
24-Jan-2025 23:54:38.273 INFO [main] org.apache.catalina.startup.VersionLoggerListener.log Архитектура:           amd64
24-Jan-2025 23:54:38.273 INFO [main] org.apache.catalina.startup.VersionLoggerListener.log Java Home:             /usr/lib/jvm/java-21-openjdk-amd64
24-Jan-2025 23:54:38.274 INFO [main] org.apache.catalina.startup.VersionLoggerListener.log Версия JVM:            21.0.5+11-Ubuntu-1ubuntu124.04
24-Jan-2025 23:54:38.274 INFO [main] org.apache.catalina.startup.VersionLoggerListener.log Производитель JVM:     Ubuntu
24-Jan-2025 23:54:38.274 INFO [main] org.apache.catalina.startup.VersionLoggerListener.log CATALINA_BASE:         /home/serega/YandexPr/Middle/Final_Sprint_Tasks/Spring/blog/apache-tomcat-11
24-Jan-2025 23:54:38.274 INFO [main] org.apache.catalina.startup.VersionLoggerListener.log CATALINA_HOME:         /home/serega/YandexPr/Middle/Final_Sprint_Tasks/Spring/blog/apache-tomcat-11
24-Jan-2025 23:54:38.284 INFO [main] org.apache.catalina.startup.VersionLoggerListener.log Command line argument: -Djava.util.logging.config.file=/home/serega/YandexPr/Middle/Final_Sprint_Tasks/Spring/blog/apache-tomcat-11/conf/logging.properties
24-Jan-2025 23:54:38.284 INFO [main] org.apache.catalina.startup.VersionLoggerListener.log Command line argument: -Djava.util.logging.manager=org.apache.juli.ClassLoaderLogManager
24-Jan-2025 23:54:38.284 INFO [main] org.apache.catalina.startup.VersionLoggerListener.log Command line argument: -Djdk.tls.ephemeralDHKeySize=2048
24-Jan-2025 23:54:38.284 INFO [main] org.apache.catalina.startup.VersionLoggerListener.log Command line argument: -Dorg.apache.catalina.security.SecurityListener.UMASK=0027
24-Jan-2025 23:54:38.284 INFO [main] org.apache.catalina.startup.VersionLoggerListener.log Command line argument: --add-opens=java.base/java.lang=ALL-UNNAMED
24-Jan-2025 23:54:38.285 INFO [main] org.apache.catalina.startup.VersionLoggerListener.log Command line argument: --add-opens=java.base/java.io=ALL-UNNAMED
24-Jan-2025 23:54:38.285 INFO [main] org.apache.catalina.startup.VersionLoggerListener.log Command line argument: --add-opens=java.base/java.util=ALL-UNNAMED
24-Jan-2025 23:54:38.285 INFO [main] org.apache.catalina.startup.VersionLoggerListener.log Command line argument: --add-opens=java.base/java.util.concurrent=ALL-UNNAMED
24-Jan-2025 23:54:38.285 INFO [main] org.apache.catalina.startup.VersionLoggerListener.log Command line argument: --add-opens=java.rmi/sun.rmi.transport=ALL-UNNAMED
24-Jan-2025 23:54:38.285 INFO [main] org.apache.catalina.startup.VersionLoggerListener.log Command line argument: --enable-native-access=ALL-UNNAMED
24-Jan-2025 23:54:38.285 INFO [main] org.apache.catalina.startup.VersionLoggerListener.log Command line argument: -Dcatalina.base=/home/serega/YandexPr/Middle/Final_Sprint_Tasks/Spring/blog/apache-tomcat-11
24-Jan-2025 23:54:38.285 INFO [main] org.apache.catalina.startup.VersionLoggerListener.log Command line argument: -Dcatalina.home=/home/serega/YandexPr/Middle/Final_Sprint_Tasks/Spring/blog/apache-tomcat-11
24-Jan-2025 23:54:38.285 INFO [main] org.apache.catalina.startup.VersionLoggerListener.log Command line argument: -Djava.io.tmpdir=/home/serega/YandexPr/Middle/Final_Sprint_Tasks/Spring/blog/apache-tomcat-11/temp
24-Jan-2025 23:54:38.288 INFO [main] org.apache.catalina.core.AprLifecycleListener.lifecycleEvent The Apache Tomcat Native library which allows using OpenSSL was not found on the java.library.path: [/usr/java/packages/lib:/usr/lib/x86_64-linux-gnu/jni:/lib/x86_64-linux-gnu:/usr/lib/x86_64-linux-gnu:/usr/lib/jni:/lib:/usr/lib]
24-Jan-2025 23:54:38.664 INFO [main] org.apache.coyote.AbstractProtocol.init Инициализация ProtocolHandler ["http-nio-8080"]
24-Jan-2025 23:54:38.688 INFO [main] org.apache.catalina.startup.Catalina.load Server initialization in [610] milliseconds
24-Jan-2025 23:54:38.732 INFO [main] org.apache.catalina.core.StandardService.startInternal Starting service [Catalina]
24-Jan-2025 23:54:38.732 INFO [main] org.apache.catalina.core.StandardEngine.startInternal Starting Servlet engine: [Apache Tomcat/11.0.2]
24-Jan-2025 23:54:38.749 INFO [main] org.apache.catalina.startup.HostConfig.deployWAR Deploying web application archive [/home/serega/YandexPr/Middle/Final_Sprint_Tasks/Spring/blog/apache-tomcat-11/webapps/blog.war]
24-Jan-2025 23:54:40.331 INFO [main] org.apache.jasper.servlet.TldScanner.scanJars At least one JAR was scanned for TLDs yet contained no TLDs. Enable debug logging for this logger for a complete list of JARs that were scanned but no TLDs were found in them. Skipping unneeded JARs during scanning can improve startup time and JSP compilation time.
24-Jan-2025 23:54:41.828 INFO [main] org.apache.catalina.startup.HostConfig.deployWAR Deployment of web application archive [/home/serega/YandexPr/Middle/Final_Sprint_Tasks/Spring/blog/apache-tomcat-11/webapps/blog.war] has finished in [3 079] ms
24-Jan-2025 23:54:41.829 INFO [main] org.apache.catalina.startup.HostConfig.deployDirectory Установка веб приложения в папку [/home/serega/YandexPr/Middle/Final_Sprint_Tasks/Spring/blog/apache-tomcat-11/webapps/docs]
24-Jan-2025 23:54:41.860 INFO [main] org.apache.catalina.startup.HostConfig.deployDirectory Deployment of web application directory [/home/serega/YandexPr/Middle/Final_Sprint_Tasks/Spring/blog/apache-tomcat-11/webapps/docs] has finished in [31] ms
24-Jan-2025 23:54:41.860 INFO [main] org.apache.catalina.startup.HostConfig.deployDirectory Установка веб приложения в папку [/home/serega/YandexPr/Middle/Final_Sprint_Tasks/Spring/blog/apache-tomcat-11/webapps/ROOT]
24-Jan-2025 23:54:41.886 INFO [main] org.apache.catalina.startup.HostConfig.deployDirectory Deployment of web application directory [/home/serega/YandexPr/Middle/Final_Sprint_Tasks/Spring/blog/apache-tomcat-11/webapps/ROOT] has finished in [26] ms
24-Jan-2025 23:54:41.887 INFO [main] org.apache.catalina.startup.HostConfig.deployDirectory Установка веб приложения в папку [/home/serega/YandexPr/Middle/Final_Sprint_Tasks/Spring/blog/apache-tomcat-11/webapps/examples]
24-Jan-2025 23:54:42.109 INFO [main] org.apache.catalina.startup.HostConfig.deployDirectory Deployment of web application directory [/home/serega/YandexPr/Middle/Final_Sprint_Tasks/Spring/blog/apache-tomcat-11/webapps/examples] has finished in [222] ms
24-Jan-2025 23:54:42.109 INFO [main] org.apache.catalina.startup.HostConfig.deployDirectory Установка веб приложения в папку [/home/serega/YandexPr/Middle/Final_Sprint_Tasks/Spring/blog/apache-tomcat-11/webapps/host-manager]
24-Jan-2025 23:54:42.130 INFO [main] org.apache.catalina.startup.HostConfig.deployDirectory Deployment of web application directory [/home/serega/YandexPr/Middle/Final_Sprint_Tasks/Spring/blog/apache-tomcat-11/webapps/host-manager] has finished in [20] ms
24-Jan-2025 23:54:42.130 INFO [main] org.apache.catalina.startup.HostConfig.deployDirectory Установка веб приложения в папку [/home/serega/YandexPr/Middle/Final_Sprint_Tasks/Spring/blog/apache-tomcat-11/webapps/manager]
24-Jan-2025 23:54:42.149 INFO [main] org.apache.catalina.startup.HostConfig.deployDirectory Deployment of web application directory [/home/serega/YandexPr/Middle/Final_Sprint_Tasks/Spring/blog/apache-tomcat-11/webapps/manager] has finished in [19] ms
24-Jan-2025 23:54:42.153 INFO [main] org.apache.coyote.AbstractProtocol.start Starting ProtocolHandler ["http-nio-8080"]
24-Jan-2025 23:54:42.163 INFO [main] org.apache.catalina.startup.Catalina.start Server startup in [3474] milliseconds
24-Jan-2025 23:57:45.654 INFO [main] org.apache.catalina.core.StandardServer.await A valid shutdown command was received via the shutdown port. Stopping the Server instance.
24-Jan-2025 23:57:45.655 INFO [main] org.apache.coyote.AbstractProtocol.pause Pausing ProtocolHandler ["http-nio-8080"]
24-Jan-2025 23:57:45.656 INFO [main] org.apache.catalina.core.StandardService.stopInternal Stopping service [Catalina]
24-Jan-2025 23:57:45.669 WARNING [main] org.apache.catalina.loader.WebappClassLoaderBase.clearReferencesJdbc The web application [blog] registered the JDBC driver [org.postgresql.Driver] but failed to unregister it when the web application was stopped. To prevent a memory leak, the JDBC Driver has been forcibly unregistered.
24-Jan-2025 23:57:45.684 INFO [main] org.apache.coyote.AbstractProtocol.stop Stopping ProtocolHandler ["http-nio-8080"]
24-Jan-2025 23:57:45.691 INFO [main] org.apache.coyote.AbstractProtocol.destroy Destroying ProtocolHandler ["http-nio-8080"]
24-Jan-2025 23:57:52.054 INFO [main] org.apache.catalina.startup.VersionLoggerListener.log Имя версии сервера:    Apache Tomcat/11.0.2
24-Jan-2025 23:57:52.058 INFO [main] org.apache.catalina.startup.VersionLoggerListener.log Сервер собран:         Dec 5 2024 15:19:37 UTC
24-Jan-2025 23:57:52.058 INFO [main] org.apache.catalina.startup.VersionLoggerListener.log Номер версии сервера:  11.0.2.0
24-Jan-2025 23:57:52.058 INFO [main] org.apache.catalina.startup.VersionLoggerListener.log OS Name:               Linux
24-Jan-2025 23:57:52.058 INFO [main] org.apache.catalina.startup.VersionLoggerListener.log Версия ОС:             6.8.0-51-generic
24-Jan-2025 23:57:52.059 INFO [main] org.apache.catalina.startup.VersionLoggerListener.log Архитектура:           amd64
24-Jan-2025 23:57:52.059 INFO [main] org.apache.catalina.startup.VersionLoggerListener.log Java Home:             /usr/lib/jvm/java-21-openjdk-amd64
24-Jan-2025 23:57:52.059 INFO [main] org.apache.catalina.startup.VersionLoggerListener.log Версия JVM:            21.0.5+11-Ubuntu-1ubuntu124.04
24-Jan-2025 23:57:52.059 INFO [main] org.apache.catalina.startup.VersionLoggerListener.log Производитель JVM:     Ubuntu
24-Jan-2025 23:57:52.059 INFO [main] org.apache.catalina.startup.VersionLoggerListener.log CATALINA_BASE:         /home/serega/YandexPr/Middle/Final_Sprint_Tasks/Spring/blog/apache-tomcat-11
24-Jan-2025 23:57:52.059 INFO [main] org.apache.catalina.startup.VersionLoggerListener.log CATALINA_HOME:         /home/serega/YandexPr/Middle/Final_Sprint_Tasks/Spring/blog/apache-tomcat-11
24-Jan-2025 23:57:52.069 INFO [main] org.apache.catalina.startup.VersionLoggerListener.log Command line argument: -Djava.util.logging.config.file=/home/serega/YandexPr/Middle/Final_Sprint_Tasks/Spring/blog/apache-tomcat-11/conf/logging.properties
24-Jan-2025 23:57:52.069 INFO [main] org.apache.catalina.startup.VersionLoggerListener.log Command line argument: -Djava.util.logging.manager=org.apache.juli.ClassLoaderLogManager
24-Jan-2025 23:57:52.070 INFO [main] org.apache.catalina.startup.VersionLoggerListener.log Command line argument: -Djdk.tls.ephemeralDHKeySize=2048
24-Jan-2025 23:57:52.070 INFO [main] org.apache.catalina.startup.VersionLoggerListener.log Command line argument: -Dorg.apache.catalina.security.SecurityListener.UMASK=0027
24-Jan-2025 23:57:52.070 INFO [main] org.apache.catalina.startup.VersionLoggerListener.log Command line argument: --add-opens=java.base/java.lang=ALL-UNNAMED
24-Jan-2025 23:57:52.070 INFO [main] org.apache.catalina.startup.VersionLoggerListener.log Command line argument: --add-opens=java.base/java.io=ALL-UNNAMED
24-Jan-2025 23:57:52.070 INFO [main] org.apache.catalina.startup.VersionLoggerListener.log Command line argument: --add-opens=java.base/java.util=ALL-UNNAMED
24-Jan-2025 23:57:52.070 INFO [main] org.apache.catalina.startup.VersionLoggerListener.log Command line argument: --add-opens=java.base/java.util.concurrent=ALL-UNNAMED
24-Jan-2025 23:57:52.070 INFO [main] org.apache.catalina.startup.VersionLoggerListener.log Command line argument: --add-opens=java.rmi/sun.rmi.transport=ALL-UNNAMED
24-Jan-2025 23:57:52.071 INFO [main] org.apache.catalina.startup.VersionLoggerListener.log Command line argument: --enable-native-access=ALL-UNNAMED
24-Jan-2025 23:57:52.071 INFO [main] org.apache.catalina.startup.VersionLoggerListener.log Command line argument: -Dcatalina.base=/home/serega/YandexPr/Middle/Final_Sprint_Tasks/Spring/blog/apache-tomcat-11
24-Jan-2025 23:57:52.071 INFO [main] org.apache.catalina.startup.VersionLoggerListener.log Command line argument: -Dcatalina.home=/home/serega/YandexPr/Middle/Final_Sprint_Tasks/Spring/blog/apache-tomcat-11
24-Jan-2025 23:57:52.071 INFO [main] org.apache.catalina.startup.VersionLoggerListener.log Command line argument: -Djava.io.tmpdir=/home/serega/YandexPr/Middle/Final_Sprint_Tasks/Spring/blog/apache-tomcat-11/temp
24-Jan-2025 23:57:52.079 INFO [main] org.apache.catalina.core.AprLifecycleListener.lifecycleEvent The Apache Tomcat Native library which allows using OpenSSL was not found on the java.library.path: [/usr/java/packages/lib:/usr/lib/x86_64-linux-gnu/jni:/lib/x86_64-linux-gnu:/usr/lib/x86_64-linux-gnu:/usr/lib/jni:/lib:/usr/lib]
24-Jan-2025 23:57:52.451 INFO [main] org.apache.coyote.AbstractProtocol.init Инициализация ProtocolHandler ["http-nio-8080"]
24-Jan-2025 23:57:52.474 INFO [main] org.apache.catalina.startup.Catalina.load Server initialization in [619] milliseconds
24-Jan-2025 23:57:52.518 INFO [main] org.apache.catalina.core.StandardService.startInternal Starting service [Catalina]
24-Jan-2025 23:57:52.518 INFO [main] org.apache.catalina.core.StandardEngine.startInternal Starting Servlet engine: [Apache Tomcat/11.0.2]
24-Jan-2025 23:57:52.534 INFO [main] org.apache.catalina.startup.HostConfig.deployWAR Deploying web application archive [/home/serega/YandexPr/Middle/Final_Sprint_Tasks/Spring/blog/apache-tomcat-11/webapps/blog.war]
24-Jan-2025 23:57:54.062 INFO [main] org.apache.jasper.servlet.TldScanner.scanJars At least one JAR was scanned for TLDs yet contained no TLDs. Enable debug logging for this logger for a complete list of JARs that were scanned but no TLDs were found in them. Skipping unneeded JARs during scanning can improve startup time and JSP compilation time.
24-Jan-2025 23:57:55.579 INFO [main] org.apache.catalina.startup.HostConfig.deployWAR Deployment of web application archive [/home/serega/YandexPr/Middle/Final_Sprint_Tasks/Spring/blog/apache-tomcat-11/webapps/blog.war] has finished in [3 044] ms
24-Jan-2025 23:57:55.579 INFO [main] org.apache.catalina.startup.HostConfig.deployDirectory Установка веб приложения в папку [/home/serega/YandexPr/Middle/Final_Sprint_Tasks/Spring/blog/apache-tomcat-11/webapps/docs]
24-Jan-2025 23:57:55.607 INFO [main] org.apache.catalina.startup.HostConfig.deployDirectory Deployment of web application directory [/home/serega/YandexPr/Middle/Final_Sprint_Tasks/Spring/blog/apache-tomcat-11/webapps/docs] has finished in [28] ms
24-Jan-2025 23:57:55.607 INFO [main] org.apache.catalina.startup.HostConfig.deployDirectory Установка веб приложения в папку [/home/serega/YandexPr/Middle/Final_Sprint_Tasks/Spring/blog/apache-tomcat-11/webapps/ROOT]
24-Jan-2025 23:57:55.627 INFO [main] org.apache.catalina.startup.HostConfig.deployDirectory Deployment of web application directory [/home/serega/YandexPr/Middle/Final_Sprint_Tasks/Spring/blog/apache-tomcat-11/webapps/ROOT] has finished in [20] ms
24-Jan-2025 23:57:55.628 INFO [main] org.apache.catalina.startup.HostConfig.deployDirectory Установка веб приложения в папку [/home/serega/YandexPr/Middle/Final_Sprint_Tasks/Spring/blog/apache-tomcat-11/webapps/examples]
24-Jan-2025 23:57:55.860 INFO [main] org.apache.catalina.startup.HostConfig.deployDirectory Deployment of web application directory [/home/serega/YandexPr/Middle/Final_Sprint_Tasks/Spring/blog/apache-tomcat-11/webapps/examples] has finished in [232] ms
24-Jan-2025 23:57:55.860 INFO [main] org.apache.catalina.startup.HostConfig.deployDirectory Установка веб приложения в папку [/home/serega/YandexPr/Middle/Final_Sprint_Tasks/Spring/blog/apache-tomcat-11/webapps/host-manager]
24-Jan-2025 23:57:55.889 INFO [main] org.apache.catalina.startup.HostConfig.deployDirectory Deployment of web application directory [/home/serega/YandexPr/Middle/Final_Sprint_Tasks/Spring/blog/apache-tomcat-11/webapps/host-manager] has finished in [29] ms
24-Jan-2025 23:57:55.889 INFO [main] org.apache.catalina.startup.HostConfig.deployDirectory Установка веб приложения в папку [/home/serega/YandexPr/Middle/Final_Sprint_Tasks/Spring/blog/apache-tomcat-11/webapps/manager]
24-Jan-2025 23:57:55.909 INFO [main] org.apache.catalina.startup.HostConfig.deployDirectory Deployment of web application directory [/home/serega/YandexPr/Middle/Final_Sprint_Tasks/Spring/blog/apache-tomcat-11/webapps/manager] has finished in [20] ms
24-Jan-2025 23:57:55.913 INFO [main] org.apache.coyote.AbstractProtocol.start Starting ProtocolHandler ["http-nio-8080"]
24-Jan-2025 23:57:55.924 INFO [main] org.apache.catalina.startup.Catalina.start Server startup in [3448] milliseconds
