22-Feb-2025 13:43:37.942 INFO [main] org.apache.catalina.startup.VersionLoggerListener.log Имя версии сервера:    Apache Tomcat/11.0.2
22-Feb-2025 13:43:37.947 INFO [main] org.apache.catalina.startup.VersionLoggerListener.log Сервер собран:         Dec 5 2024 15:19:37 UTC
22-Feb-2025 13:43:37.947 INFO [main] org.apache.catalina.startup.VersionLoggerListener.log Номер версии сервера:  11.0.2.0
22-Feb-2025 13:43:37.947 INFO [main] org.apache.catalina.startup.VersionLoggerListener.log OS Name:               Linux
22-Feb-2025 13:43:37.947 INFO [main] org.apache.catalina.startup.VersionLoggerListener.log Версия ОС:             6.8.0-52-generic
22-Feb-2025 13:43:37.948 INFO [main] org.apache.catalina.startup.VersionLoggerListener.log Архитектура:           amd64
22-Feb-2025 13:43:37.948 INFO [main] org.apache.catalina.startup.VersionLoggerListener.log Java Home:             /usr/lib/jvm/java-21-openjdk-amd64
22-Feb-2025 13:43:37.948 INFO [main] org.apache.catalina.startup.VersionLoggerListener.log Версия JVM:            21.0.6+7-Ubuntu-124.04.1
22-Feb-2025 13:43:37.948 INFO [main] org.apache.catalina.startup.VersionLoggerListener.log Производитель JVM:     Ubuntu
22-Feb-2025 13:43:37.948 INFO [main] org.apache.catalina.startup.VersionLoggerListener.log CATALINA_BASE:         /home/serega/YandexPr/Middle/Final_Sprint_Tasks/Spring/blog/apache-tomcat-11
22-Feb-2025 13:43:37.948 INFO [main] org.apache.catalina.startup.VersionLoggerListener.log CATALINA_HOME:         /home/serega/YandexPr/Middle/Final_Sprint_Tasks/Spring/blog/apache-tomcat-11
22-Feb-2025 13:43:37.964 INFO [main] org.apache.catalina.startup.VersionLoggerListener.log Command line argument: -Djava.util.logging.config.file=/home/serega/YandexPr/Middle/Final_Sprint_Tasks/Spring/blog/apache-tomcat-11/conf/logging.properties
22-Feb-2025 13:43:37.964 INFO [main] org.apache.catalina.startup.VersionLoggerListener.log Command line argument: -Djava.util.logging.manager=org.apache.juli.ClassLoaderLogManager
22-Feb-2025 13:43:37.964 INFO [main] org.apache.catalina.startup.VersionLoggerListener.log Command line argument: -Djdk.tls.ephemeralDHKeySize=2048
22-Feb-2025 13:43:37.964 INFO [main] org.apache.catalina.startup.VersionLoggerListener.log Command line argument: -Dorg.apache.catalina.security.SecurityListener.UMASK=0027
22-Feb-2025 13:43:37.964 INFO [main] org.apache.catalina.startup.VersionLoggerListener.log Command line argument: --add-opens=java.base/java.lang=ALL-UNNAMED
22-Feb-2025 13:43:37.965 INFO [main] org.apache.catalina.startup.VersionLoggerListener.log Command line argument: --add-opens=java.base/java.io=ALL-UNNAMED
22-Feb-2025 13:43:37.965 INFO [main] org.apache.catalina.startup.VersionLoggerListener.log Command line argument: --add-opens=java.base/java.util=ALL-UNNAMED
22-Feb-2025 13:43:37.965 INFO [main] org.apache.catalina.startup.VersionLoggerListener.log Command line argument: --add-opens=java.base/java.util.concurrent=ALL-UNNAMED
22-Feb-2025 13:43:37.965 INFO [main] org.apache.catalina.startup.VersionLoggerListener.log Command line argument: --add-opens=java.rmi/sun.rmi.transport=ALL-UNNAMED
22-Feb-2025 13:43:37.965 INFO [main] org.apache.catalina.startup.VersionLoggerListener.log Command line argument: --enable-native-access=ALL-UNNAMED
22-Feb-2025 13:43:37.965 INFO [main] org.apache.catalina.startup.VersionLoggerListener.log Command line argument: -Dcatalina.base=/home/serega/YandexPr/Middle/Final_Sprint_Tasks/Spring/blog/apache-tomcat-11
22-Feb-2025 13:43:37.965 INFO [main] org.apache.catalina.startup.VersionLoggerListener.log Command line argument: -Dcatalina.home=/home/serega/YandexPr/Middle/Final_Sprint_Tasks/Spring/blog/apache-tomcat-11
22-Feb-2025 13:43:37.965 INFO [main] org.apache.catalina.startup.VersionLoggerListener.log Command line argument: -Djava.io.tmpdir=/home/serega/YandexPr/Middle/Final_Sprint_Tasks/Spring/blog/apache-tomcat-11/temp
22-Feb-2025 13:43:37.967 INFO [main] org.apache.catalina.core.AprLifecycleListener.lifecycleEvent The Apache Tomcat Native library which allows using OpenSSL was not found on the java.library.path: [/usr/java/packages/lib:/usr/lib/x86_64-linux-gnu/jni:/lib/x86_64-linux-gnu:/usr/lib/x86_64-linux-gnu:/usr/lib/jni:/lib:/usr/lib]
22-Feb-2025 13:43:38.382 INFO [main] org.apache.coyote.AbstractProtocol.init Инициализация ProtocolHandler ["http-nio-8080"]
22-Feb-2025 13:43:38.410 INFO [main] org.apache.catalina.startup.Catalina.load Server initialization in [693] milliseconds
22-Feb-2025 13:43:38.460 INFO [main] org.apache.catalina.core.StandardService.startInternal Starting service [Catalina]
22-Feb-2025 13:43:38.460 INFO [main] org.apache.catalina.core.StandardEngine.startInternal Starting Servlet engine: [Apache Tomcat/11.0.2]
22-Feb-2025 13:43:38.476 INFO [main] org.apache.catalina.startup.HostConfig.deployWAR Deploying web application archive [/home/serega/YandexPr/Middle/Final_Sprint_Tasks/Spring/blog/apache-tomcat-11/webapps/blog.war]
22-Feb-2025 13:43:40.221 INFO [main] org.apache.jasper.servlet.TldScanner.scanJars At least one JAR was scanned for TLDs yet contained no TLDs. Enable debug logging for this logger for a complete list of JARs that were scanned but no TLDs were found in them. Skipping unneeded JARs during scanning can improve startup time and JSP compilation time.
22-Feb-2025 13:43:41.882 INFO [main] org.apache.catalina.startup.HostConfig.deployWAR Deployment of web application archive [/home/serega/YandexPr/Middle/Final_Sprint_Tasks/Spring/blog/apache-tomcat-11/webapps/blog.war] has finished in [3 405] ms
22-Feb-2025 13:43:41.882 INFO [main] org.apache.catalina.startup.HostConfig.deployDirectory Установка веб приложения в папку [/home/serega/YandexPr/Middle/Final_Sprint_Tasks/Spring/blog/apache-tomcat-11/webapps/docs]
22-Feb-2025 13:43:41.907 INFO [main] org.apache.catalina.startup.HostConfig.deployDirectory Deployment of web application directory [/home/serega/YandexPr/Middle/Final_Sprint_Tasks/Spring/blog/apache-tomcat-11/webapps/docs] has finished in [25] ms
22-Feb-2025 13:43:41.907 INFO [main] org.apache.catalina.startup.HostConfig.deployDirectory Установка веб приложения в папку [/home/serega/YandexPr/Middle/Final_Sprint_Tasks/Spring/blog/apache-tomcat-11/webapps/ROOT]
22-Feb-2025 13:43:41.925 INFO [main] org.apache.catalina.startup.HostConfig.deployDirectory Deployment of web application directory [/home/serega/YandexPr/Middle/Final_Sprint_Tasks/Spring/blog/apache-tomcat-11/webapps/ROOT] has finished in [18] ms
22-Feb-2025 13:43:41.925 INFO [main] org.apache.catalina.startup.HostConfig.deployDirectory Установка веб приложения в папку [/home/serega/YandexPr/Middle/Final_Sprint_Tasks/Spring/blog/apache-tomcat-11/webapps/examples]
22-Feb-2025 13:43:42.145 INFO [main] org.apache.catalina.startup.HostConfig.deployDirectory Deployment of web application directory [/home/serega/YandexPr/Middle/Final_Sprint_Tasks/Spring/blog/apache-tomcat-11/webapps/examples] has finished in [220] ms
22-Feb-2025 13:43:42.146 INFO [main] org.apache.catalina.startup.HostConfig.deployDirectory Установка веб приложения в папку [/home/serega/YandexPr/Middle/Final_Sprint_Tasks/Spring/blog/apache-tomcat-11/webapps/host-manager]
22-Feb-2025 13:43:42.190 INFO [main] org.apache.catalina.startup.HostConfig.deployDirectory Deployment of web application directory [/home/serega/YandexPr/Middle/Final_Sprint_Tasks/Spring/blog/apache-tomcat-11/webapps/host-manager] has finished in [44] ms
22-Feb-2025 13:43:42.191 INFO [main] org.apache.catalina.startup.HostConfig.deployDirectory Установка веб приложения в папку [/home/serega/YandexPr/Middle/Final_Sprint_Tasks/Spring/blog/apache-tomcat-11/webapps/manager]
22-Feb-2025 13:43:42.223 INFO [main] org.apache.catalina.startup.HostConfig.deployDirectory Deployment of web application directory [/home/serega/YandexPr/Middle/Final_Sprint_Tasks/Spring/blog/apache-tomcat-11/webapps/manager] has finished in [32] ms
22-Feb-2025 13:43:42.230 INFO [main] org.apache.coyote.AbstractProtocol.start Starting ProtocolHandler ["http-nio-8080"]
22-Feb-2025 13:43:42.245 INFO [main] org.apache.catalina.startup.Catalina.start Server startup in [3833] milliseconds
22-Feb-2025 13:52:19.751 INFO [main] org.apache.catalina.core.StandardServer.await A valid shutdown command was received via the shutdown port. Stopping the Server instance.
22-Feb-2025 13:52:19.752 INFO [main] org.apache.coyote.AbstractProtocol.pause Pausing ProtocolHandler ["http-nio-8080"]
22-Feb-2025 13:52:19.753 INFO [main] org.apache.catalina.core.StandardService.stopInternal Stopping service [Catalina]
22-Feb-2025 13:52:19.770 WARNING [main] org.apache.catalina.loader.WebappClassLoaderBase.clearReferencesJdbc The web application [blog] registered the JDBC driver [org.postgresql.Driver] but failed to unregister it when the web application was stopped. To prevent a memory leak, the JDBC Driver has been forcibly unregistered.
22-Feb-2025 13:52:19.784 INFO [main] org.apache.coyote.AbstractProtocol.stop Stopping ProtocolHandler ["http-nio-8080"]
22-Feb-2025 13:52:19.797 INFO [main] org.apache.coyote.AbstractProtocol.destroy Destroying ProtocolHandler ["http-nio-8080"]
22-Feb-2025 13:52:32.311 INFO [main] org.apache.catalina.startup.VersionLoggerListener.log Имя версии сервера:    Apache Tomcat/11.0.2
22-Feb-2025 13:52:32.315 INFO [main] org.apache.catalina.startup.VersionLoggerListener.log Сервер собран:         Dec 5 2024 15:19:37 UTC
22-Feb-2025 13:52:32.315 INFO [main] org.apache.catalina.startup.VersionLoggerListener.log Номер версии сервера:  11.0.2.0
22-Feb-2025 13:52:32.316 INFO [main] org.apache.catalina.startup.VersionLoggerListener.log OS Name:               Linux
22-Feb-2025 13:52:32.316 INFO [main] org.apache.catalina.startup.VersionLoggerListener.log Версия ОС:             6.8.0-52-generic
22-Feb-2025 13:52:32.316 INFO [main] org.apache.catalina.startup.VersionLoggerListener.log Архитектура:           amd64
22-Feb-2025 13:52:32.316 INFO [main] org.apache.catalina.startup.VersionLoggerListener.log Java Home:             /usr/lib/jvm/java-21-openjdk-amd64
22-Feb-2025 13:52:32.316 INFO [main] org.apache.catalina.startup.VersionLoggerListener.log Версия JVM:            21.0.6+7-Ubuntu-124.04.1
22-Feb-2025 13:52:32.316 INFO [main] org.apache.catalina.startup.VersionLoggerListener.log Производитель JVM:     Ubuntu
22-Feb-2025 13:52:32.316 INFO [main] org.apache.catalina.startup.VersionLoggerListener.log CATALINA_BASE:         /home/serega/YandexPr/Middle/Final_Sprint_Tasks/Spring/blog/apache-tomcat-11
22-Feb-2025 13:52:32.316 INFO [main] org.apache.catalina.startup.VersionLoggerListener.log CATALINA_HOME:         /home/serega/YandexPr/Middle/Final_Sprint_Tasks/Spring/blog/apache-tomcat-11
22-Feb-2025 13:52:32.326 INFO [main] org.apache.catalina.startup.VersionLoggerListener.log Command line argument: -Djava.util.logging.config.file=/home/serega/YandexPr/Middle/Final_Sprint_Tasks/Spring/blog/apache-tomcat-11/conf/logging.properties
22-Feb-2025 13:52:32.326 INFO [main] org.apache.catalina.startup.VersionLoggerListener.log Command line argument: -Djava.util.logging.manager=org.apache.juli.ClassLoaderLogManager
22-Feb-2025 13:52:32.326 INFO [main] org.apache.catalina.startup.VersionLoggerListener.log Command line argument: -Djdk.tls.ephemeralDHKeySize=2048
22-Feb-2025 13:52:32.326 INFO [main] org.apache.catalina.startup.VersionLoggerListener.log Command line argument: -Dorg.apache.catalina.security.SecurityListener.UMASK=0027
22-Feb-2025 13:52:32.326 INFO [main] org.apache.catalina.startup.VersionLoggerListener.log Command line argument: --add-opens=java.base/java.lang=ALL-UNNAMED
22-Feb-2025 13:52:32.326 INFO [main] org.apache.catalina.startup.VersionLoggerListener.log Command line argument: --add-opens=java.base/java.io=ALL-UNNAMED
22-Feb-2025 13:52:32.326 INFO [main] org.apache.catalina.startup.VersionLoggerListener.log Command line argument: --add-opens=java.base/java.util=ALL-UNNAMED
22-Feb-2025 13:52:32.326 INFO [main] org.apache.catalina.startup.VersionLoggerListener.log Command line argument: --add-opens=java.base/java.util.concurrent=ALL-UNNAMED
22-Feb-2025 13:52:32.327 INFO [main] org.apache.catalina.startup.VersionLoggerListener.log Command line argument: --add-opens=java.rmi/sun.rmi.transport=ALL-UNNAMED
22-Feb-2025 13:52:32.327 INFO [main] org.apache.catalina.startup.VersionLoggerListener.log Command line argument: --enable-native-access=ALL-UNNAMED
22-Feb-2025 13:52:32.327 INFO [main] org.apache.catalina.startup.VersionLoggerListener.log Command line argument: -Dcatalina.base=/home/serega/YandexPr/Middle/Final_Sprint_Tasks/Spring/blog/apache-tomcat-11
22-Feb-2025 13:52:32.327 INFO [main] org.apache.catalina.startup.VersionLoggerListener.log Command line argument: -Dcatalina.home=/home/serega/YandexPr/Middle/Final_Sprint_Tasks/Spring/blog/apache-tomcat-11
22-Feb-2025 13:52:32.327 INFO [main] org.apache.catalina.startup.VersionLoggerListener.log Command line argument: -Djava.io.tmpdir=/home/serega/YandexPr/Middle/Final_Sprint_Tasks/Spring/blog/apache-tomcat-11/temp
22-Feb-2025 13:52:32.329 INFO [main] org.apache.catalina.core.AprLifecycleListener.lifecycleEvent The Apache Tomcat Native library which allows using OpenSSL was not found on the java.library.path: [/usr/java/packages/lib:/usr/lib/x86_64-linux-gnu/jni:/lib/x86_64-linux-gnu:/usr/lib/x86_64-linux-gnu:/usr/lib/jni:/lib:/usr/lib]
22-Feb-2025 13:52:32.711 INFO [main] org.apache.coyote.AbstractProtocol.init Инициализация ProtocolHandler ["http-nio-8080"]
22-Feb-2025 13:52:32.739 INFO [main] org.apache.catalina.startup.Catalina.load Server initialization in [623] milliseconds
22-Feb-2025 13:52:32.787 INFO [main] org.apache.catalina.core.StandardService.startInternal Starting service [Catalina]
22-Feb-2025 13:52:32.787 INFO [main] org.apache.catalina.core.StandardEngine.startInternal Starting Servlet engine: [Apache Tomcat/11.0.2]
22-Feb-2025 13:52:32.805 INFO [main] org.apache.catalina.startup.HostConfig.deployWAR Deploying web application archive [/home/serega/YandexPr/Middle/Final_Sprint_Tasks/Spring/blog/apache-tomcat-11/webapps/blog.war]
22-Feb-2025 13:52:34.444 INFO [main] org.apache.jasper.servlet.TldScanner.scanJars At least one JAR was scanned for TLDs yet contained no TLDs. Enable debug logging for this logger for a complete list of JARs that were scanned but no TLDs were found in them. Skipping unneeded JARs during scanning can improve startup time and JSP compilation time.
22-Feb-2025 13:52:36.147 INFO [main] org.apache.catalina.startup.HostConfig.deployWAR Deployment of web application archive [/home/serega/YandexPr/Middle/Final_Sprint_Tasks/Spring/blog/apache-tomcat-11/webapps/blog.war] has finished in [3 342] ms
22-Feb-2025 13:52:36.148 INFO [main] org.apache.catalina.startup.HostConfig.deployDirectory Установка веб приложения в папку [/home/serega/YandexPr/Middle/Final_Sprint_Tasks/Spring/blog/apache-tomcat-11/webapps/docs]
22-Feb-2025 13:52:36.183 INFO [main] org.apache.catalina.startup.HostConfig.deployDirectory Deployment of web application directory [/home/serega/YandexPr/Middle/Final_Sprint_Tasks/Spring/blog/apache-tomcat-11/webapps/docs] has finished in [35] ms
22-Feb-2025 13:52:36.183 INFO [main] org.apache.catalina.startup.HostConfig.deployDirectory Установка веб приложения в папку [/home/serega/YandexPr/Middle/Final_Sprint_Tasks/Spring/blog/apache-tomcat-11/webapps/ROOT]
22-Feb-2025 13:52:36.206 INFO [main] org.apache.catalina.startup.HostConfig.deployDirectory Deployment of web application directory [/home/serega/YandexPr/Middle/Final_Sprint_Tasks/Spring/blog/apache-tomcat-11/webapps/ROOT] has finished in [23] ms
22-Feb-2025 13:52:36.206 INFO [main] org.apache.catalina.startup.HostConfig.deployDirectory Установка веб приложения в папку [/home/serega/YandexPr/Middle/Final_Sprint_Tasks/Spring/blog/apache-tomcat-11/webapps/examples]
22-Feb-2025 13:52:36.435 INFO [main] org.apache.catalina.startup.HostConfig.deployDirectory Deployment of web application directory [/home/serega/YandexPr/Middle/Final_Sprint_Tasks/Spring/blog/apache-tomcat-11/webapps/examples] has finished in [229] ms
22-Feb-2025 13:52:36.435 INFO [main] org.apache.catalina.startup.HostConfig.deployDirectory Установка веб приложения в папку [/home/serega/YandexPr/Middle/Final_Sprint_Tasks/Spring/blog/apache-tomcat-11/webapps/host-manager]
22-Feb-2025 13:52:36.465 INFO [main] org.apache.catalina.startup.HostConfig.deployDirectory Deployment of web application directory [/home/serega/YandexPr/Middle/Final_Sprint_Tasks/Spring/blog/apache-tomcat-11/webapps/host-manager] has finished in [29] ms
22-Feb-2025 13:52:36.465 INFO [main] org.apache.catalina.startup.HostConfig.deployDirectory Установка веб приложения в папку [/home/serega/YandexPr/Middle/Final_Sprint_Tasks/Spring/blog/apache-tomcat-11/webapps/manager]
22-Feb-2025 13:52:36.489 INFO [main] org.apache.catalina.startup.HostConfig.deployDirectory Deployment of web application directory [/home/serega/YandexPr/Middle/Final_Sprint_Tasks/Spring/blog/apache-tomcat-11/webapps/manager] has finished in [24] ms
22-Feb-2025 13:52:36.494 INFO [main] org.apache.coyote.AbstractProtocol.start Starting ProtocolHandler ["http-nio-8080"]
22-Feb-2025 13:52:36.505 INFO [main] org.apache.catalina.startup.Catalina.start Server startup in [3764] milliseconds
22-Feb-2025 14:01:48.506 INFO [main] org.apache.catalina.core.StandardServer.await A valid shutdown command was received via the shutdown port. Stopping the Server instance.
22-Feb-2025 14:01:48.507 INFO [main] org.apache.coyote.AbstractProtocol.pause Pausing ProtocolHandler ["http-nio-8080"]
22-Feb-2025 14:01:48.508 INFO [main] org.apache.catalina.core.StandardService.stopInternal Stopping service [Catalina]
22-Feb-2025 14:01:48.522 WARNING [main] org.apache.catalina.loader.WebappClassLoaderBase.clearReferencesJdbc The web application [blog] registered the JDBC driver [org.postgresql.Driver] but failed to unregister it when the web application was stopped. To prevent a memory leak, the JDBC Driver has been forcibly unregistered.
22-Feb-2025 14:01:48.536 INFO [main] org.apache.coyote.AbstractProtocol.stop Stopping ProtocolHandler ["http-nio-8080"]
22-Feb-2025 14:01:48.542 INFO [main] org.apache.coyote.AbstractProtocol.destroy Destroying ProtocolHandler ["http-nio-8080"]
22-Feb-2025 14:02:16.454 INFO [main] org.apache.catalina.startup.VersionLoggerListener.log Имя версии сервера:    Apache Tomcat/11.0.2
22-Feb-2025 14:02:16.458 INFO [main] org.apache.catalina.startup.VersionLoggerListener.log Сервер собран:         Dec 5 2024 15:19:37 UTC
22-Feb-2025 14:02:16.458 INFO [main] org.apache.catalina.startup.VersionLoggerListener.log Номер версии сервера:  11.0.2.0
22-Feb-2025 14:02:16.458 INFO [main] org.apache.catalina.startup.VersionLoggerListener.log OS Name:               Linux
22-Feb-2025 14:02:16.459 INFO [main] org.apache.catalina.startup.VersionLoggerListener.log Версия ОС:             6.8.0-52-generic
22-Feb-2025 14:02:16.459 INFO [main] org.apache.catalina.startup.VersionLoggerListener.log Архитектура:           amd64
22-Feb-2025 14:02:16.459 INFO [main] org.apache.catalina.startup.VersionLoggerListener.log Java Home:             /usr/lib/jvm/java-21-openjdk-amd64
22-Feb-2025 14:02:16.459 INFO [main] org.apache.catalina.startup.VersionLoggerListener.log Версия JVM:            21.0.6+7-Ubuntu-124.04.1
22-Feb-2025 14:02:16.459 INFO [main] org.apache.catalina.startup.VersionLoggerListener.log Производитель JVM:     Ubuntu
22-Feb-2025 14:02:16.459 INFO [main] org.apache.catalina.startup.VersionLoggerListener.log CATALINA_BASE:         /home/serega/YandexPr/Middle/Final_Sprint_Tasks/Spring/blog/apache-tomcat-11
22-Feb-2025 14:02:16.459 INFO [main] org.apache.catalina.startup.VersionLoggerListener.log CATALINA_HOME:         /home/serega/YandexPr/Middle/Final_Sprint_Tasks/Spring/blog/apache-tomcat-11
22-Feb-2025 14:02:16.469 INFO [main] org.apache.catalina.startup.VersionLoggerListener.log Command line argument: -Djava.util.logging.config.file=/home/serega/YandexPr/Middle/Final_Sprint_Tasks/Spring/blog/apache-tomcat-11/conf/logging.properties
22-Feb-2025 14:02:16.469 INFO [main] org.apache.catalina.startup.VersionLoggerListener.log Command line argument: -Djava.util.logging.manager=org.apache.juli.ClassLoaderLogManager
22-Feb-2025 14:02:16.470 INFO [main] org.apache.catalina.startup.VersionLoggerListener.log Command line argument: -Djdk.tls.ephemeralDHKeySize=2048
22-Feb-2025 14:02:16.470 INFO [main] org.apache.catalina.startup.VersionLoggerListener.log Command line argument: -Dorg.apache.catalina.security.SecurityListener.UMASK=0027
22-Feb-2025 14:02:16.470 INFO [main] org.apache.catalina.startup.VersionLoggerListener.log Command line argument: --add-opens=java.base/java.lang=ALL-UNNAMED
22-Feb-2025 14:02:16.470 INFO [main] org.apache.catalina.startup.VersionLoggerListener.log Command line argument: --add-opens=java.base/java.io=ALL-UNNAMED
22-Feb-2025 14:02:16.470 INFO [main] org.apache.catalina.startup.VersionLoggerListener.log Command line argument: --add-opens=java.base/java.util=ALL-UNNAMED
22-Feb-2025 14:02:16.470 INFO [main] org.apache.catalina.startup.VersionLoggerListener.log Command line argument: --add-opens=java.base/java.util.concurrent=ALL-UNNAMED
22-Feb-2025 14:02:16.470 INFO [main] org.apache.catalina.startup.VersionLoggerListener.log Command line argument: --add-opens=java.rmi/sun.rmi.transport=ALL-UNNAMED
22-Feb-2025 14:02:16.470 INFO [main] org.apache.catalina.startup.VersionLoggerListener.log Command line argument: --enable-native-access=ALL-UNNAMED
22-Feb-2025 14:02:16.470 INFO [main] org.apache.catalina.startup.VersionLoggerListener.log Command line argument: -Dcatalina.base=/home/serega/YandexPr/Middle/Final_Sprint_Tasks/Spring/blog/apache-tomcat-11
22-Feb-2025 14:02:16.470 INFO [main] org.apache.catalina.startup.VersionLoggerListener.log Command line argument: -Dcatalina.home=/home/serega/YandexPr/Middle/Final_Sprint_Tasks/Spring/blog/apache-tomcat-11
22-Feb-2025 14:02:16.471 INFO [main] org.apache.catalina.startup.VersionLoggerListener.log Command line argument: -Djava.io.tmpdir=/home/serega/YandexPr/Middle/Final_Sprint_Tasks/Spring/blog/apache-tomcat-11/temp
22-Feb-2025 14:02:16.472 INFO [main] org.apache.catalina.core.AprLifecycleListener.lifecycleEvent The Apache Tomcat Native library which allows using OpenSSL was not found on the java.library.path: [/usr/java/packages/lib:/usr/lib/x86_64-linux-gnu/jni:/lib/x86_64-linux-gnu:/usr/lib/x86_64-linux-gnu:/usr/lib/jni:/lib:/usr/lib]
22-Feb-2025 14:02:16.842 INFO [main] org.apache.coyote.AbstractProtocol.init Инициализация ProtocolHandler ["http-nio-8080"]
22-Feb-2025 14:02:16.867 INFO [main] org.apache.catalina.startup.Catalina.load Server initialization in [610] milliseconds
22-Feb-2025 14:02:16.915 INFO [main] org.apache.catalina.core.StandardService.startInternal Starting service [Catalina]
22-Feb-2025 14:02:16.915 INFO [main] org.apache.catalina.core.StandardEngine.startInternal Starting Servlet engine: [Apache Tomcat/11.0.2]
22-Feb-2025 14:02:16.932 INFO [main] org.apache.catalina.startup.HostConfig.deployWAR Deploying web application archive [/home/serega/YandexPr/Middle/Final_Sprint_Tasks/Spring/blog/apache-tomcat-11/webapps/blog.war]
22-Feb-2025 14:02:18.554 INFO [main] org.apache.jasper.servlet.TldScanner.scanJars At least one JAR was scanned for TLDs yet contained no TLDs. Enable debug logging for this logger for a complete list of JARs that were scanned but no TLDs were found in them. Skipping unneeded JARs during scanning can improve startup time and JSP compilation time.
22-Feb-2025 14:02:20.257 INFO [main] org.apache.catalina.startup.HostConfig.deployWAR Deployment of web application archive [/home/serega/YandexPr/Middle/Final_Sprint_Tasks/Spring/blog/apache-tomcat-11/webapps/blog.war] has finished in [3 326] ms
22-Feb-2025 14:02:20.258 INFO [main] org.apache.catalina.startup.HostConfig.deployDirectory Установка веб приложения в папку [/home/serega/YandexPr/Middle/Final_Sprint_Tasks/Spring/blog/apache-tomcat-11/webapps/docs]
22-Feb-2025 14:02:20.302 INFO [main] org.apache.catalina.startup.HostConfig.deployDirectory Deployment of web application directory [/home/serega/YandexPr/Middle/Final_Sprint_Tasks/Spring/blog/apache-tomcat-11/webapps/docs] has finished in [43] ms
22-Feb-2025 14:02:20.302 INFO [main] org.apache.catalina.startup.HostConfig.deployDirectory Установка веб приложения в папку [/home/serega/YandexPr/Middle/Final_Sprint_Tasks/Spring/blog/apache-tomcat-11/webapps/ROOT]
22-Feb-2025 14:02:20.336 INFO [main] org.apache.catalina.startup.HostConfig.deployDirectory Deployment of web application directory [/home/serega/YandexPr/Middle/Final_Sprint_Tasks/Spring/blog/apache-tomcat-11/webapps/ROOT] has finished in [34] ms
22-Feb-2025 14:02:20.337 INFO [main] org.apache.catalina.startup.HostConfig.deployDirectory Установка веб приложения в папку [/home/serega/YandexPr/Middle/Final_Sprint_Tasks/Spring/blog/apache-tomcat-11/webapps/examples]
22-Feb-2025 14:02:20.554 INFO [main] org.apache.catalina.startup.HostConfig.deployDirectory Deployment of web application directory [/home/serega/YandexPr/Middle/Final_Sprint_Tasks/Spring/blog/apache-tomcat-11/webapps/examples] has finished in [218] ms
22-Feb-2025 14:02:20.555 INFO [main] org.apache.catalina.startup.HostConfig.deployDirectory Установка веб приложения в папку [/home/serega/YandexPr/Middle/Final_Sprint_Tasks/Spring/blog/apache-tomcat-11/webapps/host-manager]
22-Feb-2025 14:02:20.596 INFO [main] org.apache.catalina.startup.HostConfig.deployDirectory Deployment of web application directory [/home/serega/YandexPr/Middle/Final_Sprint_Tasks/Spring/blog/apache-tomcat-11/webapps/host-manager] has finished in [41] ms
22-Feb-2025 14:02:20.596 INFO [main] org.apache.catalina.startup.HostConfig.deployDirectory Установка веб приложения в папку [/home/serega/YandexPr/Middle/Final_Sprint_Tasks/Spring/blog/apache-tomcat-11/webapps/manager]
22-Feb-2025 14:02:20.628 INFO [main] org.apache.catalina.startup.HostConfig.deployDirectory Deployment of web application directory [/home/serega/YandexPr/Middle/Final_Sprint_Tasks/Spring/blog/apache-tomcat-11/webapps/manager] has finished in [32] ms
22-Feb-2025 14:02:20.635 INFO [main] org.apache.coyote.AbstractProtocol.start Starting ProtocolHandler ["http-nio-8080"]
22-Feb-2025 14:02:20.650 INFO [main] org.apache.catalina.startup.Catalina.start Server startup in [3781] milliseconds
22-Feb-2025 14:03:14.367 INFO [main] org.apache.catalina.core.StandardServer.await A valid shutdown command was received via the shutdown port. Stopping the Server instance.
22-Feb-2025 14:03:14.368 INFO [main] org.apache.coyote.AbstractProtocol.pause Pausing ProtocolHandler ["http-nio-8080"]
22-Feb-2025 14:03:14.369 INFO [main] org.apache.catalina.core.StandardService.stopInternal Stopping service [Catalina]
22-Feb-2025 14:03:14.391 WARNING [main] org.apache.catalina.loader.WebappClassLoaderBase.clearReferencesJdbc The web application [blog] registered the JDBC driver [org.postgresql.Driver] but failed to unregister it when the web application was stopped. To prevent a memory leak, the JDBC Driver has been forcibly unregistered.
22-Feb-2025 14:03:14.413 INFO [main] org.apache.coyote.AbstractProtocol.stop Stopping ProtocolHandler ["http-nio-8080"]
22-Feb-2025 14:03:14.417 INFO [main] org.apache.coyote.AbstractProtocol.destroy Destroying ProtocolHandler ["http-nio-8080"]
22-Feb-2025 14:03:29.095 INFO [main] org.apache.catalina.startup.VersionLoggerListener.log Имя версии сервера:    Apache Tomcat/11.0.2
22-Feb-2025 14:03:29.099 INFO [main] org.apache.catalina.startup.VersionLoggerListener.log Сервер собран:         Dec 5 2024 15:19:37 UTC
22-Feb-2025 14:03:29.099 INFO [main] org.apache.catalina.startup.VersionLoggerListener.log Номер версии сервера:  11.0.2.0
22-Feb-2025 14:03:29.099 INFO [main] org.apache.catalina.startup.VersionLoggerListener.log OS Name:               Linux
22-Feb-2025 14:03:29.100 INFO [main] org.apache.catalina.startup.VersionLoggerListener.log Версия ОС:             6.8.0-52-generic
22-Feb-2025 14:03:29.100 INFO [main] org.apache.catalina.startup.VersionLoggerListener.log Архитектура:           amd64
22-Feb-2025 14:03:29.100 INFO [main] org.apache.catalina.startup.VersionLoggerListener.log Java Home:             /usr/lib/jvm/java-21-openjdk-amd64
22-Feb-2025 14:03:29.100 INFO [main] org.apache.catalina.startup.VersionLoggerListener.log Версия JVM:            21.0.6+7-Ubuntu-124.04.1
22-Feb-2025 14:03:29.100 INFO [main] org.apache.catalina.startup.VersionLoggerListener.log Производитель JVM:     Ubuntu
22-Feb-2025 14:03:29.100 INFO [main] org.apache.catalina.startup.VersionLoggerListener.log CATALINA_BASE:         /home/serega/YandexPr/Middle/Final_Sprint_Tasks/Spring/blog/apache-tomcat-11
22-Feb-2025 14:03:29.100 INFO [main] org.apache.catalina.startup.VersionLoggerListener.log CATALINA_HOME:         /home/serega/YandexPr/Middle/Final_Sprint_Tasks/Spring/blog/apache-tomcat-11
22-Feb-2025 14:03:29.110 INFO [main] org.apache.catalina.startup.VersionLoggerListener.log Command line argument: -Djava.util.logging.config.file=/home/serega/YandexPr/Middle/Final_Sprint_Tasks/Spring/blog/apache-tomcat-11/conf/logging.properties
22-Feb-2025 14:03:29.110 INFO [main] org.apache.catalina.startup.VersionLoggerListener.log Command line argument: -Djava.util.logging.manager=org.apache.juli.ClassLoaderLogManager
22-Feb-2025 14:03:29.110 INFO [main] org.apache.catalina.startup.VersionLoggerListener.log Command line argument: -Djdk.tls.ephemeralDHKeySize=2048
22-Feb-2025 14:03:29.110 INFO [main] org.apache.catalina.startup.VersionLoggerListener.log Command line argument: -Dorg.apache.catalina.security.SecurityListener.UMASK=0027
22-Feb-2025 14:03:29.111 INFO [main] org.apache.catalina.startup.VersionLoggerListener.log Command line argument: --add-opens=java.base/java.lang=ALL-UNNAMED
22-Feb-2025 14:03:29.111 INFO [main] org.apache.catalina.startup.VersionLoggerListener.log Command line argument: --add-opens=java.base/java.io=ALL-UNNAMED
22-Feb-2025 14:03:29.111 INFO [main] org.apache.catalina.startup.VersionLoggerListener.log Command line argument: --add-opens=java.base/java.util=ALL-UNNAMED
22-Feb-2025 14:03:29.111 INFO [main] org.apache.catalina.startup.VersionLoggerListener.log Command line argument: --add-opens=java.base/java.util.concurrent=ALL-UNNAMED
22-Feb-2025 14:03:29.111 INFO [main] org.apache.catalina.startup.VersionLoggerListener.log Command line argument: --add-opens=java.rmi/sun.rmi.transport=ALL-UNNAMED
22-Feb-2025 14:03:29.111 INFO [main] org.apache.catalina.startup.VersionLoggerListener.log Command line argument: --enable-native-access=ALL-UNNAMED
22-Feb-2025 14:03:29.111 INFO [main] org.apache.catalina.startup.VersionLoggerListener.log Command line argument: -Dcatalina.base=/home/serega/YandexPr/Middle/Final_Sprint_Tasks/Spring/blog/apache-tomcat-11
22-Feb-2025 14:03:29.111 INFO [main] org.apache.catalina.startup.VersionLoggerListener.log Command line argument: -Dcatalina.home=/home/serega/YandexPr/Middle/Final_Sprint_Tasks/Spring/blog/apache-tomcat-11
22-Feb-2025 14:03:29.111 INFO [main] org.apache.catalina.startup.VersionLoggerListener.log Command line argument: -Djava.io.tmpdir=/home/serega/YandexPr/Middle/Final_Sprint_Tasks/Spring/blog/apache-tomcat-11/temp
22-Feb-2025 14:03:29.113 INFO [main] org.apache.catalina.core.AprLifecycleListener.lifecycleEvent The Apache Tomcat Native library which allows using OpenSSL was not found on the java.library.path: [/usr/java/packages/lib:/usr/lib/x86_64-linux-gnu/jni:/lib/x86_64-linux-gnu:/usr/lib/x86_64-linux-gnu:/usr/lib/jni:/lib:/usr/lib]
22-Feb-2025 14:03:29.491 INFO [main] org.apache.coyote.AbstractProtocol.init Инициализация ProtocolHandler ["http-nio-8080"]
22-Feb-2025 14:03:29.515 INFO [main] org.apache.catalina.startup.Catalina.load Server initialization in [613] milliseconds
22-Feb-2025 14:03:29.560 INFO [main] org.apache.catalina.core.StandardService.startInternal Starting service [Catalina]
22-Feb-2025 14:03:29.560 INFO [main] org.apache.catalina.core.StandardEngine.startInternal Starting Servlet engine: [Apache Tomcat/11.0.2]
22-Feb-2025 14:03:29.577 INFO [main] org.apache.catalina.startup.HostConfig.deployWAR Deploying web application archive [/home/serega/YandexPr/Middle/Final_Sprint_Tasks/Spring/blog/apache-tomcat-11/webapps/blog.war]
22-Feb-2025 14:03:31.245 INFO [main] org.apache.jasper.servlet.TldScanner.scanJars At least one JAR was scanned for TLDs yet contained no TLDs. Enable debug logging for this logger for a complete list of JARs that were scanned but no TLDs were found in them. Skipping unneeded JARs during scanning can improve startup time and JSP compilation time.
22-Feb-2025 14:03:32.971 INFO [main] org.apache.catalina.startup.HostConfig.deployWAR Deployment of web application archive [/home/serega/YandexPr/Middle/Final_Sprint_Tasks/Spring/blog/apache-tomcat-11/webapps/blog.war] has finished in [3 394] ms
22-Feb-2025 14:03:32.972 INFO [main] org.apache.catalina.startup.HostConfig.deployDirectory Установка веб приложения в папку [/home/serega/YandexPr/Middle/Final_Sprint_Tasks/Spring/blog/apache-tomcat-11/webapps/docs]
22-Feb-2025 14:03:32.995 INFO [main] org.apache.catalina.startup.HostConfig.deployDirectory Deployment of web application directory [/home/serega/YandexPr/Middle/Final_Sprint_Tasks/Spring/blog/apache-tomcat-11/webapps/docs] has finished in [23] ms
22-Feb-2025 14:03:32.995 INFO [main] org.apache.catalina.startup.HostConfig.deployDirectory Установка веб приложения в папку [/home/serega/YandexPr/Middle/Final_Sprint_Tasks/Spring/blog/apache-tomcat-11/webapps/ROOT]
22-Feb-2025 14:03:33.012 INFO [main] org.apache.catalina.startup.HostConfig.deployDirectory Deployment of web application directory [/home/serega/YandexPr/Middle/Final_Sprint_Tasks/Spring/blog/apache-tomcat-11/webapps/ROOT] has finished in [17] ms
22-Feb-2025 14:03:33.013 INFO [main] org.apache.catalina.startup.HostConfig.deployDirectory Установка веб приложения в папку [/home/serega/YandexPr/Middle/Final_Sprint_Tasks/Spring/blog/apache-tomcat-11/webapps/examples]
22-Feb-2025 14:03:33.218 INFO [main] org.apache.catalina.startup.HostConfig.deployDirectory Deployment of web application directory [/home/serega/YandexPr/Middle/Final_Sprint_Tasks/Spring/blog/apache-tomcat-11/webapps/examples] has finished in [205] ms
22-Feb-2025 14:03:33.219 INFO [main] org.apache.catalina.startup.HostConfig.deployDirectory Установка веб приложения в папку [/home/serega/YandexPr/Middle/Final_Sprint_Tasks/Spring/blog/apache-tomcat-11/webapps/host-manager]
22-Feb-2025 14:03:33.241 INFO [main] org.apache.catalina.startup.HostConfig.deployDirectory Deployment of web application directory [/home/serega/YandexPr/Middle/Final_Sprint_Tasks/Spring/blog/apache-tomcat-11/webapps/host-manager] has finished in [22] ms
22-Feb-2025 14:03:33.241 INFO [main] org.apache.catalina.startup.HostConfig.deployDirectory Установка веб приложения в папку [/home/serega/YandexPr/Middle/Final_Sprint_Tasks/Spring/blog/apache-tomcat-11/webapps/manager]
22-Feb-2025 14:03:33.262 INFO [main] org.apache.catalina.startup.HostConfig.deployDirectory Deployment of web application directory [/home/serega/YandexPr/Middle/Final_Sprint_Tasks/Spring/blog/apache-tomcat-11/webapps/manager] has finished in [21] ms
22-Feb-2025 14:03:33.267 INFO [main] org.apache.coyote.AbstractProtocol.start Starting ProtocolHandler ["http-nio-8080"]
22-Feb-2025 14:03:33.277 INFO [main] org.apache.catalina.startup.Catalina.start Server startup in [3760] milliseconds
22-Feb-2025 14:04:51.741 INFO [main] org.apache.catalina.core.StandardServer.await A valid shutdown command was received via the shutdown port. Stopping the Server instance.
22-Feb-2025 14:04:51.742 INFO [main] org.apache.coyote.AbstractProtocol.pause Pausing ProtocolHandler ["http-nio-8080"]
22-Feb-2025 14:04:51.743 INFO [main] org.apache.catalina.core.StandardService.stopInternal Stopping service [Catalina]
22-Feb-2025 14:04:51.757 WARNING [main] org.apache.catalina.loader.WebappClassLoaderBase.clearReferencesJdbc The web application [blog] registered the JDBC driver [org.postgresql.Driver] but failed to unregister it when the web application was stopped. To prevent a memory leak, the JDBC Driver has been forcibly unregistered.
22-Feb-2025 14:04:51.771 INFO [main] org.apache.coyote.AbstractProtocol.stop Stopping ProtocolHandler ["http-nio-8080"]
22-Feb-2025 14:04:51.777 INFO [main] org.apache.coyote.AbstractProtocol.destroy Destroying ProtocolHandler ["http-nio-8080"]
22-Feb-2025 14:05:05.830 INFO [main] org.apache.catalina.startup.VersionLoggerListener.log Имя версии сервера:    Apache Tomcat/11.0.2
22-Feb-2025 14:05:05.834 INFO [main] org.apache.catalina.startup.VersionLoggerListener.log Сервер собран:         Dec 5 2024 15:19:37 UTC
22-Feb-2025 14:05:05.834 INFO [main] org.apache.catalina.startup.VersionLoggerListener.log Номер версии сервера:  11.0.2.0
22-Feb-2025 14:05:05.834 INFO [main] org.apache.catalina.startup.VersionLoggerListener.log OS Name:               Linux
22-Feb-2025 14:05:05.835 INFO [main] org.apache.catalina.startup.VersionLoggerListener.log Версия ОС:             6.8.0-52-generic
22-Feb-2025 14:05:05.835 INFO [main] org.apache.catalina.startup.VersionLoggerListener.log Архитектура:           amd64
22-Feb-2025 14:05:05.835 INFO [main] org.apache.catalina.startup.VersionLoggerListener.log Java Home:             /usr/lib/jvm/java-21-openjdk-amd64
22-Feb-2025 14:05:05.835 INFO [main] org.apache.catalina.startup.VersionLoggerListener.log Версия JVM:            21.0.6+7-Ubuntu-124.04.1
22-Feb-2025 14:05:05.835 INFO [main] org.apache.catalina.startup.VersionLoggerListener.log Производитель JVM:     Ubuntu
22-Feb-2025 14:05:05.835 INFO [main] org.apache.catalina.startup.VersionLoggerListener.log CATALINA_BASE:         /home/serega/YandexPr/Middle/Final_Sprint_Tasks/Spring/blog/apache-tomcat-11
22-Feb-2025 14:05:05.835 INFO [main] org.apache.catalina.startup.VersionLoggerListener.log CATALINA_HOME:         /home/serega/YandexPr/Middle/Final_Sprint_Tasks/Spring/blog/apache-tomcat-11
22-Feb-2025 14:05:05.845 INFO [main] org.apache.catalina.startup.VersionLoggerListener.log Command line argument: -Djava.util.logging.config.file=/home/serega/YandexPr/Middle/Final_Sprint_Tasks/Spring/blog/apache-tomcat-11/conf/logging.properties
22-Feb-2025 14:05:05.845 INFO [main] org.apache.catalina.startup.VersionLoggerListener.log Command line argument: -Djava.util.logging.manager=org.apache.juli.ClassLoaderLogManager
22-Feb-2025 14:05:05.845 INFO [main] org.apache.catalina.startup.VersionLoggerListener.log Command line argument: -Djdk.tls.ephemeralDHKeySize=2048
22-Feb-2025 14:05:05.845 INFO [main] org.apache.catalina.startup.VersionLoggerListener.log Command line argument: -Dorg.apache.catalina.security.SecurityListener.UMASK=0027
22-Feb-2025 14:05:05.846 INFO [main] org.apache.catalina.startup.VersionLoggerListener.log Command line argument: --add-opens=java.base/java.lang=ALL-UNNAMED
22-Feb-2025 14:05:05.846 INFO [main] org.apache.catalina.startup.VersionLoggerListener.log Command line argument: --add-opens=java.base/java.io=ALL-UNNAMED
22-Feb-2025 14:05:05.846 INFO [main] org.apache.catalina.startup.VersionLoggerListener.log Command line argument: --add-opens=java.base/java.util=ALL-UNNAMED
22-Feb-2025 14:05:05.846 INFO [main] org.apache.catalina.startup.VersionLoggerListener.log Command line argument: --add-opens=java.base/java.util.concurrent=ALL-UNNAMED
22-Feb-2025 14:05:05.846 INFO [main] org.apache.catalina.startup.VersionLoggerListener.log Command line argument: --add-opens=java.rmi/sun.rmi.transport=ALL-UNNAMED
22-Feb-2025 14:05:05.846 INFO [main] org.apache.catalina.startup.VersionLoggerListener.log Command line argument: --enable-native-access=ALL-UNNAMED
22-Feb-2025 14:05:05.846 INFO [main] org.apache.catalina.startup.VersionLoggerListener.log Command line argument: -Dcatalina.base=/home/serega/YandexPr/Middle/Final_Sprint_Tasks/Spring/blog/apache-tomcat-11
22-Feb-2025 14:05:05.846 INFO [main] org.apache.catalina.startup.VersionLoggerListener.log Command line argument: -Dcatalina.home=/home/serega/YandexPr/Middle/Final_Sprint_Tasks/Spring/blog/apache-tomcat-11
22-Feb-2025 14:05:05.846 INFO [main] org.apache.catalina.startup.VersionLoggerListener.log Command line argument: -Djava.io.tmpdir=/home/serega/YandexPr/Middle/Final_Sprint_Tasks/Spring/blog/apache-tomcat-11/temp
22-Feb-2025 14:05:05.848 INFO [main] org.apache.catalina.core.AprLifecycleListener.lifecycleEvent The Apache Tomcat Native library which allows using OpenSSL was not found on the java.library.path: [/usr/java/packages/lib:/usr/lib/x86_64-linux-gnu/jni:/lib/x86_64-linux-gnu:/usr/lib/x86_64-linux-gnu:/usr/lib/jni:/lib:/usr/lib]
22-Feb-2025 14:05:06.221 INFO [main] org.apache.coyote.AbstractProtocol.init Инициализация ProtocolHandler ["http-nio-8080"]
22-Feb-2025 14:05:06.248 INFO [main] org.apache.catalina.startup.Catalina.load Server initialization in [611] milliseconds
22-Feb-2025 14:05:06.295 INFO [main] org.apache.catalina.core.StandardService.startInternal Starting service [Catalina]
22-Feb-2025 14:05:06.295 INFO [main] org.apache.catalina.core.StandardEngine.startInternal Starting Servlet engine: [Apache Tomcat/11.0.2]
22-Feb-2025 14:05:06.314 INFO [main] org.apache.catalina.startup.HostConfig.deployWAR Deploying web application archive [/home/serega/YandexPr/Middle/Final_Sprint_Tasks/Spring/blog/apache-tomcat-11/webapps/blog.war]
22-Feb-2025 14:05:08.112 INFO [main] org.apache.jasper.servlet.TldScanner.scanJars At least one JAR was scanned for TLDs yet contained no TLDs. Enable debug logging for this logger for a complete list of JARs that were scanned but no TLDs were found in them. Skipping unneeded JARs during scanning can improve startup time and JSP compilation time.
22-Feb-2025 14:05:10.066 INFO [main] org.apache.catalina.startup.HostConfig.deployWAR Deployment of web application archive [/home/serega/YandexPr/Middle/Final_Sprint_Tasks/Spring/blog/apache-tomcat-11/webapps/blog.war] has finished in [3 753] ms
22-Feb-2025 14:05:10.067 INFO [main] org.apache.catalina.startup.HostConfig.deployDirectory Установка веб приложения в папку [/home/serega/YandexPr/Middle/Final_Sprint_Tasks/Spring/blog/apache-tomcat-11/webapps/docs]
22-Feb-2025 14:05:10.092 INFO [main] org.apache.catalina.startup.HostConfig.deployDirectory Deployment of web application directory [/home/serega/YandexPr/Middle/Final_Sprint_Tasks/Spring/blog/apache-tomcat-11/webapps/docs] has finished in [24] ms
22-Feb-2025 14:05:10.092 INFO [main] org.apache.catalina.startup.HostConfig.deployDirectory Установка веб приложения в папку [/home/serega/YandexPr/Middle/Final_Sprint_Tasks/Spring/blog/apache-tomcat-11/webapps/ROOT]
22-Feb-2025 14:05:10.110 INFO [main] org.apache.catalina.startup.HostConfig.deployDirectory Deployment of web application directory [/home/serega/YandexPr/Middle/Final_Sprint_Tasks/Spring/blog/apache-tomcat-11/webapps/ROOT] has finished in [17] ms
22-Feb-2025 14:05:10.110 INFO [main] org.apache.catalina.startup.HostConfig.deployDirectory Установка веб приложения в папку [/home/serega/YandexPr/Middle/Final_Sprint_Tasks/Spring/blog/apache-tomcat-11/webapps/examples]
22-Feb-2025 14:05:10.334 INFO [main] org.apache.catalina.startup.HostConfig.deployDirectory Deployment of web application directory [/home/serega/YandexPr/Middle/Final_Sprint_Tasks/Spring/blog/apache-tomcat-11/webapps/examples] has finished in [224] ms
22-Feb-2025 14:05:10.334 INFO [main] org.apache.catalina.startup.HostConfig.deployDirectory Установка веб приложения в папку [/home/serega/YandexPr/Middle/Final_Sprint_Tasks/Spring/blog/apache-tomcat-11/webapps/host-manager]
22-Feb-2025 14:05:10.362 INFO [main] org.apache.catalina.startup.HostConfig.deployDirectory Deployment of web application directory [/home/serega/YandexPr/Middle/Final_Sprint_Tasks/Spring/blog/apache-tomcat-11/webapps/host-manager] has finished in [28] ms
22-Feb-2025 14:05:10.362 INFO [main] org.apache.catalina.startup.HostConfig.deployDirectory Установка веб приложения в папку [/home/serega/YandexPr/Middle/Final_Sprint_Tasks/Spring/blog/apache-tomcat-11/webapps/manager]
22-Feb-2025 14:05:10.385 INFO [main] org.apache.catalina.startup.HostConfig.deployDirectory Deployment of web application directory [/home/serega/YandexPr/Middle/Final_Sprint_Tasks/Spring/blog/apache-tomcat-11/webapps/manager] has finished in [22] ms
22-Feb-2025 14:05:10.389 INFO [main] org.apache.coyote.AbstractProtocol.start Starting ProtocolHandler ["http-nio-8080"]
22-Feb-2025 14:05:10.402 INFO [main] org.apache.catalina.startup.Catalina.start Server startup in [4152] milliseconds
22-Feb-2025 14:08:34.382 INFO [main] org.apache.catalina.core.StandardServer.await A valid shutdown command was received via the shutdown port. Stopping the Server instance.
22-Feb-2025 14:08:34.382 INFO [main] org.apache.coyote.AbstractProtocol.pause Pausing ProtocolHandler ["http-nio-8080"]
22-Feb-2025 14:08:34.384 INFO [main] org.apache.catalina.core.StandardService.stopInternal Stopping service [Catalina]
22-Feb-2025 14:08:34.404 WARNING [main] org.apache.catalina.loader.WebappClassLoaderBase.clearReferencesJdbc The web application [blog] registered the JDBC driver [org.postgresql.Driver] but failed to unregister it when the web application was stopped. To prevent a memory leak, the JDBC Driver has been forcibly unregistered.
22-Feb-2025 14:08:34.422 INFO [main] org.apache.coyote.AbstractProtocol.stop Stopping ProtocolHandler ["http-nio-8080"]
22-Feb-2025 14:08:34.426 INFO [main] org.apache.coyote.AbstractProtocol.destroy Destroying ProtocolHandler ["http-nio-8080"]
22-Feb-2025 14:08:56.877 INFO [main] org.apache.catalina.startup.VersionLoggerListener.log Имя версии сервера:    Apache Tomcat/11.0.2
22-Feb-2025 14:08:56.881 INFO [main] org.apache.catalina.startup.VersionLoggerListener.log Сервер собран:         Dec 5 2024 15:19:37 UTC
22-Feb-2025 14:08:56.881 INFO [main] org.apache.catalina.startup.VersionLoggerListener.log Номер версии сервера:  11.0.2.0
22-Feb-2025 14:08:56.882 INFO [main] org.apache.catalina.startup.VersionLoggerListener.log OS Name:               Linux
22-Feb-2025 14:08:56.882 INFO [main] org.apache.catalina.startup.VersionLoggerListener.log Версия ОС:             6.8.0-52-generic
22-Feb-2025 14:08:56.882 INFO [main] org.apache.catalina.startup.VersionLoggerListener.log Архитектура:           amd64
22-Feb-2025 14:08:56.882 INFO [main] org.apache.catalina.startup.VersionLoggerListener.log Java Home:             /usr/lib/jvm/java-21-openjdk-amd64
22-Feb-2025 14:08:56.882 INFO [main] org.apache.catalina.startup.VersionLoggerListener.log Версия JVM:            21.0.6+7-Ubuntu-124.04.1
22-Feb-2025 14:08:56.882 INFO [main] org.apache.catalina.startup.VersionLoggerListener.log Производитель JVM:     Ubuntu
22-Feb-2025 14:08:56.883 INFO [main] org.apache.catalina.startup.VersionLoggerListener.log CATALINA_BASE:         /home/serega/YandexPr/Middle/Final_Sprint_Tasks/Spring/blog/apache-tomcat-11
22-Feb-2025 14:08:56.883 INFO [main] org.apache.catalina.startup.VersionLoggerListener.log CATALINA_HOME:         /home/serega/YandexPr/Middle/Final_Sprint_Tasks/Spring/blog/apache-tomcat-11
22-Feb-2025 14:08:56.893 INFO [main] org.apache.catalina.startup.VersionLoggerListener.log Command line argument: -Djava.util.logging.config.file=/home/serega/YandexPr/Middle/Final_Sprint_Tasks/Spring/blog/apache-tomcat-11/conf/logging.properties
22-Feb-2025 14:08:56.893 INFO [main] org.apache.catalina.startup.VersionLoggerListener.log Command line argument: -Djava.util.logging.manager=org.apache.juli.ClassLoaderLogManager
22-Feb-2025 14:08:56.893 INFO [main] org.apache.catalina.startup.VersionLoggerListener.log Command line argument: -Djdk.tls.ephemeralDHKeySize=2048
22-Feb-2025 14:08:56.893 INFO [main] org.apache.catalina.startup.VersionLoggerListener.log Command line argument: -Dorg.apache.catalina.security.SecurityListener.UMASK=0027
22-Feb-2025 14:08:56.893 INFO [main] org.apache.catalina.startup.VersionLoggerListener.log Command line argument: --add-opens=java.base/java.lang=ALL-UNNAMED
22-Feb-2025 14:08:56.893 INFO [main] org.apache.catalina.startup.VersionLoggerListener.log Command line argument: --add-opens=java.base/java.io=ALL-UNNAMED
22-Feb-2025 14:08:56.894 INFO [main] org.apache.catalina.startup.VersionLoggerListener.log Command line argument: --add-opens=java.base/java.util=ALL-UNNAMED
22-Feb-2025 14:08:56.894 INFO [main] org.apache.catalina.startup.VersionLoggerListener.log Command line argument: --add-opens=java.base/java.util.concurrent=ALL-UNNAMED
22-Feb-2025 14:08:56.894 INFO [main] org.apache.catalina.startup.VersionLoggerListener.log Command line argument: --add-opens=java.rmi/sun.rmi.transport=ALL-UNNAMED
22-Feb-2025 14:08:56.894 INFO [main] org.apache.catalina.startup.VersionLoggerListener.log Command line argument: --enable-native-access=ALL-UNNAMED
22-Feb-2025 14:08:56.894 INFO [main] org.apache.catalina.startup.VersionLoggerListener.log Command line argument: -Dcatalina.base=/home/serega/YandexPr/Middle/Final_Sprint_Tasks/Spring/blog/apache-tomcat-11
22-Feb-2025 14:08:56.894 INFO [main] org.apache.catalina.startup.VersionLoggerListener.log Command line argument: -Dcatalina.home=/home/serega/YandexPr/Middle/Final_Sprint_Tasks/Spring/blog/apache-tomcat-11
22-Feb-2025 14:08:56.894 INFO [main] org.apache.catalina.startup.VersionLoggerListener.log Command line argument: -Djava.io.tmpdir=/home/serega/YandexPr/Middle/Final_Sprint_Tasks/Spring/blog/apache-tomcat-11/temp
22-Feb-2025 14:08:56.896 INFO [main] org.apache.catalina.core.AprLifecycleListener.lifecycleEvent The Apache Tomcat Native library which allows using OpenSSL was not found on the java.library.path: [/usr/java/packages/lib:/usr/lib/x86_64-linux-gnu/jni:/lib/x86_64-linux-gnu:/usr/lib/x86_64-linux-gnu:/usr/lib/jni:/lib:/usr/lib]
22-Feb-2025 14:08:57.270 INFO [main] org.apache.coyote.AbstractProtocol.init Инициализация ProtocolHandler ["http-nio-8080"]
22-Feb-2025 14:08:57.295 INFO [main] org.apache.catalina.startup.Catalina.load Server initialization in [618] milliseconds
22-Feb-2025 14:08:57.342 INFO [main] org.apache.catalina.core.StandardService.startInternal Starting service [Catalina]
22-Feb-2025 14:08:57.342 INFO [main] org.apache.catalina.core.StandardEngine.startInternal Starting Servlet engine: [Apache Tomcat/11.0.2]
22-Feb-2025 14:08:57.359 INFO [main] org.apache.catalina.startup.HostConfig.deployWAR Deploying web application archive [/home/serega/YandexPr/Middle/Final_Sprint_Tasks/Spring/blog/apache-tomcat-11/webapps/blog.war]
22-Feb-2025 14:08:59.008 INFO [main] org.apache.jasper.servlet.TldScanner.scanJars At least one JAR was scanned for TLDs yet contained no TLDs. Enable debug logging for this logger for a complete list of JARs that were scanned but no TLDs were found in them. Skipping unneeded JARs during scanning can improve startup time and JSP compilation time.
22-Feb-2025 14:09:00.748 INFO [main] org.apache.catalina.startup.HostConfig.deployWAR Deployment of web application archive [/home/serega/YandexPr/Middle/Final_Sprint_Tasks/Spring/blog/apache-tomcat-11/webapps/blog.war] has finished in [3 390] ms
22-Feb-2025 14:09:00.749 INFO [main] org.apache.catalina.startup.HostConfig.deployDirectory Установка веб приложения в папку [/home/serega/YandexPr/Middle/Final_Sprint_Tasks/Spring/blog/apache-tomcat-11/webapps/docs]
22-Feb-2025 14:09:00.773 INFO [main] org.apache.catalina.startup.HostConfig.deployDirectory Deployment of web application directory [/home/serega/YandexPr/Middle/Final_Sprint_Tasks/Spring/blog/apache-tomcat-11/webapps/docs] has finished in [24] ms
22-Feb-2025 14:09:00.773 INFO [main] org.apache.catalina.startup.HostConfig.deployDirectory Установка веб приложения в папку [/home/serega/YandexPr/Middle/Final_Sprint_Tasks/Spring/blog/apache-tomcat-11/webapps/ROOT]
22-Feb-2025 14:09:00.791 INFO [main] org.apache.catalina.startup.HostConfig.deployDirectory Deployment of web application directory [/home/serega/YandexPr/Middle/Final_Sprint_Tasks/Spring/blog/apache-tomcat-11/webapps/ROOT] has finished in [18] ms
22-Feb-2025 14:09:00.791 INFO [main] org.apache.catalina.startup.HostConfig.deployDirectory Установка веб приложения в папку [/home/serega/YandexPr/Middle/Final_Sprint_Tasks/Spring/blog/apache-tomcat-11/webapps/examples]
22-Feb-2025 14:09:00.989 INFO [main] org.apache.catalina.startup.HostConfig.deployDirectory Deployment of web application directory [/home/serega/YandexPr/Middle/Final_Sprint_Tasks/Spring/blog/apache-tomcat-11/webapps/examples] has finished in [197] ms
22-Feb-2025 14:09:00.989 INFO [main] org.apache.catalina.startup.HostConfig.deployDirectory Установка веб приложения в папку [/home/serega/YandexPr/Middle/Final_Sprint_Tasks/Spring/blog/apache-tomcat-11/webapps/host-manager]
22-Feb-2025 14:09:01.019 INFO [main] org.apache.catalina.startup.HostConfig.deployDirectory Deployment of web application directory [/home/serega/YandexPr/Middle/Final_Sprint_Tasks/Spring/blog/apache-tomcat-11/webapps/host-manager] has finished in [30] ms
22-Feb-2025 14:09:01.020 INFO [main] org.apache.catalina.startup.HostConfig.deployDirectory Установка веб приложения в папку [/home/serega/YandexPr/Middle/Final_Sprint_Tasks/Spring/blog/apache-tomcat-11/webapps/manager]
22-Feb-2025 14:09:01.044 INFO [main] org.apache.catalina.startup.HostConfig.deployDirectory Deployment of web application directory [/home/serega/YandexPr/Middle/Final_Sprint_Tasks/Spring/blog/apache-tomcat-11/webapps/manager] has finished in [25] ms
22-Feb-2025 14:09:01.049 INFO [main] org.apache.coyote.AbstractProtocol.start Starting ProtocolHandler ["http-nio-8080"]
22-Feb-2025 14:09:01.058 INFO [main] org.apache.catalina.startup.Catalina.start Server startup in [3761] milliseconds
22-Feb-2025 14:16:44.202 INFO [main] org.apache.catalina.core.StandardServer.await A valid shutdown command was received via the shutdown port. Stopping the Server instance.
22-Feb-2025 14:16:44.203 INFO [main] org.apache.coyote.AbstractProtocol.pause Pausing ProtocolHandler ["http-nio-8080"]
22-Feb-2025 14:16:44.204 INFO [main] org.apache.catalina.core.StandardService.stopInternal Stopping service [Catalina]
22-Feb-2025 14:16:44.219 WARNING [main] org.apache.catalina.loader.WebappClassLoaderBase.clearReferencesJdbc The web application [blog] registered the JDBC driver [org.postgresql.Driver] but failed to unregister it when the web application was stopped. To prevent a memory leak, the JDBC Driver has been forcibly unregistered.
22-Feb-2025 14:16:44.235 INFO [main] org.apache.coyote.AbstractProtocol.stop Stopping ProtocolHandler ["http-nio-8080"]
22-Feb-2025 14:16:44.237 INFO [main] org.apache.coyote.AbstractProtocol.destroy Destroying ProtocolHandler ["http-nio-8080"]
22-Feb-2025 14:17:03.513 INFO [main] org.apache.catalina.startup.VersionLoggerListener.log Имя версии сервера:    Apache Tomcat/11.0.2
22-Feb-2025 14:17:03.518 INFO [main] org.apache.catalina.startup.VersionLoggerListener.log Сервер собран:         Dec 5 2024 15:19:37 UTC
22-Feb-2025 14:17:03.518 INFO [main] org.apache.catalina.startup.VersionLoggerListener.log Номер версии сервера:  11.0.2.0
22-Feb-2025 14:17:03.518 INFO [main] org.apache.catalina.startup.VersionLoggerListener.log OS Name:               Linux
22-Feb-2025 14:17:03.518 INFO [main] org.apache.catalina.startup.VersionLoggerListener.log Версия ОС:             6.8.0-52-generic
22-Feb-2025 14:17:03.518 INFO [main] org.apache.catalina.startup.VersionLoggerListener.log Архитектура:           amd64
22-Feb-2025 14:17:03.519 INFO [main] org.apache.catalina.startup.VersionLoggerListener.log Java Home:             /usr/lib/jvm/java-21-openjdk-amd64
22-Feb-2025 14:17:03.519 INFO [main] org.apache.catalina.startup.VersionLoggerListener.log Версия JVM:            21.0.6+7-Ubuntu-124.04.1
22-Feb-2025 14:17:03.519 INFO [main] org.apache.catalina.startup.VersionLoggerListener.log Производитель JVM:     Ubuntu
22-Feb-2025 14:17:03.519 INFO [main] org.apache.catalina.startup.VersionLoggerListener.log CATALINA_BASE:         /home/serega/YandexPr/Middle/Final_Sprint_Tasks/Spring/blog/apache-tomcat-11
22-Feb-2025 14:17:03.519 INFO [main] org.apache.catalina.startup.VersionLoggerListener.log CATALINA_HOME:         /home/serega/YandexPr/Middle/Final_Sprint_Tasks/Spring/blog/apache-tomcat-11
22-Feb-2025 14:17:03.529 INFO [main] org.apache.catalina.startup.VersionLoggerListener.log Command line argument: -Djava.util.logging.config.file=/home/serega/YandexPr/Middle/Final_Sprint_Tasks/Spring/blog/apache-tomcat-11/conf/logging.properties
22-Feb-2025 14:17:03.529 INFO [main] org.apache.catalina.startup.VersionLoggerListener.log Command line argument: -Djava.util.logging.manager=org.apache.juli.ClassLoaderLogManager
22-Feb-2025 14:17:03.529 INFO [main] org.apache.catalina.startup.VersionLoggerListener.log Command line argument: -Djdk.tls.ephemeralDHKeySize=2048
22-Feb-2025 14:17:03.529 INFO [main] org.apache.catalina.startup.VersionLoggerListener.log Command line argument: -Dorg.apache.catalina.security.SecurityListener.UMASK=0027
22-Feb-2025 14:17:03.529 INFO [main] org.apache.catalina.startup.VersionLoggerListener.log Command line argument: --add-opens=java.base/java.lang=ALL-UNNAMED
22-Feb-2025 14:17:03.530 INFO [main] org.apache.catalina.startup.VersionLoggerListener.log Command line argument: --add-opens=java.base/java.io=ALL-UNNAMED
22-Feb-2025 14:17:03.530 INFO [main] org.apache.catalina.startup.VersionLoggerListener.log Command line argument: --add-opens=java.base/java.util=ALL-UNNAMED
22-Feb-2025 14:17:03.530 INFO [main] org.apache.catalina.startup.VersionLoggerListener.log Command line argument: --add-opens=java.base/java.util.concurrent=ALL-UNNAMED
22-Feb-2025 14:17:03.530 INFO [main] org.apache.catalina.startup.VersionLoggerListener.log Command line argument: --add-opens=java.rmi/sun.rmi.transport=ALL-UNNAMED
22-Feb-2025 14:17:03.530 INFO [main] org.apache.catalina.startup.VersionLoggerListener.log Command line argument: --enable-native-access=ALL-UNNAMED
22-Feb-2025 14:17:03.530 INFO [main] org.apache.catalina.startup.VersionLoggerListener.log Command line argument: -Dcatalina.base=/home/serega/YandexPr/Middle/Final_Sprint_Tasks/Spring/blog/apache-tomcat-11
22-Feb-2025 14:17:03.530 INFO [main] org.apache.catalina.startup.VersionLoggerListener.log Command line argument: -Dcatalina.home=/home/serega/YandexPr/Middle/Final_Sprint_Tasks/Spring/blog/apache-tomcat-11
22-Feb-2025 14:17:03.530 INFO [main] org.apache.catalina.startup.VersionLoggerListener.log Command line argument: -Djava.io.tmpdir=/home/serega/YandexPr/Middle/Final_Sprint_Tasks/Spring/blog/apache-tomcat-11/temp
22-Feb-2025 14:17:03.533 INFO [main] org.apache.catalina.core.AprLifecycleListener.lifecycleEvent The Apache Tomcat Native library which allows using OpenSSL was not found on the java.library.path: [/usr/java/packages/lib:/usr/lib/x86_64-linux-gnu/jni:/lib/x86_64-linux-gnu:/usr/lib/x86_64-linux-gnu:/usr/lib/jni:/lib:/usr/lib]
22-Feb-2025 14:17:03.950 INFO [main] org.apache.coyote.AbstractProtocol.init Инициализация ProtocolHandler ["http-nio-8080"]
22-Feb-2025 14:17:03.974 INFO [main] org.apache.catalina.startup.Catalina.load Server initialization in [677] milliseconds
22-Feb-2025 14:17:04.020 INFO [main] org.apache.catalina.core.StandardService.startInternal Starting service [Catalina]
22-Feb-2025 14:17:04.021 INFO [main] org.apache.catalina.core.StandardEngine.startInternal Starting Servlet engine: [Apache Tomcat/11.0.2]
22-Feb-2025 14:17:04.036 INFO [main] org.apache.catalina.startup.HostConfig.deployWAR Deploying web application archive [/home/serega/YandexPr/Middle/Final_Sprint_Tasks/Spring/blog/apache-tomcat-11/webapps/blog.war]
22-Feb-2025 14:17:05.701 INFO [main] org.apache.jasper.servlet.TldScanner.scanJars At least one JAR was scanned for TLDs yet contained no TLDs. Enable debug logging for this logger for a complete list of JARs that were scanned but no TLDs were found in them. Skipping unneeded JARs during scanning can improve startup time and JSP compilation time.
22-Feb-2025 14:17:07.449 INFO [main] org.apache.catalina.startup.HostConfig.deployWAR Deployment of web application archive [/home/serega/YandexPr/Middle/Final_Sprint_Tasks/Spring/blog/apache-tomcat-11/webapps/blog.war] has finished in [3 412] ms
22-Feb-2025 14:17:07.451 INFO [main] org.apache.catalina.startup.HostConfig.deployDirectory Установка веб приложения в папку [/home/serega/YandexPr/Middle/Final_Sprint_Tasks/Spring/blog/apache-tomcat-11/webapps/docs]
22-Feb-2025 14:17:07.479 INFO [main] org.apache.catalina.startup.HostConfig.deployDirectory Deployment of web application directory [/home/serega/YandexPr/Middle/Final_Sprint_Tasks/Spring/blog/apache-tomcat-11/webapps/docs] has finished in [27] ms
22-Feb-2025 14:17:07.479 INFO [main] org.apache.catalina.startup.HostConfig.deployDirectory Установка веб приложения в папку [/home/serega/YandexPr/Middle/Final_Sprint_Tasks/Spring/blog/apache-tomcat-11/webapps/ROOT]
22-Feb-2025 14:17:07.498 INFO [main] org.apache.catalina.startup.HostConfig.deployDirectory Deployment of web application directory [/home/serega/YandexPr/Middle/Final_Sprint_Tasks/Spring/blog/apache-tomcat-11/webapps/ROOT] has finished in [19] ms
22-Feb-2025 14:17:07.498 INFO [main] org.apache.catalina.startup.HostConfig.deployDirectory Установка веб приложения в папку [/home/serega/YandexPr/Middle/Final_Sprint_Tasks/Spring/blog/apache-tomcat-11/webapps/examples]
22-Feb-2025 14:17:07.714 INFO [main] org.apache.catalina.startup.HostConfig.deployDirectory Deployment of web application directory [/home/serega/YandexPr/Middle/Final_Sprint_Tasks/Spring/blog/apache-tomcat-11/webapps/examples] has finished in [216] ms
22-Feb-2025 14:17:07.715 INFO [main] org.apache.catalina.startup.HostConfig.deployDirectory Установка веб приложения в папку [/home/serega/YandexPr/Middle/Final_Sprint_Tasks/Spring/blog/apache-tomcat-11/webapps/host-manager]
22-Feb-2025 14:17:07.741 INFO [main] org.apache.catalina.startup.HostConfig.deployDirectory Deployment of web application directory [/home/serega/YandexPr/Middle/Final_Sprint_Tasks/Spring/blog/apache-tomcat-11/webapps/host-manager] has finished in [26] ms
22-Feb-2025 14:17:07.742 INFO [main] org.apache.catalina.startup.HostConfig.deployDirectory Установка веб приложения в папку [/home/serega/YandexPr/Middle/Final_Sprint_Tasks/Spring/blog/apache-tomcat-11/webapps/manager]
22-Feb-2025 14:17:07.762 INFO [main] org.apache.catalina.startup.HostConfig.deployDirectory Deployment of web application directory [/home/serega/YandexPr/Middle/Final_Sprint_Tasks/Spring/blog/apache-tomcat-11/webapps/manager] has finished in [19] ms
22-Feb-2025 14:17:07.766 INFO [main] org.apache.coyote.AbstractProtocol.start Starting ProtocolHandler ["http-nio-8080"]
22-Feb-2025 14:17:07.776 INFO [main] org.apache.catalina.startup.Catalina.start Server startup in [3800] milliseconds
22-Feb-2025 14:18:21.259 INFO [main] org.apache.catalina.core.StandardServer.await A valid shutdown command was received via the shutdown port. Stopping the Server instance.
22-Feb-2025 14:18:21.260 INFO [main] org.apache.coyote.AbstractProtocol.pause Pausing ProtocolHandler ["http-nio-8080"]
22-Feb-2025 14:18:21.261 INFO [main] org.apache.catalina.core.StandardService.stopInternal Stopping service [Catalina]
22-Feb-2025 14:18:21.276 WARNING [main] org.apache.catalina.loader.WebappClassLoaderBase.clearReferencesJdbc The web application [blog] registered the JDBC driver [org.postgresql.Driver] but failed to unregister it when the web application was stopped. To prevent a memory leak, the JDBC Driver has been forcibly unregistered.
22-Feb-2025 14:18:21.291 INFO [main] org.apache.coyote.AbstractProtocol.stop Stopping ProtocolHandler ["http-nio-8080"]
22-Feb-2025 14:18:21.295 INFO [main] org.apache.coyote.AbstractProtocol.destroy Destroying ProtocolHandler ["http-nio-8080"]
22-Feb-2025 14:18:35.978 INFO [main] org.apache.catalina.startup.VersionLoggerListener.log Имя версии сервера:    Apache Tomcat/11.0.2
22-Feb-2025 14:18:35.982 INFO [main] org.apache.catalina.startup.VersionLoggerListener.log Сервер собран:         Dec 5 2024 15:19:37 UTC
22-Feb-2025 14:18:35.982 INFO [main] org.apache.catalina.startup.VersionLoggerListener.log Номер версии сервера:  11.0.2.0
22-Feb-2025 14:18:35.982 INFO [main] org.apache.catalina.startup.VersionLoggerListener.log OS Name:               Linux
22-Feb-2025 14:18:35.983 INFO [main] org.apache.catalina.startup.VersionLoggerListener.log Версия ОС:             6.8.0-52-generic
22-Feb-2025 14:18:35.983 INFO [main] org.apache.catalina.startup.VersionLoggerListener.log Архитектура:           amd64
22-Feb-2025 14:18:35.983 INFO [main] org.apache.catalina.startup.VersionLoggerListener.log Java Home:             /usr/lib/jvm/java-21-openjdk-amd64
22-Feb-2025 14:18:35.983 INFO [main] org.apache.catalina.startup.VersionLoggerListener.log Версия JVM:            21.0.6+7-Ubuntu-124.04.1
22-Feb-2025 14:18:35.983 INFO [main] org.apache.catalina.startup.VersionLoggerListener.log Производитель JVM:     Ubuntu
22-Feb-2025 14:18:35.983 INFO [main] org.apache.catalina.startup.VersionLoggerListener.log CATALINA_BASE:         /home/serega/YandexPr/Middle/Final_Sprint_Tasks/Spring/blog/apache-tomcat-11
22-Feb-2025 14:18:35.983 INFO [main] org.apache.catalina.startup.VersionLoggerListener.log CATALINA_HOME:         /home/serega/YandexPr/Middle/Final_Sprint_Tasks/Spring/blog/apache-tomcat-11
22-Feb-2025 14:18:35.993 INFO [main] org.apache.catalina.startup.VersionLoggerListener.log Command line argument: -Djava.util.logging.config.file=/home/serega/YandexPr/Middle/Final_Sprint_Tasks/Spring/blog/apache-tomcat-11/conf/logging.properties
22-Feb-2025 14:18:35.993 INFO [main] org.apache.catalina.startup.VersionLoggerListener.log Command line argument: -Djava.util.logging.manager=org.apache.juli.ClassLoaderLogManager
22-Feb-2025 14:18:35.993 INFO [main] org.apache.catalina.startup.VersionLoggerListener.log Command line argument: -Djdk.tls.ephemeralDHKeySize=2048
22-Feb-2025 14:18:35.994 INFO [main] org.apache.catalina.startup.VersionLoggerListener.log Command line argument: -Dorg.apache.catalina.security.SecurityListener.UMASK=0027
22-Feb-2025 14:18:35.994 INFO [main] org.apache.catalina.startup.VersionLoggerListener.log Command line argument: --add-opens=java.base/java.lang=ALL-UNNAMED
22-Feb-2025 14:18:35.994 INFO [main] org.apache.catalina.startup.VersionLoggerListener.log Command line argument: --add-opens=java.base/java.io=ALL-UNNAMED
22-Feb-2025 14:18:35.994 INFO [main] org.apache.catalina.startup.VersionLoggerListener.log Command line argument: --add-opens=java.base/java.util=ALL-UNNAMED
22-Feb-2025 14:18:35.994 INFO [main] org.apache.catalina.startup.VersionLoggerListener.log Command line argument: --add-opens=java.base/java.util.concurrent=ALL-UNNAMED
22-Feb-2025 14:18:35.994 INFO [main] org.apache.catalina.startup.VersionLoggerListener.log Command line argument: --add-opens=java.rmi/sun.rmi.transport=ALL-UNNAMED
22-Feb-2025 14:18:35.994 INFO [main] org.apache.catalina.startup.VersionLoggerListener.log Command line argument: --enable-native-access=ALL-UNNAMED
22-Feb-2025 14:18:35.995 INFO [main] org.apache.catalina.startup.VersionLoggerListener.log Command line argument: -Dcatalina.base=/home/serega/YandexPr/Middle/Final_Sprint_Tasks/Spring/blog/apache-tomcat-11
22-Feb-2025 14:18:35.995 INFO [main] org.apache.catalina.startup.VersionLoggerListener.log Command line argument: -Dcatalina.home=/home/serega/YandexPr/Middle/Final_Sprint_Tasks/Spring/blog/apache-tomcat-11
22-Feb-2025 14:18:35.995 INFO [main] org.apache.catalina.startup.VersionLoggerListener.log Command line argument: -Djava.io.tmpdir=/home/serega/YandexPr/Middle/Final_Sprint_Tasks/Spring/blog/apache-tomcat-11/temp
22-Feb-2025 14:18:35.997 INFO [main] org.apache.catalina.core.AprLifecycleListener.lifecycleEvent The Apache Tomcat Native library which allows using OpenSSL was not found on the java.library.path: [/usr/java/packages/lib:/usr/lib/x86_64-linux-gnu/jni:/lib/x86_64-linux-gnu:/usr/lib/x86_64-linux-gnu:/usr/lib/jni:/lib:/usr/lib]
22-Feb-2025 14:18:36.430 INFO [main] org.apache.coyote.AbstractProtocol.init Инициализация ProtocolHandler ["http-nio-8080"]
22-Feb-2025 14:18:36.461 INFO [main] org.apache.catalina.startup.Catalina.load Server initialization in [702] milliseconds
22-Feb-2025 14:18:36.519 INFO [main] org.apache.catalina.core.StandardService.startInternal Starting service [Catalina]
22-Feb-2025 14:18:36.520 INFO [main] org.apache.catalina.core.StandardEngine.startInternal Starting Servlet engine: [Apache Tomcat/11.0.2]
22-Feb-2025 14:18:36.538 INFO [main] org.apache.catalina.startup.HostConfig.deployWAR Deploying web application archive [/home/serega/YandexPr/Middle/Final_Sprint_Tasks/Spring/blog/apache-tomcat-11/webapps/blog.war]
22-Feb-2025 14:18:38.169 INFO [main] org.apache.jasper.servlet.TldScanner.scanJars At least one JAR was scanned for TLDs yet contained no TLDs. Enable debug logging for this logger for a complete list of JARs that were scanned but no TLDs were found in them. Skipping unneeded JARs during scanning can improve startup time and JSP compilation time.
22-Feb-2025 14:18:39.883 INFO [main] org.apache.catalina.startup.HostConfig.deployWAR Deployment of web application archive [/home/serega/YandexPr/Middle/Final_Sprint_Tasks/Spring/blog/apache-tomcat-11/webapps/blog.war] has finished in [3 345] ms
22-Feb-2025 14:18:39.884 INFO [main] org.apache.catalina.startup.HostConfig.deployDirectory Установка веб приложения в папку [/home/serega/YandexPr/Middle/Final_Sprint_Tasks/Spring/blog/apache-tomcat-11/webapps/docs]
22-Feb-2025 14:18:39.919 INFO [main] org.apache.catalina.startup.HostConfig.deployDirectory Deployment of web application directory [/home/serega/YandexPr/Middle/Final_Sprint_Tasks/Spring/blog/apache-tomcat-11/webapps/docs] has finished in [34] ms
22-Feb-2025 14:18:39.919 INFO [main] org.apache.catalina.startup.HostConfig.deployDirectory Установка веб приложения в папку [/home/serega/YandexPr/Middle/Final_Sprint_Tasks/Spring/blog/apache-tomcat-11/webapps/ROOT]
22-Feb-2025 14:18:39.943 INFO [main] org.apache.catalina.startup.HostConfig.deployDirectory Deployment of web application directory [/home/serega/YandexPr/Middle/Final_Sprint_Tasks/Spring/blog/apache-tomcat-11/webapps/ROOT] has finished in [24] ms
22-Feb-2025 14:18:39.944 INFO [main] org.apache.catalina.startup.HostConfig.deployDirectory Установка веб приложения в папку [/home/serega/YandexPr/Middle/Final_Sprint_Tasks/Spring/blog/apache-tomcat-11/webapps/examples]
22-Feb-2025 14:18:40.165 INFO [main] org.apache.catalina.startup.HostConfig.deployDirectory Deployment of web application directory [/home/serega/YandexPr/Middle/Final_Sprint_Tasks/Spring/blog/apache-tomcat-11/webapps/examples] has finished in [221] ms
22-Feb-2025 14:18:40.165 INFO [main] org.apache.catalina.startup.HostConfig.deployDirectory Установка веб приложения в папку [/home/serega/YandexPr/Middle/Final_Sprint_Tasks/Spring/blog/apache-tomcat-11/webapps/host-manager]
22-Feb-2025 14:18:40.198 INFO [main] org.apache.catalina.startup.HostConfig.deployDirectory Deployment of web application directory [/home/serega/YandexPr/Middle/Final_Sprint_Tasks/Spring/blog/apache-tomcat-11/webapps/host-manager] has finished in [32] ms
22-Feb-2025 14:18:40.198 INFO [main] org.apache.catalina.startup.HostConfig.deployDirectory Установка веб приложения в папку [/home/serega/YandexPr/Middle/Final_Sprint_Tasks/Spring/blog/apache-tomcat-11/webapps/manager]
22-Feb-2025 14:18:40.221 INFO [main] org.apache.catalina.startup.HostConfig.deployDirectory Deployment of web application directory [/home/serega/YandexPr/Middle/Final_Sprint_Tasks/Spring/blog/apache-tomcat-11/webapps/manager] has finished in [23] ms
22-Feb-2025 14:18:40.227 INFO [main] org.apache.coyote.AbstractProtocol.start Starting ProtocolHandler ["http-nio-8080"]
22-Feb-2025 14:18:40.239 INFO [main] org.apache.catalina.startup.Catalina.start Server startup in [3776] milliseconds
22-Feb-2025 15:31:39.885 INFO [main] org.apache.catalina.core.StandardServer.await A valid shutdown command was received via the shutdown port. Stopping the Server instance.
22-Feb-2025 15:31:39.886 INFO [main] org.apache.coyote.AbstractProtocol.pause Pausing ProtocolHandler ["http-nio-8080"]
22-Feb-2025 15:31:39.888 INFO [main] org.apache.catalina.core.StandardService.stopInternal Stopping service [Catalina]
22-Feb-2025 15:31:39.908 WARNING [main] org.apache.catalina.loader.WebappClassLoaderBase.clearReferencesJdbc The web application [blog] registered the JDBC driver [org.postgresql.Driver] but failed to unregister it when the web application was stopped. To prevent a memory leak, the JDBC Driver has been forcibly unregistered.
22-Feb-2025 15:31:39.928 INFO [main] org.apache.coyote.AbstractProtocol.stop Stopping ProtocolHandler ["http-nio-8080"]
22-Feb-2025 15:31:39.932 INFO [main] org.apache.coyote.AbstractProtocol.destroy Destroying ProtocolHandler ["http-nio-8080"]
22-Feb-2025 15:31:57.565 INFO [main] org.apache.catalina.startup.VersionLoggerListener.log Имя версии сервера:    Apache Tomcat/11.0.2
22-Feb-2025 15:31:57.571 INFO [main] org.apache.catalina.startup.VersionLoggerListener.log Сервер собран:         Dec 5 2024 15:19:37 UTC
22-Feb-2025 15:31:57.571 INFO [main] org.apache.catalina.startup.VersionLoggerListener.log Номер версии сервера:  11.0.2.0
22-Feb-2025 15:31:57.571 INFO [main] org.apache.catalina.startup.VersionLoggerListener.log OS Name:               Linux
22-Feb-2025 15:31:57.572 INFO [main] org.apache.catalina.startup.VersionLoggerListener.log Версия ОС:             6.8.0-52-generic
22-Feb-2025 15:31:57.572 INFO [main] org.apache.catalina.startup.VersionLoggerListener.log Архитектура:           amd64
22-Feb-2025 15:31:57.572 INFO [main] org.apache.catalina.startup.VersionLoggerListener.log Java Home:             /usr/lib/jvm/java-21-openjdk-amd64
22-Feb-2025 15:31:57.572 INFO [main] org.apache.catalina.startup.VersionLoggerListener.log Версия JVM:            21.0.6+7-Ubuntu-124.04.1
22-Feb-2025 15:31:57.572 INFO [main] org.apache.catalina.startup.VersionLoggerListener.log Производитель JVM:     Ubuntu
22-Feb-2025 15:31:57.572 INFO [main] org.apache.catalina.startup.VersionLoggerListener.log CATALINA_BASE:         /home/serega/YandexPr/Middle/Final_Sprint_Tasks/Spring/blog/apache-tomcat-11
22-Feb-2025 15:31:57.572 INFO [main] org.apache.catalina.startup.VersionLoggerListener.log CATALINA_HOME:         /home/serega/YandexPr/Middle/Final_Sprint_Tasks/Spring/blog/apache-tomcat-11
22-Feb-2025 15:31:57.587 INFO [main] org.apache.catalina.startup.VersionLoggerListener.log Command line argument: -Djava.util.logging.config.file=/home/serega/YandexPr/Middle/Final_Sprint_Tasks/Spring/blog/apache-tomcat-11/conf/logging.properties
22-Feb-2025 15:31:57.588 INFO [main] org.apache.catalina.startup.VersionLoggerListener.log Command line argument: -Djava.util.logging.manager=org.apache.juli.ClassLoaderLogManager
22-Feb-2025 15:31:57.588 INFO [main] org.apache.catalina.startup.VersionLoggerListener.log Command line argument: -Djdk.tls.ephemeralDHKeySize=2048
22-Feb-2025 15:31:57.588 INFO [main] org.apache.catalina.startup.VersionLoggerListener.log Command line argument: -Dorg.apache.catalina.security.SecurityListener.UMASK=0027
22-Feb-2025 15:31:57.588 INFO [main] org.apache.catalina.startup.VersionLoggerListener.log Command line argument: --add-opens=java.base/java.lang=ALL-UNNAMED
22-Feb-2025 15:31:57.588 INFO [main] org.apache.catalina.startup.VersionLoggerListener.log Command line argument: --add-opens=java.base/java.io=ALL-UNNAMED
22-Feb-2025 15:31:57.588 INFO [main] org.apache.catalina.startup.VersionLoggerListener.log Command line argument: --add-opens=java.base/java.util=ALL-UNNAMED
22-Feb-2025 15:31:57.588 INFO [main] org.apache.catalina.startup.VersionLoggerListener.log Command line argument: --add-opens=java.base/java.util.concurrent=ALL-UNNAMED
22-Feb-2025 15:31:57.588 INFO [main] org.apache.catalina.startup.VersionLoggerListener.log Command line argument: --add-opens=java.rmi/sun.rmi.transport=ALL-UNNAMED
22-Feb-2025 15:31:57.589 INFO [main] org.apache.catalina.startup.VersionLoggerListener.log Command line argument: --enable-native-access=ALL-UNNAMED
22-Feb-2025 15:31:57.589 INFO [main] org.apache.catalina.startup.VersionLoggerListener.log Command line argument: -Dcatalina.base=/home/serega/YandexPr/Middle/Final_Sprint_Tasks/Spring/blog/apache-tomcat-11
22-Feb-2025 15:31:57.589 INFO [main] org.apache.catalina.startup.VersionLoggerListener.log Command line argument: -Dcatalina.home=/home/serega/YandexPr/Middle/Final_Sprint_Tasks/Spring/blog/apache-tomcat-11
22-Feb-2025 15:31:57.589 INFO [main] org.apache.catalina.startup.VersionLoggerListener.log Command line argument: -Djava.io.tmpdir=/home/serega/YandexPr/Middle/Final_Sprint_Tasks/Spring/blog/apache-tomcat-11/temp
22-Feb-2025 15:31:57.591 INFO [main] org.apache.catalina.core.AprLifecycleListener.lifecycleEvent The Apache Tomcat Native library which allows using OpenSSL was not found on the java.library.path: [/usr/java/packages/lib:/usr/lib/x86_64-linux-gnu/jni:/lib/x86_64-linux-gnu:/usr/lib/x86_64-linux-gnu:/usr/lib/jni:/lib:/usr/lib]
22-Feb-2025 15:31:58.016 INFO [main] org.apache.coyote.AbstractProtocol.init Инициализация ProtocolHandler ["http-nio-8080"]
22-Feb-2025 15:31:58.049 INFO [main] org.apache.catalina.startup.Catalina.load Server initialization in [747] milliseconds
22-Feb-2025 15:31:58.112 INFO [main] org.apache.catalina.core.StandardService.startInternal Starting service [Catalina]
22-Feb-2025 15:31:58.112 INFO [main] org.apache.catalina.core.StandardEngine.startInternal Starting Servlet engine: [Apache Tomcat/11.0.2]
22-Feb-2025 15:31:58.129 INFO [main] org.apache.catalina.startup.HostConfig.deployWAR Deploying web application archive [/home/serega/YandexPr/Middle/Final_Sprint_Tasks/Spring/blog/apache-tomcat-11/webapps/blog.war]
22-Feb-2025 15:31:59.800 INFO [main] org.apache.jasper.servlet.TldScanner.scanJars At least one JAR was scanned for TLDs yet contained no TLDs. Enable debug logging for this logger for a complete list of JARs that were scanned but no TLDs were found in them. Skipping unneeded JARs during scanning can improve startup time and JSP compilation time.
22-Feb-2025 15:32:01.485 INFO [main] org.apache.catalina.startup.HostConfig.deployWAR Deployment of web application archive [/home/serega/YandexPr/Middle/Final_Sprint_Tasks/Spring/blog/apache-tomcat-11/webapps/blog.war] has finished in [3 355] ms
22-Feb-2025 15:32:01.486 INFO [main] org.apache.catalina.startup.HostConfig.deployDirectory Установка веб приложения в папку [/home/serega/YandexPr/Middle/Final_Sprint_Tasks/Spring/blog/apache-tomcat-11/webapps/docs]
22-Feb-2025 15:32:01.514 INFO [main] org.apache.catalina.startup.HostConfig.deployDirectory Deployment of web application directory [/home/serega/YandexPr/Middle/Final_Sprint_Tasks/Spring/blog/apache-tomcat-11/webapps/docs] has finished in [27] ms
22-Feb-2025 15:32:01.514 INFO [main] org.apache.catalina.startup.HostConfig.deployDirectory Установка веб приложения в папку [/home/serega/YandexPr/Middle/Final_Sprint_Tasks/Spring/blog/apache-tomcat-11/webapps/ROOT]
22-Feb-2025 15:32:01.536 INFO [main] org.apache.catalina.startup.HostConfig.deployDirectory Deployment of web application directory [/home/serega/YandexPr/Middle/Final_Sprint_Tasks/Spring/blog/apache-tomcat-11/webapps/ROOT] has finished in [22] ms
22-Feb-2025 15:32:01.537 INFO [main] org.apache.catalina.startup.HostConfig.deployDirectory Установка веб приложения в папку [/home/serega/YandexPr/Middle/Final_Sprint_Tasks/Spring/blog/apache-tomcat-11/webapps/examples]
22-Feb-2025 15:32:01.769 INFO [main] org.apache.catalina.startup.HostConfig.deployDirectory Deployment of web application directory [/home/serega/YandexPr/Middle/Final_Sprint_Tasks/Spring/blog/apache-tomcat-11/webapps/examples] has finished in [231] ms
22-Feb-2025 15:32:01.769 INFO [main] org.apache.catalina.startup.HostConfig.deployDirectory Установка веб приложения в папку [/home/serega/YandexPr/Middle/Final_Sprint_Tasks/Spring/blog/apache-tomcat-11/webapps/host-manager]
22-Feb-2025 15:32:01.796 INFO [main] org.apache.catalina.startup.HostConfig.deployDirectory Deployment of web application directory [/home/serega/YandexPr/Middle/Final_Sprint_Tasks/Spring/blog/apache-tomcat-11/webapps/host-manager] has finished in [27] ms
22-Feb-2025 15:32:01.797 INFO [main] org.apache.catalina.startup.HostConfig.deployDirectory Установка веб приложения в папку [/home/serega/YandexPr/Middle/Final_Sprint_Tasks/Spring/blog/apache-tomcat-11/webapps/manager]
22-Feb-2025 15:32:01.821 INFO [main] org.apache.catalina.startup.HostConfig.deployDirectory Deployment of web application directory [/home/serega/YandexPr/Middle/Final_Sprint_Tasks/Spring/blog/apache-tomcat-11/webapps/manager] has finished in [24] ms
22-Feb-2025 15:32:01.825 INFO [main] org.apache.coyote.AbstractProtocol.start Starting ProtocolHandler ["http-nio-8080"]
22-Feb-2025 15:32:01.838 INFO [main] org.apache.catalina.startup.Catalina.start Server startup in [3787] milliseconds
22-Feb-2025 15:33:51.661 INFO [main] org.apache.catalina.core.StandardServer.await A valid shutdown command was received via the shutdown port. Stopping the Server instance.
22-Feb-2025 15:33:51.662 INFO [main] org.apache.coyote.AbstractProtocol.pause Pausing ProtocolHandler ["http-nio-8080"]
22-Feb-2025 15:33:51.663 INFO [main] org.apache.catalina.core.StandardService.stopInternal Stopping service [Catalina]
22-Feb-2025 15:33:51.678 WARNING [main] org.apache.catalina.loader.WebappClassLoaderBase.clearReferencesJdbc The web application [blog] registered the JDBC driver [org.postgresql.Driver] but failed to unregister it when the web application was stopped. To prevent a memory leak, the JDBC Driver has been forcibly unregistered.
22-Feb-2025 15:33:51.694 INFO [main] org.apache.coyote.AbstractProtocol.stop Stopping ProtocolHandler ["http-nio-8080"]
22-Feb-2025 15:33:51.697 INFO [main] org.apache.coyote.AbstractProtocol.destroy Destroying ProtocolHandler ["http-nio-8080"]
22-Feb-2025 15:34:05.479 INFO [main] org.apache.catalina.startup.VersionLoggerListener.log Имя версии сервера:    Apache Tomcat/11.0.2
22-Feb-2025 15:34:05.484 INFO [main] org.apache.catalina.startup.VersionLoggerListener.log Сервер собран:         Dec 5 2024 15:19:37 UTC
22-Feb-2025 15:34:05.490 INFO [main] org.apache.catalina.startup.VersionLoggerListener.log Номер версии сервера:  11.0.2.0
22-Feb-2025 15:34:05.491 INFO [main] org.apache.catalina.startup.VersionLoggerListener.log OS Name:               Linux
22-Feb-2025 15:34:05.491 INFO [main] org.apache.catalina.startup.VersionLoggerListener.log Версия ОС:             6.8.0-52-generic
22-Feb-2025 15:34:05.491 INFO [main] org.apache.catalina.startup.VersionLoggerListener.log Архитектура:           amd64
22-Feb-2025 15:34:05.491 INFO [main] org.apache.catalina.startup.VersionLoggerListener.log Java Home:             /usr/lib/jvm/java-21-openjdk-amd64
22-Feb-2025 15:34:05.491 INFO [main] org.apache.catalina.startup.VersionLoggerListener.log Версия JVM:            21.0.6+7-Ubuntu-124.04.1
22-Feb-2025 15:34:05.492 INFO [main] org.apache.catalina.startup.VersionLoggerListener.log Производитель JVM:     Ubuntu
22-Feb-2025 15:34:05.492 INFO [main] org.apache.catalina.startup.VersionLoggerListener.log CATALINA_BASE:         /home/serega/YandexPr/Middle/Final_Sprint_Tasks/Spring/blog/apache-tomcat-11
22-Feb-2025 15:34:05.492 INFO [main] org.apache.catalina.startup.VersionLoggerListener.log CATALINA_HOME:         /home/serega/YandexPr/Middle/Final_Sprint_Tasks/Spring/blog/apache-tomcat-11
22-Feb-2025 15:34:05.497 INFO [main] org.apache.catalina.startup.VersionLoggerListener.log Command line argument: -Djava.util.logging.config.file=/home/serega/YandexPr/Middle/Final_Sprint_Tasks/Spring/blog/apache-tomcat-11/conf/logging.properties
22-Feb-2025 15:34:05.497 INFO [main] org.apache.catalina.startup.VersionLoggerListener.log Command line argument: -Djava.util.logging.manager=org.apache.juli.ClassLoaderLogManager
22-Feb-2025 15:34:05.497 INFO [main] org.apache.catalina.startup.VersionLoggerListener.log Command line argument: -Djdk.tls.ephemeralDHKeySize=2048
22-Feb-2025 15:34:05.497 INFO [main] org.apache.catalina.startup.VersionLoggerListener.log Command line argument: -Dorg.apache.catalina.security.SecurityListener.UMASK=0027
22-Feb-2025 15:34:05.497 INFO [main] org.apache.catalina.startup.VersionLoggerListener.log Command line argument: --add-opens=java.base/java.lang=ALL-UNNAMED
22-Feb-2025 15:34:05.498 INFO [main] org.apache.catalina.startup.VersionLoggerListener.log Command line argument: --add-opens=java.base/java.io=ALL-UNNAMED
22-Feb-2025 15:34:05.498 INFO [main] org.apache.catalina.startup.VersionLoggerListener.log Command line argument: --add-opens=java.base/java.util=ALL-UNNAMED
22-Feb-2025 15:34:05.498 INFO [main] org.apache.catalina.startup.VersionLoggerListener.log Command line argument: --add-opens=java.base/java.util.concurrent=ALL-UNNAMED
22-Feb-2025 15:34:05.498 INFO [main] org.apache.catalina.startup.VersionLoggerListener.log Command line argument: --add-opens=java.rmi/sun.rmi.transport=ALL-UNNAMED
22-Feb-2025 15:34:05.498 INFO [main] org.apache.catalina.startup.VersionLoggerListener.log Command line argument: --enable-native-access=ALL-UNNAMED
22-Feb-2025 15:34:05.498 INFO [main] org.apache.catalina.startup.VersionLoggerListener.log Command line argument: -Dcatalina.base=/home/serega/YandexPr/Middle/Final_Sprint_Tasks/Spring/blog/apache-tomcat-11
22-Feb-2025 15:34:05.499 INFO [main] org.apache.catalina.startup.VersionLoggerListener.log Command line argument: -Dcatalina.home=/home/serega/YandexPr/Middle/Final_Sprint_Tasks/Spring/blog/apache-tomcat-11
22-Feb-2025 15:34:05.499 INFO [main] org.apache.catalina.startup.VersionLoggerListener.log Command line argument: -Djava.io.tmpdir=/home/serega/YandexPr/Middle/Final_Sprint_Tasks/Spring/blog/apache-tomcat-11/temp
22-Feb-2025 15:34:05.501 INFO [main] org.apache.catalina.core.AprLifecycleListener.lifecycleEvent The Apache Tomcat Native library which allows using OpenSSL was not found on the java.library.path: [/usr/java/packages/lib:/usr/lib/x86_64-linux-gnu/jni:/lib/x86_64-linux-gnu:/usr/lib/x86_64-linux-gnu:/usr/lib/jni:/lib:/usr/lib]
22-Feb-2025 15:34:05.939 INFO [main] org.apache.coyote.AbstractProtocol.init Инициализация ProtocolHandler ["http-nio-8080"]
22-Feb-2025 15:34:05.965 INFO [main] org.apache.catalina.startup.Catalina.load Server initialization in [695] milliseconds
22-Feb-2025 15:34:06.013 INFO [main] org.apache.catalina.core.StandardService.startInternal Starting service [Catalina]
22-Feb-2025 15:34:06.013 INFO [main] org.apache.catalina.core.StandardEngine.startInternal Starting Servlet engine: [Apache Tomcat/11.0.2]
22-Feb-2025 15:34:06.031 INFO [main] org.apache.catalina.startup.HostConfig.deployWAR Deploying web application archive [/home/serega/YandexPr/Middle/Final_Sprint_Tasks/Spring/blog/apache-tomcat-11/webapps/blog.war]
22-Feb-2025 15:34:07.778 INFO [main] org.apache.jasper.servlet.TldScanner.scanJars At least one JAR was scanned for TLDs yet contained no TLDs. Enable debug logging for this logger for a complete list of JARs that were scanned but no TLDs were found in them. Skipping unneeded JARs during scanning can improve startup time and JSP compilation time.
22-Feb-2025 15:34:10.053 INFO [main] org.apache.catalina.startup.HostConfig.deployWAR Deployment of web application archive [/home/serega/YandexPr/Middle/Final_Sprint_Tasks/Spring/blog/apache-tomcat-11/webapps/blog.war] has finished in [4 023] ms
22-Feb-2025 15:34:10.054 INFO [main] org.apache.catalina.startup.HostConfig.deployDirectory Установка веб приложения в папку [/home/serega/YandexPr/Middle/Final_Sprint_Tasks/Spring/blog/apache-tomcat-11/webapps/docs]
22-Feb-2025 15:34:10.078 INFO [main] org.apache.catalina.startup.HostConfig.deployDirectory Deployment of web application directory [/home/serega/YandexPr/Middle/Final_Sprint_Tasks/Spring/blog/apache-tomcat-11/webapps/docs] has finished in [24] ms
22-Feb-2025 15:34:10.078 INFO [main] org.apache.catalina.startup.HostConfig.deployDirectory Установка веб приложения в папку [/home/serega/YandexPr/Middle/Final_Sprint_Tasks/Spring/blog/apache-tomcat-11/webapps/ROOT]
22-Feb-2025 15:34:10.098 INFO [main] org.apache.catalina.startup.HostConfig.deployDirectory Deployment of web application directory [/home/serega/YandexPr/Middle/Final_Sprint_Tasks/Spring/blog/apache-tomcat-11/webapps/ROOT] has finished in [19] ms
22-Feb-2025 15:34:10.098 INFO [main] org.apache.catalina.startup.HostConfig.deployDirectory Установка веб приложения в папку [/home/serega/YandexPr/Middle/Final_Sprint_Tasks/Spring/blog/apache-tomcat-11/webapps/examples]
22-Feb-2025 15:34:10.294 INFO [main] org.apache.catalina.startup.HostConfig.deployDirectory Deployment of web application directory [/home/serega/YandexPr/Middle/Final_Sprint_Tasks/Spring/blog/apache-tomcat-11/webapps/examples] has finished in [196] ms
22-Feb-2025 15:34:10.294 INFO [main] org.apache.catalina.startup.HostConfig.deployDirectory Установка веб приложения в папку [/home/serega/YandexPr/Middle/Final_Sprint_Tasks/Spring/blog/apache-tomcat-11/webapps/host-manager]
22-Feb-2025 15:34:10.316 INFO [main] org.apache.catalina.startup.HostConfig.deployDirectory Deployment of web application directory [/home/serega/YandexPr/Middle/Final_Sprint_Tasks/Spring/blog/apache-tomcat-11/webapps/host-manager] has finished in [22] ms
22-Feb-2025 15:34:10.316 INFO [main] org.apache.catalina.startup.HostConfig.deployDirectory Установка веб приложения в папку [/home/serega/YandexPr/Middle/Final_Sprint_Tasks/Spring/blog/apache-tomcat-11/webapps/manager]
22-Feb-2025 15:34:10.336 INFO [main] org.apache.catalina.startup.HostConfig.deployDirectory Deployment of web application directory [/home/serega/YandexPr/Middle/Final_Sprint_Tasks/Spring/blog/apache-tomcat-11/webapps/manager] has finished in [20] ms
22-Feb-2025 15:34:10.340 INFO [main] org.apache.coyote.AbstractProtocol.start Starting ProtocolHandler ["http-nio-8080"]
22-Feb-2025 15:34:10.350 INFO [main] org.apache.catalina.startup.Catalina.start Server startup in [4384] milliseconds
22-Feb-2025 15:39:16.316 INFO [main] org.apache.catalina.core.StandardServer.await A valid shutdown command was received via the shutdown port. Stopping the Server instance.
22-Feb-2025 15:39:16.316 INFO [main] org.apache.coyote.AbstractProtocol.pause Pausing ProtocolHandler ["http-nio-8080"]
22-Feb-2025 15:39:16.318 INFO [main] org.apache.catalina.core.StandardService.stopInternal Stopping service [Catalina]
22-Feb-2025 15:39:16.332 WARNING [main] org.apache.catalina.loader.WebappClassLoaderBase.clearReferencesJdbc The web application [blog] registered the JDBC driver [org.postgresql.Driver] but failed to unregister it when the web application was stopped. To prevent a memory leak, the JDBC Driver has been forcibly unregistered.
22-Feb-2025 15:39:16.348 INFO [main] org.apache.coyote.AbstractProtocol.stop Stopping ProtocolHandler ["http-nio-8080"]
22-Feb-2025 15:39:16.351 INFO [main] org.apache.coyote.AbstractProtocol.destroy Destroying ProtocolHandler ["http-nio-8080"]
22-Feb-2025 15:39:38.482 INFO [main] org.apache.catalina.startup.VersionLoggerListener.log Имя версии сервера:    Apache Tomcat/11.0.2
22-Feb-2025 15:39:38.487 INFO [main] org.apache.catalina.startup.VersionLoggerListener.log Сервер собран:         Dec 5 2024 15:19:37 UTC
22-Feb-2025 15:39:38.488 INFO [main] org.apache.catalina.startup.VersionLoggerListener.log Номер версии сервера:  11.0.2.0
22-Feb-2025 15:39:38.488 INFO [main] org.apache.catalina.startup.VersionLoggerListener.log OS Name:               Linux
22-Feb-2025 15:39:38.488 INFO [main] org.apache.catalina.startup.VersionLoggerListener.log Версия ОС:             6.8.0-52-generic
22-Feb-2025 15:39:38.488 INFO [main] org.apache.catalina.startup.VersionLoggerListener.log Архитектура:           amd64
22-Feb-2025 15:39:38.488 INFO [main] org.apache.catalina.startup.VersionLoggerListener.log Java Home:             /usr/lib/jvm/java-21-openjdk-amd64
22-Feb-2025 15:39:38.489 INFO [main] org.apache.catalina.startup.VersionLoggerListener.log Версия JVM:            21.0.6+7-Ubuntu-124.04.1
22-Feb-2025 15:39:38.489 INFO [main] org.apache.catalina.startup.VersionLoggerListener.log Производитель JVM:     Ubuntu
22-Feb-2025 15:39:38.489 INFO [main] org.apache.catalina.startup.VersionLoggerListener.log CATALINA_BASE:         /home/serega/YandexPr/Middle/Final_Sprint_Tasks/Spring/blog/apache-tomcat-11
22-Feb-2025 15:39:38.489 INFO [main] org.apache.catalina.startup.VersionLoggerListener.log CATALINA_HOME:         /home/serega/YandexPr/Middle/Final_Sprint_Tasks/Spring/blog/apache-tomcat-11
22-Feb-2025 15:39:38.498 INFO [main] org.apache.catalina.startup.VersionLoggerListener.log Command line argument: -Djava.util.logging.config.file=/home/serega/YandexPr/Middle/Final_Sprint_Tasks/Spring/blog/apache-tomcat-11/conf/logging.properties
22-Feb-2025 15:39:38.498 INFO [main] org.apache.catalina.startup.VersionLoggerListener.log Command line argument: -Djava.util.logging.manager=org.apache.juli.ClassLoaderLogManager
22-Feb-2025 15:39:38.498 INFO [main] org.apache.catalina.startup.VersionLoggerListener.log Command line argument: -Djdk.tls.ephemeralDHKeySize=2048
22-Feb-2025 15:39:38.498 INFO [main] org.apache.catalina.startup.VersionLoggerListener.log Command line argument: -Dorg.apache.catalina.security.SecurityListener.UMASK=0027
22-Feb-2025 15:39:38.499 INFO [main] org.apache.catalina.startup.VersionLoggerListener.log Command line argument: --add-opens=java.base/java.lang=ALL-UNNAMED
22-Feb-2025 15:39:38.499 INFO [main] org.apache.catalina.startup.VersionLoggerListener.log Command line argument: --add-opens=java.base/java.io=ALL-UNNAMED
22-Feb-2025 15:39:38.499 INFO [main] org.apache.catalina.startup.VersionLoggerListener.log Command line argument: --add-opens=java.base/java.util=ALL-UNNAMED
22-Feb-2025 15:39:38.499 INFO [main] org.apache.catalina.startup.VersionLoggerListener.log Command line argument: --add-opens=java.base/java.util.concurrent=ALL-UNNAMED
22-Feb-2025 15:39:38.499 INFO [main] org.apache.catalina.startup.VersionLoggerListener.log Command line argument: --add-opens=java.rmi/sun.rmi.transport=ALL-UNNAMED
22-Feb-2025 15:39:38.499 INFO [main] org.apache.catalina.startup.VersionLoggerListener.log Command line argument: --enable-native-access=ALL-UNNAMED
22-Feb-2025 15:39:38.499 INFO [main] org.apache.catalina.startup.VersionLoggerListener.log Command line argument: -Dcatalina.base=/home/serega/YandexPr/Middle/Final_Sprint_Tasks/Spring/blog/apache-tomcat-11
22-Feb-2025 15:39:38.499 INFO [main] org.apache.catalina.startup.VersionLoggerListener.log Command line argument: -Dcatalina.home=/home/serega/YandexPr/Middle/Final_Sprint_Tasks/Spring/blog/apache-tomcat-11
22-Feb-2025 15:39:38.499 INFO [main] org.apache.catalina.startup.VersionLoggerListener.log Command line argument: -Djava.io.tmpdir=/home/serega/YandexPr/Middle/Final_Sprint_Tasks/Spring/blog/apache-tomcat-11/temp
22-Feb-2025 15:39:38.501 INFO [main] org.apache.catalina.core.AprLifecycleListener.lifecycleEvent The Apache Tomcat Native library which allows using OpenSSL was not found on the java.library.path: [/usr/java/packages/lib:/usr/lib/x86_64-linux-gnu/jni:/lib/x86_64-linux-gnu:/usr/lib/x86_64-linux-gnu:/usr/lib/jni:/lib:/usr/lib]
22-Feb-2025 15:39:38.929 INFO [main] org.apache.coyote.AbstractProtocol.init Инициализация ProtocolHandler ["http-nio-8080"]
22-Feb-2025 15:39:38.960 INFO [main] org.apache.catalina.startup.Catalina.load Server initialization in [676] milliseconds
22-Feb-2025 15:39:39.020 INFO [main] org.apache.catalina.core.StandardService.startInternal Starting service [Catalina]
22-Feb-2025 15:39:39.020 INFO [main] org.apache.catalina.core.StandardEngine.startInternal Starting Servlet engine: [Apache Tomcat/11.0.2]
22-Feb-2025 15:39:39.040 INFO [main] org.apache.catalina.startup.HostConfig.deployWAR Deploying web application archive [/home/serega/YandexPr/Middle/Final_Sprint_Tasks/Spring/blog/apache-tomcat-11/webapps/blog.war]
22-Feb-2025 15:39:40.718 INFO [main] org.apache.jasper.servlet.TldScanner.scanJars At least one JAR was scanned for TLDs yet contained no TLDs. Enable debug logging for this logger for a complete list of JARs that were scanned but no TLDs were found in them. Skipping unneeded JARs during scanning can improve startup time and JSP compilation time.
22-Feb-2025 15:39:42.806 INFO [main] org.apache.catalina.startup.HostConfig.deployWAR Deployment of web application archive [/home/serega/YandexPr/Middle/Final_Sprint_Tasks/Spring/blog/apache-tomcat-11/webapps/blog.war] has finished in [3 766] ms
22-Feb-2025 15:39:42.807 INFO [main] org.apache.catalina.startup.HostConfig.deployDirectory Установка веб приложения в папку [/home/serega/YandexPr/Middle/Final_Sprint_Tasks/Spring/blog/apache-tomcat-11/webapps/docs]
22-Feb-2025 15:39:42.831 INFO [main] org.apache.catalina.startup.HostConfig.deployDirectory Deployment of web application directory [/home/serega/YandexPr/Middle/Final_Sprint_Tasks/Spring/blog/apache-tomcat-11/webapps/docs] has finished in [24] ms
22-Feb-2025 15:39:42.832 INFO [main] org.apache.catalina.startup.HostConfig.deployDirectory Установка веб приложения в папку [/home/serega/YandexPr/Middle/Final_Sprint_Tasks/Spring/blog/apache-tomcat-11/webapps/ROOT]
22-Feb-2025 15:39:42.849 INFO [main] org.apache.catalina.startup.HostConfig.deployDirectory Deployment of web application directory [/home/serega/YandexPr/Middle/Final_Sprint_Tasks/Spring/blog/apache-tomcat-11/webapps/ROOT] has finished in [18] ms
22-Feb-2025 15:39:42.850 INFO [main] org.apache.catalina.startup.HostConfig.deployDirectory Установка веб приложения в папку [/home/serega/YandexPr/Middle/Final_Sprint_Tasks/Spring/blog/apache-tomcat-11/webapps/examples]
22-Feb-2025 15:39:43.053 INFO [main] org.apache.catalina.startup.HostConfig.deployDirectory Deployment of web application directory [/home/serega/YandexPr/Middle/Final_Sprint_Tasks/Spring/blog/apache-tomcat-11/webapps/examples] has finished in [203] ms
22-Feb-2025 15:39:43.053 INFO [main] org.apache.catalina.startup.HostConfig.deployDirectory Установка веб приложения в папку [/home/serega/YandexPr/Middle/Final_Sprint_Tasks/Spring/blog/apache-tomcat-11/webapps/host-manager]
22-Feb-2025 15:39:43.089 INFO [main] org.apache.catalina.startup.HostConfig.deployDirectory Deployment of web application directory [/home/serega/YandexPr/Middle/Final_Sprint_Tasks/Spring/blog/apache-tomcat-11/webapps/host-manager] has finished in [36] ms
22-Feb-2025 15:39:43.090 INFO [main] org.apache.catalina.startup.HostConfig.deployDirectory Установка веб приложения в папку [/home/serega/YandexPr/Middle/Final_Sprint_Tasks/Spring/blog/apache-tomcat-11/webapps/manager]
22-Feb-2025 15:39:43.110 INFO [main] org.apache.catalina.startup.HostConfig.deployDirectory Deployment of web application directory [/home/serega/YandexPr/Middle/Final_Sprint_Tasks/Spring/blog/apache-tomcat-11/webapps/manager] has finished in [20] ms
22-Feb-2025 15:39:43.114 INFO [main] org.apache.coyote.AbstractProtocol.start Starting ProtocolHandler ["http-nio-8080"]
22-Feb-2025 15:39:43.124 INFO [main] org.apache.catalina.startup.Catalina.start Server startup in [4162] milliseconds
22-Feb-2025 16:22:45.561 INFO [main] org.apache.catalina.core.StandardServer.await A valid shutdown command was received via the shutdown port. Stopping the Server instance.
22-Feb-2025 16:22:45.562 INFO [main] org.apache.coyote.AbstractProtocol.pause Pausing ProtocolHandler ["http-nio-8080"]
22-Feb-2025 16:22:45.564 INFO [main] org.apache.catalina.core.StandardService.stopInternal Stopping service [Catalina]
22-Feb-2025 16:22:45.582 WARNING [main] org.apache.catalina.loader.WebappClassLoaderBase.clearReferencesJdbc The web application [blog] registered the JDBC driver [org.postgresql.Driver] but failed to unregister it when the web application was stopped. To prevent a memory leak, the JDBC Driver has been forcibly unregistered.
22-Feb-2025 16:22:45.599 INFO [main] org.apache.coyote.AbstractProtocol.stop Stopping ProtocolHandler ["http-nio-8080"]
22-Feb-2025 16:22:45.608 INFO [main] org.apache.coyote.AbstractProtocol.destroy Destroying ProtocolHandler ["http-nio-8080"]
