16-Mar-2025 11:34:45.271 INFO [main] org.apache.catalina.startup.VersionLoggerListener.log Имя версии сервера:    Apache Tomcat/11.0.2
16-Mar-2025 11:34:45.277 INFO [main] org.apache.catalina.startup.VersionLoggerListener.log Сервер собран:         Dec 5 2024 15:19:37 UTC
16-Mar-2025 11:34:45.277 INFO [main] org.apache.catalina.startup.VersionLoggerListener.log Номер версии сервера:  11.0.2.0
16-Mar-2025 11:34:45.277 INFO [main] org.apache.catalina.startup.VersionLoggerListener.log OS Name:               Linux
16-Mar-2025 11:34:45.277 INFO [main] org.apache.catalina.startup.VersionLoggerListener.log Версия ОС:             6.8.0-55-generic
16-Mar-2025 11:34:45.277 INFO [main] org.apache.catalina.startup.VersionLoggerListener.log Архитектура:           amd64
16-Mar-2025 11:34:45.277 INFO [main] org.apache.catalina.startup.VersionLoggerListener.log Java Home:             /usr/lib/jvm/java-21-openjdk-amd64
16-Mar-2025 11:34:45.278 INFO [main] org.apache.catalina.startup.VersionLoggerListener.log Версия JVM:            21.0.6+7-Ubuntu-124.04.1
16-Mar-2025 11:34:45.278 INFO [main] org.apache.catalina.startup.VersionLoggerListener.log Производитель JVM:     Ubuntu
16-Mar-2025 11:34:45.278 INFO [main] org.apache.catalina.startup.VersionLoggerListener.log CATALINA_BASE:         /home/serega/YandexPr/Middle/Final_Sprint_Tasks/Spring/blog/apache-tomcat-11
16-Mar-2025 11:34:45.278 INFO [main] org.apache.catalina.startup.VersionLoggerListener.log CATALINA_HOME:         /home/serega/YandexPr/Middle/Final_Sprint_Tasks/Spring/blog/apache-tomcat-11
16-Mar-2025 11:34:45.295 INFO [main] org.apache.catalina.startup.VersionLoggerListener.log Command line argument: -Djava.util.logging.config.file=/home/serega/YandexPr/Middle/Final_Sprint_Tasks/Spring/blog/apache-tomcat-11/conf/logging.properties
16-Mar-2025 11:34:45.295 INFO [main] org.apache.catalina.startup.VersionLoggerListener.log Command line argument: -Djava.util.logging.manager=org.apache.juli.ClassLoaderLogManager
16-Mar-2025 11:34:45.296 INFO [main] org.apache.catalina.startup.VersionLoggerListener.log Command line argument: -Djdk.tls.ephemeralDHKeySize=2048
16-Mar-2025 11:34:45.296 INFO [main] org.apache.catalina.startup.VersionLoggerListener.log Command line argument: -Dorg.apache.catalina.security.SecurityListener.UMASK=0027
16-Mar-2025 11:34:45.296 INFO [main] org.apache.catalina.startup.VersionLoggerListener.log Command line argument: --add-opens=java.base/java.lang=ALL-UNNAMED
16-Mar-2025 11:34:45.296 INFO [main] org.apache.catalina.startup.VersionLoggerListener.log Command line argument: --add-opens=java.base/java.io=ALL-UNNAMED
16-Mar-2025 11:34:45.296 INFO [main] org.apache.catalina.startup.VersionLoggerListener.log Command line argument: --add-opens=java.base/java.util=ALL-UNNAMED
16-Mar-2025 11:34:45.296 INFO [main] org.apache.catalina.startup.VersionLoggerListener.log Command line argument: --add-opens=java.base/java.util.concurrent=ALL-UNNAMED
16-Mar-2025 11:34:45.296 INFO [main] org.apache.catalina.startup.VersionLoggerListener.log Command line argument: --add-opens=java.rmi/sun.rmi.transport=ALL-UNNAMED
16-Mar-2025 11:34:45.296 INFO [main] org.apache.catalina.startup.VersionLoggerListener.log Command line argument: --enable-native-access=ALL-UNNAMED
16-Mar-2025 11:34:45.297 INFO [main] org.apache.catalina.startup.VersionLoggerListener.log Command line argument: -Dcatalina.base=/home/serega/YandexPr/Middle/Final_Sprint_Tasks/Spring/blog/apache-tomcat-11
16-Mar-2025 11:34:45.297 INFO [main] org.apache.catalina.startup.VersionLoggerListener.log Command line argument: -Dcatalina.home=/home/serega/YandexPr/Middle/Final_Sprint_Tasks/Spring/blog/apache-tomcat-11
16-Mar-2025 11:34:45.297 INFO [main] org.apache.catalina.startup.VersionLoggerListener.log Command line argument: -Djava.io.tmpdir=/home/serega/YandexPr/Middle/Final_Sprint_Tasks/Spring/blog/apache-tomcat-11/temp
16-Mar-2025 11:34:45.299 INFO [main] org.apache.catalina.core.AprLifecycleListener.lifecycleEvent The Apache Tomcat Native library which allows using OpenSSL was not found on the java.library.path: [/usr/java/packages/lib:/usr/lib/x86_64-linux-gnu/jni:/lib/x86_64-linux-gnu:/usr/lib/x86_64-linux-gnu:/usr/lib/jni:/lib:/usr/lib]
16-Mar-2025 11:34:45.794 INFO [main] org.apache.coyote.AbstractProtocol.init Инициализация ProtocolHandler ["http-nio-8080"]
16-Mar-2025 11:34:45.835 INFO [main] org.apache.catalina.startup.Catalina.load Server initialization in [861] milliseconds
16-Mar-2025 11:34:45.901 INFO [main] org.apache.catalina.core.StandardService.startInternal Starting service [Catalina]
16-Mar-2025 11:34:45.902 INFO [main] org.apache.catalina.core.StandardEngine.startInternal Starting Servlet engine: [Apache Tomcat/11.0.2]
16-Mar-2025 11:34:45.919 INFO [main] org.apache.catalina.startup.HostConfig.deployWAR Deploying web application archive [/home/serega/YandexPr/Middle/Final_Sprint_Tasks/Spring/blog/apache-tomcat-11/webapps/blog.war]
16-Mar-2025 11:34:47.705 INFO [main] org.apache.jasper.servlet.TldScanner.scanJars At least one JAR was scanned for TLDs yet contained no TLDs. Enable debug logging for this logger for a complete list of JARs that were scanned but no TLDs were found in them. Skipping unneeded JARs during scanning can improve startup time and JSP compilation time.
16-Mar-2025 11:34:50.436 INFO [main] org.apache.catalina.startup.HostConfig.deployWAR Deployment of web application archive [/home/serega/YandexPr/Middle/Final_Sprint_Tasks/Spring/blog/apache-tomcat-11/webapps/blog.war] has finished in [4 516] ms
16-Mar-2025 11:34:50.437 INFO [main] org.apache.catalina.startup.HostConfig.deployDirectory Установка веб приложения в папку [/home/serega/YandexPr/Middle/Final_Sprint_Tasks/Spring/blog/apache-tomcat-11/webapps/docs]
16-Mar-2025 11:34:50.491 INFO [main] org.apache.catalina.startup.HostConfig.deployDirectory Deployment of web application directory [/home/serega/YandexPr/Middle/Final_Sprint_Tasks/Spring/blog/apache-tomcat-11/webapps/docs] has finished in [54] ms
16-Mar-2025 11:34:50.491 INFO [main] org.apache.catalina.startup.HostConfig.deployDirectory Установка веб приложения в папку [/home/serega/YandexPr/Middle/Final_Sprint_Tasks/Spring/blog/apache-tomcat-11/webapps/ROOT]
16-Mar-2025 11:34:50.522 INFO [main] org.apache.catalina.startup.HostConfig.deployDirectory Deployment of web application directory [/home/serega/YandexPr/Middle/Final_Sprint_Tasks/Spring/blog/apache-tomcat-11/webapps/ROOT] has finished in [31] ms
16-Mar-2025 11:34:50.523 INFO [main] org.apache.catalina.startup.HostConfig.deployDirectory Установка веб приложения в папку [/home/serega/YandexPr/Middle/Final_Sprint_Tasks/Spring/blog/apache-tomcat-11/webapps/examples]
16-Mar-2025 11:34:50.819 INFO [main] org.apache.catalina.startup.HostConfig.deployDirectory Deployment of web application directory [/home/serega/YandexPr/Middle/Final_Sprint_Tasks/Spring/blog/apache-tomcat-11/webapps/examples] has finished in [295] ms
16-Mar-2025 11:34:50.819 INFO [main] org.apache.catalina.startup.HostConfig.deployDirectory Установка веб приложения в папку [/home/serega/YandexPr/Middle/Final_Sprint_Tasks/Spring/blog/apache-tomcat-11/webapps/host-manager]
16-Mar-2025 11:34:50.847 INFO [main] org.apache.catalina.startup.HostConfig.deployDirectory Deployment of web application directory [/home/serega/YandexPr/Middle/Final_Sprint_Tasks/Spring/blog/apache-tomcat-11/webapps/host-manager] has finished in [27] ms
16-Mar-2025 11:34:50.847 INFO [main] org.apache.catalina.startup.HostConfig.deployDirectory Установка веб приложения в папку [/home/serega/YandexPr/Middle/Final_Sprint_Tasks/Spring/blog/apache-tomcat-11/webapps/manager]
16-Mar-2025 11:34:50.871 INFO [main] org.apache.catalina.startup.HostConfig.deployDirectory Deployment of web application directory [/home/serega/YandexPr/Middle/Final_Sprint_Tasks/Spring/blog/apache-tomcat-11/webapps/manager] has finished in [24] ms
16-Mar-2025 11:34:50.876 INFO [main] org.apache.coyote.AbstractProtocol.start Starting ProtocolHandler ["http-nio-8080"]
16-Mar-2025 11:34:50.888 INFO [main] org.apache.catalina.startup.Catalina.start Server startup in [5050] milliseconds
16-Mar-2025 11:50:09.057 INFO [main] org.apache.catalina.core.StandardServer.await A valid shutdown command was received via the shutdown port. Stopping the Server instance.
16-Mar-2025 11:50:09.057 INFO [main] org.apache.coyote.AbstractProtocol.pause Pausing ProtocolHandler ["http-nio-8080"]
16-Mar-2025 11:50:09.059 INFO [main] org.apache.catalina.core.StandardService.stopInternal Stopping service [Catalina]
16-Mar-2025 11:50:09.084 WARNING [main] org.apache.catalina.loader.WebappClassLoaderBase.clearReferencesJdbc The web application [blog] registered the JDBC driver [org.postgresql.Driver] but failed to unregister it when the web application was stopped. To prevent a memory leak, the JDBC Driver has been forcibly unregistered.
16-Mar-2025 11:50:09.116 INFO [main] org.apache.coyote.AbstractProtocol.stop Stopping ProtocolHandler ["http-nio-8080"]
16-Mar-2025 11:50:09.125 INFO [main] org.apache.coyote.AbstractProtocol.destroy Destroying ProtocolHandler ["http-nio-8080"]
16-Mar-2025 11:50:15.147 INFO [main] org.apache.catalina.startup.VersionLoggerListener.log Имя версии сервера:    Apache Tomcat/11.0.2
16-Mar-2025 11:50:15.152 INFO [main] org.apache.catalina.startup.VersionLoggerListener.log Сервер собран:         Dec 5 2024 15:19:37 UTC
16-Mar-2025 11:50:15.152 INFO [main] org.apache.catalina.startup.VersionLoggerListener.log Номер версии сервера:  11.0.2.0
16-Mar-2025 11:50:15.152 INFO [main] org.apache.catalina.startup.VersionLoggerListener.log OS Name:               Linux
16-Mar-2025 11:50:15.152 INFO [main] org.apache.catalina.startup.VersionLoggerListener.log Версия ОС:             6.8.0-55-generic
16-Mar-2025 11:50:15.153 INFO [main] org.apache.catalina.startup.VersionLoggerListener.log Архитектура:           amd64
16-Mar-2025 11:50:15.153 INFO [main] org.apache.catalina.startup.VersionLoggerListener.log Java Home:             /usr/lib/jvm/java-21-openjdk-amd64
16-Mar-2025 11:50:15.153 INFO [main] org.apache.catalina.startup.VersionLoggerListener.log Версия JVM:            21.0.6+7-Ubuntu-124.04.1
16-Mar-2025 11:50:15.153 INFO [main] org.apache.catalina.startup.VersionLoggerListener.log Производитель JVM:     Ubuntu
16-Mar-2025 11:50:15.153 INFO [main] org.apache.catalina.startup.VersionLoggerListener.log CATALINA_BASE:         /home/serega/YandexPr/Middle/Final_Sprint_Tasks/Spring/blog/apache-tomcat-11
16-Mar-2025 11:50:15.153 INFO [main] org.apache.catalina.startup.VersionLoggerListener.log CATALINA_HOME:         /home/serega/YandexPr/Middle/Final_Sprint_Tasks/Spring/blog/apache-tomcat-11
16-Mar-2025 11:50:15.167 INFO [main] org.apache.catalina.startup.VersionLoggerListener.log Command line argument: -Djava.util.logging.config.file=/home/serega/YandexPr/Middle/Final_Sprint_Tasks/Spring/blog/apache-tomcat-11/conf/logging.properties
16-Mar-2025 11:50:15.167 INFO [main] org.apache.catalina.startup.VersionLoggerListener.log Command line argument: -Djava.util.logging.manager=org.apache.juli.ClassLoaderLogManager
16-Mar-2025 11:50:15.167 INFO [main] org.apache.catalina.startup.VersionLoggerListener.log Command line argument: -Djdk.tls.ephemeralDHKeySize=2048
16-Mar-2025 11:50:15.167 INFO [main] org.apache.catalina.startup.VersionLoggerListener.log Command line argument: -Dorg.apache.catalina.security.SecurityListener.UMASK=0027
16-Mar-2025 11:50:15.167 INFO [main] org.apache.catalina.startup.VersionLoggerListener.log Command line argument: --add-opens=java.base/java.lang=ALL-UNNAMED
16-Mar-2025 11:50:15.167 INFO [main] org.apache.catalina.startup.VersionLoggerListener.log Command line argument: --add-opens=java.base/java.io=ALL-UNNAMED
16-Mar-2025 11:50:15.167 INFO [main] org.apache.catalina.startup.VersionLoggerListener.log Command line argument: --add-opens=java.base/java.util=ALL-UNNAMED
16-Mar-2025 11:50:15.168 INFO [main] org.apache.catalina.startup.VersionLoggerListener.log Command line argument: --add-opens=java.base/java.util.concurrent=ALL-UNNAMED
16-Mar-2025 11:50:15.168 INFO [main] org.apache.catalina.startup.VersionLoggerListener.log Command line argument: --add-opens=java.rmi/sun.rmi.transport=ALL-UNNAMED
16-Mar-2025 11:50:15.168 INFO [main] org.apache.catalina.startup.VersionLoggerListener.log Command line argument: --enable-native-access=ALL-UNNAMED
16-Mar-2025 11:50:15.168 INFO [main] org.apache.catalina.startup.VersionLoggerListener.log Command line argument: -Dcatalina.base=/home/serega/YandexPr/Middle/Final_Sprint_Tasks/Spring/blog/apache-tomcat-11
16-Mar-2025 11:50:15.168 INFO [main] org.apache.catalina.startup.VersionLoggerListener.log Command line argument: -Dcatalina.home=/home/serega/YandexPr/Middle/Final_Sprint_Tasks/Spring/blog/apache-tomcat-11
16-Mar-2025 11:50:15.168 INFO [main] org.apache.catalina.startup.VersionLoggerListener.log Command line argument: -Djava.io.tmpdir=/home/serega/YandexPr/Middle/Final_Sprint_Tasks/Spring/blog/apache-tomcat-11/temp
16-Mar-2025 11:50:15.170 INFO [main] org.apache.catalina.core.AprLifecycleListener.lifecycleEvent The Apache Tomcat Native library which allows using OpenSSL was not found on the java.library.path: [/usr/java/packages/lib:/usr/lib/x86_64-linux-gnu/jni:/lib/x86_64-linux-gnu:/usr/lib/x86_64-linux-gnu:/usr/lib/jni:/lib:/usr/lib]
16-Mar-2025 11:50:15.562 INFO [main] org.apache.coyote.AbstractProtocol.init Инициализация ProtocolHandler ["http-nio-8080"]
16-Mar-2025 11:50:15.588 INFO [main] org.apache.catalina.startup.Catalina.load Server initialization in [645] milliseconds
16-Mar-2025 11:50:15.639 INFO [main] org.apache.catalina.core.StandardService.startInternal Starting service [Catalina]
16-Mar-2025 11:50:15.639 INFO [main] org.apache.catalina.core.StandardEngine.startInternal Starting Servlet engine: [Apache Tomcat/11.0.2]
16-Mar-2025 11:50:15.658 INFO [main] org.apache.catalina.startup.HostConfig.deployWAR Deploying web application archive [/home/serega/YandexPr/Middle/Final_Sprint_Tasks/Spring/blog/apache-tomcat-11/webapps/blog.war]
16-Mar-2025 11:50:17.410 INFO [main] org.apache.jasper.servlet.TldScanner.scanJars At least one JAR was scanned for TLDs yet contained no TLDs. Enable debug logging for this logger for a complete list of JARs that were scanned but no TLDs were found in them. Skipping unneeded JARs during scanning can improve startup time and JSP compilation time.
16-Mar-2025 11:50:19.469 INFO [main] org.apache.catalina.startup.HostConfig.deployWAR Deployment of web application archive [/home/serega/YandexPr/Middle/Final_Sprint_Tasks/Spring/blog/apache-tomcat-11/webapps/blog.war] has finished in [3 811] ms
16-Mar-2025 11:50:19.470 INFO [main] org.apache.catalina.startup.HostConfig.deployDirectory Установка веб приложения в папку [/home/serega/YandexPr/Middle/Final_Sprint_Tasks/Spring/blog/apache-tomcat-11/webapps/docs]
16-Mar-2025 11:50:19.491 INFO [main] org.apache.catalina.startup.HostConfig.deployDirectory Deployment of web application directory [/home/serega/YandexPr/Middle/Final_Sprint_Tasks/Spring/blog/apache-tomcat-11/webapps/docs] has finished in [21] ms
16-Mar-2025 11:50:19.491 INFO [main] org.apache.catalina.startup.HostConfig.deployDirectory Установка веб приложения в папку [/home/serega/YandexPr/Middle/Final_Sprint_Tasks/Spring/blog/apache-tomcat-11/webapps/ROOT]
16-Mar-2025 11:50:19.508 INFO [main] org.apache.catalina.startup.HostConfig.deployDirectory Deployment of web application directory [/home/serega/YandexPr/Middle/Final_Sprint_Tasks/Spring/blog/apache-tomcat-11/webapps/ROOT] has finished in [17] ms
16-Mar-2025 11:50:19.508 INFO [main] org.apache.catalina.startup.HostConfig.deployDirectory Установка веб приложения в папку [/home/serega/YandexPr/Middle/Final_Sprint_Tasks/Spring/blog/apache-tomcat-11/webapps/examples]
16-Mar-2025 11:50:19.693 INFO [main] org.apache.catalina.startup.HostConfig.deployDirectory Deployment of web application directory [/home/serega/YandexPr/Middle/Final_Sprint_Tasks/Spring/blog/apache-tomcat-11/webapps/examples] has finished in [185] ms
16-Mar-2025 11:50:19.693 INFO [main] org.apache.catalina.startup.HostConfig.deployDirectory Установка веб приложения в папку [/home/serega/YandexPr/Middle/Final_Sprint_Tasks/Spring/blog/apache-tomcat-11/webapps/host-manager]
16-Mar-2025 11:50:19.714 INFO [main] org.apache.catalina.startup.HostConfig.deployDirectory Deployment of web application directory [/home/serega/YandexPr/Middle/Final_Sprint_Tasks/Spring/blog/apache-tomcat-11/webapps/host-manager] has finished in [20] ms
16-Mar-2025 11:50:19.714 INFO [main] org.apache.catalina.startup.HostConfig.deployDirectory Установка веб приложения в папку [/home/serega/YandexPr/Middle/Final_Sprint_Tasks/Spring/blog/apache-tomcat-11/webapps/manager]
16-Mar-2025 11:50:19.732 INFO [main] org.apache.catalina.startup.HostConfig.deployDirectory Deployment of web application directory [/home/serega/YandexPr/Middle/Final_Sprint_Tasks/Spring/blog/apache-tomcat-11/webapps/manager] has finished in [18] ms
16-Mar-2025 11:50:19.736 INFO [main] org.apache.coyote.AbstractProtocol.start Starting ProtocolHandler ["http-nio-8080"]
16-Mar-2025 11:50:19.745 INFO [main] org.apache.catalina.startup.Catalina.start Server startup in [4156] milliseconds
16-Mar-2025 11:51:37.125 INFO [main] org.apache.catalina.core.StandardServer.await A valid shutdown command was received via the shutdown port. Stopping the Server instance.
16-Mar-2025 11:51:37.126 INFO [main] org.apache.coyote.AbstractProtocol.pause Pausing ProtocolHandler ["http-nio-8080"]
16-Mar-2025 11:51:37.127 INFO [main] org.apache.catalina.core.StandardService.stopInternal Stopping service [Catalina]
16-Mar-2025 11:51:37.141 WARNING [main] org.apache.catalina.loader.WebappClassLoaderBase.clearReferencesJdbc The web application [blog] registered the JDBC driver [org.postgresql.Driver] but failed to unregister it when the web application was stopped. To prevent a memory leak, the JDBC Driver has been forcibly unregistered.
16-Mar-2025 11:51:37.157 INFO [main] org.apache.coyote.AbstractProtocol.stop Stopping ProtocolHandler ["http-nio-8080"]
16-Mar-2025 11:51:37.160 INFO [main] org.apache.coyote.AbstractProtocol.destroy Destroying ProtocolHandler ["http-nio-8080"]
16-Mar-2025 11:51:43.197 INFO [main] org.apache.catalina.startup.VersionLoggerListener.log Имя версии сервера:    Apache Tomcat/11.0.2
16-Mar-2025 11:51:43.202 INFO [main] org.apache.catalina.startup.VersionLoggerListener.log Сервер собран:         Dec 5 2024 15:19:37 UTC
16-Mar-2025 11:51:43.202 INFO [main] org.apache.catalina.startup.VersionLoggerListener.log Номер версии сервера:  11.0.2.0
16-Mar-2025 11:51:43.202 INFO [main] org.apache.catalina.startup.VersionLoggerListener.log OS Name:               Linux
16-Mar-2025 11:51:43.202 INFO [main] org.apache.catalina.startup.VersionLoggerListener.log Версия ОС:             6.8.0-55-generic
16-Mar-2025 11:51:43.202 INFO [main] org.apache.catalina.startup.VersionLoggerListener.log Архитектура:           amd64
16-Mar-2025 11:51:43.202 INFO [main] org.apache.catalina.startup.VersionLoggerListener.log Java Home:             /usr/lib/jvm/java-21-openjdk-amd64
16-Mar-2025 11:51:43.203 INFO [main] org.apache.catalina.startup.VersionLoggerListener.log Версия JVM:            21.0.6+7-Ubuntu-124.04.1
16-Mar-2025 11:51:43.203 INFO [main] org.apache.catalina.startup.VersionLoggerListener.log Производитель JVM:     Ubuntu
16-Mar-2025 11:51:43.203 INFO [main] org.apache.catalina.startup.VersionLoggerListener.log CATALINA_BASE:         /home/serega/YandexPr/Middle/Final_Sprint_Tasks/Spring/blog/apache-tomcat-11
16-Mar-2025 11:51:43.203 INFO [main] org.apache.catalina.startup.VersionLoggerListener.log CATALINA_HOME:         /home/serega/YandexPr/Middle/Final_Sprint_Tasks/Spring/blog/apache-tomcat-11
16-Mar-2025 11:51:43.216 INFO [main] org.apache.catalina.startup.VersionLoggerListener.log Command line argument: -Djava.util.logging.config.file=/home/serega/YandexPr/Middle/Final_Sprint_Tasks/Spring/blog/apache-tomcat-11/conf/logging.properties
16-Mar-2025 11:51:43.216 INFO [main] org.apache.catalina.startup.VersionLoggerListener.log Command line argument: -Djava.util.logging.manager=org.apache.juli.ClassLoaderLogManager
16-Mar-2025 11:51:43.216 INFO [main] org.apache.catalina.startup.VersionLoggerListener.log Command line argument: -Djdk.tls.ephemeralDHKeySize=2048
16-Mar-2025 11:51:43.217 INFO [main] org.apache.catalina.startup.VersionLoggerListener.log Command line argument: -Dorg.apache.catalina.security.SecurityListener.UMASK=0027
16-Mar-2025 11:51:43.217 INFO [main] org.apache.catalina.startup.VersionLoggerListener.log Command line argument: --add-opens=java.base/java.lang=ALL-UNNAMED
16-Mar-2025 11:51:43.217 INFO [main] org.apache.catalina.startup.VersionLoggerListener.log Command line argument: --add-opens=java.base/java.io=ALL-UNNAMED
16-Mar-2025 11:51:43.217 INFO [main] org.apache.catalina.startup.VersionLoggerListener.log Command line argument: --add-opens=java.base/java.util=ALL-UNNAMED
16-Mar-2025 11:51:43.217 INFO [main] org.apache.catalina.startup.VersionLoggerListener.log Command line argument: --add-opens=java.base/java.util.concurrent=ALL-UNNAMED
16-Mar-2025 11:51:43.217 INFO [main] org.apache.catalina.startup.VersionLoggerListener.log Command line argument: --add-opens=java.rmi/sun.rmi.transport=ALL-UNNAMED
16-Mar-2025 11:51:43.218 INFO [main] org.apache.catalina.startup.VersionLoggerListener.log Command line argument: --enable-native-access=ALL-UNNAMED
16-Mar-2025 11:51:43.218 INFO [main] org.apache.catalina.startup.VersionLoggerListener.log Command line argument: -Dcatalina.base=/home/serega/YandexPr/Middle/Final_Sprint_Tasks/Spring/blog/apache-tomcat-11
16-Mar-2025 11:51:43.218 INFO [main] org.apache.catalina.startup.VersionLoggerListener.log Command line argument: -Dcatalina.home=/home/serega/YandexPr/Middle/Final_Sprint_Tasks/Spring/blog/apache-tomcat-11
16-Mar-2025 11:51:43.218 INFO [main] org.apache.catalina.startup.VersionLoggerListener.log Command line argument: -Djava.io.tmpdir=/home/serega/YandexPr/Middle/Final_Sprint_Tasks/Spring/blog/apache-tomcat-11/temp
16-Mar-2025 11:51:43.221 INFO [main] org.apache.catalina.core.AprLifecycleListener.lifecycleEvent The Apache Tomcat Native library which allows using OpenSSL was not found on the java.library.path: [/usr/java/packages/lib:/usr/lib/x86_64-linux-gnu/jni:/lib/x86_64-linux-gnu:/usr/lib/x86_64-linux-gnu:/usr/lib/jni:/lib:/usr/lib]
16-Mar-2025 11:51:43.637 INFO [main] org.apache.coyote.AbstractProtocol.init Инициализация ProtocolHandler ["http-nio-8080"]
16-Mar-2025 11:51:43.661 INFO [main] org.apache.catalina.startup.Catalina.load Server initialization in [653] milliseconds
16-Mar-2025 11:51:43.706 INFO [main] org.apache.catalina.core.StandardService.startInternal Starting service [Catalina]
16-Mar-2025 11:51:43.706 INFO [main] org.apache.catalina.core.StandardEngine.startInternal Starting Servlet engine: [Apache Tomcat/11.0.2]
16-Mar-2025 11:51:43.723 INFO [main] org.apache.catalina.startup.HostConfig.deployWAR Deploying web application archive [/home/serega/YandexPr/Middle/Final_Sprint_Tasks/Spring/blog/apache-tomcat-11/webapps/blog.war]
16-Mar-2025 11:51:45.340 INFO [main] org.apache.jasper.servlet.TldScanner.scanJars At least one JAR was scanned for TLDs yet contained no TLDs. Enable debug logging for this logger for a complete list of JARs that were scanned but no TLDs were found in them. Skipping unneeded JARs during scanning can improve startup time and JSP compilation time.
16-Mar-2025 11:51:47.055 INFO [main] org.apache.catalina.startup.HostConfig.deployWAR Deployment of web application archive [/home/serega/YandexPr/Middle/Final_Sprint_Tasks/Spring/blog/apache-tomcat-11/webapps/blog.war] has finished in [3 331] ms
16-Mar-2025 11:51:47.056 INFO [main] org.apache.catalina.startup.HostConfig.deployDirectory Установка веб приложения в папку [/home/serega/YandexPr/Middle/Final_Sprint_Tasks/Spring/blog/apache-tomcat-11/webapps/docs]
16-Mar-2025 11:51:47.080 INFO [main] org.apache.catalina.startup.HostConfig.deployDirectory Deployment of web application directory [/home/serega/YandexPr/Middle/Final_Sprint_Tasks/Spring/blog/apache-tomcat-11/webapps/docs] has finished in [24] ms
16-Mar-2025 11:51:47.080 INFO [main] org.apache.catalina.startup.HostConfig.deployDirectory Установка веб приложения в папку [/home/serega/YandexPr/Middle/Final_Sprint_Tasks/Spring/blog/apache-tomcat-11/webapps/ROOT]
16-Mar-2025 11:51:47.098 INFO [main] org.apache.catalina.startup.HostConfig.deployDirectory Deployment of web application directory [/home/serega/YandexPr/Middle/Final_Sprint_Tasks/Spring/blog/apache-tomcat-11/webapps/ROOT] has finished in [18] ms
16-Mar-2025 11:51:47.098 INFO [main] org.apache.catalina.startup.HostConfig.deployDirectory Установка веб приложения в папку [/home/serega/YandexPr/Middle/Final_Sprint_Tasks/Spring/blog/apache-tomcat-11/webapps/examples]
16-Mar-2025 11:51:47.287 INFO [main] org.apache.catalina.startup.HostConfig.deployDirectory Deployment of web application directory [/home/serega/YandexPr/Middle/Final_Sprint_Tasks/Spring/blog/apache-tomcat-11/webapps/examples] has finished in [188] ms
16-Mar-2025 11:51:47.287 INFO [main] org.apache.catalina.startup.HostConfig.deployDirectory Установка веб приложения в папку [/home/serega/YandexPr/Middle/Final_Sprint_Tasks/Spring/blog/apache-tomcat-11/webapps/host-manager]
16-Mar-2025 11:51:47.308 INFO [main] org.apache.catalina.startup.HostConfig.deployDirectory Deployment of web application directory [/home/serega/YandexPr/Middle/Final_Sprint_Tasks/Spring/blog/apache-tomcat-11/webapps/host-manager] has finished in [21] ms
16-Mar-2025 11:51:47.309 INFO [main] org.apache.catalina.startup.HostConfig.deployDirectory Установка веб приложения в папку [/home/serega/YandexPr/Middle/Final_Sprint_Tasks/Spring/blog/apache-tomcat-11/webapps/manager]
16-Mar-2025 11:51:47.329 INFO [main] org.apache.catalina.startup.HostConfig.deployDirectory Deployment of web application directory [/home/serega/YandexPr/Middle/Final_Sprint_Tasks/Spring/blog/apache-tomcat-11/webapps/manager] has finished in [21] ms
16-Mar-2025 11:51:47.333 INFO [main] org.apache.coyote.AbstractProtocol.start Starting ProtocolHandler ["http-nio-8080"]
16-Mar-2025 11:51:47.343 INFO [main] org.apache.catalina.startup.Catalina.start Server startup in [3680] milliseconds
16-Mar-2025 11:54:41.700 INFO [main] org.apache.catalina.core.StandardServer.await A valid shutdown command was received via the shutdown port. Stopping the Server instance.
16-Mar-2025 11:54:41.700 INFO [main] org.apache.coyote.AbstractProtocol.pause Pausing ProtocolHandler ["http-nio-8080"]
16-Mar-2025 11:54:41.701 INFO [main] org.apache.catalina.core.StandardService.stopInternal Stopping service [Catalina]
16-Mar-2025 11:54:41.716 WARNING [main] org.apache.catalina.loader.WebappClassLoaderBase.clearReferencesJdbc The web application [blog] registered the JDBC driver [org.postgresql.Driver] but failed to unregister it when the web application was stopped. To prevent a memory leak, the JDBC Driver has been forcibly unregistered.
16-Mar-2025 11:54:41.732 INFO [main] org.apache.coyote.AbstractProtocol.stop Stopping ProtocolHandler ["http-nio-8080"]
16-Mar-2025 11:54:41.736 INFO [main] org.apache.coyote.AbstractProtocol.destroy Destroying ProtocolHandler ["http-nio-8080"]
16-Mar-2025 11:54:48.000 INFO [main] org.apache.catalina.startup.VersionLoggerListener.log Имя версии сервера:    Apache Tomcat/11.0.2
16-Mar-2025 11:54:48.004 INFO [main] org.apache.catalina.startup.VersionLoggerListener.log Сервер собран:         Dec 5 2024 15:19:37 UTC
16-Mar-2025 11:54:48.004 INFO [main] org.apache.catalina.startup.VersionLoggerListener.log Номер версии сервера:  11.0.2.0
16-Mar-2025 11:54:48.004 INFO [main] org.apache.catalina.startup.VersionLoggerListener.log OS Name:               Linux
16-Mar-2025 11:54:48.004 INFO [main] org.apache.catalina.startup.VersionLoggerListener.log Версия ОС:             6.8.0-55-generic
16-Mar-2025 11:54:48.005 INFO [main] org.apache.catalina.startup.VersionLoggerListener.log Архитектура:           amd64
16-Mar-2025 11:54:48.005 INFO [main] org.apache.catalina.startup.VersionLoggerListener.log Java Home:             /usr/lib/jvm/java-21-openjdk-amd64
16-Mar-2025 11:54:48.005 INFO [main] org.apache.catalina.startup.VersionLoggerListener.log Версия JVM:            21.0.6+7-Ubuntu-124.04.1
16-Mar-2025 11:54:48.005 INFO [main] org.apache.catalina.startup.VersionLoggerListener.log Производитель JVM:     Ubuntu
16-Mar-2025 11:54:48.005 INFO [main] org.apache.catalina.startup.VersionLoggerListener.log CATALINA_BASE:         /home/serega/YandexPr/Middle/Final_Sprint_Tasks/Spring/blog/apache-tomcat-11
16-Mar-2025 11:54:48.005 INFO [main] org.apache.catalina.startup.VersionLoggerListener.log CATALINA_HOME:         /home/serega/YandexPr/Middle/Final_Sprint_Tasks/Spring/blog/apache-tomcat-11
16-Mar-2025 11:54:48.017 INFO [main] org.apache.catalina.startup.VersionLoggerListener.log Command line argument: -Djava.util.logging.config.file=/home/serega/YandexPr/Middle/Final_Sprint_Tasks/Spring/blog/apache-tomcat-11/conf/logging.properties
16-Mar-2025 11:54:48.018 INFO [main] org.apache.catalina.startup.VersionLoggerListener.log Command line argument: -Djava.util.logging.manager=org.apache.juli.ClassLoaderLogManager
16-Mar-2025 11:54:48.018 INFO [main] org.apache.catalina.startup.VersionLoggerListener.log Command line argument: -Djdk.tls.ephemeralDHKeySize=2048
16-Mar-2025 11:54:48.018 INFO [main] org.apache.catalina.startup.VersionLoggerListener.log Command line argument: -Dorg.apache.catalina.security.SecurityListener.UMASK=0027
16-Mar-2025 11:54:48.018 INFO [main] org.apache.catalina.startup.VersionLoggerListener.log Command line argument: --add-opens=java.base/java.lang=ALL-UNNAMED
16-Mar-2025 11:54:48.018 INFO [main] org.apache.catalina.startup.VersionLoggerListener.log Command line argument: --add-opens=java.base/java.io=ALL-UNNAMED
16-Mar-2025 11:54:48.018 INFO [main] org.apache.catalina.startup.VersionLoggerListener.log Command line argument: --add-opens=java.base/java.util=ALL-UNNAMED
16-Mar-2025 11:54:48.019 INFO [main] org.apache.catalina.startup.VersionLoggerListener.log Command line argument: --add-opens=java.base/java.util.concurrent=ALL-UNNAMED
16-Mar-2025 11:54:48.019 INFO [main] org.apache.catalina.startup.VersionLoggerListener.log Command line argument: --add-opens=java.rmi/sun.rmi.transport=ALL-UNNAMED
16-Mar-2025 11:54:48.019 INFO [main] org.apache.catalina.startup.VersionLoggerListener.log Command line argument: --enable-native-access=ALL-UNNAMED
16-Mar-2025 11:54:48.019 INFO [main] org.apache.catalina.startup.VersionLoggerListener.log Command line argument: -Dcatalina.base=/home/serega/YandexPr/Middle/Final_Sprint_Tasks/Spring/blog/apache-tomcat-11
16-Mar-2025 11:54:48.019 INFO [main] org.apache.catalina.startup.VersionLoggerListener.log Command line argument: -Dcatalina.home=/home/serega/YandexPr/Middle/Final_Sprint_Tasks/Spring/blog/apache-tomcat-11
16-Mar-2025 11:54:48.019 INFO [main] org.apache.catalina.startup.VersionLoggerListener.log Command line argument: -Djava.io.tmpdir=/home/serega/YandexPr/Middle/Final_Sprint_Tasks/Spring/blog/apache-tomcat-11/temp
16-Mar-2025 11:54:48.022 INFO [main] org.apache.catalina.core.AprLifecycleListener.lifecycleEvent The Apache Tomcat Native library which allows using OpenSSL was not found on the java.library.path: [/usr/java/packages/lib:/usr/lib/x86_64-linux-gnu/jni:/lib/x86_64-linux-gnu:/usr/lib/x86_64-linux-gnu:/usr/lib/jni:/lib:/usr/lib]
16-Mar-2025 11:54:48.438 INFO [main] org.apache.coyote.AbstractProtocol.init Инициализация ProtocolHandler ["http-nio-8080"]
16-Mar-2025 11:54:48.462 INFO [main] org.apache.catalina.startup.Catalina.load Server initialization in [676] milliseconds
16-Mar-2025 11:54:48.509 INFO [main] org.apache.catalina.core.StandardService.startInternal Starting service [Catalina]
16-Mar-2025 11:54:48.509 INFO [main] org.apache.catalina.core.StandardEngine.startInternal Starting Servlet engine: [Apache Tomcat/11.0.2]
16-Mar-2025 11:54:48.525 INFO [main] org.apache.catalina.startup.HostConfig.deployWAR Deploying web application archive [/home/serega/YandexPr/Middle/Final_Sprint_Tasks/Spring/blog/apache-tomcat-11/webapps/blog.war]
16-Mar-2025 11:54:50.128 INFO [main] org.apache.jasper.servlet.TldScanner.scanJars At least one JAR was scanned for TLDs yet contained no TLDs. Enable debug logging for this logger for a complete list of JARs that were scanned but no TLDs were found in them. Skipping unneeded JARs during scanning can improve startup time and JSP compilation time.
16-Mar-2025 11:54:51.763 INFO [main] org.apache.catalina.startup.HostConfig.deployWAR Deployment of web application archive [/home/serega/YandexPr/Middle/Final_Sprint_Tasks/Spring/blog/apache-tomcat-11/webapps/blog.war] has finished in [3 237] ms
16-Mar-2025 11:54:51.764 INFO [main] org.apache.catalina.startup.HostConfig.deployDirectory Установка веб приложения в папку [/home/serega/YandexPr/Middle/Final_Sprint_Tasks/Spring/blog/apache-tomcat-11/webapps/docs]
16-Mar-2025 11:54:51.787 INFO [main] org.apache.catalina.startup.HostConfig.deployDirectory Deployment of web application directory [/home/serega/YandexPr/Middle/Final_Sprint_Tasks/Spring/blog/apache-tomcat-11/webapps/docs] has finished in [23] ms
16-Mar-2025 11:54:51.787 INFO [main] org.apache.catalina.startup.HostConfig.deployDirectory Установка веб приложения в папку [/home/serega/YandexPr/Middle/Final_Sprint_Tasks/Spring/blog/apache-tomcat-11/webapps/ROOT]
16-Mar-2025 11:54:51.805 INFO [main] org.apache.catalina.startup.HostConfig.deployDirectory Deployment of web application directory [/home/serega/YandexPr/Middle/Final_Sprint_Tasks/Spring/blog/apache-tomcat-11/webapps/ROOT] has finished in [18] ms
16-Mar-2025 11:54:51.805 INFO [main] org.apache.catalina.startup.HostConfig.deployDirectory Установка веб приложения в папку [/home/serega/YandexPr/Middle/Final_Sprint_Tasks/Spring/blog/apache-tomcat-11/webapps/examples]
16-Mar-2025 11:54:52.009 INFO [main] org.apache.catalina.startup.HostConfig.deployDirectory Deployment of web application directory [/home/serega/YandexPr/Middle/Final_Sprint_Tasks/Spring/blog/apache-tomcat-11/webapps/examples] has finished in [204] ms
16-Mar-2025 11:54:52.009 INFO [main] org.apache.catalina.startup.HostConfig.deployDirectory Установка веб приложения в папку [/home/serega/YandexPr/Middle/Final_Sprint_Tasks/Spring/blog/apache-tomcat-11/webapps/host-manager]
16-Mar-2025 11:54:52.037 INFO [main] org.apache.catalina.startup.HostConfig.deployDirectory Deployment of web application directory [/home/serega/YandexPr/Middle/Final_Sprint_Tasks/Spring/blog/apache-tomcat-11/webapps/host-manager] has finished in [28] ms
16-Mar-2025 11:54:52.037 INFO [main] org.apache.catalina.startup.HostConfig.deployDirectory Установка веб приложения в папку [/home/serega/YandexPr/Middle/Final_Sprint_Tasks/Spring/blog/apache-tomcat-11/webapps/manager]
16-Mar-2025 11:54:52.058 INFO [main] org.apache.catalina.startup.HostConfig.deployDirectory Deployment of web application directory [/home/serega/YandexPr/Middle/Final_Sprint_Tasks/Spring/blog/apache-tomcat-11/webapps/manager] has finished in [21] ms
16-Mar-2025 11:54:52.063 INFO [main] org.apache.coyote.AbstractProtocol.start Starting ProtocolHandler ["http-nio-8080"]
16-Mar-2025 11:54:52.073 INFO [main] org.apache.catalina.startup.Catalina.start Server startup in [3608] milliseconds
16-Mar-2025 12:00:42.741 INFO [main] org.apache.catalina.core.StandardServer.await A valid shutdown command was received via the shutdown port. Stopping the Server instance.
16-Mar-2025 12:00:42.741 INFO [main] org.apache.coyote.AbstractProtocol.pause Pausing ProtocolHandler ["http-nio-8080"]
16-Mar-2025 12:00:42.743 INFO [main] org.apache.catalina.core.StandardService.stopInternal Stopping service [Catalina]
16-Mar-2025 12:00:42.759 WARNING [main] org.apache.catalina.loader.WebappClassLoaderBase.clearReferencesJdbc The web application [blog] registered the JDBC driver [org.postgresql.Driver] but failed to unregister it when the web application was stopped. To prevent a memory leak, the JDBC Driver has been forcibly unregistered.
16-Mar-2025 12:00:42.778 INFO [main] org.apache.coyote.AbstractProtocol.stop Stopping ProtocolHandler ["http-nio-8080"]
16-Mar-2025 12:00:42.787 INFO [main] org.apache.coyote.AbstractProtocol.destroy Destroying ProtocolHandler ["http-nio-8080"]
16-Mar-2025 12:00:57.587 INFO [main] org.apache.catalina.startup.VersionLoggerListener.log Имя версии сервера:    Apache Tomcat/11.0.2
16-Mar-2025 12:00:57.591 INFO [main] org.apache.catalina.startup.VersionLoggerListener.log Сервер собран:         Dec 5 2024 15:19:37 UTC
16-Mar-2025 12:00:57.592 INFO [main] org.apache.catalina.startup.VersionLoggerListener.log Номер версии сервера:  11.0.2.0
16-Mar-2025 12:00:57.592 INFO [main] org.apache.catalina.startup.VersionLoggerListener.log OS Name:               Linux
16-Mar-2025 12:00:57.592 INFO [main] org.apache.catalina.startup.VersionLoggerListener.log Версия ОС:             6.8.0-55-generic
16-Mar-2025 12:00:57.592 INFO [main] org.apache.catalina.startup.VersionLoggerListener.log Архитектура:           amd64
16-Mar-2025 12:00:57.592 INFO [main] org.apache.catalina.startup.VersionLoggerListener.log Java Home:             /usr/lib/jvm/java-21-openjdk-amd64
16-Mar-2025 12:00:57.592 INFO [main] org.apache.catalina.startup.VersionLoggerListener.log Версия JVM:            21.0.6+7-Ubuntu-124.04.1
16-Mar-2025 12:00:57.592 INFO [main] org.apache.catalina.startup.VersionLoggerListener.log Производитель JVM:     Ubuntu
16-Mar-2025 12:00:57.593 INFO [main] org.apache.catalina.startup.VersionLoggerListener.log CATALINA_BASE:         /home/serega/YandexPr/Middle/Final_Sprint_Tasks/Spring/blog/apache-tomcat-11
16-Mar-2025 12:00:57.593 INFO [main] org.apache.catalina.startup.VersionLoggerListener.log CATALINA_HOME:         /home/serega/YandexPr/Middle/Final_Sprint_Tasks/Spring/blog/apache-tomcat-11
16-Mar-2025 12:00:57.603 INFO [main] org.apache.catalina.startup.VersionLoggerListener.log Command line argument: -Djava.util.logging.config.file=/home/serega/YandexPr/Middle/Final_Sprint_Tasks/Spring/blog/apache-tomcat-11/conf/logging.properties
16-Mar-2025 12:00:57.603 INFO [main] org.apache.catalina.startup.VersionLoggerListener.log Command line argument: -Djava.util.logging.manager=org.apache.juli.ClassLoaderLogManager
16-Mar-2025 12:00:57.603 INFO [main] org.apache.catalina.startup.VersionLoggerListener.log Command line argument: -Djdk.tls.ephemeralDHKeySize=2048
16-Mar-2025 12:00:57.603 INFO [main] org.apache.catalina.startup.VersionLoggerListener.log Command line argument: -Dorg.apache.catalina.security.SecurityListener.UMASK=0027
16-Mar-2025 12:00:57.603 INFO [main] org.apache.catalina.startup.VersionLoggerListener.log Command line argument: --add-opens=java.base/java.lang=ALL-UNNAMED
16-Mar-2025 12:00:57.603 INFO [main] org.apache.catalina.startup.VersionLoggerListener.log Command line argument: --add-opens=java.base/java.io=ALL-UNNAMED
16-Mar-2025 12:00:57.604 INFO [main] org.apache.catalina.startup.VersionLoggerListener.log Command line argument: --add-opens=java.base/java.util=ALL-UNNAMED
16-Mar-2025 12:00:57.604 INFO [main] org.apache.catalina.startup.VersionLoggerListener.log Command line argument: --add-opens=java.base/java.util.concurrent=ALL-UNNAMED
16-Mar-2025 12:00:57.604 INFO [main] org.apache.catalina.startup.VersionLoggerListener.log Command line argument: --add-opens=java.rmi/sun.rmi.transport=ALL-UNNAMED
16-Mar-2025 12:00:57.604 INFO [main] org.apache.catalina.startup.VersionLoggerListener.log Command line argument: --enable-native-access=ALL-UNNAMED
16-Mar-2025 12:00:57.604 INFO [main] org.apache.catalina.startup.VersionLoggerListener.log Command line argument: -Dcatalina.base=/home/serega/YandexPr/Middle/Final_Sprint_Tasks/Spring/blog/apache-tomcat-11
16-Mar-2025 12:00:57.604 INFO [main] org.apache.catalina.startup.VersionLoggerListener.log Command line argument: -Dcatalina.home=/home/serega/YandexPr/Middle/Final_Sprint_Tasks/Spring/blog/apache-tomcat-11
16-Mar-2025 12:00:57.604 INFO [main] org.apache.catalina.startup.VersionLoggerListener.log Command line argument: -Djava.io.tmpdir=/home/serega/YandexPr/Middle/Final_Sprint_Tasks/Spring/blog/apache-tomcat-11/temp
16-Mar-2025 12:00:57.606 INFO [main] org.apache.catalina.core.AprLifecycleListener.lifecycleEvent The Apache Tomcat Native library which allows using OpenSSL was not found on the java.library.path: [/usr/java/packages/lib:/usr/lib/x86_64-linux-gnu/jni:/lib/x86_64-linux-gnu:/usr/lib/x86_64-linux-gnu:/usr/lib/jni:/lib:/usr/lib]
16-Mar-2025 12:00:57.996 INFO [main] org.apache.coyote.AbstractProtocol.init Инициализация ProtocolHandler ["http-nio-8080"]
16-Mar-2025 12:00:58.020 INFO [main] org.apache.catalina.startup.Catalina.load Server initialization in [637] milliseconds
16-Mar-2025 12:00:58.068 INFO [main] org.apache.catalina.core.StandardService.startInternal Starting service [Catalina]
16-Mar-2025 12:00:58.068 INFO [main] org.apache.catalina.core.StandardEngine.startInternal Starting Servlet engine: [Apache Tomcat/11.0.2]
16-Mar-2025 12:00:58.085 INFO [main] org.apache.catalina.startup.HostConfig.deployWAR Deploying web application archive [/home/serega/YandexPr/Middle/Final_Sprint_Tasks/Spring/blog/apache-tomcat-11/webapps/blog.war]
16-Mar-2025 12:00:59.725 INFO [main] org.apache.jasper.servlet.TldScanner.scanJars At least one JAR was scanned for TLDs yet contained no TLDs. Enable debug logging for this logger for a complete list of JARs that were scanned but no TLDs were found in them. Skipping unneeded JARs during scanning can improve startup time and JSP compilation time.
16-Mar-2025 12:01:01.385 INFO [main] org.apache.catalina.startup.HostConfig.deployWAR Deployment of web application archive [/home/serega/YandexPr/Middle/Final_Sprint_Tasks/Spring/blog/apache-tomcat-11/webapps/blog.war] has finished in [3 300] ms
16-Mar-2025 12:01:01.387 INFO [main] org.apache.catalina.startup.HostConfig.deployDirectory Установка веб приложения в папку [/home/serega/YandexPr/Middle/Final_Sprint_Tasks/Spring/blog/apache-tomcat-11/webapps/docs]
16-Mar-2025 12:01:01.420 INFO [main] org.apache.catalina.startup.HostConfig.deployDirectory Deployment of web application directory [/home/serega/YandexPr/Middle/Final_Sprint_Tasks/Spring/blog/apache-tomcat-11/webapps/docs] has finished in [33] ms
16-Mar-2025 12:01:01.420 INFO [main] org.apache.catalina.startup.HostConfig.deployDirectory Установка веб приложения в папку [/home/serega/YandexPr/Middle/Final_Sprint_Tasks/Spring/blog/apache-tomcat-11/webapps/ROOT]
16-Mar-2025 12:01:01.440 INFO [main] org.apache.catalina.startup.HostConfig.deployDirectory Deployment of web application directory [/home/serega/YandexPr/Middle/Final_Sprint_Tasks/Spring/blog/apache-tomcat-11/webapps/ROOT] has finished in [20] ms
16-Mar-2025 12:01:01.440 INFO [main] org.apache.catalina.startup.HostConfig.deployDirectory Установка веб приложения в папку [/home/serega/YandexPr/Middle/Final_Sprint_Tasks/Spring/blog/apache-tomcat-11/webapps/examples]
16-Mar-2025 12:01:01.676 INFO [main] org.apache.catalina.startup.HostConfig.deployDirectory Deployment of web application directory [/home/serega/YandexPr/Middle/Final_Sprint_Tasks/Spring/blog/apache-tomcat-11/webapps/examples] has finished in [236] ms
16-Mar-2025 12:01:01.677 INFO [main] org.apache.catalina.startup.HostConfig.deployDirectory Установка веб приложения в папку [/home/serega/YandexPr/Middle/Final_Sprint_Tasks/Spring/blog/apache-tomcat-11/webapps/host-manager]
16-Mar-2025 12:01:01.704 INFO [main] org.apache.catalina.startup.HostConfig.deployDirectory Deployment of web application directory [/home/serega/YandexPr/Middle/Final_Sprint_Tasks/Spring/blog/apache-tomcat-11/webapps/host-manager] has finished in [28] ms
16-Mar-2025 12:01:01.704 INFO [main] org.apache.catalina.startup.HostConfig.deployDirectory Установка веб приложения в папку [/home/serega/YandexPr/Middle/Final_Sprint_Tasks/Spring/blog/apache-tomcat-11/webapps/manager]
16-Mar-2025 12:01:01.726 INFO [main] org.apache.catalina.startup.HostConfig.deployDirectory Deployment of web application directory [/home/serega/YandexPr/Middle/Final_Sprint_Tasks/Spring/blog/apache-tomcat-11/webapps/manager] has finished in [22] ms
16-Mar-2025 12:01:01.730 INFO [main] org.apache.coyote.AbstractProtocol.start Starting ProtocolHandler ["http-nio-8080"]
16-Mar-2025 12:01:01.742 INFO [main] org.apache.catalina.startup.Catalina.start Server startup in [3719] milliseconds
16-Mar-2025 12:03:03.596 INFO [main] org.apache.catalina.core.StandardServer.await A valid shutdown command was received via the shutdown port. Stopping the Server instance.
16-Mar-2025 12:03:03.596 INFO [main] org.apache.coyote.AbstractProtocol.pause Pausing ProtocolHandler ["http-nio-8080"]
16-Mar-2025 12:03:03.598 INFO [main] org.apache.catalina.core.StandardService.stopInternal Stopping service [Catalina]
16-Mar-2025 12:03:03.615 WARNING [main] org.apache.catalina.loader.WebappClassLoaderBase.clearReferencesJdbc The web application [blog] registered the JDBC driver [org.postgresql.Driver] but failed to unregister it when the web application was stopped. To prevent a memory leak, the JDBC Driver has been forcibly unregistered.
16-Mar-2025 12:03:03.639 INFO [main] org.apache.coyote.AbstractProtocol.stop Stopping ProtocolHandler ["http-nio-8080"]
16-Mar-2025 12:03:03.653 INFO [main] org.apache.coyote.AbstractProtocol.destroy Destroying ProtocolHandler ["http-nio-8080"]
16-Mar-2025 12:03:14.320 INFO [main] org.apache.catalina.startup.VersionLoggerListener.log Имя версии сервера:    Apache Tomcat/11.0.2
16-Mar-2025 12:03:14.324 INFO [main] org.apache.catalina.startup.VersionLoggerListener.log Сервер собран:         Dec 5 2024 15:19:37 UTC
16-Mar-2025 12:03:14.324 INFO [main] org.apache.catalina.startup.VersionLoggerListener.log Номер версии сервера:  11.0.2.0
16-Mar-2025 12:03:14.324 INFO [main] org.apache.catalina.startup.VersionLoggerListener.log OS Name:               Linux
16-Mar-2025 12:03:14.324 INFO [main] org.apache.catalina.startup.VersionLoggerListener.log Версия ОС:             6.8.0-55-generic
16-Mar-2025 12:03:14.325 INFO [main] org.apache.catalina.startup.VersionLoggerListener.log Архитектура:           amd64
16-Mar-2025 12:03:14.325 INFO [main] org.apache.catalina.startup.VersionLoggerListener.log Java Home:             /usr/lib/jvm/java-21-openjdk-amd64
16-Mar-2025 12:03:14.325 INFO [main] org.apache.catalina.startup.VersionLoggerListener.log Версия JVM:            21.0.6+7-Ubuntu-124.04.1
16-Mar-2025 12:03:14.325 INFO [main] org.apache.catalina.startup.VersionLoggerListener.log Производитель JVM:     Ubuntu
16-Mar-2025 12:03:14.325 INFO [main] org.apache.catalina.startup.VersionLoggerListener.log CATALINA_BASE:         /home/serega/YandexPr/Middle/Final_Sprint_Tasks/Spring/blog/apache-tomcat-11
16-Mar-2025 12:03:14.325 INFO [main] org.apache.catalina.startup.VersionLoggerListener.log CATALINA_HOME:         /home/serega/YandexPr/Middle/Final_Sprint_Tasks/Spring/blog/apache-tomcat-11
16-Mar-2025 12:03:14.341 INFO [main] org.apache.catalina.startup.VersionLoggerListener.log Command line argument: -Djava.util.logging.config.file=/home/serega/YandexPr/Middle/Final_Sprint_Tasks/Spring/blog/apache-tomcat-11/conf/logging.properties
16-Mar-2025 12:03:14.341 INFO [main] org.apache.catalina.startup.VersionLoggerListener.log Command line argument: -Djava.util.logging.manager=org.apache.juli.ClassLoaderLogManager
16-Mar-2025 12:03:14.341 INFO [main] org.apache.catalina.startup.VersionLoggerListener.log Command line argument: -Djdk.tls.ephemeralDHKeySize=2048
16-Mar-2025 12:03:14.341 INFO [main] org.apache.catalina.startup.VersionLoggerListener.log Command line argument: -Dorg.apache.catalina.security.SecurityListener.UMASK=0027
16-Mar-2025 12:03:14.341 INFO [main] org.apache.catalina.startup.VersionLoggerListener.log Command line argument: --add-opens=java.base/java.lang=ALL-UNNAMED
16-Mar-2025 12:03:14.342 INFO [main] org.apache.catalina.startup.VersionLoggerListener.log Command line argument: --add-opens=java.base/java.io=ALL-UNNAMED
16-Mar-2025 12:03:14.342 INFO [main] org.apache.catalina.startup.VersionLoggerListener.log Command line argument: --add-opens=java.base/java.util=ALL-UNNAMED
16-Mar-2025 12:03:14.342 INFO [main] org.apache.catalina.startup.VersionLoggerListener.log Command line argument: --add-opens=java.base/java.util.concurrent=ALL-UNNAMED
16-Mar-2025 12:03:14.342 INFO [main] org.apache.catalina.startup.VersionLoggerListener.log Command line argument: --add-opens=java.rmi/sun.rmi.transport=ALL-UNNAMED
16-Mar-2025 12:03:14.342 INFO [main] org.apache.catalina.startup.VersionLoggerListener.log Command line argument: --enable-native-access=ALL-UNNAMED
16-Mar-2025 12:03:14.342 INFO [main] org.apache.catalina.startup.VersionLoggerListener.log Command line argument: -Dcatalina.base=/home/serega/YandexPr/Middle/Final_Sprint_Tasks/Spring/blog/apache-tomcat-11
16-Mar-2025 12:03:14.342 INFO [main] org.apache.catalina.startup.VersionLoggerListener.log Command line argument: -Dcatalina.home=/home/serega/YandexPr/Middle/Final_Sprint_Tasks/Spring/blog/apache-tomcat-11
16-Mar-2025 12:03:14.342 INFO [main] org.apache.catalina.startup.VersionLoggerListener.log Command line argument: -Djava.io.tmpdir=/home/serega/YandexPr/Middle/Final_Sprint_Tasks/Spring/blog/apache-tomcat-11/temp
16-Mar-2025 12:03:14.344 INFO [main] org.apache.catalina.core.AprLifecycleListener.lifecycleEvent The Apache Tomcat Native library which allows using OpenSSL was not found on the java.library.path: [/usr/java/packages/lib:/usr/lib/x86_64-linux-gnu/jni:/lib/x86_64-linux-gnu:/usr/lib/x86_64-linux-gnu:/usr/lib/jni:/lib:/usr/lib]
16-Mar-2025 12:03:14.703 INFO [main] org.apache.coyote.AbstractProtocol.init Инициализация ProtocolHandler ["http-nio-8080"]
16-Mar-2025 12:03:14.732 INFO [main] org.apache.catalina.startup.Catalina.load Server initialization in [605] milliseconds
16-Mar-2025 12:03:14.790 INFO [main] org.apache.catalina.core.StandardService.startInternal Starting service [Catalina]
16-Mar-2025 12:03:14.790 INFO [main] org.apache.catalina.core.StandardEngine.startInternal Starting Servlet engine: [Apache Tomcat/11.0.2]
16-Mar-2025 12:03:14.810 INFO [main] org.apache.catalina.startup.HostConfig.deployWAR Deploying web application archive [/home/serega/YandexPr/Middle/Final_Sprint_Tasks/Spring/blog/apache-tomcat-11/webapps/blog.war]
16-Mar-2025 12:03:16.438 INFO [main] org.apache.jasper.servlet.TldScanner.scanJars At least one JAR was scanned for TLDs yet contained no TLDs. Enable debug logging for this logger for a complete list of JARs that were scanned but no TLDs were found in them. Skipping unneeded JARs during scanning can improve startup time and JSP compilation time.
16-Mar-2025 12:03:18.237 INFO [main] org.apache.catalina.startup.HostConfig.deployWAR Deployment of web application archive [/home/serega/YandexPr/Middle/Final_Sprint_Tasks/Spring/blog/apache-tomcat-11/webapps/blog.war] has finished in [3 428] ms
16-Mar-2025 12:03:18.238 INFO [main] org.apache.catalina.startup.HostConfig.deployDirectory Установка веб приложения в папку [/home/serega/YandexPr/Middle/Final_Sprint_Tasks/Spring/blog/apache-tomcat-11/webapps/docs]
16-Mar-2025 12:03:18.261 INFO [main] org.apache.catalina.startup.HostConfig.deployDirectory Deployment of web application directory [/home/serega/YandexPr/Middle/Final_Sprint_Tasks/Spring/blog/apache-tomcat-11/webapps/docs] has finished in [23] ms
16-Mar-2025 12:03:18.261 INFO [main] org.apache.catalina.startup.HostConfig.deployDirectory Установка веб приложения в папку [/home/serega/YandexPr/Middle/Final_Sprint_Tasks/Spring/blog/apache-tomcat-11/webapps/ROOT]
16-Mar-2025 12:03:18.278 INFO [main] org.apache.catalina.startup.HostConfig.deployDirectory Deployment of web application directory [/home/serega/YandexPr/Middle/Final_Sprint_Tasks/Spring/blog/apache-tomcat-11/webapps/ROOT] has finished in [17] ms
16-Mar-2025 12:03:18.278 INFO [main] org.apache.catalina.startup.HostConfig.deployDirectory Установка веб приложения в папку [/home/serega/YandexPr/Middle/Final_Sprint_Tasks/Spring/blog/apache-tomcat-11/webapps/examples]
16-Mar-2025 12:03:18.484 INFO [main] org.apache.catalina.startup.HostConfig.deployDirectory Deployment of web application directory [/home/serega/YandexPr/Middle/Final_Sprint_Tasks/Spring/blog/apache-tomcat-11/webapps/examples] has finished in [206] ms
16-Mar-2025 12:03:18.484 INFO [main] org.apache.catalina.startup.HostConfig.deployDirectory Установка веб приложения в папку [/home/serega/YandexPr/Middle/Final_Sprint_Tasks/Spring/blog/apache-tomcat-11/webapps/host-manager]
16-Mar-2025 12:03:18.505 INFO [main] org.apache.catalina.startup.HostConfig.deployDirectory Deployment of web application directory [/home/serega/YandexPr/Middle/Final_Sprint_Tasks/Spring/blog/apache-tomcat-11/webapps/host-manager] has finished in [21] ms
16-Mar-2025 12:03:18.506 INFO [main] org.apache.catalina.startup.HostConfig.deployDirectory Установка веб приложения в папку [/home/serega/YandexPr/Middle/Final_Sprint_Tasks/Spring/blog/apache-tomcat-11/webapps/manager]
16-Mar-2025 12:03:18.525 INFO [main] org.apache.catalina.startup.HostConfig.deployDirectory Deployment of web application directory [/home/serega/YandexPr/Middle/Final_Sprint_Tasks/Spring/blog/apache-tomcat-11/webapps/manager] has finished in [20] ms
16-Mar-2025 12:03:18.529 INFO [main] org.apache.coyote.AbstractProtocol.start Starting ProtocolHandler ["http-nio-8080"]
16-Mar-2025 12:03:18.539 INFO [main] org.apache.catalina.startup.Catalina.start Server startup in [3804] milliseconds
16-Mar-2025 12:03:53.452 INFO [main] org.apache.catalina.core.StandardServer.await A valid shutdown command was received via the shutdown port. Stopping the Server instance.
16-Mar-2025 12:03:53.453 INFO [main] org.apache.coyote.AbstractProtocol.pause Pausing ProtocolHandler ["http-nio-8080"]
16-Mar-2025 12:03:53.454 INFO [main] org.apache.catalina.core.StandardService.stopInternal Stopping service [Catalina]
16-Mar-2025 12:03:53.473 WARNING [main] org.apache.catalina.loader.WebappClassLoaderBase.clearReferencesJdbc The web application [blog] registered the JDBC driver [org.postgresql.Driver] but failed to unregister it when the web application was stopped. To prevent a memory leak, the JDBC Driver has been forcibly unregistered.
16-Mar-2025 12:03:53.496 INFO [main] org.apache.coyote.AbstractProtocol.stop Stopping ProtocolHandler ["http-nio-8080"]
16-Mar-2025 12:03:53.508 INFO [main] org.apache.coyote.AbstractProtocol.destroy Destroying ProtocolHandler ["http-nio-8080"]
16-Mar-2025 12:03:59.078 INFO [main] org.apache.catalina.startup.VersionLoggerListener.log Имя версии сервера:    Apache Tomcat/11.0.2
16-Mar-2025 12:03:59.082 INFO [main] org.apache.catalina.startup.VersionLoggerListener.log Сервер собран:         Dec 5 2024 15:19:37 UTC
16-Mar-2025 12:03:59.082 INFO [main] org.apache.catalina.startup.VersionLoggerListener.log Номер версии сервера:  11.0.2.0
16-Mar-2025 12:03:59.083 INFO [main] org.apache.catalina.startup.VersionLoggerListener.log OS Name:               Linux
16-Mar-2025 12:03:59.083 INFO [main] org.apache.catalina.startup.VersionLoggerListener.log Версия ОС:             6.8.0-55-generic
16-Mar-2025 12:03:59.083 INFO [main] org.apache.catalina.startup.VersionLoggerListener.log Архитектура:           amd64
16-Mar-2025 12:03:59.083 INFO [main] org.apache.catalina.startup.VersionLoggerListener.log Java Home:             /usr/lib/jvm/java-21-openjdk-amd64
16-Mar-2025 12:03:59.083 INFO [main] org.apache.catalina.startup.VersionLoggerListener.log Версия JVM:            21.0.6+7-Ubuntu-124.04.1
16-Mar-2025 12:03:59.083 INFO [main] org.apache.catalina.startup.VersionLoggerListener.log Производитель JVM:     Ubuntu
16-Mar-2025 12:03:59.083 INFO [main] org.apache.catalina.startup.VersionLoggerListener.log CATALINA_BASE:         /home/serega/YandexPr/Middle/Final_Sprint_Tasks/Spring/blog/apache-tomcat-11
16-Mar-2025 12:03:59.084 INFO [main] org.apache.catalina.startup.VersionLoggerListener.log CATALINA_HOME:         /home/serega/YandexPr/Middle/Final_Sprint_Tasks/Spring/blog/apache-tomcat-11
16-Mar-2025 12:03:59.094 INFO [main] org.apache.catalina.startup.VersionLoggerListener.log Command line argument: -Djava.util.logging.config.file=/home/serega/YandexPr/Middle/Final_Sprint_Tasks/Spring/blog/apache-tomcat-11/conf/logging.properties
16-Mar-2025 12:03:59.094 INFO [main] org.apache.catalina.startup.VersionLoggerListener.log Command line argument: -Djava.util.logging.manager=org.apache.juli.ClassLoaderLogManager
16-Mar-2025 12:03:59.094 INFO [main] org.apache.catalina.startup.VersionLoggerListener.log Command line argument: -Djdk.tls.ephemeralDHKeySize=2048
16-Mar-2025 12:03:59.094 INFO [main] org.apache.catalina.startup.VersionLoggerListener.log Command line argument: -Dorg.apache.catalina.security.SecurityListener.UMASK=0027
16-Mar-2025 12:03:59.095 INFO [main] org.apache.catalina.startup.VersionLoggerListener.log Command line argument: --add-opens=java.base/java.lang=ALL-UNNAMED
16-Mar-2025 12:03:59.095 INFO [main] org.apache.catalina.startup.VersionLoggerListener.log Command line argument: --add-opens=java.base/java.io=ALL-UNNAMED
16-Mar-2025 12:03:59.095 INFO [main] org.apache.catalina.startup.VersionLoggerListener.log Command line argument: --add-opens=java.base/java.util=ALL-UNNAMED
16-Mar-2025 12:03:59.095 INFO [main] org.apache.catalina.startup.VersionLoggerListener.log Command line argument: --add-opens=java.base/java.util.concurrent=ALL-UNNAMED
16-Mar-2025 12:03:59.095 INFO [main] org.apache.catalina.startup.VersionLoggerListener.log Command line argument: --add-opens=java.rmi/sun.rmi.transport=ALL-UNNAMED
16-Mar-2025 12:03:59.095 INFO [main] org.apache.catalina.startup.VersionLoggerListener.log Command line argument: --enable-native-access=ALL-UNNAMED
16-Mar-2025 12:03:59.095 INFO [main] org.apache.catalina.startup.VersionLoggerListener.log Command line argument: -Dcatalina.base=/home/serega/YandexPr/Middle/Final_Sprint_Tasks/Spring/blog/apache-tomcat-11
16-Mar-2025 12:03:59.095 INFO [main] org.apache.catalina.startup.VersionLoggerListener.log Command line argument: -Dcatalina.home=/home/serega/YandexPr/Middle/Final_Sprint_Tasks/Spring/blog/apache-tomcat-11
16-Mar-2025 12:03:59.095 INFO [main] org.apache.catalina.startup.VersionLoggerListener.log Command line argument: -Djava.io.tmpdir=/home/serega/YandexPr/Middle/Final_Sprint_Tasks/Spring/blog/apache-tomcat-11/temp
16-Mar-2025 12:03:59.097 INFO [main] org.apache.catalina.core.AprLifecycleListener.lifecycleEvent The Apache Tomcat Native library which allows using OpenSSL was not found on the java.library.path: [/usr/java/packages/lib:/usr/lib/x86_64-linux-gnu/jni:/lib/x86_64-linux-gnu:/usr/lib/x86_64-linux-gnu:/usr/lib/jni:/lib:/usr/lib]
16-Mar-2025 12:03:59.479 INFO [main] org.apache.coyote.AbstractProtocol.init Инициализация ProtocolHandler ["http-nio-8080"]
16-Mar-2025 12:03:59.507 INFO [main] org.apache.catalina.startup.Catalina.load Server initialization in [615] milliseconds
16-Mar-2025 12:03:59.559 INFO [main] org.apache.catalina.core.StandardService.startInternal Starting service [Catalina]
16-Mar-2025 12:03:59.559 INFO [main] org.apache.catalina.core.StandardEngine.startInternal Starting Servlet engine: [Apache Tomcat/11.0.2]
16-Mar-2025 12:03:59.576 INFO [main] org.apache.catalina.startup.HostConfig.deployWAR Deploying web application archive [/home/serega/YandexPr/Middle/Final_Sprint_Tasks/Spring/blog/apache-tomcat-11/webapps/blog.war]
16-Mar-2025 12:04:01.411 INFO [main] org.apache.jasper.servlet.TldScanner.scanJars At least one JAR was scanned for TLDs yet contained no TLDs. Enable debug logging for this logger for a complete list of JARs that were scanned but no TLDs were found in them. Skipping unneeded JARs during scanning can improve startup time and JSP compilation time.
16-Mar-2025 12:04:03.047 INFO [main] org.apache.catalina.startup.HostConfig.deployWAR Deployment of web application archive [/home/serega/YandexPr/Middle/Final_Sprint_Tasks/Spring/blog/apache-tomcat-11/webapps/blog.war] has finished in [3 470] ms
16-Mar-2025 12:04:03.047 INFO [main] org.apache.catalina.startup.HostConfig.deployDirectory Установка веб приложения в папку [/home/serega/YandexPr/Middle/Final_Sprint_Tasks/Spring/blog/apache-tomcat-11/webapps/docs]
16-Mar-2025 12:04:03.071 INFO [main] org.apache.catalina.startup.HostConfig.deployDirectory Deployment of web application directory [/home/serega/YandexPr/Middle/Final_Sprint_Tasks/Spring/blog/apache-tomcat-11/webapps/docs] has finished in [24] ms
16-Mar-2025 12:04:03.071 INFO [main] org.apache.catalina.startup.HostConfig.deployDirectory Установка веб приложения в папку [/home/serega/YandexPr/Middle/Final_Sprint_Tasks/Spring/blog/apache-tomcat-11/webapps/ROOT]
16-Mar-2025 12:04:03.089 INFO [main] org.apache.catalina.startup.HostConfig.deployDirectory Deployment of web application directory [/home/serega/YandexPr/Middle/Final_Sprint_Tasks/Spring/blog/apache-tomcat-11/webapps/ROOT] has finished in [18] ms
16-Mar-2025 12:04:03.089 INFO [main] org.apache.catalina.startup.HostConfig.deployDirectory Установка веб приложения в папку [/home/serega/YandexPr/Middle/Final_Sprint_Tasks/Spring/blog/apache-tomcat-11/webapps/examples]
16-Mar-2025 12:04:03.284 INFO [main] org.apache.catalina.startup.HostConfig.deployDirectory Deployment of web application directory [/home/serega/YandexPr/Middle/Final_Sprint_Tasks/Spring/blog/apache-tomcat-11/webapps/examples] has finished in [195] ms
16-Mar-2025 12:04:03.284 INFO [main] org.apache.catalina.startup.HostConfig.deployDirectory Установка веб приложения в папку [/home/serega/YandexPr/Middle/Final_Sprint_Tasks/Spring/blog/apache-tomcat-11/webapps/host-manager]
16-Mar-2025 12:04:03.307 INFO [main] org.apache.catalina.startup.HostConfig.deployDirectory Deployment of web application directory [/home/serega/YandexPr/Middle/Final_Sprint_Tasks/Spring/blog/apache-tomcat-11/webapps/host-manager] has finished in [23] ms
16-Mar-2025 12:04:03.307 INFO [main] org.apache.catalina.startup.HostConfig.deployDirectory Установка веб приложения в папку [/home/serega/YandexPr/Middle/Final_Sprint_Tasks/Spring/blog/apache-tomcat-11/webapps/manager]
16-Mar-2025 12:04:03.328 INFO [main] org.apache.catalina.startup.HostConfig.deployDirectory Deployment of web application directory [/home/serega/YandexPr/Middle/Final_Sprint_Tasks/Spring/blog/apache-tomcat-11/webapps/manager] has finished in [21] ms
16-Mar-2025 12:04:03.332 INFO [main] org.apache.coyote.AbstractProtocol.start Starting ProtocolHandler ["http-nio-8080"]
16-Mar-2025 12:04:03.343 INFO [main] org.apache.catalina.startup.Catalina.start Server startup in [3834] milliseconds
16-Mar-2025 12:05:47.657 INFO [main] org.apache.catalina.core.StandardServer.await A valid shutdown command was received via the shutdown port. Stopping the Server instance.
16-Mar-2025 12:05:47.657 INFO [main] org.apache.coyote.AbstractProtocol.pause Pausing ProtocolHandler ["http-nio-8080"]
16-Mar-2025 12:05:47.659 INFO [main] org.apache.catalina.core.StandardService.stopInternal Stopping service [Catalina]
16-Mar-2025 12:05:47.674 WARNING [main] org.apache.catalina.loader.WebappClassLoaderBase.clearReferencesJdbc The web application [blog] registered the JDBC driver [org.postgresql.Driver] but failed to unregister it when the web application was stopped. To prevent a memory leak, the JDBC Driver has been forcibly unregistered.
16-Mar-2025 12:05:47.689 INFO [main] org.apache.coyote.AbstractProtocol.stop Stopping ProtocolHandler ["http-nio-8080"]
16-Mar-2025 12:05:47.703 INFO [main] org.apache.coyote.AbstractProtocol.destroy Destroying ProtocolHandler ["http-nio-8080"]
16-Mar-2025 12:05:53.354 INFO [main] org.apache.catalina.startup.VersionLoggerListener.log Имя версии сервера:    Apache Tomcat/11.0.2
16-Mar-2025 12:05:53.358 INFO [main] org.apache.catalina.startup.VersionLoggerListener.log Сервер собран:         Dec 5 2024 15:19:37 UTC
16-Mar-2025 12:05:53.358 INFO [main] org.apache.catalina.startup.VersionLoggerListener.log Номер версии сервера:  11.0.2.0
16-Mar-2025 12:05:53.358 INFO [main] org.apache.catalina.startup.VersionLoggerListener.log OS Name:               Linux
16-Mar-2025 12:05:53.358 INFO [main] org.apache.catalina.startup.VersionLoggerListener.log Версия ОС:             6.8.0-55-generic
16-Mar-2025 12:05:53.358 INFO [main] org.apache.catalina.startup.VersionLoggerListener.log Архитектура:           amd64
16-Mar-2025 12:05:53.359 INFO [main] org.apache.catalina.startup.VersionLoggerListener.log Java Home:             /usr/lib/jvm/java-21-openjdk-amd64
16-Mar-2025 12:05:53.359 INFO [main] org.apache.catalina.startup.VersionLoggerListener.log Версия JVM:            21.0.6+7-Ubuntu-124.04.1
16-Mar-2025 12:05:53.359 INFO [main] org.apache.catalina.startup.VersionLoggerListener.log Производитель JVM:     Ubuntu
16-Mar-2025 12:05:53.359 INFO [main] org.apache.catalina.startup.VersionLoggerListener.log CATALINA_BASE:         /home/serega/YandexPr/Middle/Final_Sprint_Tasks/Spring/blog/apache-tomcat-11
16-Mar-2025 12:05:53.359 INFO [main] org.apache.catalina.startup.VersionLoggerListener.log CATALINA_HOME:         /home/serega/YandexPr/Middle/Final_Sprint_Tasks/Spring/blog/apache-tomcat-11
16-Mar-2025 12:05:53.368 INFO [main] org.apache.catalina.startup.VersionLoggerListener.log Command line argument: -Djava.util.logging.config.file=/home/serega/YandexPr/Middle/Final_Sprint_Tasks/Spring/blog/apache-tomcat-11/conf/logging.properties
16-Mar-2025 12:05:53.369 INFO [main] org.apache.catalina.startup.VersionLoggerListener.log Command line argument: -Djava.util.logging.manager=org.apache.juli.ClassLoaderLogManager
16-Mar-2025 12:05:53.369 INFO [main] org.apache.catalina.startup.VersionLoggerListener.log Command line argument: -Djdk.tls.ephemeralDHKeySize=2048
16-Mar-2025 12:05:53.369 INFO [main] org.apache.catalina.startup.VersionLoggerListener.log Command line argument: -Dorg.apache.catalina.security.SecurityListener.UMASK=0027
16-Mar-2025 12:05:53.369 INFO [main] org.apache.catalina.startup.VersionLoggerListener.log Command line argument: --add-opens=java.base/java.lang=ALL-UNNAMED
16-Mar-2025 12:05:53.369 INFO [main] org.apache.catalina.startup.VersionLoggerListener.log Command line argument: --add-opens=java.base/java.io=ALL-UNNAMED
16-Mar-2025 12:05:53.369 INFO [main] org.apache.catalina.startup.VersionLoggerListener.log Command line argument: --add-opens=java.base/java.util=ALL-UNNAMED
16-Mar-2025 12:05:53.369 INFO [main] org.apache.catalina.startup.VersionLoggerListener.log Command line argument: --add-opens=java.base/java.util.concurrent=ALL-UNNAMED
16-Mar-2025 12:05:53.369 INFO [main] org.apache.catalina.startup.VersionLoggerListener.log Command line argument: --add-opens=java.rmi/sun.rmi.transport=ALL-UNNAMED
16-Mar-2025 12:05:53.369 INFO [main] org.apache.catalina.startup.VersionLoggerListener.log Command line argument: --enable-native-access=ALL-UNNAMED
16-Mar-2025 12:05:53.370 INFO [main] org.apache.catalina.startup.VersionLoggerListener.log Command line argument: -Dcatalina.base=/home/serega/YandexPr/Middle/Final_Sprint_Tasks/Spring/blog/apache-tomcat-11
16-Mar-2025 12:05:53.370 INFO [main] org.apache.catalina.startup.VersionLoggerListener.log Command line argument: -Dcatalina.home=/home/serega/YandexPr/Middle/Final_Sprint_Tasks/Spring/blog/apache-tomcat-11
16-Mar-2025 12:05:53.370 INFO [main] org.apache.catalina.startup.VersionLoggerListener.log Command line argument: -Djava.io.tmpdir=/home/serega/YandexPr/Middle/Final_Sprint_Tasks/Spring/blog/apache-tomcat-11/temp
16-Mar-2025 12:05:53.371 INFO [main] org.apache.catalina.core.AprLifecycleListener.lifecycleEvent The Apache Tomcat Native library which allows using OpenSSL was not found on the java.library.path: [/usr/java/packages/lib:/usr/lib/x86_64-linux-gnu/jni:/lib/x86_64-linux-gnu:/usr/lib/x86_64-linux-gnu:/usr/lib/jni:/lib:/usr/lib]
16-Mar-2025 12:05:53.727 INFO [main] org.apache.coyote.AbstractProtocol.init Инициализация ProtocolHandler ["http-nio-8080"]
16-Mar-2025 12:05:53.751 INFO [main] org.apache.catalina.startup.Catalina.load Server initialization in [589] milliseconds
16-Mar-2025 12:05:53.795 INFO [main] org.apache.catalina.core.StandardService.startInternal Starting service [Catalina]
16-Mar-2025 12:05:53.795 INFO [main] org.apache.catalina.core.StandardEngine.startInternal Starting Servlet engine: [Apache Tomcat/11.0.2]
16-Mar-2025 12:05:53.810 INFO [main] org.apache.catalina.startup.HostConfig.deployWAR Deploying web application archive [/home/serega/YandexPr/Middle/Final_Sprint_Tasks/Spring/blog/apache-tomcat-11/webapps/blog.war]
16-Mar-2025 12:05:55.381 INFO [main] org.apache.jasper.servlet.TldScanner.scanJars At least one JAR was scanned for TLDs yet contained no TLDs. Enable debug logging for this logger for a complete list of JARs that were scanned but no TLDs were found in them. Skipping unneeded JARs during scanning can improve startup time and JSP compilation time.
16-Mar-2025 12:05:56.927 INFO [main] org.apache.catalina.startup.HostConfig.deployWAR Deployment of web application archive [/home/serega/YandexPr/Middle/Final_Sprint_Tasks/Spring/blog/apache-tomcat-11/webapps/blog.war] has finished in [3 116] ms
16-Mar-2025 12:05:56.928 INFO [main] org.apache.catalina.startup.HostConfig.deployDirectory Установка веб приложения в папку [/home/serega/YandexPr/Middle/Final_Sprint_Tasks/Spring/blog/apache-tomcat-11/webapps/docs]
16-Mar-2025 12:05:56.959 INFO [main] org.apache.catalina.startup.HostConfig.deployDirectory Deployment of web application directory [/home/serega/YandexPr/Middle/Final_Sprint_Tasks/Spring/blog/apache-tomcat-11/webapps/docs] has finished in [32] ms
16-Mar-2025 12:05:56.959 INFO [main] org.apache.catalina.startup.HostConfig.deployDirectory Установка веб приложения в папку [/home/serega/YandexPr/Middle/Final_Sprint_Tasks/Spring/blog/apache-tomcat-11/webapps/ROOT]
16-Mar-2025 12:05:56.982 INFO [main] org.apache.catalina.startup.HostConfig.deployDirectory Deployment of web application directory [/home/serega/YandexPr/Middle/Final_Sprint_Tasks/Spring/blog/apache-tomcat-11/webapps/ROOT] has finished in [23] ms
16-Mar-2025 12:05:56.983 INFO [main] org.apache.catalina.startup.HostConfig.deployDirectory Установка веб приложения в папку [/home/serega/YandexPr/Middle/Final_Sprint_Tasks/Spring/blog/apache-tomcat-11/webapps/examples]
16-Mar-2025 12:05:57.214 INFO [main] org.apache.catalina.startup.HostConfig.deployDirectory Deployment of web application directory [/home/serega/YandexPr/Middle/Final_Sprint_Tasks/Spring/blog/apache-tomcat-11/webapps/examples] has finished in [232] ms
16-Mar-2025 12:05:57.215 INFO [main] org.apache.catalina.startup.HostConfig.deployDirectory Установка веб приложения в папку [/home/serega/YandexPr/Middle/Final_Sprint_Tasks/Spring/blog/apache-tomcat-11/webapps/host-manager]
16-Mar-2025 12:05:57.245 INFO [main] org.apache.catalina.startup.HostConfig.deployDirectory Deployment of web application directory [/home/serega/YandexPr/Middle/Final_Sprint_Tasks/Spring/blog/apache-tomcat-11/webapps/host-manager] has finished in [30] ms
16-Mar-2025 12:05:57.246 INFO [main] org.apache.catalina.startup.HostConfig.deployDirectory Установка веб приложения в папку [/home/serega/YandexPr/Middle/Final_Sprint_Tasks/Spring/blog/apache-tomcat-11/webapps/manager]
16-Mar-2025 12:05:57.273 INFO [main] org.apache.catalina.startup.HostConfig.deployDirectory Deployment of web application directory [/home/serega/YandexPr/Middle/Final_Sprint_Tasks/Spring/blog/apache-tomcat-11/webapps/manager] has finished in [28] ms
16-Mar-2025 12:05:57.278 INFO [main] org.apache.coyote.AbstractProtocol.start Starting ProtocolHandler ["http-nio-8080"]
16-Mar-2025 12:05:57.288 INFO [main] org.apache.catalina.startup.Catalina.start Server startup in [3535] milliseconds
16-Mar-2025 12:07:11.949 INFO [main] org.apache.catalina.core.StandardServer.await A valid shutdown command was received via the shutdown port. Stopping the Server instance.
16-Mar-2025 12:07:11.950 INFO [main] org.apache.coyote.AbstractProtocol.pause Pausing ProtocolHandler ["http-nio-8080"]
16-Mar-2025 12:07:11.951 INFO [main] org.apache.catalina.core.StandardService.stopInternal Stopping service [Catalina]
16-Mar-2025 12:07:11.965 WARNING [main] org.apache.catalina.loader.WebappClassLoaderBase.clearReferencesJdbc The web application [blog] registered the JDBC driver [org.postgresql.Driver] but failed to unregister it when the web application was stopped. To prevent a memory leak, the JDBC Driver has been forcibly unregistered.
16-Mar-2025 12:07:11.982 INFO [main] org.apache.coyote.AbstractProtocol.stop Stopping ProtocolHandler ["http-nio-8080"]
16-Mar-2025 12:07:11.984 INFO [main] org.apache.coyote.AbstractProtocol.destroy Destroying ProtocolHandler ["http-nio-8080"]
16-Mar-2025 12:07:17.746 INFO [main] org.apache.catalina.startup.VersionLoggerListener.log Имя версии сервера:    Apache Tomcat/11.0.2
16-Mar-2025 12:07:17.750 INFO [main] org.apache.catalina.startup.VersionLoggerListener.log Сервер собран:         Dec 5 2024 15:19:37 UTC
16-Mar-2025 12:07:17.750 INFO [main] org.apache.catalina.startup.VersionLoggerListener.log Номер версии сервера:  11.0.2.0
16-Mar-2025 12:07:17.751 INFO [main] org.apache.catalina.startup.VersionLoggerListener.log OS Name:               Linux
16-Mar-2025 12:07:17.751 INFO [main] org.apache.catalina.startup.VersionLoggerListener.log Версия ОС:             6.8.0-55-generic
16-Mar-2025 12:07:17.751 INFO [main] org.apache.catalina.startup.VersionLoggerListener.log Архитектура:           amd64
16-Mar-2025 12:07:17.751 INFO [main] org.apache.catalina.startup.VersionLoggerListener.log Java Home:             /usr/lib/jvm/java-21-openjdk-amd64
16-Mar-2025 12:07:17.751 INFO [main] org.apache.catalina.startup.VersionLoggerListener.log Версия JVM:            21.0.6+7-Ubuntu-124.04.1
16-Mar-2025 12:07:17.751 INFO [main] org.apache.catalina.startup.VersionLoggerListener.log Производитель JVM:     Ubuntu
16-Mar-2025 12:07:17.751 INFO [main] org.apache.catalina.startup.VersionLoggerListener.log CATALINA_BASE:         /home/serega/YandexPr/Middle/Final_Sprint_Tasks/Spring/blog/apache-tomcat-11
16-Mar-2025 12:07:17.752 INFO [main] org.apache.catalina.startup.VersionLoggerListener.log CATALINA_HOME:         /home/serega/YandexPr/Middle/Final_Sprint_Tasks/Spring/blog/apache-tomcat-11
16-Mar-2025 12:07:17.762 INFO [main] org.apache.catalina.startup.VersionLoggerListener.log Command line argument: -Djava.util.logging.config.file=/home/serega/YandexPr/Middle/Final_Sprint_Tasks/Spring/blog/apache-tomcat-11/conf/logging.properties
16-Mar-2025 12:07:17.762 INFO [main] org.apache.catalina.startup.VersionLoggerListener.log Command line argument: -Djava.util.logging.manager=org.apache.juli.ClassLoaderLogManager
16-Mar-2025 12:07:17.762 INFO [main] org.apache.catalina.startup.VersionLoggerListener.log Command line argument: -Djdk.tls.ephemeralDHKeySize=2048
16-Mar-2025 12:07:17.762 INFO [main] org.apache.catalina.startup.VersionLoggerListener.log Command line argument: -Dorg.apache.catalina.security.SecurityListener.UMASK=0027
16-Mar-2025 12:07:17.762 INFO [main] org.apache.catalina.startup.VersionLoggerListener.log Command line argument: --add-opens=java.base/java.lang=ALL-UNNAMED
16-Mar-2025 12:07:17.762 INFO [main] org.apache.catalina.startup.VersionLoggerListener.log Command line argument: --add-opens=java.base/java.io=ALL-UNNAMED
16-Mar-2025 12:07:17.763 INFO [main] org.apache.catalina.startup.VersionLoggerListener.log Command line argument: --add-opens=java.base/java.util=ALL-UNNAMED
16-Mar-2025 12:07:17.763 INFO [main] org.apache.catalina.startup.VersionLoggerListener.log Command line argument: --add-opens=java.base/java.util.concurrent=ALL-UNNAMED
16-Mar-2025 12:07:17.763 INFO [main] org.apache.catalina.startup.VersionLoggerListener.log Command line argument: --add-opens=java.rmi/sun.rmi.transport=ALL-UNNAMED
16-Mar-2025 12:07:17.763 INFO [main] org.apache.catalina.startup.VersionLoggerListener.log Command line argument: --enable-native-access=ALL-UNNAMED
16-Mar-2025 12:07:17.763 INFO [main] org.apache.catalina.startup.VersionLoggerListener.log Command line argument: -Dcatalina.base=/home/serega/YandexPr/Middle/Final_Sprint_Tasks/Spring/blog/apache-tomcat-11
16-Mar-2025 12:07:17.763 INFO [main] org.apache.catalina.startup.VersionLoggerListener.log Command line argument: -Dcatalina.home=/home/serega/YandexPr/Middle/Final_Sprint_Tasks/Spring/blog/apache-tomcat-11
16-Mar-2025 12:07:17.763 INFO [main] org.apache.catalina.startup.VersionLoggerListener.log Command line argument: -Djava.io.tmpdir=/home/serega/YandexPr/Middle/Final_Sprint_Tasks/Spring/blog/apache-tomcat-11/temp
16-Mar-2025 12:07:17.765 INFO [main] org.apache.catalina.core.AprLifecycleListener.lifecycleEvent The Apache Tomcat Native library which allows using OpenSSL was not found on the java.library.path: [/usr/java/packages/lib:/usr/lib/x86_64-linux-gnu/jni:/lib/x86_64-linux-gnu:/usr/lib/x86_64-linux-gnu:/usr/lib/jni:/lib:/usr/lib]
16-Mar-2025 12:07:18.127 INFO [main] org.apache.coyote.AbstractProtocol.init Инициализация ProtocolHandler ["http-nio-8080"]
16-Mar-2025 12:07:18.153 INFO [main] org.apache.catalina.startup.Catalina.load Server initialization in [630] milliseconds
16-Mar-2025 12:07:18.209 INFO [main] org.apache.catalina.core.StandardService.startInternal Starting service [Catalina]
16-Mar-2025 12:07:18.210 INFO [main] org.apache.catalina.core.StandardEngine.startInternal Starting Servlet engine: [Apache Tomcat/11.0.2]
16-Mar-2025 12:07:18.228 INFO [main] org.apache.catalina.startup.HostConfig.deployWAR Deploying web application archive [/home/serega/YandexPr/Middle/Final_Sprint_Tasks/Spring/blog/apache-tomcat-11/webapps/blog.war]
16-Mar-2025 12:07:20.030 INFO [main] org.apache.jasper.servlet.TldScanner.scanJars At least one JAR was scanned for TLDs yet contained no TLDs. Enable debug logging for this logger for a complete list of JARs that were scanned but no TLDs were found in them. Skipping unneeded JARs during scanning can improve startup time and JSP compilation time.
16-Mar-2025 12:07:21.782 INFO [main] org.apache.catalina.startup.HostConfig.deployWAR Deployment of web application archive [/home/serega/YandexPr/Middle/Final_Sprint_Tasks/Spring/blog/apache-tomcat-11/webapps/blog.war] has finished in [3 554] ms
16-Mar-2025 12:07:21.783 INFO [main] org.apache.catalina.startup.HostConfig.deployDirectory Установка веб приложения в папку [/home/serega/YandexPr/Middle/Final_Sprint_Tasks/Spring/blog/apache-tomcat-11/webapps/docs]
16-Mar-2025 12:07:21.817 INFO [main] org.apache.catalina.startup.HostConfig.deployDirectory Deployment of web application directory [/home/serega/YandexPr/Middle/Final_Sprint_Tasks/Spring/blog/apache-tomcat-11/webapps/docs] has finished in [34] ms
16-Mar-2025 12:07:21.818 INFO [main] org.apache.catalina.startup.HostConfig.deployDirectory Установка веб приложения в папку [/home/serega/YandexPr/Middle/Final_Sprint_Tasks/Spring/blog/apache-tomcat-11/webapps/ROOT]
16-Mar-2025 12:07:21.845 INFO [main] org.apache.catalina.startup.HostConfig.deployDirectory Deployment of web application directory [/home/serega/YandexPr/Middle/Final_Sprint_Tasks/Spring/blog/apache-tomcat-11/webapps/ROOT] has finished in [26] ms
16-Mar-2025 12:07:21.845 INFO [main] org.apache.catalina.startup.HostConfig.deployDirectory Установка веб приложения в папку [/home/serega/YandexPr/Middle/Final_Sprint_Tasks/Spring/blog/apache-tomcat-11/webapps/examples]
16-Mar-2025 12:07:22.090 INFO [main] org.apache.catalina.startup.HostConfig.deployDirectory Deployment of web application directory [/home/serega/YandexPr/Middle/Final_Sprint_Tasks/Spring/blog/apache-tomcat-11/webapps/examples] has finished in [244] ms
16-Mar-2025 12:07:22.090 INFO [main] org.apache.catalina.startup.HostConfig.deployDirectory Установка веб приложения в папку [/home/serega/YandexPr/Middle/Final_Sprint_Tasks/Spring/blog/apache-tomcat-11/webapps/host-manager]
16-Mar-2025 12:07:22.122 INFO [main] org.apache.catalina.startup.HostConfig.deployDirectory Deployment of web application directory [/home/serega/YandexPr/Middle/Final_Sprint_Tasks/Spring/blog/apache-tomcat-11/webapps/host-manager] has finished in [32] ms
16-Mar-2025 12:07:22.123 INFO [main] org.apache.catalina.startup.HostConfig.deployDirectory Установка веб приложения в папку [/home/serega/YandexPr/Middle/Final_Sprint_Tasks/Spring/blog/apache-tomcat-11/webapps/manager]
16-Mar-2025 12:07:22.149 INFO [main] org.apache.catalina.startup.HostConfig.deployDirectory Deployment of web application directory [/home/serega/YandexPr/Middle/Final_Sprint_Tasks/Spring/blog/apache-tomcat-11/webapps/manager] has finished in [26] ms
16-Mar-2025 12:07:22.153 INFO [main] org.apache.coyote.AbstractProtocol.start Starting ProtocolHandler ["http-nio-8080"]
16-Mar-2025 12:07:22.165 INFO [main] org.apache.catalina.startup.Catalina.start Server startup in [4010] milliseconds
16-Mar-2025 12:10:52.681 INFO [main] org.apache.catalina.core.StandardServer.await A valid shutdown command was received via the shutdown port. Stopping the Server instance.
16-Mar-2025 12:10:52.681 INFO [main] org.apache.coyote.AbstractProtocol.pause Pausing ProtocolHandler ["http-nio-8080"]
16-Mar-2025 12:10:52.682 INFO [main] org.apache.catalina.core.StandardService.stopInternal Stopping service [Catalina]
16-Mar-2025 12:10:52.696 WARNING [main] org.apache.catalina.loader.WebappClassLoaderBase.clearReferencesJdbc The web application [blog] registered the JDBC driver [org.postgresql.Driver] but failed to unregister it when the web application was stopped. To prevent a memory leak, the JDBC Driver has been forcibly unregistered.
16-Mar-2025 12:10:52.712 INFO [main] org.apache.coyote.AbstractProtocol.stop Stopping ProtocolHandler ["http-nio-8080"]
16-Mar-2025 12:10:52.716 INFO [main] org.apache.coyote.AbstractProtocol.destroy Destroying ProtocolHandler ["http-nio-8080"]
16-Mar-2025 12:10:59.590 INFO [main] org.apache.catalina.startup.VersionLoggerListener.log Имя версии сервера:    Apache Tomcat/11.0.2
16-Mar-2025 12:10:59.595 INFO [main] org.apache.catalina.startup.VersionLoggerListener.log Сервер собран:         Dec 5 2024 15:19:37 UTC
16-Mar-2025 12:10:59.595 INFO [main] org.apache.catalina.startup.VersionLoggerListener.log Номер версии сервера:  11.0.2.0
16-Mar-2025 12:10:59.595 INFO [main] org.apache.catalina.startup.VersionLoggerListener.log OS Name:               Linux
16-Mar-2025 12:10:59.595 INFO [main] org.apache.catalina.startup.VersionLoggerListener.log Версия ОС:             6.8.0-55-generic
16-Mar-2025 12:10:59.595 INFO [main] org.apache.catalina.startup.VersionLoggerListener.log Архитектура:           amd64
16-Mar-2025 12:10:59.595 INFO [main] org.apache.catalina.startup.VersionLoggerListener.log Java Home:             /usr/lib/jvm/java-21-openjdk-amd64
16-Mar-2025 12:10:59.596 INFO [main] org.apache.catalina.startup.VersionLoggerListener.log Версия JVM:            21.0.6+7-Ubuntu-124.04.1
16-Mar-2025 12:10:59.596 INFO [main] org.apache.catalina.startup.VersionLoggerListener.log Производитель JVM:     Ubuntu
16-Mar-2025 12:10:59.596 INFO [main] org.apache.catalina.startup.VersionLoggerListener.log CATALINA_BASE:         /home/serega/YandexPr/Middle/Final_Sprint_Tasks/Spring/blog/apache-tomcat-11
16-Mar-2025 12:10:59.596 INFO [main] org.apache.catalina.startup.VersionLoggerListener.log CATALINA_HOME:         /home/serega/YandexPr/Middle/Final_Sprint_Tasks/Spring/blog/apache-tomcat-11
16-Mar-2025 12:10:59.606 INFO [main] org.apache.catalina.startup.VersionLoggerListener.log Command line argument: -Djava.util.logging.config.file=/home/serega/YandexPr/Middle/Final_Sprint_Tasks/Spring/blog/apache-tomcat-11/conf/logging.properties
16-Mar-2025 12:10:59.606 INFO [main] org.apache.catalina.startup.VersionLoggerListener.log Command line argument: -Djava.util.logging.manager=org.apache.juli.ClassLoaderLogManager
16-Mar-2025 12:10:59.606 INFO [main] org.apache.catalina.startup.VersionLoggerListener.log Command line argument: -Djdk.tls.ephemeralDHKeySize=2048
16-Mar-2025 12:10:59.606 INFO [main] org.apache.catalina.startup.VersionLoggerListener.log Command line argument: -Dorg.apache.catalina.security.SecurityListener.UMASK=0027
16-Mar-2025 12:10:59.607 INFO [main] org.apache.catalina.startup.VersionLoggerListener.log Command line argument: --add-opens=java.base/java.lang=ALL-UNNAMED
16-Mar-2025 12:10:59.607 INFO [main] org.apache.catalina.startup.VersionLoggerListener.log Command line argument: --add-opens=java.base/java.io=ALL-UNNAMED
16-Mar-2025 12:10:59.607 INFO [main] org.apache.catalina.startup.VersionLoggerListener.log Command line argument: --add-opens=java.base/java.util=ALL-UNNAMED
16-Mar-2025 12:10:59.607 INFO [main] org.apache.catalina.startup.VersionLoggerListener.log Command line argument: --add-opens=java.base/java.util.concurrent=ALL-UNNAMED
16-Mar-2025 12:10:59.607 INFO [main] org.apache.catalina.startup.VersionLoggerListener.log Command line argument: --add-opens=java.rmi/sun.rmi.transport=ALL-UNNAMED
16-Mar-2025 12:10:59.607 INFO [main] org.apache.catalina.startup.VersionLoggerListener.log Command line argument: --enable-native-access=ALL-UNNAMED
16-Mar-2025 12:10:59.607 INFO [main] org.apache.catalina.startup.VersionLoggerListener.log Command line argument: -Dcatalina.base=/home/serega/YandexPr/Middle/Final_Sprint_Tasks/Spring/blog/apache-tomcat-11
16-Mar-2025 12:10:59.607 INFO [main] org.apache.catalina.startup.VersionLoggerListener.log Command line argument: -Dcatalina.home=/home/serega/YandexPr/Middle/Final_Sprint_Tasks/Spring/blog/apache-tomcat-11
16-Mar-2025 12:10:59.608 INFO [main] org.apache.catalina.startup.VersionLoggerListener.log Command line argument: -Djava.io.tmpdir=/home/serega/YandexPr/Middle/Final_Sprint_Tasks/Spring/blog/apache-tomcat-11/temp
16-Mar-2025 12:10:59.609 INFO [main] org.apache.catalina.core.AprLifecycleListener.lifecycleEvent The Apache Tomcat Native library which allows using OpenSSL was not found on the java.library.path: [/usr/java/packages/lib:/usr/lib/x86_64-linux-gnu/jni:/lib/x86_64-linux-gnu:/usr/lib/x86_64-linux-gnu:/usr/lib/jni:/lib:/usr/lib]
16-Mar-2025 12:10:59.963 INFO [main] org.apache.coyote.AbstractProtocol.init Инициализация ProtocolHandler ["http-nio-8080"]
16-Mar-2025 12:10:59.987 INFO [main] org.apache.catalina.startup.Catalina.load Server initialization in [587] milliseconds
16-Mar-2025 12:11:00.034 INFO [main] org.apache.catalina.core.StandardService.startInternal Starting service [Catalina]
16-Mar-2025 12:11:00.034 INFO [main] org.apache.catalina.core.StandardEngine.startInternal Starting Servlet engine: [Apache Tomcat/11.0.2]
16-Mar-2025 12:11:00.049 INFO [main] org.apache.catalina.startup.HostConfig.deployWAR Deploying web application archive [/home/serega/YandexPr/Middle/Final_Sprint_Tasks/Spring/blog/apache-tomcat-11/webapps/blog.war]
16-Mar-2025 12:11:01.740 INFO [main] org.apache.jasper.servlet.TldScanner.scanJars At least one JAR was scanned for TLDs yet contained no TLDs. Enable debug logging for this logger for a complete list of JARs that were scanned but no TLDs were found in them. Skipping unneeded JARs during scanning can improve startup time and JSP compilation time.
16-Mar-2025 12:11:03.364 INFO [main] org.apache.catalina.startup.HostConfig.deployWAR Deployment of web application archive [/home/serega/YandexPr/Middle/Final_Sprint_Tasks/Spring/blog/apache-tomcat-11/webapps/blog.war] has finished in [3 315] ms
16-Mar-2025 12:11:03.365 INFO [main] org.apache.catalina.startup.HostConfig.deployDirectory Установка веб приложения в папку [/home/serega/YandexPr/Middle/Final_Sprint_Tasks/Spring/blog/apache-tomcat-11/webapps/docs]
16-Mar-2025 12:11:03.397 INFO [main] org.apache.catalina.startup.HostConfig.deployDirectory Deployment of web application directory [/home/serega/YandexPr/Middle/Final_Sprint_Tasks/Spring/blog/apache-tomcat-11/webapps/docs] has finished in [32] ms
16-Mar-2025 12:11:03.398 INFO [main] org.apache.catalina.startup.HostConfig.deployDirectory Установка веб приложения в папку [/home/serega/YandexPr/Middle/Final_Sprint_Tasks/Spring/blog/apache-tomcat-11/webapps/ROOT]
16-Mar-2025 12:11:03.424 INFO [main] org.apache.catalina.startup.HostConfig.deployDirectory Deployment of web application directory [/home/serega/YandexPr/Middle/Final_Sprint_Tasks/Spring/blog/apache-tomcat-11/webapps/ROOT] has finished in [26] ms
16-Mar-2025 12:11:03.425 INFO [main] org.apache.catalina.startup.HostConfig.deployDirectory Установка веб приложения в папку [/home/serega/YandexPr/Middle/Final_Sprint_Tasks/Spring/blog/apache-tomcat-11/webapps/examples]
16-Mar-2025 12:11:03.645 INFO [main] org.apache.catalina.startup.HostConfig.deployDirectory Deployment of web application directory [/home/serega/YandexPr/Middle/Final_Sprint_Tasks/Spring/blog/apache-tomcat-11/webapps/examples] has finished in [220] ms
16-Mar-2025 12:11:03.645 INFO [main] org.apache.catalina.startup.HostConfig.deployDirectory Установка веб приложения в папку [/home/serega/YandexPr/Middle/Final_Sprint_Tasks/Spring/blog/apache-tomcat-11/webapps/host-manager]
16-Mar-2025 12:11:03.669 INFO [main] org.apache.catalina.startup.HostConfig.deployDirectory Deployment of web application directory [/home/serega/YandexPr/Middle/Final_Sprint_Tasks/Spring/blog/apache-tomcat-11/webapps/host-manager] has finished in [24] ms
16-Mar-2025 12:11:03.669 INFO [main] org.apache.catalina.startup.HostConfig.deployDirectory Установка веб приложения в папку [/home/serega/YandexPr/Middle/Final_Sprint_Tasks/Spring/blog/apache-tomcat-11/webapps/manager]
16-Mar-2025 12:11:03.690 INFO [main] org.apache.catalina.startup.HostConfig.deployDirectory Deployment of web application directory [/home/serega/YandexPr/Middle/Final_Sprint_Tasks/Spring/blog/apache-tomcat-11/webapps/manager] has finished in [21] ms
16-Mar-2025 12:11:03.694 INFO [main] org.apache.coyote.AbstractProtocol.start Starting ProtocolHandler ["http-nio-8080"]
16-Mar-2025 12:11:03.704 INFO [main] org.apache.catalina.startup.Catalina.start Server startup in [3715] milliseconds
16-Mar-2025 13:00:43.251 INFO [main] org.apache.catalina.core.StandardServer.await A valid shutdown command was received via the shutdown port. Stopping the Server instance.
16-Mar-2025 13:00:43.252 INFO [main] org.apache.coyote.AbstractProtocol.pause Pausing ProtocolHandler ["http-nio-8080"]
16-Mar-2025 13:00:43.253 INFO [main] org.apache.catalina.core.StandardService.stopInternal Stopping service [Catalina]
16-Mar-2025 13:00:43.268 WARNING [main] org.apache.catalina.loader.WebappClassLoaderBase.clearReferencesJdbc The web application [blog] registered the JDBC driver [org.postgresql.Driver] but failed to unregister it when the web application was stopped. To prevent a memory leak, the JDBC Driver has been forcibly unregistered.
16-Mar-2025 13:00:43.283 INFO [main] org.apache.coyote.AbstractProtocol.stop Stopping ProtocolHandler ["http-nio-8080"]
16-Mar-2025 13:00:43.287 INFO [main] org.apache.coyote.AbstractProtocol.destroy Destroying ProtocolHandler ["http-nio-8080"]
16-Mar-2025 13:00:49.498 INFO [main] org.apache.catalina.startup.VersionLoggerListener.log Имя версии сервера:    Apache Tomcat/11.0.2
16-Mar-2025 13:00:49.502 INFO [main] org.apache.catalina.startup.VersionLoggerListener.log Сервер собран:         Dec 5 2024 15:19:37 UTC
16-Mar-2025 13:00:49.502 INFO [main] org.apache.catalina.startup.VersionLoggerListener.log Номер версии сервера:  11.0.2.0
16-Mar-2025 13:00:49.502 INFO [main] org.apache.catalina.startup.VersionLoggerListener.log OS Name:               Linux
16-Mar-2025 13:00:49.502 INFO [main] org.apache.catalina.startup.VersionLoggerListener.log Версия ОС:             6.8.0-55-generic
16-Mar-2025 13:00:49.502 INFO [main] org.apache.catalina.startup.VersionLoggerListener.log Архитектура:           amd64
16-Mar-2025 13:00:49.502 INFO [main] org.apache.catalina.startup.VersionLoggerListener.log Java Home:             /usr/lib/jvm/java-21-openjdk-amd64
16-Mar-2025 13:00:49.503 INFO [main] org.apache.catalina.startup.VersionLoggerListener.log Версия JVM:            21.0.6+7-Ubuntu-124.04.1
16-Mar-2025 13:00:49.503 INFO [main] org.apache.catalina.startup.VersionLoggerListener.log Производитель JVM:     Ubuntu
16-Mar-2025 13:00:49.503 INFO [main] org.apache.catalina.startup.VersionLoggerListener.log CATALINA_BASE:         /home/serega/YandexPr/Middle/Final_Sprint_Tasks/Spring/blog/apache-tomcat-11
16-Mar-2025 13:00:49.503 INFO [main] org.apache.catalina.startup.VersionLoggerListener.log CATALINA_HOME:         /home/serega/YandexPr/Middle/Final_Sprint_Tasks/Spring/blog/apache-tomcat-11
16-Mar-2025 13:00:49.513 INFO [main] org.apache.catalina.startup.VersionLoggerListener.log Command line argument: -Djava.util.logging.config.file=/home/serega/YandexPr/Middle/Final_Sprint_Tasks/Spring/blog/apache-tomcat-11/conf/logging.properties
16-Mar-2025 13:00:49.513 INFO [main] org.apache.catalina.startup.VersionLoggerListener.log Command line argument: -Djava.util.logging.manager=org.apache.juli.ClassLoaderLogManager
16-Mar-2025 13:00:49.513 INFO [main] org.apache.catalina.startup.VersionLoggerListener.log Command line argument: -Djdk.tls.ephemeralDHKeySize=2048
16-Mar-2025 13:00:49.514 INFO [main] org.apache.catalina.startup.VersionLoggerListener.log Command line argument: -Dorg.apache.catalina.security.SecurityListener.UMASK=0027
16-Mar-2025 13:00:49.514 INFO [main] org.apache.catalina.startup.VersionLoggerListener.log Command line argument: --add-opens=java.base/java.lang=ALL-UNNAMED
16-Mar-2025 13:00:49.514 INFO [main] org.apache.catalina.startup.VersionLoggerListener.log Command line argument: --add-opens=java.base/java.io=ALL-UNNAMED
16-Mar-2025 13:00:49.514 INFO [main] org.apache.catalina.startup.VersionLoggerListener.log Command line argument: --add-opens=java.base/java.util=ALL-UNNAMED
16-Mar-2025 13:00:49.514 INFO [main] org.apache.catalina.startup.VersionLoggerListener.log Command line argument: --add-opens=java.base/java.util.concurrent=ALL-UNNAMED
16-Mar-2025 13:00:49.514 INFO [main] org.apache.catalina.startup.VersionLoggerListener.log Command line argument: --add-opens=java.rmi/sun.rmi.transport=ALL-UNNAMED
16-Mar-2025 13:00:49.514 INFO [main] org.apache.catalina.startup.VersionLoggerListener.log Command line argument: --enable-native-access=ALL-UNNAMED
16-Mar-2025 13:00:49.514 INFO [main] org.apache.catalina.startup.VersionLoggerListener.log Command line argument: -Dcatalina.base=/home/serega/YandexPr/Middle/Final_Sprint_Tasks/Spring/blog/apache-tomcat-11
16-Mar-2025 13:00:49.514 INFO [main] org.apache.catalina.startup.VersionLoggerListener.log Command line argument: -Dcatalina.home=/home/serega/YandexPr/Middle/Final_Sprint_Tasks/Spring/blog/apache-tomcat-11
16-Mar-2025 13:00:49.515 INFO [main] org.apache.catalina.startup.VersionLoggerListener.log Command line argument: -Djava.io.tmpdir=/home/serega/YandexPr/Middle/Final_Sprint_Tasks/Spring/blog/apache-tomcat-11/temp
16-Mar-2025 13:00:49.516 INFO [main] org.apache.catalina.core.AprLifecycleListener.lifecycleEvent The Apache Tomcat Native library which allows using OpenSSL was not found on the java.library.path: [/usr/java/packages/lib:/usr/lib/x86_64-linux-gnu/jni:/lib/x86_64-linux-gnu:/usr/lib/x86_64-linux-gnu:/usr/lib/jni:/lib:/usr/lib]
16-Mar-2025 13:00:49.880 INFO [main] org.apache.coyote.AbstractProtocol.init Инициализация ProtocolHandler ["http-nio-8080"]
16-Mar-2025 13:00:49.912 INFO [main] org.apache.catalina.startup.Catalina.load Server initialization in [608] milliseconds
16-Mar-2025 13:00:49.974 INFO [main] org.apache.catalina.core.StandardService.startInternal Starting service [Catalina]
16-Mar-2025 13:00:49.975 INFO [main] org.apache.catalina.core.StandardEngine.startInternal Starting Servlet engine: [Apache Tomcat/11.0.2]
16-Mar-2025 13:00:49.993 INFO [main] org.apache.catalina.startup.HostConfig.deployWAR Deploying web application archive [/home/serega/YandexPr/Middle/Final_Sprint_Tasks/Spring/blog/apache-tomcat-11/webapps/blog.war]
16-Mar-2025 13:00:51.841 INFO [main] org.apache.jasper.servlet.TldScanner.scanJars At least one JAR was scanned for TLDs yet contained no TLDs. Enable debug logging for this logger for a complete list of JARs that were scanned but no TLDs were found in them. Skipping unneeded JARs during scanning can improve startup time and JSP compilation time.
16-Mar-2025 13:00:53.937 INFO [main] org.apache.catalina.startup.HostConfig.deployWAR Deployment of web application archive [/home/serega/YandexPr/Middle/Final_Sprint_Tasks/Spring/blog/apache-tomcat-11/webapps/blog.war] has finished in [3 943] ms
16-Mar-2025 13:00:53.939 INFO [main] org.apache.catalina.startup.HostConfig.deployDirectory Установка веб приложения в папку [/home/serega/YandexPr/Middle/Final_Sprint_Tasks/Spring/blog/apache-tomcat-11/webapps/docs]
16-Mar-2025 13:00:53.968 INFO [main] org.apache.catalina.startup.HostConfig.deployDirectory Deployment of web application directory [/home/serega/YandexPr/Middle/Final_Sprint_Tasks/Spring/blog/apache-tomcat-11/webapps/docs] has finished in [30] ms
16-Mar-2025 13:00:53.969 INFO [main] org.apache.catalina.startup.HostConfig.deployDirectory Установка веб приложения в папку [/home/serega/YandexPr/Middle/Final_Sprint_Tasks/Spring/blog/apache-tomcat-11/webapps/ROOT]
16-Mar-2025 13:00:53.991 INFO [main] org.apache.catalina.startup.HostConfig.deployDirectory Deployment of web application directory [/home/serega/YandexPr/Middle/Final_Sprint_Tasks/Spring/blog/apache-tomcat-11/webapps/ROOT] has finished in [23] ms
16-Mar-2025 13:00:53.992 INFO [main] org.apache.catalina.startup.HostConfig.deployDirectory Установка веб приложения в папку [/home/serega/YandexPr/Middle/Final_Sprint_Tasks/Spring/blog/apache-tomcat-11/webapps/examples]
16-Mar-2025 13:00:54.181 INFO [main] org.apache.catalina.startup.HostConfig.deployDirectory Deployment of web application directory [/home/serega/YandexPr/Middle/Final_Sprint_Tasks/Spring/blog/apache-tomcat-11/webapps/examples] has finished in [190] ms
16-Mar-2025 13:00:54.182 INFO [main] org.apache.catalina.startup.HostConfig.deployDirectory Установка веб приложения в папку [/home/serega/YandexPr/Middle/Final_Sprint_Tasks/Spring/blog/apache-tomcat-11/webapps/host-manager]
16-Mar-2025 13:00:54.210 INFO [main] org.apache.catalina.startup.HostConfig.deployDirectory Deployment of web application directory [/home/serega/YandexPr/Middle/Final_Sprint_Tasks/Spring/blog/apache-tomcat-11/webapps/host-manager] has finished in [27] ms
16-Mar-2025 13:00:54.210 INFO [main] org.apache.catalina.startup.HostConfig.deployDirectory Установка веб приложения в папку [/home/serega/YandexPr/Middle/Final_Sprint_Tasks/Spring/blog/apache-tomcat-11/webapps/manager]
16-Mar-2025 13:00:54.234 INFO [main] org.apache.catalina.startup.HostConfig.deployDirectory Deployment of web application directory [/home/serega/YandexPr/Middle/Final_Sprint_Tasks/Spring/blog/apache-tomcat-11/webapps/manager] has finished in [24] ms
16-Mar-2025 13:00:54.238 INFO [main] org.apache.coyote.AbstractProtocol.start Starting ProtocolHandler ["http-nio-8080"]
16-Mar-2025 13:00:54.249 INFO [main] org.apache.catalina.startup.Catalina.start Server startup in [4334] milliseconds
16-Mar-2025 13:08:38.902 INFO [main] org.apache.catalina.core.StandardServer.await A valid shutdown command was received via the shutdown port. Stopping the Server instance.
16-Mar-2025 13:08:38.903 INFO [main] org.apache.coyote.AbstractProtocol.pause Pausing ProtocolHandler ["http-nio-8080"]
16-Mar-2025 13:08:38.904 INFO [main] org.apache.catalina.core.StandardService.stopInternal Stopping service [Catalina]
16-Mar-2025 13:08:38.928 WARNING [main] org.apache.catalina.loader.WebappClassLoaderBase.clearReferencesJdbc The web application [blog] registered the JDBC driver [org.postgresql.Driver] but failed to unregister it when the web application was stopped. To prevent a memory leak, the JDBC Driver has been forcibly unregistered.
16-Mar-2025 13:08:38.956 INFO [main] org.apache.coyote.AbstractProtocol.stop Stopping ProtocolHandler ["http-nio-8080"]
16-Mar-2025 13:08:38.969 INFO [main] org.apache.coyote.AbstractProtocol.destroy Destroying ProtocolHandler ["http-nio-8080"]
16-Mar-2025 13:08:44.468 INFO [main] org.apache.catalina.startup.VersionLoggerListener.log Имя версии сервера:    Apache Tomcat/11.0.2
16-Mar-2025 13:08:44.472 INFO [main] org.apache.catalina.startup.VersionLoggerListener.log Сервер собран:         Dec 5 2024 15:19:37 UTC
16-Mar-2025 13:08:44.472 INFO [main] org.apache.catalina.startup.VersionLoggerListener.log Номер версии сервера:  11.0.2.0
16-Mar-2025 13:08:44.472 INFO [main] org.apache.catalina.startup.VersionLoggerListener.log OS Name:               Linux
16-Mar-2025 13:08:44.472 INFO [main] org.apache.catalina.startup.VersionLoggerListener.log Версия ОС:             6.8.0-55-generic
16-Mar-2025 13:08:44.473 INFO [main] org.apache.catalina.startup.VersionLoggerListener.log Архитектура:           amd64
16-Mar-2025 13:08:44.473 INFO [main] org.apache.catalina.startup.VersionLoggerListener.log Java Home:             /usr/lib/jvm/java-21-openjdk-amd64
16-Mar-2025 13:08:44.473 INFO [main] org.apache.catalina.startup.VersionLoggerListener.log Версия JVM:            21.0.6+7-Ubuntu-124.04.1
16-Mar-2025 13:08:44.473 INFO [main] org.apache.catalina.startup.VersionLoggerListener.log Производитель JVM:     Ubuntu
16-Mar-2025 13:08:44.473 INFO [main] org.apache.catalina.startup.VersionLoggerListener.log CATALINA_BASE:         /home/serega/YandexPr/Middle/Final_Sprint_Tasks/Spring/blog/apache-tomcat-11
16-Mar-2025 13:08:44.473 INFO [main] org.apache.catalina.startup.VersionLoggerListener.log CATALINA_HOME:         /home/serega/YandexPr/Middle/Final_Sprint_Tasks/Spring/blog/apache-tomcat-11
16-Mar-2025 13:08:44.484 INFO [main] org.apache.catalina.startup.VersionLoggerListener.log Command line argument: -Djava.util.logging.config.file=/home/serega/YandexPr/Middle/Final_Sprint_Tasks/Spring/blog/apache-tomcat-11/conf/logging.properties
16-Mar-2025 13:08:44.484 INFO [main] org.apache.catalina.startup.VersionLoggerListener.log Command line argument: -Djava.util.logging.manager=org.apache.juli.ClassLoaderLogManager
16-Mar-2025 13:08:44.484 INFO [main] org.apache.catalina.startup.VersionLoggerListener.log Command line argument: -Djdk.tls.ephemeralDHKeySize=2048
16-Mar-2025 13:08:44.484 INFO [main] org.apache.catalina.startup.VersionLoggerListener.log Command line argument: -Dorg.apache.catalina.security.SecurityListener.UMASK=0027
16-Mar-2025 13:08:44.485 INFO [main] org.apache.catalina.startup.VersionLoggerListener.log Command line argument: --add-opens=java.base/java.lang=ALL-UNNAMED
16-Mar-2025 13:08:44.485 INFO [main] org.apache.catalina.startup.VersionLoggerListener.log Command line argument: --add-opens=java.base/java.io=ALL-UNNAMED
16-Mar-2025 13:08:44.485 INFO [main] org.apache.catalina.startup.VersionLoggerListener.log Command line argument: --add-opens=java.base/java.util=ALL-UNNAMED
16-Mar-2025 13:08:44.485 INFO [main] org.apache.catalina.startup.VersionLoggerListener.log Command line argument: --add-opens=java.base/java.util.concurrent=ALL-UNNAMED
16-Mar-2025 13:08:44.485 INFO [main] org.apache.catalina.startup.VersionLoggerListener.log Command line argument: --add-opens=java.rmi/sun.rmi.transport=ALL-UNNAMED
16-Mar-2025 13:08:44.485 INFO [main] org.apache.catalina.startup.VersionLoggerListener.log Command line argument: --enable-native-access=ALL-UNNAMED
16-Mar-2025 13:08:44.485 INFO [main] org.apache.catalina.startup.VersionLoggerListener.log Command line argument: -Dcatalina.base=/home/serega/YandexPr/Middle/Final_Sprint_Tasks/Spring/blog/apache-tomcat-11
16-Mar-2025 13:08:44.485 INFO [main] org.apache.catalina.startup.VersionLoggerListener.log Command line argument: -Dcatalina.home=/home/serega/YandexPr/Middle/Final_Sprint_Tasks/Spring/blog/apache-tomcat-11
16-Mar-2025 13:08:44.485 INFO [main] org.apache.catalina.startup.VersionLoggerListener.log Command line argument: -Djava.io.tmpdir=/home/serega/YandexPr/Middle/Final_Sprint_Tasks/Spring/blog/apache-tomcat-11/temp
16-Mar-2025 13:08:44.487 INFO [main] org.apache.catalina.core.AprLifecycleListener.lifecycleEvent The Apache Tomcat Native library which allows using OpenSSL was not found on the java.library.path: [/usr/java/packages/lib:/usr/lib/x86_64-linux-gnu/jni:/lib/x86_64-linux-gnu:/usr/lib/x86_64-linux-gnu:/usr/lib/jni:/lib:/usr/lib]
16-Mar-2025 13:08:44.832 INFO [main] org.apache.coyote.AbstractProtocol.init Инициализация ProtocolHandler ["http-nio-8080"]
16-Mar-2025 13:08:44.856 INFO [main] org.apache.catalina.startup.Catalina.load Server initialization in [578] milliseconds
16-Mar-2025 13:08:44.901 INFO [main] org.apache.catalina.core.StandardService.startInternal Starting service [Catalina]
16-Mar-2025 13:08:44.901 INFO [main] org.apache.catalina.core.StandardEngine.startInternal Starting Servlet engine: [Apache Tomcat/11.0.2]
16-Mar-2025 13:08:44.917 INFO [main] org.apache.catalina.startup.HostConfig.deployWAR Deploying web application archive [/home/serega/YandexPr/Middle/Final_Sprint_Tasks/Spring/blog/apache-tomcat-11/webapps/blog.war]
16-Mar-2025 13:08:46.492 INFO [main] org.apache.jasper.servlet.TldScanner.scanJars At least one JAR was scanned for TLDs yet contained no TLDs. Enable debug logging for this logger for a complete list of JARs that were scanned but no TLDs were found in them. Skipping unneeded JARs during scanning can improve startup time and JSP compilation time.
16-Mar-2025 13:08:48.106 INFO [main] org.apache.catalina.startup.HostConfig.deployWAR Deployment of web application archive [/home/serega/YandexPr/Middle/Final_Sprint_Tasks/Spring/blog/apache-tomcat-11/webapps/blog.war] has finished in [3 189] ms
16-Mar-2025 13:08:48.108 INFO [main] org.apache.catalina.startup.HostConfig.deployDirectory Установка веб приложения в папку [/home/serega/YandexPr/Middle/Final_Sprint_Tasks/Spring/blog/apache-tomcat-11/webapps/docs]
16-Mar-2025 13:08:48.137 INFO [main] org.apache.catalina.startup.HostConfig.deployDirectory Deployment of web application directory [/home/serega/YandexPr/Middle/Final_Sprint_Tasks/Spring/blog/apache-tomcat-11/webapps/docs] has finished in [30] ms
16-Mar-2025 13:08:48.137 INFO [main] org.apache.catalina.startup.HostConfig.deployDirectory Установка веб приложения в папку [/home/serega/YandexPr/Middle/Final_Sprint_Tasks/Spring/blog/apache-tomcat-11/webapps/ROOT]
16-Mar-2025 13:08:48.155 INFO [main] org.apache.catalina.startup.HostConfig.deployDirectory Deployment of web application directory [/home/serega/YandexPr/Middle/Final_Sprint_Tasks/Spring/blog/apache-tomcat-11/webapps/ROOT] has finished in [18] ms
16-Mar-2025 13:08:48.155 INFO [main] org.apache.catalina.startup.HostConfig.deployDirectory Установка веб приложения в папку [/home/serega/YandexPr/Middle/Final_Sprint_Tasks/Spring/blog/apache-tomcat-11/webapps/examples]
16-Mar-2025 13:08:48.376 INFO [main] org.apache.catalina.startup.HostConfig.deployDirectory Deployment of web application directory [/home/serega/YandexPr/Middle/Final_Sprint_Tasks/Spring/blog/apache-tomcat-11/webapps/examples] has finished in [221] ms
16-Mar-2025 13:08:48.377 INFO [main] org.apache.catalina.startup.HostConfig.deployDirectory Установка веб приложения в папку [/home/serega/YandexPr/Middle/Final_Sprint_Tasks/Spring/blog/apache-tomcat-11/webapps/host-manager]
16-Mar-2025 13:08:48.400 INFO [main] org.apache.catalina.startup.HostConfig.deployDirectory Deployment of web application directory [/home/serega/YandexPr/Middle/Final_Sprint_Tasks/Spring/blog/apache-tomcat-11/webapps/host-manager] has finished in [23] ms
16-Mar-2025 13:08:48.401 INFO [main] org.apache.catalina.startup.HostConfig.deployDirectory Установка веб приложения в папку [/home/serega/YandexPr/Middle/Final_Sprint_Tasks/Spring/blog/apache-tomcat-11/webapps/manager]
16-Mar-2025 13:08:48.421 INFO [main] org.apache.catalina.startup.HostConfig.deployDirectory Deployment of web application directory [/home/serega/YandexPr/Middle/Final_Sprint_Tasks/Spring/blog/apache-tomcat-11/webapps/manager] has finished in [20] ms
16-Mar-2025 13:08:48.425 INFO [main] org.apache.coyote.AbstractProtocol.start Starting ProtocolHandler ["http-nio-8080"]
16-Mar-2025 13:08:48.437 INFO [main] org.apache.catalina.startup.Catalina.start Server startup in [3579] milliseconds
16-Mar-2025 13:15:34.466 INFO [main] org.apache.catalina.core.StandardServer.await A valid shutdown command was received via the shutdown port. Stopping the Server instance.
16-Mar-2025 13:15:34.467 INFO [main] org.apache.coyote.AbstractProtocol.pause Pausing ProtocolHandler ["http-nio-8080"]
16-Mar-2025 13:15:34.468 INFO [main] org.apache.catalina.core.StandardService.stopInternal Stopping service [Catalina]
16-Mar-2025 13:15:34.486 WARNING [main] org.apache.catalina.loader.WebappClassLoaderBase.clearReferencesJdbc The web application [blog] registered the JDBC driver [org.postgresql.Driver] but failed to unregister it when the web application was stopped. To prevent a memory leak, the JDBC Driver has been forcibly unregistered.
16-Mar-2025 13:15:34.503 INFO [main] org.apache.coyote.AbstractProtocol.stop Stopping ProtocolHandler ["http-nio-8080"]
16-Mar-2025 13:15:34.511 INFO [main] org.apache.coyote.AbstractProtocol.destroy Destroying ProtocolHandler ["http-nio-8080"]
16-Mar-2025 13:15:40.345 INFO [main] org.apache.catalina.startup.VersionLoggerListener.log Имя версии сервера:    Apache Tomcat/11.0.2
16-Mar-2025 13:15:40.349 INFO [main] org.apache.catalina.startup.VersionLoggerListener.log Сервер собран:         Dec 5 2024 15:19:37 UTC
16-Mar-2025 13:15:40.350 INFO [main] org.apache.catalina.startup.VersionLoggerListener.log Номер версии сервера:  11.0.2.0
16-Mar-2025 13:15:40.350 INFO [main] org.apache.catalina.startup.VersionLoggerListener.log OS Name:               Linux
16-Mar-2025 13:15:40.350 INFO [main] org.apache.catalina.startup.VersionLoggerListener.log Версия ОС:             6.8.0-55-generic
16-Mar-2025 13:15:40.350 INFO [main] org.apache.catalina.startup.VersionLoggerListener.log Архитектура:           amd64
16-Mar-2025 13:15:40.350 INFO [main] org.apache.catalina.startup.VersionLoggerListener.log Java Home:             /usr/lib/jvm/java-21-openjdk-amd64
16-Mar-2025 13:15:40.350 INFO [main] org.apache.catalina.startup.VersionLoggerListener.log Версия JVM:            21.0.6+7-Ubuntu-124.04.1
16-Mar-2025 13:15:40.350 INFO [main] org.apache.catalina.startup.VersionLoggerListener.log Производитель JVM:     Ubuntu
16-Mar-2025 13:15:40.351 INFO [main] org.apache.catalina.startup.VersionLoggerListener.log CATALINA_BASE:         /home/serega/YandexPr/Middle/Final_Sprint_Tasks/Spring/blog/apache-tomcat-11
16-Mar-2025 13:15:40.351 INFO [main] org.apache.catalina.startup.VersionLoggerListener.log CATALINA_HOME:         /home/serega/YandexPr/Middle/Final_Sprint_Tasks/Spring/blog/apache-tomcat-11
16-Mar-2025 13:15:40.362 INFO [main] org.apache.catalina.startup.VersionLoggerListener.log Command line argument: -Djava.util.logging.config.file=/home/serega/YandexPr/Middle/Final_Sprint_Tasks/Spring/blog/apache-tomcat-11/conf/logging.properties
16-Mar-2025 13:15:40.362 INFO [main] org.apache.catalina.startup.VersionLoggerListener.log Command line argument: -Djava.util.logging.manager=org.apache.juli.ClassLoaderLogManager
16-Mar-2025 13:15:40.362 INFO [main] org.apache.catalina.startup.VersionLoggerListener.log Command line argument: -Djdk.tls.ephemeralDHKeySize=2048
16-Mar-2025 13:15:40.362 INFO [main] org.apache.catalina.startup.VersionLoggerListener.log Command line argument: -Dorg.apache.catalina.security.SecurityListener.UMASK=0027
16-Mar-2025 13:15:40.363 INFO [main] org.apache.catalina.startup.VersionLoggerListener.log Command line argument: --add-opens=java.base/java.lang=ALL-UNNAMED
16-Mar-2025 13:15:40.363 INFO [main] org.apache.catalina.startup.VersionLoggerListener.log Command line argument: --add-opens=java.base/java.io=ALL-UNNAMED
16-Mar-2025 13:15:40.363 INFO [main] org.apache.catalina.startup.VersionLoggerListener.log Command line argument: --add-opens=java.base/java.util=ALL-UNNAMED
16-Mar-2025 13:15:40.363 INFO [main] org.apache.catalina.startup.VersionLoggerListener.log Command line argument: --add-opens=java.base/java.util.concurrent=ALL-UNNAMED
16-Mar-2025 13:15:40.363 INFO [main] org.apache.catalina.startup.VersionLoggerListener.log Command line argument: --add-opens=java.rmi/sun.rmi.transport=ALL-UNNAMED
16-Mar-2025 13:15:40.363 INFO [main] org.apache.catalina.startup.VersionLoggerListener.log Command line argument: --enable-native-access=ALL-UNNAMED
16-Mar-2025 13:15:40.363 INFO [main] org.apache.catalina.startup.VersionLoggerListener.log Command line argument: -Dcatalina.base=/home/serega/YandexPr/Middle/Final_Sprint_Tasks/Spring/blog/apache-tomcat-11
16-Mar-2025 13:15:40.363 INFO [main] org.apache.catalina.startup.VersionLoggerListener.log Command line argument: -Dcatalina.home=/home/serega/YandexPr/Middle/Final_Sprint_Tasks/Spring/blog/apache-tomcat-11
16-Mar-2025 13:15:40.363 INFO [main] org.apache.catalina.startup.VersionLoggerListener.log Command line argument: -Djava.io.tmpdir=/home/serega/YandexPr/Middle/Final_Sprint_Tasks/Spring/blog/apache-tomcat-11/temp
16-Mar-2025 13:15:40.365 INFO [main] org.apache.catalina.core.AprLifecycleListener.lifecycleEvent The Apache Tomcat Native library which allows using OpenSSL was not found on the java.library.path: [/usr/java/packages/lib:/usr/lib/x86_64-linux-gnu/jni:/lib/x86_64-linux-gnu:/usr/lib/x86_64-linux-gnu:/usr/lib/jni:/lib:/usr/lib]
16-Mar-2025 13:15:40.726 INFO [main] org.apache.coyote.AbstractProtocol.init Инициализация ProtocolHandler ["http-nio-8080"]
16-Mar-2025 13:15:40.750 INFO [main] org.apache.catalina.startup.Catalina.load Server initialization in [597] milliseconds
16-Mar-2025 13:15:40.795 INFO [main] org.apache.catalina.core.StandardService.startInternal Starting service [Catalina]
16-Mar-2025 13:15:40.795 INFO [main] org.apache.catalina.core.StandardEngine.startInternal Starting Servlet engine: [Apache Tomcat/11.0.2]
16-Mar-2025 13:15:40.811 INFO [main] org.apache.catalina.startup.HostConfig.deployWAR Deploying web application archive [/home/serega/YandexPr/Middle/Final_Sprint_Tasks/Spring/blog/apache-tomcat-11/webapps/blog.war]
16-Mar-2025 13:15:42.409 INFO [main] org.apache.jasper.servlet.TldScanner.scanJars At least one JAR was scanned for TLDs yet contained no TLDs. Enable debug logging for this logger for a complete list of JARs that were scanned but no TLDs were found in them. Skipping unneeded JARs during scanning can improve startup time and JSP compilation time.
16-Mar-2025 13:15:44.025 INFO [main] org.apache.catalina.startup.HostConfig.deployWAR Deployment of web application archive [/home/serega/YandexPr/Middle/Final_Sprint_Tasks/Spring/blog/apache-tomcat-11/webapps/blog.war] has finished in [3 213] ms
16-Mar-2025 13:15:44.026 INFO [main] org.apache.catalina.startup.HostConfig.deployDirectory Установка веб приложения в папку [/home/serega/YandexPr/Middle/Final_Sprint_Tasks/Spring/blog/apache-tomcat-11/webapps/docs]
16-Mar-2025 13:15:44.058 INFO [main] org.apache.catalina.startup.HostConfig.deployDirectory Deployment of web application directory [/home/serega/YandexPr/Middle/Final_Sprint_Tasks/Spring/blog/apache-tomcat-11/webapps/docs] has finished in [31] ms
16-Mar-2025 13:15:44.058 INFO [main] org.apache.catalina.startup.HostConfig.deployDirectory Установка веб приложения в папку [/home/serega/YandexPr/Middle/Final_Sprint_Tasks/Spring/blog/apache-tomcat-11/webapps/ROOT]
16-Mar-2025 13:15:44.081 INFO [main] org.apache.catalina.startup.HostConfig.deployDirectory Deployment of web application directory [/home/serega/YandexPr/Middle/Final_Sprint_Tasks/Spring/blog/apache-tomcat-11/webapps/ROOT] has finished in [23] ms
16-Mar-2025 13:15:44.081 INFO [main] org.apache.catalina.startup.HostConfig.deployDirectory Установка веб приложения в папку [/home/serega/YandexPr/Middle/Final_Sprint_Tasks/Spring/blog/apache-tomcat-11/webapps/examples]
16-Mar-2025 13:15:44.294 INFO [main] org.apache.catalina.startup.HostConfig.deployDirectory Deployment of web application directory [/home/serega/YandexPr/Middle/Final_Sprint_Tasks/Spring/blog/apache-tomcat-11/webapps/examples] has finished in [213] ms
16-Mar-2025 13:15:44.295 INFO [main] org.apache.catalina.startup.HostConfig.deployDirectory Установка веб приложения в папку [/home/serega/YandexPr/Middle/Final_Sprint_Tasks/Spring/blog/apache-tomcat-11/webapps/host-manager]
16-Mar-2025 13:15:44.316 INFO [main] org.apache.catalina.startup.HostConfig.deployDirectory Deployment of web application directory [/home/serega/YandexPr/Middle/Final_Sprint_Tasks/Spring/blog/apache-tomcat-11/webapps/host-manager] has finished in [21] ms
16-Mar-2025 13:15:44.316 INFO [main] org.apache.catalina.startup.HostConfig.deployDirectory Установка веб приложения в папку [/home/serega/YandexPr/Middle/Final_Sprint_Tasks/Spring/blog/apache-tomcat-11/webapps/manager]
16-Mar-2025 13:15:44.336 INFO [main] org.apache.catalina.startup.HostConfig.deployDirectory Deployment of web application directory [/home/serega/YandexPr/Middle/Final_Sprint_Tasks/Spring/blog/apache-tomcat-11/webapps/manager] has finished in [20] ms
16-Mar-2025 13:15:44.340 INFO [main] org.apache.coyote.AbstractProtocol.start Starting ProtocolHandler ["http-nio-8080"]
16-Mar-2025 13:15:44.353 INFO [main] org.apache.catalina.startup.Catalina.start Server startup in [3600] milliseconds
16-Mar-2025 13:19:36.843 INFO [main] org.apache.catalina.core.StandardServer.await A valid shutdown command was received via the shutdown port. Stopping the Server instance.
16-Mar-2025 13:19:36.844 INFO [main] org.apache.coyote.AbstractProtocol.pause Pausing ProtocolHandler ["http-nio-8080"]
16-Mar-2025 13:19:36.845 INFO [main] org.apache.catalina.core.StandardService.stopInternal Stopping service [Catalina]
16-Mar-2025 13:19:36.861 WARNING [main] org.apache.catalina.loader.WebappClassLoaderBase.clearReferencesJdbc The web application [blog] registered the JDBC driver [org.postgresql.Driver] but failed to unregister it when the web application was stopped. To prevent a memory leak, the JDBC Driver has been forcibly unregistered.
16-Mar-2025 13:19:36.879 INFO [main] org.apache.coyote.AbstractProtocol.stop Stopping ProtocolHandler ["http-nio-8080"]
16-Mar-2025 13:19:36.889 INFO [main] org.apache.coyote.AbstractProtocol.destroy Destroying ProtocolHandler ["http-nio-8080"]
16-Mar-2025 13:19:42.571 INFO [main] org.apache.catalina.startup.VersionLoggerListener.log Имя версии сервера:    Apache Tomcat/11.0.2
16-Mar-2025 13:19:42.577 INFO [main] org.apache.catalina.startup.VersionLoggerListener.log Сервер собран:         Dec 5 2024 15:19:37 UTC
16-Mar-2025 13:19:42.577 INFO [main] org.apache.catalina.startup.VersionLoggerListener.log Номер версии сервера:  11.0.2.0
16-Mar-2025 13:19:42.577 INFO [main] org.apache.catalina.startup.VersionLoggerListener.log OS Name:               Linux
16-Mar-2025 13:19:42.578 INFO [main] org.apache.catalina.startup.VersionLoggerListener.log Версия ОС:             6.8.0-55-generic
16-Mar-2025 13:19:42.578 INFO [main] org.apache.catalina.startup.VersionLoggerListener.log Архитектура:           amd64
16-Mar-2025 13:19:42.578 INFO [main] org.apache.catalina.startup.VersionLoggerListener.log Java Home:             /usr/lib/jvm/java-21-openjdk-amd64
16-Mar-2025 13:19:42.578 INFO [main] org.apache.catalina.startup.VersionLoggerListener.log Версия JVM:            21.0.6+7-Ubuntu-124.04.1
16-Mar-2025 13:19:42.579 INFO [main] org.apache.catalina.startup.VersionLoggerListener.log Производитель JVM:     Ubuntu
16-Mar-2025 13:19:42.579 INFO [main] org.apache.catalina.startup.VersionLoggerListener.log CATALINA_BASE:         /home/serega/YandexPr/Middle/Final_Sprint_Tasks/Spring/blog/apache-tomcat-11
16-Mar-2025 13:19:42.579 INFO [main] org.apache.catalina.startup.VersionLoggerListener.log CATALINA_HOME:         /home/serega/YandexPr/Middle/Final_Sprint_Tasks/Spring/blog/apache-tomcat-11
16-Mar-2025 13:19:42.592 INFO [main] org.apache.catalina.startup.VersionLoggerListener.log Command line argument: -Djava.util.logging.config.file=/home/serega/YandexPr/Middle/Final_Sprint_Tasks/Spring/blog/apache-tomcat-11/conf/logging.properties
16-Mar-2025 13:19:42.593 INFO [main] org.apache.catalina.startup.VersionLoggerListener.log Command line argument: -Djava.util.logging.manager=org.apache.juli.ClassLoaderLogManager
16-Mar-2025 13:19:42.593 INFO [main] org.apache.catalina.startup.VersionLoggerListener.log Command line argument: -Djdk.tls.ephemeralDHKeySize=2048
16-Mar-2025 13:19:42.593 INFO [main] org.apache.catalina.startup.VersionLoggerListener.log Command line argument: -Dorg.apache.catalina.security.SecurityListener.UMASK=0027
16-Mar-2025 13:19:42.593 INFO [main] org.apache.catalina.startup.VersionLoggerListener.log Command line argument: --add-opens=java.base/java.lang=ALL-UNNAMED
16-Mar-2025 13:19:42.593 INFO [main] org.apache.catalina.startup.VersionLoggerListener.log Command line argument: --add-opens=java.base/java.io=ALL-UNNAMED
16-Mar-2025 13:19:42.593 INFO [main] org.apache.catalina.startup.VersionLoggerListener.log Command line argument: --add-opens=java.base/java.util=ALL-UNNAMED
16-Mar-2025 13:19:42.594 INFO [main] org.apache.catalina.startup.VersionLoggerListener.log Command line argument: --add-opens=java.base/java.util.concurrent=ALL-UNNAMED
16-Mar-2025 13:19:42.594 INFO [main] org.apache.catalina.startup.VersionLoggerListener.log Command line argument: --add-opens=java.rmi/sun.rmi.transport=ALL-UNNAMED
16-Mar-2025 13:19:42.594 INFO [main] org.apache.catalina.startup.VersionLoggerListener.log Command line argument: --enable-native-access=ALL-UNNAMED
16-Mar-2025 13:19:42.594 INFO [main] org.apache.catalina.startup.VersionLoggerListener.log Command line argument: -Dcatalina.base=/home/serega/YandexPr/Middle/Final_Sprint_Tasks/Spring/blog/apache-tomcat-11
16-Mar-2025 13:19:42.594 INFO [main] org.apache.catalina.startup.VersionLoggerListener.log Command line argument: -Dcatalina.home=/home/serega/YandexPr/Middle/Final_Sprint_Tasks/Spring/blog/apache-tomcat-11
16-Mar-2025 13:19:42.594 INFO [main] org.apache.catalina.startup.VersionLoggerListener.log Command line argument: -Djava.io.tmpdir=/home/serega/YandexPr/Middle/Final_Sprint_Tasks/Spring/blog/apache-tomcat-11/temp
16-Mar-2025 13:19:42.597 INFO [main] org.apache.catalina.core.AprLifecycleListener.lifecycleEvent The Apache Tomcat Native library which allows using OpenSSL was not found on the java.library.path: [/usr/java/packages/lib:/usr/lib/x86_64-linux-gnu/jni:/lib/x86_64-linux-gnu:/usr/lib/x86_64-linux-gnu:/usr/lib/jni:/lib:/usr/lib]
16-Mar-2025 13:19:43.033 INFO [main] org.apache.coyote.AbstractProtocol.init Инициализация ProtocolHandler ["http-nio-8080"]
16-Mar-2025 13:19:43.057 INFO [main] org.apache.catalina.startup.Catalina.load Server initialization in [675] milliseconds
16-Mar-2025 13:19:43.111 INFO [main] org.apache.catalina.core.StandardService.startInternal Starting service [Catalina]
16-Mar-2025 13:19:43.111 INFO [main] org.apache.catalina.core.StandardEngine.startInternal Starting Servlet engine: [Apache Tomcat/11.0.2]
16-Mar-2025 13:19:43.130 INFO [main] org.apache.catalina.startup.HostConfig.deployWAR Deploying web application archive [/home/serega/YandexPr/Middle/Final_Sprint_Tasks/Spring/blog/apache-tomcat-11/webapps/blog.war]
16-Mar-2025 13:19:44.811 INFO [main] org.apache.jasper.servlet.TldScanner.scanJars At least one JAR was scanned for TLDs yet contained no TLDs. Enable debug logging for this logger for a complete list of JARs that were scanned but no TLDs were found in them. Skipping unneeded JARs during scanning can improve startup time and JSP compilation time.
16-Mar-2025 13:19:46.474 INFO [main] org.apache.catalina.startup.HostConfig.deployWAR Deployment of web application archive [/home/serega/YandexPr/Middle/Final_Sprint_Tasks/Spring/blog/apache-tomcat-11/webapps/blog.war] has finished in [3 343] ms
16-Mar-2025 13:19:46.475 INFO [main] org.apache.catalina.startup.HostConfig.deployDirectory Установка веб приложения в папку [/home/serega/YandexPr/Middle/Final_Sprint_Tasks/Spring/blog/apache-tomcat-11/webapps/docs]
16-Mar-2025 13:19:46.500 INFO [main] org.apache.catalina.startup.HostConfig.deployDirectory Deployment of web application directory [/home/serega/YandexPr/Middle/Final_Sprint_Tasks/Spring/blog/apache-tomcat-11/webapps/docs] has finished in [25] ms
16-Mar-2025 13:19:46.501 INFO [main] org.apache.catalina.startup.HostConfig.deployDirectory Установка веб приложения в папку [/home/serega/YandexPr/Middle/Final_Sprint_Tasks/Spring/blog/apache-tomcat-11/webapps/ROOT]
16-Mar-2025 13:19:46.520 INFO [main] org.apache.catalina.startup.HostConfig.deployDirectory Deployment of web application directory [/home/serega/YandexPr/Middle/Final_Sprint_Tasks/Spring/blog/apache-tomcat-11/webapps/ROOT] has finished in [19] ms
16-Mar-2025 13:19:46.521 INFO [main] org.apache.catalina.startup.HostConfig.deployDirectory Установка веб приложения в папку [/home/serega/YandexPr/Middle/Final_Sprint_Tasks/Spring/blog/apache-tomcat-11/webapps/examples]
16-Mar-2025 13:19:46.751 INFO [main] org.apache.catalina.startup.HostConfig.deployDirectory Deployment of web application directory [/home/serega/YandexPr/Middle/Final_Sprint_Tasks/Spring/blog/apache-tomcat-11/webapps/examples] has finished in [231] ms
16-Mar-2025 13:19:46.751 INFO [main] org.apache.catalina.startup.HostConfig.deployDirectory Установка веб приложения в папку [/home/serega/YandexPr/Middle/Final_Sprint_Tasks/Spring/blog/apache-tomcat-11/webapps/host-manager]
16-Mar-2025 13:19:46.774 INFO [main] org.apache.catalina.startup.HostConfig.deployDirectory Deployment of web application directory [/home/serega/YandexPr/Middle/Final_Sprint_Tasks/Spring/blog/apache-tomcat-11/webapps/host-manager] has finished in [22] ms
16-Mar-2025 13:19:46.774 INFO [main] org.apache.catalina.startup.HostConfig.deployDirectory Установка веб приложения в папку [/home/serega/YandexPr/Middle/Final_Sprint_Tasks/Spring/blog/apache-tomcat-11/webapps/manager]
16-Mar-2025 13:19:46.794 INFO [main] org.apache.catalina.startup.HostConfig.deployDirectory Deployment of web application directory [/home/serega/YandexPr/Middle/Final_Sprint_Tasks/Spring/blog/apache-tomcat-11/webapps/manager] has finished in [20] ms
16-Mar-2025 13:19:46.798 INFO [main] org.apache.coyote.AbstractProtocol.start Starting ProtocolHandler ["http-nio-8080"]
16-Mar-2025 13:19:46.807 INFO [main] org.apache.catalina.startup.Catalina.start Server startup in [3748] milliseconds
16-Mar-2025 13:28:46.987 INFO [main] org.apache.catalina.core.StandardServer.await A valid shutdown command was received via the shutdown port. Stopping the Server instance.
16-Mar-2025 13:28:46.988 INFO [main] org.apache.coyote.AbstractProtocol.pause Pausing ProtocolHandler ["http-nio-8080"]
16-Mar-2025 13:28:46.989 INFO [main] org.apache.catalina.core.StandardService.stopInternal Stopping service [Catalina]
16-Mar-2025 13:28:47.003 WARNING [main] org.apache.catalina.loader.WebappClassLoaderBase.clearReferencesJdbc The web application [blog] registered the JDBC driver [org.postgresql.Driver] but failed to unregister it when the web application was stopped. To prevent a memory leak, the JDBC Driver has been forcibly unregistered.
16-Mar-2025 13:28:47.019 INFO [main] org.apache.coyote.AbstractProtocol.stop Stopping ProtocolHandler ["http-nio-8080"]
16-Mar-2025 13:28:47.022 INFO [main] org.apache.coyote.AbstractProtocol.destroy Destroying ProtocolHandler ["http-nio-8080"]
16-Mar-2025 13:28:53.429 INFO [main] org.apache.catalina.startup.VersionLoggerListener.log Имя версии сервера:    Apache Tomcat/11.0.2
16-Mar-2025 13:28:53.433 INFO [main] org.apache.catalina.startup.VersionLoggerListener.log Сервер собран:         Dec 5 2024 15:19:37 UTC
16-Mar-2025 13:28:53.433 INFO [main] org.apache.catalina.startup.VersionLoggerListener.log Номер версии сервера:  11.0.2.0
16-Mar-2025 13:28:53.433 INFO [main] org.apache.catalina.startup.VersionLoggerListener.log OS Name:               Linux
16-Mar-2025 13:28:53.434 INFO [main] org.apache.catalina.startup.VersionLoggerListener.log Версия ОС:             6.8.0-55-generic
16-Mar-2025 13:28:53.434 INFO [main] org.apache.catalina.startup.VersionLoggerListener.log Архитектура:           amd64
16-Mar-2025 13:28:53.434 INFO [main] org.apache.catalina.startup.VersionLoggerListener.log Java Home:             /usr/lib/jvm/java-21-openjdk-amd64
16-Mar-2025 13:28:53.434 INFO [main] org.apache.catalina.startup.VersionLoggerListener.log Версия JVM:            21.0.6+7-Ubuntu-124.04.1
16-Mar-2025 13:28:53.434 INFO [main] org.apache.catalina.startup.VersionLoggerListener.log Производитель JVM:     Ubuntu
16-Mar-2025 13:28:53.434 INFO [main] org.apache.catalina.startup.VersionLoggerListener.log CATALINA_BASE:         /home/serega/YandexPr/Middle/Final_Sprint_Tasks/Spring/blog/apache-tomcat-11
16-Mar-2025 13:28:53.434 INFO [main] org.apache.catalina.startup.VersionLoggerListener.log CATALINA_HOME:         /home/serega/YandexPr/Middle/Final_Sprint_Tasks/Spring/blog/apache-tomcat-11
16-Mar-2025 13:28:53.444 INFO [main] org.apache.catalina.startup.VersionLoggerListener.log Command line argument: -Djava.util.logging.config.file=/home/serega/YandexPr/Middle/Final_Sprint_Tasks/Spring/blog/apache-tomcat-11/conf/logging.properties
16-Mar-2025 13:28:53.444 INFO [main] org.apache.catalina.startup.VersionLoggerListener.log Command line argument: -Djava.util.logging.manager=org.apache.juli.ClassLoaderLogManager
16-Mar-2025 13:28:53.445 INFO [main] org.apache.catalina.startup.VersionLoggerListener.log Command line argument: -Djdk.tls.ephemeralDHKeySize=2048
16-Mar-2025 13:28:53.445 INFO [main] org.apache.catalina.startup.VersionLoggerListener.log Command line argument: -Dorg.apache.catalina.security.SecurityListener.UMASK=0027
16-Mar-2025 13:28:53.445 INFO [main] org.apache.catalina.startup.VersionLoggerListener.log Command line argument: --add-opens=java.base/java.lang=ALL-UNNAMED
16-Mar-2025 13:28:53.445 INFO [main] org.apache.catalina.startup.VersionLoggerListener.log Command line argument: --add-opens=java.base/java.io=ALL-UNNAMED
16-Mar-2025 13:28:53.445 INFO [main] org.apache.catalina.startup.VersionLoggerListener.log Command line argument: --add-opens=java.base/java.util=ALL-UNNAMED
16-Mar-2025 13:28:53.445 INFO [main] org.apache.catalina.startup.VersionLoggerListener.log Command line argument: --add-opens=java.base/java.util.concurrent=ALL-UNNAMED
16-Mar-2025 13:28:53.445 INFO [main] org.apache.catalina.startup.VersionLoggerListener.log Command line argument: --add-opens=java.rmi/sun.rmi.transport=ALL-UNNAMED
16-Mar-2025 13:28:53.445 INFO [main] org.apache.catalina.startup.VersionLoggerListener.log Command line argument: --enable-native-access=ALL-UNNAMED
16-Mar-2025 13:28:53.446 INFO [main] org.apache.catalina.startup.VersionLoggerListener.log Command line argument: -Dcatalina.base=/home/serega/YandexPr/Middle/Final_Sprint_Tasks/Spring/blog/apache-tomcat-11
16-Mar-2025 13:28:53.446 INFO [main] org.apache.catalina.startup.VersionLoggerListener.log Command line argument: -Dcatalina.home=/home/serega/YandexPr/Middle/Final_Sprint_Tasks/Spring/blog/apache-tomcat-11
16-Mar-2025 13:28:53.446 INFO [main] org.apache.catalina.startup.VersionLoggerListener.log Command line argument: -Djava.io.tmpdir=/home/serega/YandexPr/Middle/Final_Sprint_Tasks/Spring/blog/apache-tomcat-11/temp
16-Mar-2025 13:28:53.447 INFO [main] org.apache.catalina.core.AprLifecycleListener.lifecycleEvent The Apache Tomcat Native library which allows using OpenSSL was not found on the java.library.path: [/usr/java/packages/lib:/usr/lib/x86_64-linux-gnu/jni:/lib/x86_64-linux-gnu:/usr/lib/x86_64-linux-gnu:/usr/lib/jni:/lib:/usr/lib]
16-Mar-2025 13:28:53.830 INFO [main] org.apache.coyote.AbstractProtocol.init Инициализация ProtocolHandler ["http-nio-8080"]
16-Mar-2025 13:28:53.854 INFO [main] org.apache.catalina.startup.Catalina.load Server initialization in [617] milliseconds
16-Mar-2025 13:28:53.899 INFO [main] org.apache.catalina.core.StandardService.startInternal Starting service [Catalina]
16-Mar-2025 13:28:53.900 INFO [main] org.apache.catalina.core.StandardEngine.startInternal Starting Servlet engine: [Apache Tomcat/11.0.2]
16-Mar-2025 13:28:53.915 INFO [main] org.apache.catalina.startup.HostConfig.deployWAR Deploying web application archive [/home/serega/YandexPr/Middle/Final_Sprint_Tasks/Spring/blog/apache-tomcat-11/webapps/blog.war]
16-Mar-2025 13:28:55.516 INFO [main] org.apache.jasper.servlet.TldScanner.scanJars At least one JAR was scanned for TLDs yet contained no TLDs. Enable debug logging for this logger for a complete list of JARs that were scanned but no TLDs were found in them. Skipping unneeded JARs during scanning can improve startup time and JSP compilation time.
16-Mar-2025 13:28:57.206 INFO [main] org.apache.catalina.startup.HostConfig.deployWAR Deployment of web application archive [/home/serega/YandexPr/Middle/Final_Sprint_Tasks/Spring/blog/apache-tomcat-11/webapps/blog.war] has finished in [3 290] ms
16-Mar-2025 13:28:57.206 INFO [main] org.apache.catalina.startup.HostConfig.deployDirectory Установка веб приложения в папку [/home/serega/YandexPr/Middle/Final_Sprint_Tasks/Spring/blog/apache-tomcat-11/webapps/docs]
16-Mar-2025 13:28:57.240 INFO [main] org.apache.catalina.startup.HostConfig.deployDirectory Deployment of web application directory [/home/serega/YandexPr/Middle/Final_Sprint_Tasks/Spring/blog/apache-tomcat-11/webapps/docs] has finished in [34] ms
16-Mar-2025 13:28:57.241 INFO [main] org.apache.catalina.startup.HostConfig.deployDirectory Установка веб приложения в папку [/home/serega/YandexPr/Middle/Final_Sprint_Tasks/Spring/blog/apache-tomcat-11/webapps/ROOT]
16-Mar-2025 13:28:57.267 INFO [main] org.apache.catalina.startup.HostConfig.deployDirectory Deployment of web application directory [/home/serega/YandexPr/Middle/Final_Sprint_Tasks/Spring/blog/apache-tomcat-11/webapps/ROOT] has finished in [26] ms
16-Mar-2025 13:28:57.267 INFO [main] org.apache.catalina.startup.HostConfig.deployDirectory Установка веб приложения в папку [/home/serega/YandexPr/Middle/Final_Sprint_Tasks/Spring/blog/apache-tomcat-11/webapps/examples]
16-Mar-2025 13:28:57.525 INFO [main] org.apache.catalina.startup.HostConfig.deployDirectory Deployment of web application directory [/home/serega/YandexPr/Middle/Final_Sprint_Tasks/Spring/blog/apache-tomcat-11/webapps/examples] has finished in [258] ms
16-Mar-2025 13:28:57.525 INFO [main] org.apache.catalina.startup.HostConfig.deployDirectory Установка веб приложения в папку [/home/serega/YandexPr/Middle/Final_Sprint_Tasks/Spring/blog/apache-tomcat-11/webapps/host-manager]
16-Mar-2025 13:28:57.548 INFO [main] org.apache.catalina.startup.HostConfig.deployDirectory Deployment of web application directory [/home/serega/YandexPr/Middle/Final_Sprint_Tasks/Spring/blog/apache-tomcat-11/webapps/host-manager] has finished in [23] ms
16-Mar-2025 13:28:57.548 INFO [main] org.apache.catalina.startup.HostConfig.deployDirectory Установка веб приложения в папку [/home/serega/YandexPr/Middle/Final_Sprint_Tasks/Spring/blog/apache-tomcat-11/webapps/manager]
16-Mar-2025 13:28:57.569 INFO [main] org.apache.catalina.startup.HostConfig.deployDirectory Deployment of web application directory [/home/serega/YandexPr/Middle/Final_Sprint_Tasks/Spring/blog/apache-tomcat-11/webapps/manager] has finished in [20] ms
16-Mar-2025 13:28:57.573 INFO [main] org.apache.coyote.AbstractProtocol.start Starting ProtocolHandler ["http-nio-8080"]
16-Mar-2025 13:28:57.583 INFO [main] org.apache.catalina.startup.Catalina.start Server startup in [3727] milliseconds
