22-Mar-2025 08:57:03.223 INFO [main] org.apache.catalina.startup.VersionLoggerListener.log Имя версии сервера:    Apache Tomcat/11.0.2
22-Mar-2025 08:57:03.229 INFO [main] org.apache.catalina.startup.VersionLoggerListener.log Сервер собран:         Dec 5 2024 15:19:37 UTC
22-Mar-2025 08:57:03.229 INFO [main] org.apache.catalina.startup.VersionLoggerListener.log Номер версии сервера:  11.0.2.0
22-Mar-2025 08:57:03.229 INFO [main] org.apache.catalina.startup.VersionLoggerListener.log OS Name:               Linux
22-Mar-2025 08:57:03.230 INFO [main] org.apache.catalina.startup.VersionLoggerListener.log Версия ОС:             6.8.0-55-generic
22-Mar-2025 08:57:03.230 INFO [main] org.apache.catalina.startup.VersionLoggerListener.log Архитектура:           amd64
22-Mar-2025 08:57:03.230 INFO [main] org.apache.catalina.startup.VersionLoggerListener.log Java Home:             /usr/lib/jvm/java-21-openjdk-amd64
22-Mar-2025 08:57:03.230 INFO [main] org.apache.catalina.startup.VersionLoggerListener.log Версия JVM:            21.0.6+7-Ubuntu-124.04.1
22-Mar-2025 08:57:03.230 INFO [main] org.apache.catalina.startup.VersionLoggerListener.log Производитель JVM:     Ubuntu
22-Mar-2025 08:57:03.230 INFO [main] org.apache.catalina.startup.VersionLoggerListener.log CATALINA_BASE:         /home/serega/YandexPr/Middle/Final_Sprint_Tasks/Spring/blog/apache-tomcat-11
22-Mar-2025 08:57:03.230 INFO [main] org.apache.catalina.startup.VersionLoggerListener.log CATALINA_HOME:         /home/serega/YandexPr/Middle/Final_Sprint_Tasks/Spring/blog/apache-tomcat-11
22-Mar-2025 08:57:03.247 INFO [main] org.apache.catalina.startup.VersionLoggerListener.log Command line argument: -Djava.util.logging.config.file=/home/serega/YandexPr/Middle/Final_Sprint_Tasks/Spring/blog/apache-tomcat-11/conf/logging.properties
22-Mar-2025 08:57:03.247 INFO [main] org.apache.catalina.startup.VersionLoggerListener.log Command line argument: -Djava.util.logging.manager=org.apache.juli.ClassLoaderLogManager
22-Mar-2025 08:57:03.248 INFO [main] org.apache.catalina.startup.VersionLoggerListener.log Command line argument: -Djdk.tls.ephemeralDHKeySize=2048
22-Mar-2025 08:57:03.248 INFO [main] org.apache.catalina.startup.VersionLoggerListener.log Command line argument: -Dorg.apache.catalina.security.SecurityListener.UMASK=0027
22-Mar-2025 08:57:03.248 INFO [main] org.apache.catalina.startup.VersionLoggerListener.log Command line argument: --add-opens=java.base/java.lang=ALL-UNNAMED
22-Mar-2025 08:57:03.248 INFO [main] org.apache.catalina.startup.VersionLoggerListener.log Command line argument: --add-opens=java.base/java.io=ALL-UNNAMED
22-Mar-2025 08:57:03.248 INFO [main] org.apache.catalina.startup.VersionLoggerListener.log Command line argument: --add-opens=java.base/java.util=ALL-UNNAMED
22-Mar-2025 08:57:03.248 INFO [main] org.apache.catalina.startup.VersionLoggerListener.log Command line argument: --add-opens=java.base/java.util.concurrent=ALL-UNNAMED
22-Mar-2025 08:57:03.248 INFO [main] org.apache.catalina.startup.VersionLoggerListener.log Command line argument: --add-opens=java.rmi/sun.rmi.transport=ALL-UNNAMED
22-Mar-2025 08:57:03.248 INFO [main] org.apache.catalina.startup.VersionLoggerListener.log Command line argument: --enable-native-access=ALL-UNNAMED
22-Mar-2025 08:57:03.248 INFO [main] org.apache.catalina.startup.VersionLoggerListener.log Command line argument: -Dcatalina.base=/home/serega/YandexPr/Middle/Final_Sprint_Tasks/Spring/blog/apache-tomcat-11
22-Mar-2025 08:57:03.248 INFO [main] org.apache.catalina.startup.VersionLoggerListener.log Command line argument: -Dcatalina.home=/home/serega/YandexPr/Middle/Final_Sprint_Tasks/Spring/blog/apache-tomcat-11
22-Mar-2025 08:57:03.248 INFO [main] org.apache.catalina.startup.VersionLoggerListener.log Command line argument: -Djava.io.tmpdir=/home/serega/YandexPr/Middle/Final_Sprint_Tasks/Spring/blog/apache-tomcat-11/temp
22-Mar-2025 08:57:03.250 INFO [main] org.apache.catalina.core.AprLifecycleListener.lifecycleEvent The Apache Tomcat Native library which allows using OpenSSL was not found on the java.library.path: [/usr/java/packages/lib:/usr/lib/x86_64-linux-gnu/jni:/lib/x86_64-linux-gnu:/usr/lib/x86_64-linux-gnu:/usr/lib/jni:/lib:/usr/lib]
22-Mar-2025 08:57:03.676 INFO [main] org.apache.coyote.AbstractProtocol.init Инициализация ProtocolHandler ["http-nio-8080"]
22-Mar-2025 08:57:03.705 INFO [main] org.apache.catalina.startup.Catalina.load Server initialization in [717] milliseconds
22-Mar-2025 08:57:03.758 INFO [main] org.apache.catalina.core.StandardService.startInternal Starting service [Catalina]
22-Mar-2025 08:57:03.758 INFO [main] org.apache.catalina.core.StandardEngine.startInternal Starting Servlet engine: [Apache Tomcat/11.0.2]
22-Mar-2025 08:57:03.776 INFO [main] org.apache.catalina.startup.HostConfig.deployWAR Deploying web application archive [/home/serega/YandexPr/Middle/Final_Sprint_Tasks/Spring/blog/apache-tomcat-11/webapps/blog.war]
22-Mar-2025 08:57:05.411 INFO [main] org.apache.jasper.servlet.TldScanner.scanJars At least one JAR was scanned for TLDs yet contained no TLDs. Enable debug logging for this logger for a complete list of JARs that were scanned but no TLDs were found in them. Skipping unneeded JARs during scanning can improve startup time and JSP compilation time.
22-Mar-2025 08:57:07.114 INFO [main] org.apache.catalina.startup.HostConfig.deployWAR Deployment of web application archive [/home/serega/YandexPr/Middle/Final_Sprint_Tasks/Spring/blog/apache-tomcat-11/webapps/blog.war] has finished in [3 337] ms
22-Mar-2025 08:57:07.115 INFO [main] org.apache.catalina.startup.HostConfig.deployDirectory Установка веб приложения в папку [/home/serega/YandexPr/Middle/Final_Sprint_Tasks/Spring/blog/apache-tomcat-11/webapps/docs]
22-Mar-2025 08:57:07.139 INFO [main] org.apache.catalina.startup.HostConfig.deployDirectory Deployment of web application directory [/home/serega/YandexPr/Middle/Final_Sprint_Tasks/Spring/blog/apache-tomcat-11/webapps/docs] has finished in [24] ms
22-Mar-2025 08:57:07.139 INFO [main] org.apache.catalina.startup.HostConfig.deployDirectory Установка веб приложения в папку [/home/serega/YandexPr/Middle/Final_Sprint_Tasks/Spring/blog/apache-tomcat-11/webapps/ROOT]
22-Mar-2025 08:57:07.157 INFO [main] org.apache.catalina.startup.HostConfig.deployDirectory Deployment of web application directory [/home/serega/YandexPr/Middle/Final_Sprint_Tasks/Spring/blog/apache-tomcat-11/webapps/ROOT] has finished in [18] ms
22-Mar-2025 08:57:07.157 INFO [main] org.apache.catalina.startup.HostConfig.deployDirectory Установка веб приложения в папку [/home/serega/YandexPr/Middle/Final_Sprint_Tasks/Spring/blog/apache-tomcat-11/webapps/examples]
22-Mar-2025 08:57:07.422 INFO [main] org.apache.catalina.startup.HostConfig.deployDirectory Deployment of web application directory [/home/serega/YandexPr/Middle/Final_Sprint_Tasks/Spring/blog/apache-tomcat-11/webapps/examples] has finished in [264] ms
22-Mar-2025 08:57:07.422 INFO [main] org.apache.catalina.startup.HostConfig.deployDirectory Установка веб приложения в папку [/home/serega/YandexPr/Middle/Final_Sprint_Tasks/Spring/blog/apache-tomcat-11/webapps/host-manager]
22-Mar-2025 08:57:07.451 INFO [main] org.apache.catalina.startup.HostConfig.deployDirectory Deployment of web application directory [/home/serega/YandexPr/Middle/Final_Sprint_Tasks/Spring/blog/apache-tomcat-11/webapps/host-manager] has finished in [29] ms
22-Mar-2025 08:57:07.451 INFO [main] org.apache.catalina.startup.HostConfig.deployDirectory Установка веб приложения в папку [/home/serega/YandexPr/Middle/Final_Sprint_Tasks/Spring/blog/apache-tomcat-11/webapps/manager]
22-Mar-2025 08:57:07.472 INFO [main] org.apache.catalina.startup.HostConfig.deployDirectory Deployment of web application directory [/home/serega/YandexPr/Middle/Final_Sprint_Tasks/Spring/blog/apache-tomcat-11/webapps/manager] has finished in [21] ms
22-Mar-2025 08:57:07.476 INFO [main] org.apache.coyote.AbstractProtocol.start Starting ProtocolHandler ["http-nio-8080"]
22-Mar-2025 08:57:07.488 INFO [main] org.apache.catalina.startup.Catalina.start Server startup in [3782] milliseconds
22-Mar-2025 11:27:28.084 INFO [main] org.apache.catalina.core.StandardServer.await A valid shutdown command was received via the shutdown port. Stopping the Server instance.
22-Mar-2025 11:27:28.085 INFO [main] org.apache.coyote.AbstractProtocol.pause Pausing ProtocolHandler ["http-nio-8080"]
22-Mar-2025 11:27:28.086 INFO [main] org.apache.catalina.core.StandardService.stopInternal Stopping service [Catalina]
22-Mar-2025 11:27:28.108 WARNING [main] org.apache.catalina.loader.WebappClassLoaderBase.clearReferencesJdbc The web application [blog] registered the JDBC driver [org.postgresql.Driver] but failed to unregister it when the web application was stopped. To prevent a memory leak, the JDBC Driver has been forcibly unregistered.
22-Mar-2025 11:27:28.124 INFO [main] org.apache.coyote.AbstractProtocol.stop Stopping ProtocolHandler ["http-nio-8080"]
22-Mar-2025 11:27:28.130 INFO [main] org.apache.coyote.AbstractProtocol.destroy Destroying ProtocolHandler ["http-nio-8080"]
22-Mar-2025 11:27:56.511 INFO [main] org.apache.catalina.startup.VersionLoggerListener.log Имя версии сервера:    Apache Tomcat/11.0.2
22-Mar-2025 11:27:56.516 INFO [main] org.apache.catalina.startup.VersionLoggerListener.log Сервер собран:         Dec 5 2024 15:19:37 UTC
22-Mar-2025 11:27:56.516 INFO [main] org.apache.catalina.startup.VersionLoggerListener.log Номер версии сервера:  11.0.2.0
22-Mar-2025 11:27:56.516 INFO [main] org.apache.catalina.startup.VersionLoggerListener.log OS Name:               Linux
22-Mar-2025 11:27:56.516 INFO [main] org.apache.catalina.startup.VersionLoggerListener.log Версия ОС:             6.8.0-55-generic
22-Mar-2025 11:27:56.516 INFO [main] org.apache.catalina.startup.VersionLoggerListener.log Архитектура:           amd64
22-Mar-2025 11:27:56.517 INFO [main] org.apache.catalina.startup.VersionLoggerListener.log Java Home:             /usr/lib/jvm/java-21-openjdk-amd64
22-Mar-2025 11:27:56.517 INFO [main] org.apache.catalina.startup.VersionLoggerListener.log Версия JVM:            21.0.6+7-Ubuntu-124.04.1
22-Mar-2025 11:27:56.517 INFO [main] org.apache.catalina.startup.VersionLoggerListener.log Производитель JVM:     Ubuntu
22-Mar-2025 11:27:56.517 INFO [main] org.apache.catalina.startup.VersionLoggerListener.log CATALINA_BASE:         /home/serega/YandexPr/Middle/Final_Sprint_Tasks/Spring/blog/apache-tomcat-11
22-Mar-2025 11:27:56.517 INFO [main] org.apache.catalina.startup.VersionLoggerListener.log CATALINA_HOME:         /home/serega/YandexPr/Middle/Final_Sprint_Tasks/Spring/blog/apache-tomcat-11
22-Mar-2025 11:27:56.531 INFO [main] org.apache.catalina.startup.VersionLoggerListener.log Command line argument: -Djava.util.logging.config.file=/home/serega/YandexPr/Middle/Final_Sprint_Tasks/Spring/blog/apache-tomcat-11/conf/logging.properties
22-Mar-2025 11:27:56.531 INFO [main] org.apache.catalina.startup.VersionLoggerListener.log Command line argument: -Djava.util.logging.manager=org.apache.juli.ClassLoaderLogManager
22-Mar-2025 11:27:56.531 INFO [main] org.apache.catalina.startup.VersionLoggerListener.log Command line argument: -Djdk.tls.ephemeralDHKeySize=2048
22-Mar-2025 11:27:56.531 INFO [main] org.apache.catalina.startup.VersionLoggerListener.log Command line argument: -Dorg.apache.catalina.security.SecurityListener.UMASK=0027
22-Mar-2025 11:27:56.531 INFO [main] org.apache.catalina.startup.VersionLoggerListener.log Command line argument: --add-opens=java.base/java.lang=ALL-UNNAMED
22-Mar-2025 11:27:56.531 INFO [main] org.apache.catalina.startup.VersionLoggerListener.log Command line argument: --add-opens=java.base/java.io=ALL-UNNAMED
22-Mar-2025 11:27:56.532 INFO [main] org.apache.catalina.startup.VersionLoggerListener.log Command line argument: --add-opens=java.base/java.util=ALL-UNNAMED
22-Mar-2025 11:27:56.532 INFO [main] org.apache.catalina.startup.VersionLoggerListener.log Command line argument: --add-opens=java.base/java.util.concurrent=ALL-UNNAMED
22-Mar-2025 11:27:56.532 INFO [main] org.apache.catalina.startup.VersionLoggerListener.log Command line argument: --add-opens=java.rmi/sun.rmi.transport=ALL-UNNAMED
22-Mar-2025 11:27:56.532 INFO [main] org.apache.catalina.startup.VersionLoggerListener.log Command line argument: --enable-native-access=ALL-UNNAMED
22-Mar-2025 11:27:56.532 INFO [main] org.apache.catalina.startup.VersionLoggerListener.log Command line argument: -Dcatalina.base=/home/serega/YandexPr/Middle/Final_Sprint_Tasks/Spring/blog/apache-tomcat-11
22-Mar-2025 11:27:56.532 INFO [main] org.apache.catalina.startup.VersionLoggerListener.log Command line argument: -Dcatalina.home=/home/serega/YandexPr/Middle/Final_Sprint_Tasks/Spring/blog/apache-tomcat-11
22-Mar-2025 11:27:56.532 INFO [main] org.apache.catalina.startup.VersionLoggerListener.log Command line argument: -Djava.io.tmpdir=/home/serega/YandexPr/Middle/Final_Sprint_Tasks/Spring/blog/apache-tomcat-11/temp
22-Mar-2025 11:27:56.534 INFO [main] org.apache.catalina.core.AprLifecycleListener.lifecycleEvent The Apache Tomcat Native library which allows using OpenSSL was not found on the java.library.path: [/usr/java/packages/lib:/usr/lib/x86_64-linux-gnu/jni:/lib/x86_64-linux-gnu:/usr/lib/x86_64-linux-gnu:/usr/lib/jni:/lib:/usr/lib]
22-Mar-2025 11:27:56.915 INFO [main] org.apache.coyote.AbstractProtocol.init Инициализация ProtocolHandler ["http-nio-8080"]
22-Mar-2025 11:27:56.942 INFO [main] org.apache.catalina.startup.Catalina.load Server initialization in [634] milliseconds
22-Mar-2025 11:27:56.999 INFO [main] org.apache.catalina.core.StandardService.startInternal Starting service [Catalina]
22-Mar-2025 11:27:56.999 INFO [main] org.apache.catalina.core.StandardEngine.startInternal Starting Servlet engine: [Apache Tomcat/11.0.2]
22-Mar-2025 11:27:57.019 INFO [main] org.apache.catalina.startup.HostConfig.deployWAR Deploying web application archive [/home/serega/YandexPr/Middle/Final_Sprint_Tasks/Spring/blog/apache-tomcat-11/webapps/blog.war]
22-Mar-2025 11:27:58.728 INFO [main] org.apache.jasper.servlet.TldScanner.scanJars At least one JAR was scanned for TLDs yet contained no TLDs. Enable debug logging for this logger for a complete list of JARs that were scanned but no TLDs were found in them. Skipping unneeded JARs during scanning can improve startup time and JSP compilation time.
22-Mar-2025 11:28:01.026 INFO [main] org.apache.catalina.startup.HostConfig.deployWAR Deployment of web application archive [/home/serega/YandexPr/Middle/Final_Sprint_Tasks/Spring/blog/apache-tomcat-11/webapps/blog.war] has finished in [4 006] ms
22-Mar-2025 11:28:01.027 INFO [main] org.apache.catalina.startup.HostConfig.deployDirectory Установка веб приложения в папку [/home/serega/YandexPr/Middle/Final_Sprint_Tasks/Spring/blog/apache-tomcat-11/webapps/docs]
22-Mar-2025 11:28:01.051 INFO [main] org.apache.catalina.startup.HostConfig.deployDirectory Deployment of web application directory [/home/serega/YandexPr/Middle/Final_Sprint_Tasks/Spring/blog/apache-tomcat-11/webapps/docs] has finished in [25] ms
22-Mar-2025 11:28:01.052 INFO [main] org.apache.catalina.startup.HostConfig.deployDirectory Установка веб приложения в папку [/home/serega/YandexPr/Middle/Final_Sprint_Tasks/Spring/blog/apache-tomcat-11/webapps/ROOT]
22-Mar-2025 11:28:01.071 INFO [main] org.apache.catalina.startup.HostConfig.deployDirectory Deployment of web application directory [/home/serega/YandexPr/Middle/Final_Sprint_Tasks/Spring/blog/apache-tomcat-11/webapps/ROOT] has finished in [19] ms
22-Mar-2025 11:28:01.071 INFO [main] org.apache.catalina.startup.HostConfig.deployDirectory Установка веб приложения в папку [/home/serega/YandexPr/Middle/Final_Sprint_Tasks/Spring/blog/apache-tomcat-11/webapps/examples]
22-Mar-2025 11:28:01.322 INFO [main] org.apache.catalina.startup.HostConfig.deployDirectory Deployment of web application directory [/home/serega/YandexPr/Middle/Final_Sprint_Tasks/Spring/blog/apache-tomcat-11/webapps/examples] has finished in [250] ms
22-Mar-2025 11:28:01.322 INFO [main] org.apache.catalina.startup.HostConfig.deployDirectory Установка веб приложения в папку [/home/serega/YandexPr/Middle/Final_Sprint_Tasks/Spring/blog/apache-tomcat-11/webapps/host-manager]
22-Mar-2025 11:28:01.354 INFO [main] org.apache.catalina.startup.HostConfig.deployDirectory Deployment of web application directory [/home/serega/YandexPr/Middle/Final_Sprint_Tasks/Spring/blog/apache-tomcat-11/webapps/host-manager] has finished in [32] ms
22-Mar-2025 11:28:01.354 INFO [main] org.apache.catalina.startup.HostConfig.deployDirectory Установка веб приложения в папку [/home/serega/YandexPr/Middle/Final_Sprint_Tasks/Spring/blog/apache-tomcat-11/webapps/manager]
22-Mar-2025 11:28:01.379 INFO [main] org.apache.catalina.startup.HostConfig.deployDirectory Deployment of web application directory [/home/serega/YandexPr/Middle/Final_Sprint_Tasks/Spring/blog/apache-tomcat-11/webapps/manager] has finished in [25] ms
22-Mar-2025 11:28:01.384 INFO [main] org.apache.coyote.AbstractProtocol.start Starting ProtocolHandler ["http-nio-8080"]
22-Mar-2025 11:28:01.394 INFO [main] org.apache.catalina.startup.Catalina.start Server startup in [4450] milliseconds
22-Mar-2025 11:31:51.453 INFO [Catalina-utility-1] org.apache.catalina.startup.HostConfig.undeploy Undeploying context [/blog]
22-Mar-2025 11:31:51.471 WARNING [Catalina-utility-1] org.apache.catalina.loader.WebappClassLoaderBase.clearReferencesJdbc The web application [blog] registered the JDBC driver [org.postgresql.Driver] but failed to unregister it when the web application was stopped. To prevent a memory leak, the JDBC Driver has been forcibly unregistered.
22-Mar-2025 11:31:51.496 INFO [Catalina-utility-1] org.apache.catalina.startup.HostConfig.deployWAR Deploying web application archive [/home/serega/YandexPr/Middle/Final_Sprint_Tasks/Spring/blog/apache-tomcat-11/webapps/blog.war]
22-Mar-2025 11:31:52.638 INFO [Catalina-utility-1] org.apache.jasper.servlet.TldScanner.scanJars At least one JAR was scanned for TLDs yet contained no TLDs. Enable debug logging for this logger for a complete list of JARs that were scanned but no TLDs were found in them. Skipping unneeded JARs during scanning can improve startup time and JSP compilation time.
22-Mar-2025 11:31:54.150 INFO [Catalina-utility-1] org.apache.catalina.startup.HostConfig.deployWAR Deployment of web application archive [/home/serega/YandexPr/Middle/Final_Sprint_Tasks/Spring/blog/apache-tomcat-11/webapps/blog.war] has finished in [2 655] ms
22-Mar-2025 11:33:01.279 INFO [main] org.apache.catalina.core.StandardServer.await A valid shutdown command was received via the shutdown port. Stopping the Server instance.
22-Mar-2025 11:33:01.280 INFO [main] org.apache.coyote.AbstractProtocol.pause Pausing ProtocolHandler ["http-nio-8080"]
22-Mar-2025 11:33:01.281 INFO [main] org.apache.catalina.core.StandardService.stopInternal Stopping service [Catalina]
22-Mar-2025 11:33:01.292 WARNING [main] org.apache.catalina.loader.WebappClassLoaderBase.clearReferencesJdbc The web application [blog] registered the JDBC driver [org.postgresql.Driver] but failed to unregister it when the web application was stopped. To prevent a memory leak, the JDBC Driver has been forcibly unregistered.
22-Mar-2025 11:33:01.301 INFO [main] org.apache.coyote.AbstractProtocol.stop Stopping ProtocolHandler ["http-nio-8080"]
22-Mar-2025 11:33:01.305 INFO [main] org.apache.coyote.AbstractProtocol.destroy Destroying ProtocolHandler ["http-nio-8080"]
22-Mar-2025 11:33:07.287 INFO [main] org.apache.catalina.startup.VersionLoggerListener.log Имя версии сервера:    Apache Tomcat/11.0.2
22-Mar-2025 11:33:07.291 INFO [main] org.apache.catalina.startup.VersionLoggerListener.log Сервер собран:         Dec 5 2024 15:19:37 UTC
22-Mar-2025 11:33:07.292 INFO [main] org.apache.catalina.startup.VersionLoggerListener.log Номер версии сервера:  11.0.2.0
22-Mar-2025 11:33:07.292 INFO [main] org.apache.catalina.startup.VersionLoggerListener.log OS Name:               Linux
22-Mar-2025 11:33:07.292 INFO [main] org.apache.catalina.startup.VersionLoggerListener.log Версия ОС:             6.8.0-55-generic
22-Mar-2025 11:33:07.292 INFO [main] org.apache.catalina.startup.VersionLoggerListener.log Архитектура:           amd64
22-Mar-2025 11:33:07.292 INFO [main] org.apache.catalina.startup.VersionLoggerListener.log Java Home:             /usr/lib/jvm/java-21-openjdk-amd64
22-Mar-2025 11:33:07.292 INFO [main] org.apache.catalina.startup.VersionLoggerListener.log Версия JVM:            21.0.6+7-Ubuntu-124.04.1
22-Mar-2025 11:33:07.292 INFO [main] org.apache.catalina.startup.VersionLoggerListener.log Производитель JVM:     Ubuntu
22-Mar-2025 11:33:07.293 INFO [main] org.apache.catalina.startup.VersionLoggerListener.log CATALINA_BASE:         /home/serega/YandexPr/Middle/Final_Sprint_Tasks/Spring/blog/apache-tomcat-11
22-Mar-2025 11:33:07.293 INFO [main] org.apache.catalina.startup.VersionLoggerListener.log CATALINA_HOME:         /home/serega/YandexPr/Middle/Final_Sprint_Tasks/Spring/blog/apache-tomcat-11
22-Mar-2025 11:33:07.306 INFO [main] org.apache.catalina.startup.VersionLoggerListener.log Command line argument: -Djava.util.logging.config.file=/home/serega/YandexPr/Middle/Final_Sprint_Tasks/Spring/blog/apache-tomcat-11/conf/logging.properties
22-Mar-2025 11:33:07.306 INFO [main] org.apache.catalina.startup.VersionLoggerListener.log Command line argument: -Djava.util.logging.manager=org.apache.juli.ClassLoaderLogManager
22-Mar-2025 11:33:07.306 INFO [main] org.apache.catalina.startup.VersionLoggerListener.log Command line argument: -Djdk.tls.ephemeralDHKeySize=2048
22-Mar-2025 11:33:07.306 INFO [main] org.apache.catalina.startup.VersionLoggerListener.log Command line argument: -Dorg.apache.catalina.security.SecurityListener.UMASK=0027
22-Mar-2025 11:33:07.306 INFO [main] org.apache.catalina.startup.VersionLoggerListener.log Command line argument: --add-opens=java.base/java.lang=ALL-UNNAMED
22-Mar-2025 11:33:07.307 INFO [main] org.apache.catalina.startup.VersionLoggerListener.log Command line argument: --add-opens=java.base/java.io=ALL-UNNAMED
22-Mar-2025 11:33:07.307 INFO [main] org.apache.catalina.startup.VersionLoggerListener.log Command line argument: --add-opens=java.base/java.util=ALL-UNNAMED
22-Mar-2025 11:33:07.307 INFO [main] org.apache.catalina.startup.VersionLoggerListener.log Command line argument: --add-opens=java.base/java.util.concurrent=ALL-UNNAMED
22-Mar-2025 11:33:07.307 INFO [main] org.apache.catalina.startup.VersionLoggerListener.log Command line argument: --add-opens=java.rmi/sun.rmi.transport=ALL-UNNAMED
22-Mar-2025 11:33:07.307 INFO [main] org.apache.catalina.startup.VersionLoggerListener.log Command line argument: --enable-native-access=ALL-UNNAMED
22-Mar-2025 11:33:07.307 INFO [main] org.apache.catalina.startup.VersionLoggerListener.log Command line argument: -Dcatalina.base=/home/serega/YandexPr/Middle/Final_Sprint_Tasks/Spring/blog/apache-tomcat-11
22-Mar-2025 11:33:07.308 INFO [main] org.apache.catalina.startup.VersionLoggerListener.log Command line argument: -Dcatalina.home=/home/serega/YandexPr/Middle/Final_Sprint_Tasks/Spring/blog/apache-tomcat-11
22-Mar-2025 11:33:07.308 INFO [main] org.apache.catalina.startup.VersionLoggerListener.log Command line argument: -Djava.io.tmpdir=/home/serega/YandexPr/Middle/Final_Sprint_Tasks/Spring/blog/apache-tomcat-11/temp
22-Mar-2025 11:33:07.310 INFO [main] org.apache.catalina.core.AprLifecycleListener.lifecycleEvent The Apache Tomcat Native library which allows using OpenSSL was not found on the java.library.path: [/usr/java/packages/lib:/usr/lib/x86_64-linux-gnu/jni:/lib/x86_64-linux-gnu:/usr/lib/x86_64-linux-gnu:/usr/lib/jni:/lib:/usr/lib]
22-Mar-2025 11:33:07.721 INFO [main] org.apache.coyote.AbstractProtocol.init Инициализация ProtocolHandler ["http-nio-8080"]
22-Mar-2025 11:33:07.744 INFO [main] org.apache.catalina.startup.Catalina.load Server initialization in [648] milliseconds
22-Mar-2025 11:33:07.796 INFO [main] org.apache.catalina.core.StandardService.startInternal Starting service [Catalina]
22-Mar-2025 11:33:07.797 INFO [main] org.apache.catalina.core.StandardEngine.startInternal Starting Servlet engine: [Apache Tomcat/11.0.2]
22-Mar-2025 11:33:07.815 INFO [main] org.apache.catalina.startup.HostConfig.deployWAR Deploying web application archive [/home/serega/YandexPr/Middle/Final_Sprint_Tasks/Spring/blog/apache-tomcat-11/webapps/blog.war]
22-Mar-2025 11:33:09.425 INFO [main] org.apache.jasper.servlet.TldScanner.scanJars At least one JAR was scanned for TLDs yet contained no TLDs. Enable debug logging for this logger for a complete list of JARs that were scanned but no TLDs were found in them. Skipping unneeded JARs during scanning can improve startup time and JSP compilation time.
22-Mar-2025 11:33:11.516 INFO [main] org.apache.catalina.startup.HostConfig.deployWAR Deployment of web application archive [/home/serega/YandexPr/Middle/Final_Sprint_Tasks/Spring/blog/apache-tomcat-11/webapps/blog.war] has finished in [3 700] ms
22-Mar-2025 11:33:11.517 INFO [main] org.apache.catalina.startup.HostConfig.deployDirectory Установка веб приложения в папку [/home/serega/YandexPr/Middle/Final_Sprint_Tasks/Spring/blog/apache-tomcat-11/webapps/docs]
22-Mar-2025 11:33:11.542 INFO [main] org.apache.catalina.startup.HostConfig.deployDirectory Deployment of web application directory [/home/serega/YandexPr/Middle/Final_Sprint_Tasks/Spring/blog/apache-tomcat-11/webapps/docs] has finished in [25] ms
22-Mar-2025 11:33:11.542 INFO [main] org.apache.catalina.startup.HostConfig.deployDirectory Установка веб приложения в папку [/home/serega/YandexPr/Middle/Final_Sprint_Tasks/Spring/blog/apache-tomcat-11/webapps/ROOT]
22-Mar-2025 11:33:11.559 INFO [main] org.apache.catalina.startup.HostConfig.deployDirectory Deployment of web application directory [/home/serega/YandexPr/Middle/Final_Sprint_Tasks/Spring/blog/apache-tomcat-11/webapps/ROOT] has finished in [17] ms
22-Mar-2025 11:33:11.560 INFO [main] org.apache.catalina.startup.HostConfig.deployDirectory Установка веб приложения в папку [/home/serega/YandexPr/Middle/Final_Sprint_Tasks/Spring/blog/apache-tomcat-11/webapps/examples]
22-Mar-2025 11:33:11.763 INFO [main] org.apache.catalina.startup.HostConfig.deployDirectory Deployment of web application directory [/home/serega/YandexPr/Middle/Final_Sprint_Tasks/Spring/blog/apache-tomcat-11/webapps/examples] has finished in [203] ms
22-Mar-2025 11:33:11.763 INFO [main] org.apache.catalina.startup.HostConfig.deployDirectory Установка веб приложения в папку [/home/serega/YandexPr/Middle/Final_Sprint_Tasks/Spring/blog/apache-tomcat-11/webapps/host-manager]
22-Mar-2025 11:33:11.788 INFO [main] org.apache.catalina.startup.HostConfig.deployDirectory Deployment of web application directory [/home/serega/YandexPr/Middle/Final_Sprint_Tasks/Spring/blog/apache-tomcat-11/webapps/host-manager] has finished in [25] ms
22-Mar-2025 11:33:11.788 INFO [main] org.apache.catalina.startup.HostConfig.deployDirectory Установка веб приложения в папку [/home/serega/YandexPr/Middle/Final_Sprint_Tasks/Spring/blog/apache-tomcat-11/webapps/manager]
22-Mar-2025 11:33:11.810 INFO [main] org.apache.catalina.startup.HostConfig.deployDirectory Deployment of web application directory [/home/serega/YandexPr/Middle/Final_Sprint_Tasks/Spring/blog/apache-tomcat-11/webapps/manager] has finished in [22] ms
22-Mar-2025 11:33:11.814 INFO [main] org.apache.coyote.AbstractProtocol.start Starting ProtocolHandler ["http-nio-8080"]
22-Mar-2025 11:33:11.824 INFO [main] org.apache.catalina.startup.Catalina.start Server startup in [4078] milliseconds
22-Mar-2025 11:38:45.354 INFO [main] org.apache.catalina.core.StandardServer.await A valid shutdown command was received via the shutdown port. Stopping the Server instance.
22-Mar-2025 11:38:45.354 INFO [main] org.apache.coyote.AbstractProtocol.pause Pausing ProtocolHandler ["http-nio-8080"]
22-Mar-2025 11:38:45.355 INFO [main] org.apache.catalina.core.StandardService.stopInternal Stopping service [Catalina]
22-Mar-2025 11:38:45.370 WARNING [main] org.apache.catalina.loader.WebappClassLoaderBase.clearReferencesJdbc The web application [blog] registered the JDBC driver [org.postgresql.Driver] but failed to unregister it when the web application was stopped. To prevent a memory leak, the JDBC Driver has been forcibly unregistered.
22-Mar-2025 11:38:45.385 INFO [main] org.apache.coyote.AbstractProtocol.stop Stopping ProtocolHandler ["http-nio-8080"]
22-Mar-2025 11:38:45.389 INFO [main] org.apache.coyote.AbstractProtocol.destroy Destroying ProtocolHandler ["http-nio-8080"]
22-Mar-2025 11:38:51.159 INFO [main] org.apache.catalina.startup.VersionLoggerListener.log Имя версии сервера:    Apache Tomcat/11.0.2
22-Mar-2025 11:38:51.163 INFO [main] org.apache.catalina.startup.VersionLoggerListener.log Сервер собран:         Dec 5 2024 15:19:37 UTC
22-Mar-2025 11:38:51.163 INFO [main] org.apache.catalina.startup.VersionLoggerListener.log Номер версии сервера:  11.0.2.0
22-Mar-2025 11:38:51.163 INFO [main] org.apache.catalina.startup.VersionLoggerListener.log OS Name:               Linux
22-Mar-2025 11:38:51.164 INFO [main] org.apache.catalina.startup.VersionLoggerListener.log Версия ОС:             6.8.0-55-generic
22-Mar-2025 11:38:51.164 INFO [main] org.apache.catalina.startup.VersionLoggerListener.log Архитектура:           amd64
22-Mar-2025 11:38:51.164 INFO [main] org.apache.catalina.startup.VersionLoggerListener.log Java Home:             /usr/lib/jvm/java-21-openjdk-amd64
22-Mar-2025 11:38:51.164 INFO [main] org.apache.catalina.startup.VersionLoggerListener.log Версия JVM:            21.0.6+7-Ubuntu-124.04.1
22-Mar-2025 11:38:51.164 INFO [main] org.apache.catalina.startup.VersionLoggerListener.log Производитель JVM:     Ubuntu
22-Mar-2025 11:38:51.164 INFO [main] org.apache.catalina.startup.VersionLoggerListener.log CATALINA_BASE:         /home/serega/YandexPr/Middle/Final_Sprint_Tasks/Spring/blog/apache-tomcat-11
22-Mar-2025 11:38:51.164 INFO [main] org.apache.catalina.startup.VersionLoggerListener.log CATALINA_HOME:         /home/serega/YandexPr/Middle/Final_Sprint_Tasks/Spring/blog/apache-tomcat-11
22-Mar-2025 11:38:51.175 INFO [main] org.apache.catalina.startup.VersionLoggerListener.log Command line argument: -Djava.util.logging.config.file=/home/serega/YandexPr/Middle/Final_Sprint_Tasks/Spring/blog/apache-tomcat-11/conf/logging.properties
22-Mar-2025 11:38:51.175 INFO [main] org.apache.catalina.startup.VersionLoggerListener.log Command line argument: -Djava.util.logging.manager=org.apache.juli.ClassLoaderLogManager
22-Mar-2025 11:38:51.175 INFO [main] org.apache.catalina.startup.VersionLoggerListener.log Command line argument: -Djdk.tls.ephemeralDHKeySize=2048
22-Mar-2025 11:38:51.175 INFO [main] org.apache.catalina.startup.VersionLoggerListener.log Command line argument: -Dorg.apache.catalina.security.SecurityListener.UMASK=0027
22-Mar-2025 11:38:51.175 INFO [main] org.apache.catalina.startup.VersionLoggerListener.log Command line argument: --add-opens=java.base/java.lang=ALL-UNNAMED
22-Mar-2025 11:38:51.175 INFO [main] org.apache.catalina.startup.VersionLoggerListener.log Command line argument: --add-opens=java.base/java.io=ALL-UNNAMED
22-Mar-2025 11:38:51.175 INFO [main] org.apache.catalina.startup.VersionLoggerListener.log Command line argument: --add-opens=java.base/java.util=ALL-UNNAMED
22-Mar-2025 11:38:51.175 INFO [main] org.apache.catalina.startup.VersionLoggerListener.log Command line argument: --add-opens=java.base/java.util.concurrent=ALL-UNNAMED
22-Mar-2025 11:38:51.175 INFO [main] org.apache.catalina.startup.VersionLoggerListener.log Command line argument: --add-opens=java.rmi/sun.rmi.transport=ALL-UNNAMED
22-Mar-2025 11:38:51.176 INFO [main] org.apache.catalina.startup.VersionLoggerListener.log Command line argument: --enable-native-access=ALL-UNNAMED
22-Mar-2025 11:38:51.176 INFO [main] org.apache.catalina.startup.VersionLoggerListener.log Command line argument: -Dcatalina.base=/home/serega/YandexPr/Middle/Final_Sprint_Tasks/Spring/blog/apache-tomcat-11
22-Mar-2025 11:38:51.176 INFO [main] org.apache.catalina.startup.VersionLoggerListener.log Command line argument: -Dcatalina.home=/home/serega/YandexPr/Middle/Final_Sprint_Tasks/Spring/blog/apache-tomcat-11
22-Mar-2025 11:38:51.176 INFO [main] org.apache.catalina.startup.VersionLoggerListener.log Command line argument: -Djava.io.tmpdir=/home/serega/YandexPr/Middle/Final_Sprint_Tasks/Spring/blog/apache-tomcat-11/temp
22-Mar-2025 11:38:51.178 INFO [main] org.apache.catalina.core.AprLifecycleListener.lifecycleEvent The Apache Tomcat Native library which allows using OpenSSL was not found on the java.library.path: [/usr/java/packages/lib:/usr/lib/x86_64-linux-gnu/jni:/lib/x86_64-linux-gnu:/usr/lib/x86_64-linux-gnu:/usr/lib/jni:/lib:/usr/lib]
22-Mar-2025 11:38:51.558 INFO [main] org.apache.coyote.AbstractProtocol.init Инициализация ProtocolHandler ["http-nio-8080"]
22-Mar-2025 11:38:51.585 INFO [main] org.apache.catalina.startup.Catalina.load Server initialization in [616] milliseconds
22-Mar-2025 11:38:51.635 INFO [main] org.apache.catalina.core.StandardService.startInternal Starting service [Catalina]
22-Mar-2025 11:38:51.636 INFO [main] org.apache.catalina.core.StandardEngine.startInternal Starting Servlet engine: [Apache Tomcat/11.0.2]
22-Mar-2025 11:38:51.653 INFO [main] org.apache.catalina.startup.HostConfig.deployWAR Deploying web application archive [/home/serega/YandexPr/Middle/Final_Sprint_Tasks/Spring/blog/apache-tomcat-11/webapps/blog.war]
22-Mar-2025 11:38:53.299 INFO [main] org.apache.jasper.servlet.TldScanner.scanJars At least one JAR was scanned for TLDs yet contained no TLDs. Enable debug logging for this logger for a complete list of JARs that were scanned but no TLDs were found in them. Skipping unneeded JARs during scanning can improve startup time and JSP compilation time.
22-Mar-2025 11:38:55.468 INFO [main] org.apache.catalina.startup.HostConfig.deployWAR Deployment of web application archive [/home/serega/YandexPr/Middle/Final_Sprint_Tasks/Spring/blog/apache-tomcat-11/webapps/blog.war] has finished in [3 814] ms
22-Mar-2025 11:38:55.469 INFO [main] org.apache.catalina.startup.HostConfig.deployDirectory Установка веб приложения в папку [/home/serega/YandexPr/Middle/Final_Sprint_Tasks/Spring/blog/apache-tomcat-11/webapps/docs]
22-Mar-2025 11:38:55.493 INFO [main] org.apache.catalina.startup.HostConfig.deployDirectory Deployment of web application directory [/home/serega/YandexPr/Middle/Final_Sprint_Tasks/Spring/blog/apache-tomcat-11/webapps/docs] has finished in [24] ms
22-Mar-2025 11:38:55.493 INFO [main] org.apache.catalina.startup.HostConfig.deployDirectory Установка веб приложения в папку [/home/serega/YandexPr/Middle/Final_Sprint_Tasks/Spring/blog/apache-tomcat-11/webapps/ROOT]
22-Mar-2025 11:38:55.511 INFO [main] org.apache.catalina.startup.HostConfig.deployDirectory Deployment of web application directory [/home/serega/YandexPr/Middle/Final_Sprint_Tasks/Spring/blog/apache-tomcat-11/webapps/ROOT] has finished in [18] ms
22-Mar-2025 11:38:55.511 INFO [main] org.apache.catalina.startup.HostConfig.deployDirectory Установка веб приложения в папку [/home/serega/YandexPr/Middle/Final_Sprint_Tasks/Spring/blog/apache-tomcat-11/webapps/examples]
22-Mar-2025 11:38:55.707 INFO [main] org.apache.catalina.startup.HostConfig.deployDirectory Deployment of web application directory [/home/serega/YandexPr/Middle/Final_Sprint_Tasks/Spring/blog/apache-tomcat-11/webapps/examples] has finished in [196] ms
22-Mar-2025 11:38:55.707 INFO [main] org.apache.catalina.startup.HostConfig.deployDirectory Установка веб приложения в папку [/home/serega/YandexPr/Middle/Final_Sprint_Tasks/Spring/blog/apache-tomcat-11/webapps/host-manager]
22-Mar-2025 11:38:55.729 INFO [main] org.apache.catalina.startup.HostConfig.deployDirectory Deployment of web application directory [/home/serega/YandexPr/Middle/Final_Sprint_Tasks/Spring/blog/apache-tomcat-11/webapps/host-manager] has finished in [22] ms
22-Mar-2025 11:38:55.730 INFO [main] org.apache.catalina.startup.HostConfig.deployDirectory Установка веб приложения в папку [/home/serega/YandexPr/Middle/Final_Sprint_Tasks/Spring/blog/apache-tomcat-11/webapps/manager]
22-Mar-2025 11:38:55.749 INFO [main] org.apache.catalina.startup.HostConfig.deployDirectory Deployment of web application directory [/home/serega/YandexPr/Middle/Final_Sprint_Tasks/Spring/blog/apache-tomcat-11/webapps/manager] has finished in [20] ms
22-Mar-2025 11:38:55.754 INFO [main] org.apache.coyote.AbstractProtocol.start Starting ProtocolHandler ["http-nio-8080"]
22-Mar-2025 11:38:55.763 INFO [main] org.apache.catalina.startup.Catalina.start Server startup in [4177] milliseconds
22-Mar-2025 11:53:11.140 INFO [main] org.apache.catalina.core.StandardServer.await A valid shutdown command was received via the shutdown port. Stopping the Server instance.
22-Mar-2025 11:53:11.141 INFO [main] org.apache.coyote.AbstractProtocol.pause Pausing ProtocolHandler ["http-nio-8080"]
22-Mar-2025 11:53:11.142 INFO [main] org.apache.catalina.core.StandardService.stopInternal Stopping service [Catalina]
22-Mar-2025 11:53:11.159 WARNING [main] org.apache.catalina.loader.WebappClassLoaderBase.clearReferencesJdbc The web application [blog] registered the JDBC driver [org.postgresql.Driver] but failed to unregister it when the web application was stopped. To prevent a memory leak, the JDBC Driver has been forcibly unregistered.
22-Mar-2025 11:53:11.172 INFO [main] org.apache.coyote.AbstractProtocol.stop Stopping ProtocolHandler ["http-nio-8080"]
22-Mar-2025 11:53:11.175 INFO [main] org.apache.coyote.AbstractProtocol.destroy Destroying ProtocolHandler ["http-nio-8080"]
22-Mar-2025 11:53:16.642 INFO [main] org.apache.catalina.startup.VersionLoggerListener.log Имя версии сервера:    Apache Tomcat/11.0.2
22-Mar-2025 11:53:16.646 INFO [main] org.apache.catalina.startup.VersionLoggerListener.log Сервер собран:         Dec 5 2024 15:19:37 UTC
22-Mar-2025 11:53:16.647 INFO [main] org.apache.catalina.startup.VersionLoggerListener.log Номер версии сервера:  11.0.2.0
22-Mar-2025 11:53:16.647 INFO [main] org.apache.catalina.startup.VersionLoggerListener.log OS Name:               Linux
22-Mar-2025 11:53:16.647 INFO [main] org.apache.catalina.startup.VersionLoggerListener.log Версия ОС:             6.8.0-55-generic
22-Mar-2025 11:53:16.647 INFO [main] org.apache.catalina.startup.VersionLoggerListener.log Архитектура:           amd64
22-Mar-2025 11:53:16.647 INFO [main] org.apache.catalina.startup.VersionLoggerListener.log Java Home:             /usr/lib/jvm/java-21-openjdk-amd64
22-Mar-2025 11:53:16.647 INFO [main] org.apache.catalina.startup.VersionLoggerListener.log Версия JVM:            21.0.6+7-Ubuntu-124.04.1
22-Mar-2025 11:53:16.647 INFO [main] org.apache.catalina.startup.VersionLoggerListener.log Производитель JVM:     Ubuntu
22-Mar-2025 11:53:16.648 INFO [main] org.apache.catalina.startup.VersionLoggerListener.log CATALINA_BASE:         /home/serega/YandexPr/Middle/Final_Sprint_Tasks/Spring/blog/apache-tomcat-11
22-Mar-2025 11:53:16.648 INFO [main] org.apache.catalina.startup.VersionLoggerListener.log CATALINA_HOME:         /home/serega/YandexPr/Middle/Final_Sprint_Tasks/Spring/blog/apache-tomcat-11
22-Mar-2025 11:53:16.660 INFO [main] org.apache.catalina.startup.VersionLoggerListener.log Command line argument: -Djava.util.logging.config.file=/home/serega/YandexPr/Middle/Final_Sprint_Tasks/Spring/blog/apache-tomcat-11/conf/logging.properties
22-Mar-2025 11:53:16.660 INFO [main] org.apache.catalina.startup.VersionLoggerListener.log Command line argument: -Djava.util.logging.manager=org.apache.juli.ClassLoaderLogManager
22-Mar-2025 11:53:16.660 INFO [main] org.apache.catalina.startup.VersionLoggerListener.log Command line argument: -Djdk.tls.ephemeralDHKeySize=2048
22-Mar-2025 11:53:16.660 INFO [main] org.apache.catalina.startup.VersionLoggerListener.log Command line argument: -Dorg.apache.catalina.security.SecurityListener.UMASK=0027
22-Mar-2025 11:53:16.660 INFO [main] org.apache.catalina.startup.VersionLoggerListener.log Command line argument: --add-opens=java.base/java.lang=ALL-UNNAMED
22-Mar-2025 11:53:16.660 INFO [main] org.apache.catalina.startup.VersionLoggerListener.log Command line argument: --add-opens=java.base/java.io=ALL-UNNAMED
22-Mar-2025 11:53:16.660 INFO [main] org.apache.catalina.startup.VersionLoggerListener.log Command line argument: --add-opens=java.base/java.util=ALL-UNNAMED
22-Mar-2025 11:53:16.660 INFO [main] org.apache.catalina.startup.VersionLoggerListener.log Command line argument: --add-opens=java.base/java.util.concurrent=ALL-UNNAMED
22-Mar-2025 11:53:16.661 INFO [main] org.apache.catalina.startup.VersionLoggerListener.log Command line argument: --add-opens=java.rmi/sun.rmi.transport=ALL-UNNAMED
22-Mar-2025 11:53:16.661 INFO [main] org.apache.catalina.startup.VersionLoggerListener.log Command line argument: --enable-native-access=ALL-UNNAMED
22-Mar-2025 11:53:16.661 INFO [main] org.apache.catalina.startup.VersionLoggerListener.log Command line argument: -Dcatalina.base=/home/serega/YandexPr/Middle/Final_Sprint_Tasks/Spring/blog/apache-tomcat-11
22-Mar-2025 11:53:16.661 INFO [main] org.apache.catalina.startup.VersionLoggerListener.log Command line argument: -Dcatalina.home=/home/serega/YandexPr/Middle/Final_Sprint_Tasks/Spring/blog/apache-tomcat-11
22-Mar-2025 11:53:16.661 INFO [main] org.apache.catalina.startup.VersionLoggerListener.log Command line argument: -Djava.io.tmpdir=/home/serega/YandexPr/Middle/Final_Sprint_Tasks/Spring/blog/apache-tomcat-11/temp
22-Mar-2025 11:53:16.663 INFO [main] org.apache.catalina.core.AprLifecycleListener.lifecycleEvent The Apache Tomcat Native library which allows using OpenSSL was not found on the java.library.path: [/usr/java/packages/lib:/usr/lib/x86_64-linux-gnu/jni:/lib/x86_64-linux-gnu:/usr/lib/x86_64-linux-gnu:/usr/lib/jni:/lib:/usr/lib]
22-Mar-2025 11:53:17.082 INFO [main] org.apache.coyote.AbstractProtocol.init Инициализация ProtocolHandler ["http-nio-8080"]
22-Mar-2025 11:53:17.109 INFO [main] org.apache.catalina.startup.Catalina.load Server initialization in [657] milliseconds
22-Mar-2025 11:53:17.158 INFO [main] org.apache.catalina.core.StandardService.startInternal Starting service [Catalina]
22-Mar-2025 11:53:17.159 INFO [main] org.apache.catalina.core.StandardEngine.startInternal Starting Servlet engine: [Apache Tomcat/11.0.2]
22-Mar-2025 11:53:17.175 INFO [main] org.apache.catalina.startup.HostConfig.deployWAR Deploying web application archive [/home/serega/YandexPr/Middle/Final_Sprint_Tasks/Spring/blog/apache-tomcat-11/webapps/blog.war]
22-Mar-2025 11:53:18.993 INFO [main] org.apache.jasper.servlet.TldScanner.scanJars At least one JAR was scanned for TLDs yet contained no TLDs. Enable debug logging for this logger for a complete list of JARs that were scanned but no TLDs were found in them. Skipping unneeded JARs during scanning can improve startup time and JSP compilation time.
22-Mar-2025 11:53:21.236 INFO [main] org.apache.catalina.startup.HostConfig.deployWAR Deployment of web application archive [/home/serega/YandexPr/Middle/Final_Sprint_Tasks/Spring/blog/apache-tomcat-11/webapps/blog.war] has finished in [4 060] ms
22-Mar-2025 11:53:21.237 INFO [main] org.apache.catalina.startup.HostConfig.deployDirectory Установка веб приложения в папку [/home/serega/YandexPr/Middle/Final_Sprint_Tasks/Spring/blog/apache-tomcat-11/webapps/docs]
22-Mar-2025 11:53:21.272 INFO [main] org.apache.catalina.startup.HostConfig.deployDirectory Deployment of web application directory [/home/serega/YandexPr/Middle/Final_Sprint_Tasks/Spring/blog/apache-tomcat-11/webapps/docs] has finished in [35] ms
22-Mar-2025 11:53:21.272 INFO [main] org.apache.catalina.startup.HostConfig.deployDirectory Установка веб приложения в папку [/home/serega/YandexPr/Middle/Final_Sprint_Tasks/Spring/blog/apache-tomcat-11/webapps/ROOT]
22-Mar-2025 11:53:21.298 INFO [main] org.apache.catalina.startup.HostConfig.deployDirectory Deployment of web application directory [/home/serega/YandexPr/Middle/Final_Sprint_Tasks/Spring/blog/apache-tomcat-11/webapps/ROOT] has finished in [26] ms
22-Mar-2025 11:53:21.298 INFO [main] org.apache.catalina.startup.HostConfig.deployDirectory Установка веб приложения в папку [/home/serega/YandexPr/Middle/Final_Sprint_Tasks/Spring/blog/apache-tomcat-11/webapps/examples]
22-Mar-2025 11:53:21.522 INFO [main] org.apache.catalina.startup.HostConfig.deployDirectory Deployment of web application directory [/home/serega/YandexPr/Middle/Final_Sprint_Tasks/Spring/blog/apache-tomcat-11/webapps/examples] has finished in [224] ms
22-Mar-2025 11:53:21.522 INFO [main] org.apache.catalina.startup.HostConfig.deployDirectory Установка веб приложения в папку [/home/serega/YandexPr/Middle/Final_Sprint_Tasks/Spring/blog/apache-tomcat-11/webapps/host-manager]
22-Mar-2025 11:53:21.547 INFO [main] org.apache.catalina.startup.HostConfig.deployDirectory Deployment of web application directory [/home/serega/YandexPr/Middle/Final_Sprint_Tasks/Spring/blog/apache-tomcat-11/webapps/host-manager] has finished in [25] ms
22-Mar-2025 11:53:21.547 INFO [main] org.apache.catalina.startup.HostConfig.deployDirectory Установка веб приложения в папку [/home/serega/YandexPr/Middle/Final_Sprint_Tasks/Spring/blog/apache-tomcat-11/webapps/manager]
22-Mar-2025 11:53:21.568 INFO [main] org.apache.catalina.startup.HostConfig.deployDirectory Deployment of web application directory [/home/serega/YandexPr/Middle/Final_Sprint_Tasks/Spring/blog/apache-tomcat-11/webapps/manager] has finished in [21] ms
22-Mar-2025 11:53:21.572 INFO [main] org.apache.coyote.AbstractProtocol.start Starting ProtocolHandler ["http-nio-8080"]
22-Mar-2025 11:53:21.584 INFO [main] org.apache.catalina.startup.Catalina.start Server startup in [4473] milliseconds
22-Mar-2025 11:59:58.182 INFO [main] org.apache.catalina.core.StandardServer.await A valid shutdown command was received via the shutdown port. Stopping the Server instance.
22-Mar-2025 11:59:58.183 INFO [main] org.apache.coyote.AbstractProtocol.pause Pausing ProtocolHandler ["http-nio-8080"]
22-Mar-2025 11:59:58.184 INFO [main] org.apache.catalina.core.StandardService.stopInternal Stopping service [Catalina]
22-Mar-2025 11:59:58.199 WARNING [main] org.apache.catalina.loader.WebappClassLoaderBase.clearReferencesJdbc The web application [blog] registered the JDBC driver [org.postgresql.Driver] but failed to unregister it when the web application was stopped. To prevent a memory leak, the JDBC Driver has been forcibly unregistered.
22-Mar-2025 11:59:58.214 INFO [main] org.apache.coyote.AbstractProtocol.stop Stopping ProtocolHandler ["http-nio-8080"]
22-Mar-2025 11:59:58.217 INFO [main] org.apache.coyote.AbstractProtocol.destroy Destroying ProtocolHandler ["http-nio-8080"]
22-Mar-2025 12:00:04.502 INFO [main] org.apache.catalina.startup.VersionLoggerListener.log Имя версии сервера:    Apache Tomcat/11.0.2
22-Mar-2025 12:00:04.506 INFO [main] org.apache.catalina.startup.VersionLoggerListener.log Сервер собран:         Dec 5 2024 15:19:37 UTC
22-Mar-2025 12:00:04.506 INFO [main] org.apache.catalina.startup.VersionLoggerListener.log Номер версии сервера:  11.0.2.0
22-Mar-2025 12:00:04.506 INFO [main] org.apache.catalina.startup.VersionLoggerListener.log OS Name:               Linux
22-Mar-2025 12:00:04.506 INFO [main] org.apache.catalina.startup.VersionLoggerListener.log Версия ОС:             6.8.0-55-generic
22-Mar-2025 12:00:04.507 INFO [main] org.apache.catalina.startup.VersionLoggerListener.log Архитектура:           amd64
22-Mar-2025 12:00:04.507 INFO [main] org.apache.catalina.startup.VersionLoggerListener.log Java Home:             /usr/lib/jvm/java-21-openjdk-amd64
22-Mar-2025 12:00:04.507 INFO [main] org.apache.catalina.startup.VersionLoggerListener.log Версия JVM:            21.0.6+7-Ubuntu-124.04.1
22-Mar-2025 12:00:04.507 INFO [main] org.apache.catalina.startup.VersionLoggerListener.log Производитель JVM:     Ubuntu
22-Mar-2025 12:00:04.507 INFO [main] org.apache.catalina.startup.VersionLoggerListener.log CATALINA_BASE:         /home/serega/YandexPr/Middle/Final_Sprint_Tasks/Spring/blog/apache-tomcat-11
22-Mar-2025 12:00:04.507 INFO [main] org.apache.catalina.startup.VersionLoggerListener.log CATALINA_HOME:         /home/serega/YandexPr/Middle/Final_Sprint_Tasks/Spring/blog/apache-tomcat-11
22-Mar-2025 12:00:04.517 INFO [main] org.apache.catalina.startup.VersionLoggerListener.log Command line argument: -Djava.util.logging.config.file=/home/serega/YandexPr/Middle/Final_Sprint_Tasks/Spring/blog/apache-tomcat-11/conf/logging.properties
22-Mar-2025 12:00:04.518 INFO [main] org.apache.catalina.startup.VersionLoggerListener.log Command line argument: -Djava.util.logging.manager=org.apache.juli.ClassLoaderLogManager
22-Mar-2025 12:00:04.518 INFO [main] org.apache.catalina.startup.VersionLoggerListener.log Command line argument: -Djdk.tls.ephemeralDHKeySize=2048
22-Mar-2025 12:00:04.518 INFO [main] org.apache.catalina.startup.VersionLoggerListener.log Command line argument: -Dorg.apache.catalina.security.SecurityListener.UMASK=0027
22-Mar-2025 12:00:04.518 INFO [main] org.apache.catalina.startup.VersionLoggerListener.log Command line argument: --add-opens=java.base/java.lang=ALL-UNNAMED
22-Mar-2025 12:00:04.518 INFO [main] org.apache.catalina.startup.VersionLoggerListener.log Command line argument: --add-opens=java.base/java.io=ALL-UNNAMED
22-Mar-2025 12:00:04.518 INFO [main] org.apache.catalina.startup.VersionLoggerListener.log Command line argument: --add-opens=java.base/java.util=ALL-UNNAMED
22-Mar-2025 12:00:04.518 INFO [main] org.apache.catalina.startup.VersionLoggerListener.log Command line argument: --add-opens=java.base/java.util.concurrent=ALL-UNNAMED
22-Mar-2025 12:00:04.518 INFO [main] org.apache.catalina.startup.VersionLoggerListener.log Command line argument: --add-opens=java.rmi/sun.rmi.transport=ALL-UNNAMED
22-Mar-2025 12:00:04.518 INFO [main] org.apache.catalina.startup.VersionLoggerListener.log Command line argument: --enable-native-access=ALL-UNNAMED
22-Mar-2025 12:00:04.519 INFO [main] org.apache.catalina.startup.VersionLoggerListener.log Command line argument: -Dcatalina.base=/home/serega/YandexPr/Middle/Final_Sprint_Tasks/Spring/blog/apache-tomcat-11
22-Mar-2025 12:00:04.519 INFO [main] org.apache.catalina.startup.VersionLoggerListener.log Command line argument: -Dcatalina.home=/home/serega/YandexPr/Middle/Final_Sprint_Tasks/Spring/blog/apache-tomcat-11
22-Mar-2025 12:00:04.519 INFO [main] org.apache.catalina.startup.VersionLoggerListener.log Command line argument: -Djava.io.tmpdir=/home/serega/YandexPr/Middle/Final_Sprint_Tasks/Spring/blog/apache-tomcat-11/temp
22-Mar-2025 12:00:04.521 INFO [main] org.apache.catalina.core.AprLifecycleListener.lifecycleEvent The Apache Tomcat Native library which allows using OpenSSL was not found on the java.library.path: [/usr/java/packages/lib:/usr/lib/x86_64-linux-gnu/jni:/lib/x86_64-linux-gnu:/usr/lib/x86_64-linux-gnu:/usr/lib/jni:/lib:/usr/lib]
22-Mar-2025 12:00:04.908 INFO [main] org.apache.coyote.AbstractProtocol.init Инициализация ProtocolHandler ["http-nio-8080"]
22-Mar-2025 12:00:04.932 INFO [main] org.apache.catalina.startup.Catalina.load Server initialization in [621] milliseconds
22-Mar-2025 12:00:04.978 INFO [main] org.apache.catalina.core.StandardService.startInternal Starting service [Catalina]
22-Mar-2025 12:00:04.979 INFO [main] org.apache.catalina.core.StandardEngine.startInternal Starting Servlet engine: [Apache Tomcat/11.0.2]
22-Mar-2025 12:00:04.994 INFO [main] org.apache.catalina.startup.HostConfig.deployWAR Deploying web application archive [/home/serega/YandexPr/Middle/Final_Sprint_Tasks/Spring/blog/apache-tomcat-11/webapps/blog.war]
22-Mar-2025 12:00:06.727 INFO [main] org.apache.jasper.servlet.TldScanner.scanJars At least one JAR was scanned for TLDs yet contained no TLDs. Enable debug logging for this logger for a complete list of JARs that were scanned but no TLDs were found in them. Skipping unneeded JARs during scanning can improve startup time and JSP compilation time.
22-Mar-2025 12:00:08.539 INFO [main] org.apache.catalina.startup.HostConfig.deployWAR Deployment of web application archive [/home/serega/YandexPr/Middle/Final_Sprint_Tasks/Spring/blog/apache-tomcat-11/webapps/blog.war] has finished in [3 544] ms
22-Mar-2025 12:00:08.540 INFO [main] org.apache.catalina.startup.HostConfig.deployDirectory Установка веб приложения в папку [/home/serega/YandexPr/Middle/Final_Sprint_Tasks/Spring/blog/apache-tomcat-11/webapps/docs]
22-Mar-2025 12:00:08.567 INFO [main] org.apache.catalina.startup.HostConfig.deployDirectory Deployment of web application directory [/home/serega/YandexPr/Middle/Final_Sprint_Tasks/Spring/blog/apache-tomcat-11/webapps/docs] has finished in [28] ms
22-Mar-2025 12:00:08.567 INFO [main] org.apache.catalina.startup.HostConfig.deployDirectory Установка веб приложения в папку [/home/serega/YandexPr/Middle/Final_Sprint_Tasks/Spring/blog/apache-tomcat-11/webapps/ROOT]
22-Mar-2025 12:00:08.590 INFO [main] org.apache.catalina.startup.HostConfig.deployDirectory Deployment of web application directory [/home/serega/YandexPr/Middle/Final_Sprint_Tasks/Spring/blog/apache-tomcat-11/webapps/ROOT] has finished in [22] ms
22-Mar-2025 12:00:08.590 INFO [main] org.apache.catalina.startup.HostConfig.deployDirectory Установка веб приложения в папку [/home/serega/YandexPr/Middle/Final_Sprint_Tasks/Spring/blog/apache-tomcat-11/webapps/examples]
22-Mar-2025 12:00:08.864 INFO [main] org.apache.catalina.startup.HostConfig.deployDirectory Deployment of web application directory [/home/serega/YandexPr/Middle/Final_Sprint_Tasks/Spring/blog/apache-tomcat-11/webapps/examples] has finished in [274] ms
22-Mar-2025 12:00:08.864 INFO [main] org.apache.catalina.startup.HostConfig.deployDirectory Установка веб приложения в папку [/home/serega/YandexPr/Middle/Final_Sprint_Tasks/Spring/blog/apache-tomcat-11/webapps/host-manager]
22-Mar-2025 12:00:08.897 INFO [main] org.apache.catalina.startup.HostConfig.deployDirectory Deployment of web application directory [/home/serega/YandexPr/Middle/Final_Sprint_Tasks/Spring/blog/apache-tomcat-11/webapps/host-manager] has finished in [33] ms
22-Mar-2025 12:00:08.898 INFO [main] org.apache.catalina.startup.HostConfig.deployDirectory Установка веб приложения в папку [/home/serega/YandexPr/Middle/Final_Sprint_Tasks/Spring/blog/apache-tomcat-11/webapps/manager]
22-Mar-2025 12:00:08.927 INFO [main] org.apache.catalina.startup.HostConfig.deployDirectory Deployment of web application directory [/home/serega/YandexPr/Middle/Final_Sprint_Tasks/Spring/blog/apache-tomcat-11/webapps/manager] has finished in [29] ms
22-Mar-2025 12:00:08.932 INFO [main] org.apache.coyote.AbstractProtocol.start Starting ProtocolHandler ["http-nio-8080"]
22-Mar-2025 12:00:08.941 INFO [main] org.apache.catalina.startup.Catalina.start Server startup in [4008] milliseconds
22-Mar-2025 12:01:33.875 INFO [main] org.apache.catalina.core.StandardServer.await A valid shutdown command was received via the shutdown port. Stopping the Server instance.
22-Mar-2025 12:01:33.875 INFO [main] org.apache.coyote.AbstractProtocol.pause Pausing ProtocolHandler ["http-nio-8080"]
22-Mar-2025 12:01:33.877 INFO [main] org.apache.catalina.core.StandardService.stopInternal Stopping service [Catalina]
22-Mar-2025 12:01:33.896 WARNING [main] org.apache.catalina.loader.WebappClassLoaderBase.clearReferencesJdbc The web application [blog] registered the JDBC driver [org.postgresql.Driver] but failed to unregister it when the web application was stopped. To prevent a memory leak, the JDBC Driver has been forcibly unregistered.
22-Mar-2025 12:01:33.912 INFO [main] org.apache.coyote.AbstractProtocol.stop Stopping ProtocolHandler ["http-nio-8080"]
22-Mar-2025 12:01:33.921 INFO [main] org.apache.coyote.AbstractProtocol.destroy Destroying ProtocolHandler ["http-nio-8080"]
22-Mar-2025 12:01:40.996 INFO [main] org.apache.catalina.startup.VersionLoggerListener.log Имя версии сервера:    Apache Tomcat/11.0.2
22-Mar-2025 12:01:41.000 INFO [main] org.apache.catalina.startup.VersionLoggerListener.log Сервер собран:         Dec 5 2024 15:19:37 UTC
22-Mar-2025 12:01:41.001 INFO [main] org.apache.catalina.startup.VersionLoggerListener.log Номер версии сервера:  11.0.2.0
22-Mar-2025 12:01:41.001 INFO [main] org.apache.catalina.startup.VersionLoggerListener.log OS Name:               Linux
22-Mar-2025 12:01:41.001 INFO [main] org.apache.catalina.startup.VersionLoggerListener.log Версия ОС:             6.8.0-55-generic
22-Mar-2025 12:01:41.001 INFO [main] org.apache.catalina.startup.VersionLoggerListener.log Архитектура:           amd64
22-Mar-2025 12:01:41.001 INFO [main] org.apache.catalina.startup.VersionLoggerListener.log Java Home:             /usr/lib/jvm/java-21-openjdk-amd64
22-Mar-2025 12:01:41.001 INFO [main] org.apache.catalina.startup.VersionLoggerListener.log Версия JVM:            21.0.6+7-Ubuntu-124.04.1
22-Mar-2025 12:01:41.002 INFO [main] org.apache.catalina.startup.VersionLoggerListener.log Производитель JVM:     Ubuntu
22-Mar-2025 12:01:41.002 INFO [main] org.apache.catalina.startup.VersionLoggerListener.log CATALINA_BASE:         /home/serega/YandexPr/Middle/Final_Sprint_Tasks/Spring/blog/apache-tomcat-11
22-Mar-2025 12:01:41.002 INFO [main] org.apache.catalina.startup.VersionLoggerListener.log CATALINA_HOME:         /home/serega/YandexPr/Middle/Final_Sprint_Tasks/Spring/blog/apache-tomcat-11
22-Mar-2025 12:01:41.014 INFO [main] org.apache.catalina.startup.VersionLoggerListener.log Command line argument: -Djava.util.logging.config.file=/home/serega/YandexPr/Middle/Final_Sprint_Tasks/Spring/blog/apache-tomcat-11/conf/logging.properties
22-Mar-2025 12:01:41.015 INFO [main] org.apache.catalina.startup.VersionLoggerListener.log Command line argument: -Djava.util.logging.manager=org.apache.juli.ClassLoaderLogManager
22-Mar-2025 12:01:41.015 INFO [main] org.apache.catalina.startup.VersionLoggerListener.log Command line argument: -Djdk.tls.ephemeralDHKeySize=2048
22-Mar-2025 12:01:41.015 INFO [main] org.apache.catalina.startup.VersionLoggerListener.log Command line argument: -Dorg.apache.catalina.security.SecurityListener.UMASK=0027
22-Mar-2025 12:01:41.015 INFO [main] org.apache.catalina.startup.VersionLoggerListener.log Command line argument: --add-opens=java.base/java.lang=ALL-UNNAMED
22-Mar-2025 12:01:41.015 INFO [main] org.apache.catalina.startup.VersionLoggerListener.log Command line argument: --add-opens=java.base/java.io=ALL-UNNAMED
22-Mar-2025 12:01:41.015 INFO [main] org.apache.catalina.startup.VersionLoggerListener.log Command line argument: --add-opens=java.base/java.util=ALL-UNNAMED
22-Mar-2025 12:01:41.015 INFO [main] org.apache.catalina.startup.VersionLoggerListener.log Command line argument: --add-opens=java.base/java.util.concurrent=ALL-UNNAMED
22-Mar-2025 12:01:41.016 INFO [main] org.apache.catalina.startup.VersionLoggerListener.log Command line argument: --add-opens=java.rmi/sun.rmi.transport=ALL-UNNAMED
22-Mar-2025 12:01:41.016 INFO [main] org.apache.catalina.startup.VersionLoggerListener.log Command line argument: --enable-native-access=ALL-UNNAMED
22-Mar-2025 12:01:41.016 INFO [main] org.apache.catalina.startup.VersionLoggerListener.log Command line argument: -Dcatalina.base=/home/serega/YandexPr/Middle/Final_Sprint_Tasks/Spring/blog/apache-tomcat-11
22-Mar-2025 12:01:41.016 INFO [main] org.apache.catalina.startup.VersionLoggerListener.log Command line argument: -Dcatalina.home=/home/serega/YandexPr/Middle/Final_Sprint_Tasks/Spring/blog/apache-tomcat-11
22-Mar-2025 12:01:41.016 INFO [main] org.apache.catalina.startup.VersionLoggerListener.log Command line argument: -Djava.io.tmpdir=/home/serega/YandexPr/Middle/Final_Sprint_Tasks/Spring/blog/apache-tomcat-11/temp
22-Mar-2025 12:01:41.019 INFO [main] org.apache.catalina.core.AprLifecycleListener.lifecycleEvent The Apache Tomcat Native library which allows using OpenSSL was not found on the java.library.path: [/usr/java/packages/lib:/usr/lib/x86_64-linux-gnu/jni:/lib/x86_64-linux-gnu:/usr/lib/x86_64-linux-gnu:/usr/lib/jni:/lib:/usr/lib]
22-Mar-2025 12:01:41.443 INFO [main] org.apache.coyote.AbstractProtocol.init Инициализация ProtocolHandler ["http-nio-8080"]
22-Mar-2025 12:01:41.475 INFO [main] org.apache.catalina.startup.Catalina.load Server initialization in [687] milliseconds
22-Mar-2025 12:01:41.534 INFO [main] org.apache.catalina.core.StandardService.startInternal Starting service [Catalina]
22-Mar-2025 12:01:41.535 INFO [main] org.apache.catalina.core.StandardEngine.startInternal Starting Servlet engine: [Apache Tomcat/11.0.2]
22-Mar-2025 12:01:41.553 INFO [main] org.apache.catalina.startup.HostConfig.deployWAR Deploying web application archive [/home/serega/YandexPr/Middle/Final_Sprint_Tasks/Spring/blog/apache-tomcat-11/webapps/blog.war]
22-Mar-2025 12:01:43.174 INFO [main] org.apache.jasper.servlet.TldScanner.scanJars At least one JAR was scanned for TLDs yet contained no TLDs. Enable debug logging for this logger for a complete list of JARs that were scanned but no TLDs were found in them. Skipping unneeded JARs during scanning can improve startup time and JSP compilation time.
22-Mar-2025 12:01:44.992 INFO [main] org.apache.catalina.startup.HostConfig.deployWAR Deployment of web application archive [/home/serega/YandexPr/Middle/Final_Sprint_Tasks/Spring/blog/apache-tomcat-11/webapps/blog.war] has finished in [3 438] ms
22-Mar-2025 12:01:44.993 INFO [main] org.apache.catalina.startup.HostConfig.deployDirectory Установка веб приложения в папку [/home/serega/YandexPr/Middle/Final_Sprint_Tasks/Spring/blog/apache-tomcat-11/webapps/docs]
22-Mar-2025 12:01:45.024 INFO [main] org.apache.catalina.startup.HostConfig.deployDirectory Deployment of web application directory [/home/serega/YandexPr/Middle/Final_Sprint_Tasks/Spring/blog/apache-tomcat-11/webapps/docs] has finished in [32] ms
22-Mar-2025 12:01:45.024 INFO [main] org.apache.catalina.startup.HostConfig.deployDirectory Установка веб приложения в папку [/home/serega/YandexPr/Middle/Final_Sprint_Tasks/Spring/blog/apache-tomcat-11/webapps/ROOT]
22-Mar-2025 12:01:45.045 INFO [main] org.apache.catalina.startup.HostConfig.deployDirectory Deployment of web application directory [/home/serega/YandexPr/Middle/Final_Sprint_Tasks/Spring/blog/apache-tomcat-11/webapps/ROOT] has finished in [21] ms
22-Mar-2025 12:01:45.046 INFO [main] org.apache.catalina.startup.HostConfig.deployDirectory Установка веб приложения в папку [/home/serega/YandexPr/Middle/Final_Sprint_Tasks/Spring/blog/apache-tomcat-11/webapps/examples]
22-Mar-2025 12:01:45.276 INFO [main] org.apache.catalina.startup.HostConfig.deployDirectory Deployment of web application directory [/home/serega/YandexPr/Middle/Final_Sprint_Tasks/Spring/blog/apache-tomcat-11/webapps/examples] has finished in [231] ms
22-Mar-2025 12:01:45.277 INFO [main] org.apache.catalina.startup.HostConfig.deployDirectory Установка веб приложения в папку [/home/serega/YandexPr/Middle/Final_Sprint_Tasks/Spring/blog/apache-tomcat-11/webapps/host-manager]
22-Mar-2025 12:01:45.299 INFO [main] org.apache.catalina.startup.HostConfig.deployDirectory Deployment of web application directory [/home/serega/YandexPr/Middle/Final_Sprint_Tasks/Spring/blog/apache-tomcat-11/webapps/host-manager] has finished in [22] ms
22-Mar-2025 12:01:45.299 INFO [main] org.apache.catalina.startup.HostConfig.deployDirectory Установка веб приложения в папку [/home/serega/YandexPr/Middle/Final_Sprint_Tasks/Spring/blog/apache-tomcat-11/webapps/manager]
22-Mar-2025 12:01:45.322 INFO [main] org.apache.catalina.startup.HostConfig.deployDirectory Deployment of web application directory [/home/serega/YandexPr/Middle/Final_Sprint_Tasks/Spring/blog/apache-tomcat-11/webapps/manager] has finished in [23] ms
22-Mar-2025 12:01:45.326 INFO [main] org.apache.coyote.AbstractProtocol.start Starting ProtocolHandler ["http-nio-8080"]
22-Mar-2025 12:01:45.336 INFO [main] org.apache.catalina.startup.Catalina.start Server startup in [3859] milliseconds
22-Mar-2025 12:07:35.289 INFO [main] org.apache.catalina.core.StandardServer.await A valid shutdown command was received via the shutdown port. Stopping the Server instance.
22-Mar-2025 12:07:35.290 INFO [main] org.apache.coyote.AbstractProtocol.pause Pausing ProtocolHandler ["http-nio-8080"]
22-Mar-2025 12:07:35.291 INFO [main] org.apache.catalina.core.StandardService.stopInternal Stopping service [Catalina]
22-Mar-2025 12:07:35.308 WARNING [main] org.apache.catalina.loader.WebappClassLoaderBase.clearReferencesJdbc The web application [blog] registered the JDBC driver [org.postgresql.Driver] but failed to unregister it when the web application was stopped. To prevent a memory leak, the JDBC Driver has been forcibly unregistered.
22-Mar-2025 12:07:35.323 INFO [main] org.apache.coyote.AbstractProtocol.stop Stopping ProtocolHandler ["http-nio-8080"]
22-Mar-2025 12:07:35.335 INFO [main] org.apache.coyote.AbstractProtocol.destroy Destroying ProtocolHandler ["http-nio-8080"]
22-Mar-2025 12:07:42.480 INFO [main] org.apache.catalina.startup.VersionLoggerListener.log Имя версии сервера:    Apache Tomcat/11.0.2
22-Mar-2025 12:07:42.485 INFO [main] org.apache.catalina.startup.VersionLoggerListener.log Сервер собран:         Dec 5 2024 15:19:37 UTC
22-Mar-2025 12:07:42.485 INFO [main] org.apache.catalina.startup.VersionLoggerListener.log Номер версии сервера:  11.0.2.0
22-Mar-2025 12:07:42.485 INFO [main] org.apache.catalina.startup.VersionLoggerListener.log OS Name:               Linux
22-Mar-2025 12:07:42.485 INFO [main] org.apache.catalina.startup.VersionLoggerListener.log Версия ОС:             6.8.0-55-generic
22-Mar-2025 12:07:42.486 INFO [main] org.apache.catalina.startup.VersionLoggerListener.log Архитектура:           amd64
22-Mar-2025 12:07:42.486 INFO [main] org.apache.catalina.startup.VersionLoggerListener.log Java Home:             /usr/lib/jvm/java-21-openjdk-amd64
22-Mar-2025 12:07:42.486 INFO [main] org.apache.catalina.startup.VersionLoggerListener.log Версия JVM:            21.0.6+7-Ubuntu-124.04.1
22-Mar-2025 12:07:42.486 INFO [main] org.apache.catalina.startup.VersionLoggerListener.log Производитель JVM:     Ubuntu
22-Mar-2025 12:07:42.486 INFO [main] org.apache.catalina.startup.VersionLoggerListener.log CATALINA_BASE:         /home/serega/YandexPr/Middle/Final_Sprint_Tasks/Spring/blog/apache-tomcat-11
22-Mar-2025 12:07:42.486 INFO [main] org.apache.catalina.startup.VersionLoggerListener.log CATALINA_HOME:         /home/serega/YandexPr/Middle/Final_Sprint_Tasks/Spring/blog/apache-tomcat-11
22-Mar-2025 12:07:42.498 INFO [main] org.apache.catalina.startup.VersionLoggerListener.log Command line argument: -Djava.util.logging.config.file=/home/serega/YandexPr/Middle/Final_Sprint_Tasks/Spring/blog/apache-tomcat-11/conf/logging.properties
22-Mar-2025 12:07:42.498 INFO [main] org.apache.catalina.startup.VersionLoggerListener.log Command line argument: -Djava.util.logging.manager=org.apache.juli.ClassLoaderLogManager
22-Mar-2025 12:07:42.498 INFO [main] org.apache.catalina.startup.VersionLoggerListener.log Command line argument: -Djdk.tls.ephemeralDHKeySize=2048
22-Mar-2025 12:07:42.498 INFO [main] org.apache.catalina.startup.VersionLoggerListener.log Command line argument: -Dorg.apache.catalina.security.SecurityListener.UMASK=0027
22-Mar-2025 12:07:42.498 INFO [main] org.apache.catalina.startup.VersionLoggerListener.log Command line argument: --add-opens=java.base/java.lang=ALL-UNNAMED
22-Mar-2025 12:07:42.498 INFO [main] org.apache.catalina.startup.VersionLoggerListener.log Command line argument: --add-opens=java.base/java.io=ALL-UNNAMED
22-Mar-2025 12:07:42.499 INFO [main] org.apache.catalina.startup.VersionLoggerListener.log Command line argument: --add-opens=java.base/java.util=ALL-UNNAMED
22-Mar-2025 12:07:42.499 INFO [main] org.apache.catalina.startup.VersionLoggerListener.log Command line argument: --add-opens=java.base/java.util.concurrent=ALL-UNNAMED
22-Mar-2025 12:07:42.499 INFO [main] org.apache.catalina.startup.VersionLoggerListener.log Command line argument: --add-opens=java.rmi/sun.rmi.transport=ALL-UNNAMED
22-Mar-2025 12:07:42.499 INFO [main] org.apache.catalina.startup.VersionLoggerListener.log Command line argument: --enable-native-access=ALL-UNNAMED
22-Mar-2025 12:07:42.499 INFO [main] org.apache.catalina.startup.VersionLoggerListener.log Command line argument: -Dcatalina.base=/home/serega/YandexPr/Middle/Final_Sprint_Tasks/Spring/blog/apache-tomcat-11
22-Mar-2025 12:07:42.499 INFO [main] org.apache.catalina.startup.VersionLoggerListener.log Command line argument: -Dcatalina.home=/home/serega/YandexPr/Middle/Final_Sprint_Tasks/Spring/blog/apache-tomcat-11
22-Mar-2025 12:07:42.499 INFO [main] org.apache.catalina.startup.VersionLoggerListener.log Command line argument: -Djava.io.tmpdir=/home/serega/YandexPr/Middle/Final_Sprint_Tasks/Spring/blog/apache-tomcat-11/temp
22-Mar-2025 12:07:42.502 INFO [main] org.apache.catalina.core.AprLifecycleListener.lifecycleEvent The Apache Tomcat Native library which allows using OpenSSL was not found on the java.library.path: [/usr/java/packages/lib:/usr/lib/x86_64-linux-gnu/jni:/lib/x86_64-linux-gnu:/usr/lib/x86_64-linux-gnu:/usr/lib/jni:/lib:/usr/lib]
22-Mar-2025 12:07:42.913 INFO [main] org.apache.coyote.AbstractProtocol.init Инициализация ProtocolHandler ["http-nio-8080"]
22-Mar-2025 12:07:42.938 INFO [main] org.apache.catalina.startup.Catalina.load Server initialization in [700] milliseconds
22-Mar-2025 12:07:42.987 INFO [main] org.apache.catalina.core.StandardService.startInternal Starting service [Catalina]
22-Mar-2025 12:07:42.987 INFO [main] org.apache.catalina.core.StandardEngine.startInternal Starting Servlet engine: [Apache Tomcat/11.0.2]
22-Mar-2025 12:07:43.004 INFO [main] org.apache.catalina.startup.HostConfig.deployWAR Deploying web application archive [/home/serega/YandexPr/Middle/Final_Sprint_Tasks/Spring/blog/apache-tomcat-11/webapps/blog.war]
22-Mar-2025 12:07:44.674 INFO [main] org.apache.jasper.servlet.TldScanner.scanJars At least one JAR was scanned for TLDs yet contained no TLDs. Enable debug logging for this logger for a complete list of JARs that were scanned but no TLDs were found in them. Skipping unneeded JARs during scanning can improve startup time and JSP compilation time.
22-Mar-2025 12:07:46.507 INFO [main] org.apache.catalina.startup.HostConfig.deployWAR Deployment of web application archive [/home/serega/YandexPr/Middle/Final_Sprint_Tasks/Spring/blog/apache-tomcat-11/webapps/blog.war] has finished in [3 503] ms
22-Mar-2025 12:07:46.508 INFO [main] org.apache.catalina.startup.HostConfig.deployDirectory Установка веб приложения в папку [/home/serega/YandexPr/Middle/Final_Sprint_Tasks/Spring/blog/apache-tomcat-11/webapps/docs]
22-Mar-2025 12:07:46.536 INFO [main] org.apache.catalina.startup.HostConfig.deployDirectory Deployment of web application directory [/home/serega/YandexPr/Middle/Final_Sprint_Tasks/Spring/blog/apache-tomcat-11/webapps/docs] has finished in [28] ms
22-Mar-2025 12:07:46.537 INFO [main] org.apache.catalina.startup.HostConfig.deployDirectory Установка веб приложения в папку [/home/serega/YandexPr/Middle/Final_Sprint_Tasks/Spring/blog/apache-tomcat-11/webapps/ROOT]
22-Mar-2025 12:07:46.560 INFO [main] org.apache.catalina.startup.HostConfig.deployDirectory Deployment of web application directory [/home/serega/YandexPr/Middle/Final_Sprint_Tasks/Spring/blog/apache-tomcat-11/webapps/ROOT] has finished in [24] ms
22-Mar-2025 12:07:46.561 INFO [main] org.apache.catalina.startup.HostConfig.deployDirectory Установка веб приложения в папку [/home/serega/YandexPr/Middle/Final_Sprint_Tasks/Spring/blog/apache-tomcat-11/webapps/examples]
22-Mar-2025 12:07:46.785 INFO [main] org.apache.catalina.startup.HostConfig.deployDirectory Deployment of web application directory [/home/serega/YandexPr/Middle/Final_Sprint_Tasks/Spring/blog/apache-tomcat-11/webapps/examples] has finished in [224] ms
22-Mar-2025 12:07:46.785 INFO [main] org.apache.catalina.startup.HostConfig.deployDirectory Установка веб приложения в папку [/home/serega/YandexPr/Middle/Final_Sprint_Tasks/Spring/blog/apache-tomcat-11/webapps/host-manager]
22-Mar-2025 12:07:46.816 INFO [main] org.apache.catalina.startup.HostConfig.deployDirectory Deployment of web application directory [/home/serega/YandexPr/Middle/Final_Sprint_Tasks/Spring/blog/apache-tomcat-11/webapps/host-manager] has finished in [31] ms
22-Mar-2025 12:07:46.816 INFO [main] org.apache.catalina.startup.HostConfig.deployDirectory Установка веб приложения в папку [/home/serega/YandexPr/Middle/Final_Sprint_Tasks/Spring/blog/apache-tomcat-11/webapps/manager]
22-Mar-2025 12:07:46.838 INFO [main] org.apache.catalina.startup.HostConfig.deployDirectory Deployment of web application directory [/home/serega/YandexPr/Middle/Final_Sprint_Tasks/Spring/blog/apache-tomcat-11/webapps/manager] has finished in [22] ms
22-Mar-2025 12:07:46.842 INFO [main] org.apache.coyote.AbstractProtocol.start Starting ProtocolHandler ["http-nio-8080"]
22-Mar-2025 12:07:46.852 INFO [main] org.apache.catalina.startup.Catalina.start Server startup in [3912] milliseconds
22-Mar-2025 12:08:45.032 INFO [main] org.apache.catalina.core.StandardServer.await A valid shutdown command was received via the shutdown port. Stopping the Server instance.
22-Mar-2025 12:08:45.032 INFO [main] org.apache.coyote.AbstractProtocol.pause Pausing ProtocolHandler ["http-nio-8080"]
22-Mar-2025 12:08:45.033 INFO [main] org.apache.catalina.core.StandardService.stopInternal Stopping service [Catalina]
22-Mar-2025 12:08:45.049 WARNING [main] org.apache.catalina.loader.WebappClassLoaderBase.clearReferencesJdbc The web application [blog] registered the JDBC driver [org.postgresql.Driver] but failed to unregister it when the web application was stopped. To prevent a memory leak, the JDBC Driver has been forcibly unregistered.
22-Mar-2025 12:08:45.069 INFO [main] org.apache.coyote.AbstractProtocol.stop Stopping ProtocolHandler ["http-nio-8080"]
22-Mar-2025 12:08:45.078 INFO [main] org.apache.coyote.AbstractProtocol.destroy Destroying ProtocolHandler ["http-nio-8080"]
22-Mar-2025 12:08:53.655 INFO [main] org.apache.catalina.startup.VersionLoggerListener.log Имя версии сервера:    Apache Tomcat/11.0.2
22-Mar-2025 12:08:53.659 INFO [main] org.apache.catalina.startup.VersionLoggerListener.log Сервер собран:         Dec 5 2024 15:19:37 UTC
22-Mar-2025 12:08:53.659 INFO [main] org.apache.catalina.startup.VersionLoggerListener.log Номер версии сервера:  11.0.2.0
22-Mar-2025 12:08:53.659 INFO [main] org.apache.catalina.startup.VersionLoggerListener.log OS Name:               Linux
22-Mar-2025 12:08:53.659 INFO [main] org.apache.catalina.startup.VersionLoggerListener.log Версия ОС:             6.8.0-55-generic
22-Mar-2025 12:08:53.660 INFO [main] org.apache.catalina.startup.VersionLoggerListener.log Архитектура:           amd64
22-Mar-2025 12:08:53.660 INFO [main] org.apache.catalina.startup.VersionLoggerListener.log Java Home:             /usr/lib/jvm/java-21-openjdk-amd64
22-Mar-2025 12:08:53.660 INFO [main] org.apache.catalina.startup.VersionLoggerListener.log Версия JVM:            21.0.6+7-Ubuntu-124.04.1
22-Mar-2025 12:08:53.660 INFO [main] org.apache.catalina.startup.VersionLoggerListener.log Производитель JVM:     Ubuntu
22-Mar-2025 12:08:53.660 INFO [main] org.apache.catalina.startup.VersionLoggerListener.log CATALINA_BASE:         /home/serega/YandexPr/Middle/Final_Sprint_Tasks/Spring/blog/apache-tomcat-11
22-Mar-2025 12:08:53.660 INFO [main] org.apache.catalina.startup.VersionLoggerListener.log CATALINA_HOME:         /home/serega/YandexPr/Middle/Final_Sprint_Tasks/Spring/blog/apache-tomcat-11
22-Mar-2025 12:08:53.670 INFO [main] org.apache.catalina.startup.VersionLoggerListener.log Command line argument: -Djava.util.logging.config.file=/home/serega/YandexPr/Middle/Final_Sprint_Tasks/Spring/blog/apache-tomcat-11/conf/logging.properties
22-Mar-2025 12:08:53.670 INFO [main] org.apache.catalina.startup.VersionLoggerListener.log Command line argument: -Djava.util.logging.manager=org.apache.juli.ClassLoaderLogManager
22-Mar-2025 12:08:53.670 INFO [main] org.apache.catalina.startup.VersionLoggerListener.log Command line argument: -Djdk.tls.ephemeralDHKeySize=2048
22-Mar-2025 12:08:53.670 INFO [main] org.apache.catalina.startup.VersionLoggerListener.log Command line argument: -Dorg.apache.catalina.security.SecurityListener.UMASK=0027
22-Mar-2025 12:08:53.670 INFO [main] org.apache.catalina.startup.VersionLoggerListener.log Command line argument: --add-opens=java.base/java.lang=ALL-UNNAMED
22-Mar-2025 12:08:53.670 INFO [main] org.apache.catalina.startup.VersionLoggerListener.log Command line argument: --add-opens=java.base/java.io=ALL-UNNAMED
22-Mar-2025 12:08:53.671 INFO [main] org.apache.catalina.startup.VersionLoggerListener.log Command line argument: --add-opens=java.base/java.util=ALL-UNNAMED
22-Mar-2025 12:08:53.671 INFO [main] org.apache.catalina.startup.VersionLoggerListener.log Command line argument: --add-opens=java.base/java.util.concurrent=ALL-UNNAMED
22-Mar-2025 12:08:53.671 INFO [main] org.apache.catalina.startup.VersionLoggerListener.log Command line argument: --add-opens=java.rmi/sun.rmi.transport=ALL-UNNAMED
22-Mar-2025 12:08:53.671 INFO [main] org.apache.catalina.startup.VersionLoggerListener.log Command line argument: --enable-native-access=ALL-UNNAMED
22-Mar-2025 12:08:53.671 INFO [main] org.apache.catalina.startup.VersionLoggerListener.log Command line argument: -Dcatalina.base=/home/serega/YandexPr/Middle/Final_Sprint_Tasks/Spring/blog/apache-tomcat-11
22-Mar-2025 12:08:53.671 INFO [main] org.apache.catalina.startup.VersionLoggerListener.log Command line argument: -Dcatalina.home=/home/serega/YandexPr/Middle/Final_Sprint_Tasks/Spring/blog/apache-tomcat-11
22-Mar-2025 12:08:53.671 INFO [main] org.apache.catalina.startup.VersionLoggerListener.log Command line argument: -Djava.io.tmpdir=/home/serega/YandexPr/Middle/Final_Sprint_Tasks/Spring/blog/apache-tomcat-11/temp
22-Mar-2025 12:08:53.673 INFO [main] org.apache.catalina.core.AprLifecycleListener.lifecycleEvent The Apache Tomcat Native library which allows using OpenSSL was not found on the java.library.path: [/usr/java/packages/lib:/usr/lib/x86_64-linux-gnu/jni:/lib/x86_64-linux-gnu:/usr/lib/x86_64-linux-gnu:/usr/lib/jni:/lib:/usr/lib]
22-Mar-2025 12:08:54.023 INFO [main] org.apache.coyote.AbstractProtocol.init Инициализация ProtocolHandler ["http-nio-8080"]
22-Mar-2025 12:08:54.047 INFO [main] org.apache.catalina.startup.Catalina.load Server initialization in [591] milliseconds
22-Mar-2025 12:08:54.092 INFO [main] org.apache.catalina.core.StandardService.startInternal Starting service [Catalina]
22-Mar-2025 12:08:54.092 INFO [main] org.apache.catalina.core.StandardEngine.startInternal Starting Servlet engine: [Apache Tomcat/11.0.2]
22-Mar-2025 12:08:54.107 INFO [main] org.apache.catalina.startup.HostConfig.deployWAR Deploying web application archive [/home/serega/YandexPr/Middle/Final_Sprint_Tasks/Spring/blog/apache-tomcat-11/webapps/blog.war]
22-Mar-2025 12:08:55.632 INFO [main] org.apache.jasper.servlet.TldScanner.scanJars At least one JAR was scanned for TLDs yet contained no TLDs. Enable debug logging for this logger for a complete list of JARs that were scanned but no TLDs were found in them. Skipping unneeded JARs during scanning can improve startup time and JSP compilation time.
22-Mar-2025 12:08:57.329 INFO [main] org.apache.catalina.startup.HostConfig.deployWAR Deployment of web application archive [/home/serega/YandexPr/Middle/Final_Sprint_Tasks/Spring/blog/apache-tomcat-11/webapps/blog.war] has finished in [3 222] ms
22-Mar-2025 12:08:57.330 INFO [main] org.apache.catalina.startup.HostConfig.deployDirectory Установка веб приложения в папку [/home/serega/YandexPr/Middle/Final_Sprint_Tasks/Spring/blog/apache-tomcat-11/webapps/docs]
22-Mar-2025 12:08:57.370 INFO [main] org.apache.catalina.startup.HostConfig.deployDirectory Deployment of web application directory [/home/serega/YandexPr/Middle/Final_Sprint_Tasks/Spring/blog/apache-tomcat-11/webapps/docs] has finished in [40] ms
22-Mar-2025 12:08:57.370 INFO [main] org.apache.catalina.startup.HostConfig.deployDirectory Установка веб приложения в папку [/home/serega/YandexPr/Middle/Final_Sprint_Tasks/Spring/blog/apache-tomcat-11/webapps/ROOT]
22-Mar-2025 12:08:57.398 INFO [main] org.apache.catalina.startup.HostConfig.deployDirectory Deployment of web application directory [/home/serega/YandexPr/Middle/Final_Sprint_Tasks/Spring/blog/apache-tomcat-11/webapps/ROOT] has finished in [28] ms
22-Mar-2025 12:08:57.398 INFO [main] org.apache.catalina.startup.HostConfig.deployDirectory Установка веб приложения в папку [/home/serega/YandexPr/Middle/Final_Sprint_Tasks/Spring/blog/apache-tomcat-11/webapps/examples]
22-Mar-2025 12:08:57.655 INFO [main] org.apache.catalina.startup.HostConfig.deployDirectory Deployment of web application directory [/home/serega/YandexPr/Middle/Final_Sprint_Tasks/Spring/blog/apache-tomcat-11/webapps/examples] has finished in [257] ms
22-Mar-2025 12:08:57.656 INFO [main] org.apache.catalina.startup.HostConfig.deployDirectory Установка веб приложения в папку [/home/serega/YandexPr/Middle/Final_Sprint_Tasks/Spring/blog/apache-tomcat-11/webapps/host-manager]
22-Mar-2025 12:08:57.678 INFO [main] org.apache.catalina.startup.HostConfig.deployDirectory Deployment of web application directory [/home/serega/YandexPr/Middle/Final_Sprint_Tasks/Spring/blog/apache-tomcat-11/webapps/host-manager] has finished in [22] ms
22-Mar-2025 12:08:57.678 INFO [main] org.apache.catalina.startup.HostConfig.deployDirectory Установка веб приложения в папку [/home/serega/YandexPr/Middle/Final_Sprint_Tasks/Spring/blog/apache-tomcat-11/webapps/manager]
22-Mar-2025 12:08:57.698 INFO [main] org.apache.catalina.startup.HostConfig.deployDirectory Deployment of web application directory [/home/serega/YandexPr/Middle/Final_Sprint_Tasks/Spring/blog/apache-tomcat-11/webapps/manager] has finished in [20] ms
22-Mar-2025 12:08:57.703 INFO [main] org.apache.coyote.AbstractProtocol.start Starting ProtocolHandler ["http-nio-8080"]
22-Mar-2025 12:08:57.712 INFO [main] org.apache.catalina.startup.Catalina.start Server startup in [3663] milliseconds
22-Mar-2025 12:09:11.185 INFO [main] org.apache.catalina.core.StandardServer.await A valid shutdown command was received via the shutdown port. Stopping the Server instance.
22-Mar-2025 12:09:11.186 INFO [main] org.apache.coyote.AbstractProtocol.pause Pausing ProtocolHandler ["http-nio-8080"]
22-Mar-2025 12:09:11.187 INFO [main] org.apache.catalina.core.StandardService.stopInternal Stopping service [Catalina]
22-Mar-2025 12:09:11.203 WARNING [main] org.apache.catalina.loader.WebappClassLoaderBase.clearReferencesJdbc The web application [blog] registered the JDBC driver [org.postgresql.Driver] but failed to unregister it when the web application was stopped. To prevent a memory leak, the JDBC Driver has been forcibly unregistered.
22-Mar-2025 12:09:11.219 INFO [main] org.apache.coyote.AbstractProtocol.stop Stopping ProtocolHandler ["http-nio-8080"]
22-Mar-2025 12:09:11.233 INFO [main] org.apache.coyote.AbstractProtocol.destroy Destroying ProtocolHandler ["http-nio-8080"]
22-Mar-2025 12:09:16.684 INFO [main] org.apache.catalina.startup.VersionLoggerListener.log Имя версии сервера:    Apache Tomcat/11.0.2
22-Mar-2025 12:09:16.688 INFO [main] org.apache.catalina.startup.VersionLoggerListener.log Сервер собран:         Dec 5 2024 15:19:37 UTC
22-Mar-2025 12:09:16.689 INFO [main] org.apache.catalina.startup.VersionLoggerListener.log Номер версии сервера:  11.0.2.0
22-Mar-2025 12:09:16.689 INFO [main] org.apache.catalina.startup.VersionLoggerListener.log OS Name:               Linux
22-Mar-2025 12:09:16.689 INFO [main] org.apache.catalina.startup.VersionLoggerListener.log Версия ОС:             6.8.0-55-generic
22-Mar-2025 12:09:16.689 INFO [main] org.apache.catalina.startup.VersionLoggerListener.log Архитектура:           amd64
22-Mar-2025 12:09:16.689 INFO [main] org.apache.catalina.startup.VersionLoggerListener.log Java Home:             /usr/lib/jvm/java-21-openjdk-amd64
22-Mar-2025 12:09:16.689 INFO [main] org.apache.catalina.startup.VersionLoggerListener.log Версия JVM:            21.0.6+7-Ubuntu-124.04.1
22-Mar-2025 12:09:16.689 INFO [main] org.apache.catalina.startup.VersionLoggerListener.log Производитель JVM:     Ubuntu
22-Mar-2025 12:09:16.690 INFO [main] org.apache.catalina.startup.VersionLoggerListener.log CATALINA_BASE:         /home/serega/YandexPr/Middle/Final_Sprint_Tasks/Spring/blog/apache-tomcat-11
22-Mar-2025 12:09:16.690 INFO [main] org.apache.catalina.startup.VersionLoggerListener.log CATALINA_HOME:         /home/serega/YandexPr/Middle/Final_Sprint_Tasks/Spring/blog/apache-tomcat-11
22-Mar-2025 12:09:16.701 INFO [main] org.apache.catalina.startup.VersionLoggerListener.log Command line argument: -Djava.util.logging.config.file=/home/serega/YandexPr/Middle/Final_Sprint_Tasks/Spring/blog/apache-tomcat-11/conf/logging.properties
22-Mar-2025 12:09:16.702 INFO [main] org.apache.catalina.startup.VersionLoggerListener.log Command line argument: -Djava.util.logging.manager=org.apache.juli.ClassLoaderLogManager
22-Mar-2025 12:09:16.702 INFO [main] org.apache.catalina.startup.VersionLoggerListener.log Command line argument: -Djdk.tls.ephemeralDHKeySize=2048
22-Mar-2025 12:09:16.702 INFO [main] org.apache.catalina.startup.VersionLoggerListener.log Command line argument: -Dorg.apache.catalina.security.SecurityListener.UMASK=0027
22-Mar-2025 12:09:16.702 INFO [main] org.apache.catalina.startup.VersionLoggerListener.log Command line argument: --add-opens=java.base/java.lang=ALL-UNNAMED
22-Mar-2025 12:09:16.702 INFO [main] org.apache.catalina.startup.VersionLoggerListener.log Command line argument: --add-opens=java.base/java.io=ALL-UNNAMED
22-Mar-2025 12:09:16.702 INFO [main] org.apache.catalina.startup.VersionLoggerListener.log Command line argument: --add-opens=java.base/java.util=ALL-UNNAMED
22-Mar-2025 12:09:16.702 INFO [main] org.apache.catalina.startup.VersionLoggerListener.log Command line argument: --add-opens=java.base/java.util.concurrent=ALL-UNNAMED
22-Mar-2025 12:09:16.702 INFO [main] org.apache.catalina.startup.VersionLoggerListener.log Command line argument: --add-opens=java.rmi/sun.rmi.transport=ALL-UNNAMED
22-Mar-2025 12:09:16.703 INFO [main] org.apache.catalina.startup.VersionLoggerListener.log Command line argument: --enable-native-access=ALL-UNNAMED
22-Mar-2025 12:09:16.703 INFO [main] org.apache.catalina.startup.VersionLoggerListener.log Command line argument: -Dcatalina.base=/home/serega/YandexPr/Middle/Final_Sprint_Tasks/Spring/blog/apache-tomcat-11
22-Mar-2025 12:09:16.703 INFO [main] org.apache.catalina.startup.VersionLoggerListener.log Command line argument: -Dcatalina.home=/home/serega/YandexPr/Middle/Final_Sprint_Tasks/Spring/blog/apache-tomcat-11
22-Mar-2025 12:09:16.703 INFO [main] org.apache.catalina.startup.VersionLoggerListener.log Command line argument: -Djava.io.tmpdir=/home/serega/YandexPr/Middle/Final_Sprint_Tasks/Spring/blog/apache-tomcat-11/temp
22-Mar-2025 12:09:16.705 INFO [main] org.apache.catalina.core.AprLifecycleListener.lifecycleEvent The Apache Tomcat Native library which allows using OpenSSL was not found on the java.library.path: [/usr/java/packages/lib:/usr/lib/x86_64-linux-gnu/jni:/lib/x86_64-linux-gnu:/usr/lib/x86_64-linux-gnu:/usr/lib/jni:/lib:/usr/lib]
22-Mar-2025 12:09:17.069 INFO [main] org.apache.coyote.AbstractProtocol.init Инициализация ProtocolHandler ["http-nio-8080"]
22-Mar-2025 12:09:17.093 INFO [main] org.apache.catalina.startup.Catalina.load Server initialization in [597] milliseconds
22-Mar-2025 12:09:17.138 INFO [main] org.apache.catalina.core.StandardService.startInternal Starting service [Catalina]
22-Mar-2025 12:09:17.138 INFO [main] org.apache.catalina.core.StandardEngine.startInternal Starting Servlet engine: [Apache Tomcat/11.0.2]
22-Mar-2025 12:09:17.154 INFO [main] org.apache.catalina.startup.HostConfig.deployWAR Deploying web application archive [/home/serega/YandexPr/Middle/Final_Sprint_Tasks/Spring/blog/apache-tomcat-11/webapps/blog.war]
22-Mar-2025 12:09:18.767 INFO [main] org.apache.jasper.servlet.TldScanner.scanJars At least one JAR was scanned for TLDs yet contained no TLDs. Enable debug logging for this logger for a complete list of JARs that were scanned but no TLDs were found in them. Skipping unneeded JARs during scanning can improve startup time and JSP compilation time.
22-Mar-2025 12:09:20.571 INFO [main] org.apache.catalina.startup.HostConfig.deployWAR Deployment of web application archive [/home/serega/YandexPr/Middle/Final_Sprint_Tasks/Spring/blog/apache-tomcat-11/webapps/blog.war] has finished in [3 416] ms
22-Mar-2025 12:09:20.572 INFO [main] org.apache.catalina.startup.HostConfig.deployDirectory Установка веб приложения в папку [/home/serega/YandexPr/Middle/Final_Sprint_Tasks/Spring/blog/apache-tomcat-11/webapps/docs]
22-Mar-2025 12:09:20.601 INFO [main] org.apache.catalina.startup.HostConfig.deployDirectory Deployment of web application directory [/home/serega/YandexPr/Middle/Final_Sprint_Tasks/Spring/blog/apache-tomcat-11/webapps/docs] has finished in [29] ms
22-Mar-2025 12:09:20.602 INFO [main] org.apache.catalina.startup.HostConfig.deployDirectory Установка веб приложения в папку [/home/serega/YandexPr/Middle/Final_Sprint_Tasks/Spring/blog/apache-tomcat-11/webapps/ROOT]
22-Mar-2025 12:09:20.621 INFO [main] org.apache.catalina.startup.HostConfig.deployDirectory Deployment of web application directory [/home/serega/YandexPr/Middle/Final_Sprint_Tasks/Spring/blog/apache-tomcat-11/webapps/ROOT] has finished in [20] ms
22-Mar-2025 12:09:20.621 INFO [main] org.apache.catalina.startup.HostConfig.deployDirectory Установка веб приложения в папку [/home/serega/YandexPr/Middle/Final_Sprint_Tasks/Spring/blog/apache-tomcat-11/webapps/examples]
22-Mar-2025 12:09:20.835 INFO [main] org.apache.catalina.startup.HostConfig.deployDirectory Deployment of web application directory [/home/serega/YandexPr/Middle/Final_Sprint_Tasks/Spring/blog/apache-tomcat-11/webapps/examples] has finished in [213] ms
22-Mar-2025 12:09:20.835 INFO [main] org.apache.catalina.startup.HostConfig.deployDirectory Установка веб приложения в папку [/home/serega/YandexPr/Middle/Final_Sprint_Tasks/Spring/blog/apache-tomcat-11/webapps/host-manager]
22-Mar-2025 12:09:20.859 INFO [main] org.apache.catalina.startup.HostConfig.deployDirectory Deployment of web application directory [/home/serega/YandexPr/Middle/Final_Sprint_Tasks/Spring/blog/apache-tomcat-11/webapps/host-manager] has finished in [24] ms
22-Mar-2025 12:09:20.859 INFO [main] org.apache.catalina.startup.HostConfig.deployDirectory Установка веб приложения в папку [/home/serega/YandexPr/Middle/Final_Sprint_Tasks/Spring/blog/apache-tomcat-11/webapps/manager]
22-Mar-2025 12:09:20.879 INFO [main] org.apache.catalina.startup.HostConfig.deployDirectory Deployment of web application directory [/home/serega/YandexPr/Middle/Final_Sprint_Tasks/Spring/blog/apache-tomcat-11/webapps/manager] has finished in [20] ms
22-Mar-2025 12:09:20.883 INFO [main] org.apache.coyote.AbstractProtocol.start Starting ProtocolHandler ["http-nio-8080"]
22-Mar-2025 12:09:20.893 INFO [main] org.apache.catalina.startup.Catalina.start Server startup in [3799] milliseconds
22-Mar-2025 12:13:28.496 INFO [main] org.apache.catalina.core.StandardServer.await A valid shutdown command was received via the shutdown port. Stopping the Server instance.
22-Mar-2025 12:13:28.496 INFO [main] org.apache.coyote.AbstractProtocol.pause Pausing ProtocolHandler ["http-nio-8080"]
22-Mar-2025 12:13:28.498 INFO [main] org.apache.catalina.core.StandardService.stopInternal Stopping service [Catalina]
22-Mar-2025 12:13:28.514 WARNING [main] org.apache.catalina.loader.WebappClassLoaderBase.clearReferencesJdbc The web application [blog] registered the JDBC driver [org.postgresql.Driver] but failed to unregister it when the web application was stopped. To prevent a memory leak, the JDBC Driver has been forcibly unregistered.
22-Mar-2025 12:13:28.532 INFO [main] org.apache.coyote.AbstractProtocol.stop Stopping ProtocolHandler ["http-nio-8080"]
22-Mar-2025 12:13:28.541 INFO [main] org.apache.coyote.AbstractProtocol.destroy Destroying ProtocolHandler ["http-nio-8080"]
22-Mar-2025 12:13:34.829 INFO [main] org.apache.catalina.startup.VersionLoggerListener.log Имя версии сервера:    Apache Tomcat/11.0.2
22-Mar-2025 12:13:34.833 INFO [main] org.apache.catalina.startup.VersionLoggerListener.log Сервер собран:         Dec 5 2024 15:19:37 UTC
22-Mar-2025 12:13:34.833 INFO [main] org.apache.catalina.startup.VersionLoggerListener.log Номер версии сервера:  11.0.2.0
22-Mar-2025 12:13:34.833 INFO [main] org.apache.catalina.startup.VersionLoggerListener.log OS Name:               Linux
22-Mar-2025 12:13:34.834 INFO [main] org.apache.catalina.startup.VersionLoggerListener.log Версия ОС:             6.8.0-55-generic
22-Mar-2025 12:13:34.834 INFO [main] org.apache.catalina.startup.VersionLoggerListener.log Архитектура:           amd64
22-Mar-2025 12:13:34.834 INFO [main] org.apache.catalina.startup.VersionLoggerListener.log Java Home:             /usr/lib/jvm/java-21-openjdk-amd64
22-Mar-2025 12:13:34.834 INFO [main] org.apache.catalina.startup.VersionLoggerListener.log Версия JVM:            21.0.6+7-Ubuntu-124.04.1
22-Mar-2025 12:13:34.834 INFO [main] org.apache.catalina.startup.VersionLoggerListener.log Производитель JVM:     Ubuntu
22-Mar-2025 12:13:34.834 INFO [main] org.apache.catalina.startup.VersionLoggerListener.log CATALINA_BASE:         /home/serega/YandexPr/Middle/Final_Sprint_Tasks/Spring/blog/apache-tomcat-11
22-Mar-2025 12:13:34.834 INFO [main] org.apache.catalina.startup.VersionLoggerListener.log CATALINA_HOME:         /home/serega/YandexPr/Middle/Final_Sprint_Tasks/Spring/blog/apache-tomcat-11
22-Mar-2025 12:13:34.845 INFO [main] org.apache.catalina.startup.VersionLoggerListener.log Command line argument: -Djava.util.logging.config.file=/home/serega/YandexPr/Middle/Final_Sprint_Tasks/Spring/blog/apache-tomcat-11/conf/logging.properties
22-Mar-2025 12:13:34.845 INFO [main] org.apache.catalina.startup.VersionLoggerListener.log Command line argument: -Djava.util.logging.manager=org.apache.juli.ClassLoaderLogManager
22-Mar-2025 12:13:34.845 INFO [main] org.apache.catalina.startup.VersionLoggerListener.log Command line argument: -Djdk.tls.ephemeralDHKeySize=2048
22-Mar-2025 12:13:34.845 INFO [main] org.apache.catalina.startup.VersionLoggerListener.log Command line argument: -Dorg.apache.catalina.security.SecurityListener.UMASK=0027
22-Mar-2025 12:13:34.845 INFO [main] org.apache.catalina.startup.VersionLoggerListener.log Command line argument: --add-opens=java.base/java.lang=ALL-UNNAMED
22-Mar-2025 12:13:34.845 INFO [main] org.apache.catalina.startup.VersionLoggerListener.log Command line argument: --add-opens=java.base/java.io=ALL-UNNAMED
22-Mar-2025 12:13:34.845 INFO [main] org.apache.catalina.startup.VersionLoggerListener.log Command line argument: --add-opens=java.base/java.util=ALL-UNNAMED
22-Mar-2025 12:13:34.845 INFO [main] org.apache.catalina.startup.VersionLoggerListener.log Command line argument: --add-opens=java.base/java.util.concurrent=ALL-UNNAMED
22-Mar-2025 12:13:34.846 INFO [main] org.apache.catalina.startup.VersionLoggerListener.log Command line argument: --add-opens=java.rmi/sun.rmi.transport=ALL-UNNAMED
22-Mar-2025 12:13:34.846 INFO [main] org.apache.catalina.startup.VersionLoggerListener.log Command line argument: --enable-native-access=ALL-UNNAMED
22-Mar-2025 12:13:34.846 INFO [main] org.apache.catalina.startup.VersionLoggerListener.log Command line argument: -Dcatalina.base=/home/serega/YandexPr/Middle/Final_Sprint_Tasks/Spring/blog/apache-tomcat-11
22-Mar-2025 12:13:34.846 INFO [main] org.apache.catalina.startup.VersionLoggerListener.log Command line argument: -Dcatalina.home=/home/serega/YandexPr/Middle/Final_Sprint_Tasks/Spring/blog/apache-tomcat-11
22-Mar-2025 12:13:34.846 INFO [main] org.apache.catalina.startup.VersionLoggerListener.log Command line argument: -Djava.io.tmpdir=/home/serega/YandexPr/Middle/Final_Sprint_Tasks/Spring/blog/apache-tomcat-11/temp
22-Mar-2025 12:13:34.848 INFO [main] org.apache.catalina.core.AprLifecycleListener.lifecycleEvent The Apache Tomcat Native library which allows using OpenSSL was not found on the java.library.path: [/usr/java/packages/lib:/usr/lib/x86_64-linux-gnu/jni:/lib/x86_64-linux-gnu:/usr/lib/x86_64-linux-gnu:/usr/lib/jni:/lib:/usr/lib]
22-Mar-2025 12:13:35.235 INFO [main] org.apache.coyote.AbstractProtocol.init Инициализация ProtocolHandler ["http-nio-8080"]
22-Mar-2025 12:13:35.265 INFO [main] org.apache.catalina.startup.Catalina.load Server initialization in [622] milliseconds
22-Mar-2025 12:13:35.326 INFO [main] org.apache.catalina.core.StandardService.startInternal Starting service [Catalina]
22-Mar-2025 12:13:35.327 INFO [main] org.apache.catalina.core.StandardEngine.startInternal Starting Servlet engine: [Apache Tomcat/11.0.2]
22-Mar-2025 12:13:35.344 INFO [main] org.apache.catalina.startup.HostConfig.deployWAR Deploying web application archive [/home/serega/YandexPr/Middle/Final_Sprint_Tasks/Spring/blog/apache-tomcat-11/webapps/blog.war]
22-Mar-2025 12:13:36.995 INFO [main] org.apache.jasper.servlet.TldScanner.scanJars At least one JAR was scanned for TLDs yet contained no TLDs. Enable debug logging for this logger for a complete list of JARs that were scanned but no TLDs were found in them. Skipping unneeded JARs during scanning can improve startup time and JSP compilation time.
22-Mar-2025 12:13:38.819 INFO [main] org.apache.catalina.startup.HostConfig.deployWAR Deployment of web application archive [/home/serega/YandexPr/Middle/Final_Sprint_Tasks/Spring/blog/apache-tomcat-11/webapps/blog.war] has finished in [3 473] ms
22-Mar-2025 12:13:38.822 INFO [main] org.apache.catalina.startup.HostConfig.deployDirectory Установка веб приложения в папку [/home/serega/YandexPr/Middle/Final_Sprint_Tasks/Spring/blog/apache-tomcat-11/webapps/docs]
22-Mar-2025 12:13:38.867 INFO [main] org.apache.catalina.startup.HostConfig.deployDirectory Deployment of web application directory [/home/serega/YandexPr/Middle/Final_Sprint_Tasks/Spring/blog/apache-tomcat-11/webapps/docs] has finished in [46] ms
22-Mar-2025 12:13:38.867 INFO [main] org.apache.catalina.startup.HostConfig.deployDirectory Установка веб приложения в папку [/home/serega/YandexPr/Middle/Final_Sprint_Tasks/Spring/blog/apache-tomcat-11/webapps/ROOT]
22-Mar-2025 12:13:38.904 INFO [main] org.apache.catalina.startup.HostConfig.deployDirectory Deployment of web application directory [/home/serega/YandexPr/Middle/Final_Sprint_Tasks/Spring/blog/apache-tomcat-11/webapps/ROOT] has finished in [37] ms
22-Mar-2025 12:13:38.905 INFO [main] org.apache.catalina.startup.HostConfig.deployDirectory Установка веб приложения в папку [/home/serega/YandexPr/Middle/Final_Sprint_Tasks/Spring/blog/apache-tomcat-11/webapps/examples]
22-Mar-2025 12:13:39.227 INFO [main] org.apache.catalina.startup.HostConfig.deployDirectory Deployment of web application directory [/home/serega/YandexPr/Middle/Final_Sprint_Tasks/Spring/blog/apache-tomcat-11/webapps/examples] has finished in [322] ms
22-Mar-2025 12:13:39.227 INFO [main] org.apache.catalina.startup.HostConfig.deployDirectory Установка веб приложения в папку [/home/serega/YandexPr/Middle/Final_Sprint_Tasks/Spring/blog/apache-tomcat-11/webapps/host-manager]
22-Mar-2025 12:13:39.256 INFO [main] org.apache.catalina.startup.HostConfig.deployDirectory Deployment of web application directory [/home/serega/YandexPr/Middle/Final_Sprint_Tasks/Spring/blog/apache-tomcat-11/webapps/host-manager] has finished in [29] ms
22-Mar-2025 12:13:39.257 INFO [main] org.apache.catalina.startup.HostConfig.deployDirectory Установка веб приложения в папку [/home/serega/YandexPr/Middle/Final_Sprint_Tasks/Spring/blog/apache-tomcat-11/webapps/manager]
22-Mar-2025 12:13:39.283 INFO [main] org.apache.catalina.startup.HostConfig.deployDirectory Deployment of web application directory [/home/serega/YandexPr/Middle/Final_Sprint_Tasks/Spring/blog/apache-tomcat-11/webapps/manager] has finished in [26] ms
22-Mar-2025 12:13:39.287 INFO [main] org.apache.coyote.AbstractProtocol.start Starting ProtocolHandler ["http-nio-8080"]
22-Mar-2025 12:13:39.299 INFO [main] org.apache.catalina.startup.Catalina.start Server startup in [4032] milliseconds
22-Mar-2025 12:15:28.601 INFO [main] org.apache.catalina.core.StandardServer.await A valid shutdown command was received via the shutdown port. Stopping the Server instance.
22-Mar-2025 12:15:28.601 INFO [main] org.apache.coyote.AbstractProtocol.pause Pausing ProtocolHandler ["http-nio-8080"]
22-Mar-2025 12:15:28.603 INFO [main] org.apache.catalina.core.StandardService.stopInternal Stopping service [Catalina]
22-Mar-2025 12:15:28.620 WARNING [main] org.apache.catalina.loader.WebappClassLoaderBase.clearReferencesJdbc The web application [blog] registered the JDBC driver [org.postgresql.Driver] but failed to unregister it when the web application was stopped. To prevent a memory leak, the JDBC Driver has been forcibly unregistered.
22-Mar-2025 12:15:28.635 INFO [main] org.apache.coyote.AbstractProtocol.stop Stopping ProtocolHandler ["http-nio-8080"]
22-Mar-2025 12:15:28.648 INFO [main] org.apache.coyote.AbstractProtocol.destroy Destroying ProtocolHandler ["http-nio-8080"]
22-Mar-2025 12:15:49.135 INFO [main] org.apache.catalina.startup.VersionLoggerListener.log Имя версии сервера:    Apache Tomcat/11.0.2
22-Mar-2025 12:15:49.139 INFO [main] org.apache.catalina.startup.VersionLoggerListener.log Сервер собран:         Dec 5 2024 15:19:37 UTC
22-Mar-2025 12:15:49.139 INFO [main] org.apache.catalina.startup.VersionLoggerListener.log Номер версии сервера:  11.0.2.0
22-Mar-2025 12:15:49.139 INFO [main] org.apache.catalina.startup.VersionLoggerListener.log OS Name:               Linux
22-Mar-2025 12:15:49.139 INFO [main] org.apache.catalina.startup.VersionLoggerListener.log Версия ОС:             6.8.0-55-generic
22-Mar-2025 12:15:49.139 INFO [main] org.apache.catalina.startup.VersionLoggerListener.log Архитектура:           amd64
22-Mar-2025 12:15:49.140 INFO [main] org.apache.catalina.startup.VersionLoggerListener.log Java Home:             /usr/lib/jvm/java-21-openjdk-amd64
22-Mar-2025 12:15:49.140 INFO [main] org.apache.catalina.startup.VersionLoggerListener.log Версия JVM:            21.0.6+7-Ubuntu-124.04.1
22-Mar-2025 12:15:49.140 INFO [main] org.apache.catalina.startup.VersionLoggerListener.log Производитель JVM:     Ubuntu
22-Mar-2025 12:15:49.140 INFO [main] org.apache.catalina.startup.VersionLoggerListener.log CATALINA_BASE:         /home/serega/YandexPr/Middle/Final_Sprint_Tasks/Spring/blog/apache-tomcat-11
22-Mar-2025 12:15:49.140 INFO [main] org.apache.catalina.startup.VersionLoggerListener.log CATALINA_HOME:         /home/serega/YandexPr/Middle/Final_Sprint_Tasks/Spring/blog/apache-tomcat-11
22-Mar-2025 12:15:49.152 INFO [main] org.apache.catalina.startup.VersionLoggerListener.log Command line argument: -Djava.util.logging.config.file=/home/serega/YandexPr/Middle/Final_Sprint_Tasks/Spring/blog/apache-tomcat-11/conf/logging.properties
22-Mar-2025 12:15:49.152 INFO [main] org.apache.catalina.startup.VersionLoggerListener.log Command line argument: -Djava.util.logging.manager=org.apache.juli.ClassLoaderLogManager
22-Mar-2025 12:15:49.152 INFO [main] org.apache.catalina.startup.VersionLoggerListener.log Command line argument: -Djdk.tls.ephemeralDHKeySize=2048
22-Mar-2025 12:15:49.152 INFO [main] org.apache.catalina.startup.VersionLoggerListener.log Command line argument: -Dorg.apache.catalina.security.SecurityListener.UMASK=0027
22-Mar-2025 12:15:49.152 INFO [main] org.apache.catalina.startup.VersionLoggerListener.log Command line argument: --add-opens=java.base/java.lang=ALL-UNNAMED
22-Mar-2025 12:15:49.152 INFO [main] org.apache.catalina.startup.VersionLoggerListener.log Command line argument: --add-opens=java.base/java.io=ALL-UNNAMED
22-Mar-2025 12:15:49.153 INFO [main] org.apache.catalina.startup.VersionLoggerListener.log Command line argument: --add-opens=java.base/java.util=ALL-UNNAMED
22-Mar-2025 12:15:49.153 INFO [main] org.apache.catalina.startup.VersionLoggerListener.log Command line argument: --add-opens=java.base/java.util.concurrent=ALL-UNNAMED
22-Mar-2025 12:15:49.153 INFO [main] org.apache.catalina.startup.VersionLoggerListener.log Command line argument: --add-opens=java.rmi/sun.rmi.transport=ALL-UNNAMED
22-Mar-2025 12:15:49.153 INFO [main] org.apache.catalina.startup.VersionLoggerListener.log Command line argument: --enable-native-access=ALL-UNNAMED
22-Mar-2025 12:15:49.153 INFO [main] org.apache.catalina.startup.VersionLoggerListener.log Command line argument: -Dcatalina.base=/home/serega/YandexPr/Middle/Final_Sprint_Tasks/Spring/blog/apache-tomcat-11
22-Mar-2025 12:15:49.153 INFO [main] org.apache.catalina.startup.VersionLoggerListener.log Command line argument: -Dcatalina.home=/home/serega/YandexPr/Middle/Final_Sprint_Tasks/Spring/blog/apache-tomcat-11
22-Mar-2025 12:15:49.153 INFO [main] org.apache.catalina.startup.VersionLoggerListener.log Command line argument: -Djava.io.tmpdir=/home/serega/YandexPr/Middle/Final_Sprint_Tasks/Spring/blog/apache-tomcat-11/temp
22-Mar-2025 12:15:49.155 INFO [main] org.apache.catalina.core.AprLifecycleListener.lifecycleEvent The Apache Tomcat Native library which allows using OpenSSL was not found on the java.library.path: [/usr/java/packages/lib:/usr/lib/x86_64-linux-gnu/jni:/lib/x86_64-linux-gnu:/usr/lib/x86_64-linux-gnu:/usr/lib/jni:/lib:/usr/lib]
22-Mar-2025 12:15:49.499 INFO [main] org.apache.coyote.AbstractProtocol.init Инициализация ProtocolHandler ["http-nio-8080"]
22-Mar-2025 12:15:49.524 INFO [main] org.apache.catalina.startup.Catalina.load Server initialization in [578] milliseconds
22-Mar-2025 12:15:49.582 INFO [main] org.apache.catalina.core.StandardService.startInternal Starting service [Catalina]
22-Mar-2025 12:15:49.582 INFO [main] org.apache.catalina.core.StandardEngine.startInternal Starting Servlet engine: [Apache Tomcat/11.0.2]
22-Mar-2025 12:15:49.601 INFO [main] org.apache.catalina.startup.HostConfig.deployWAR Deploying web application archive [/home/serega/YandexPr/Middle/Final_Sprint_Tasks/Spring/blog/apache-tomcat-11/webapps/blog.war]
22-Mar-2025 12:15:51.215 INFO [main] org.apache.jasper.servlet.TldScanner.scanJars At least one JAR was scanned for TLDs yet contained no TLDs. Enable debug logging for this logger for a complete list of JARs that were scanned but no TLDs were found in them. Skipping unneeded JARs during scanning can improve startup time and JSP compilation time.
22-Mar-2025 12:15:52.880 INFO [main] org.apache.catalina.startup.HostConfig.deployWAR Deployment of web application archive [/home/serega/YandexPr/Middle/Final_Sprint_Tasks/Spring/blog/apache-tomcat-11/webapps/blog.war] has finished in [3 279] ms
22-Mar-2025 12:15:52.881 INFO [main] org.apache.catalina.startup.HostConfig.deployDirectory Установка веб приложения в папку [/home/serega/YandexPr/Middle/Final_Sprint_Tasks/Spring/blog/apache-tomcat-11/webapps/docs]
22-Mar-2025 12:15:52.907 INFO [main] org.apache.catalina.startup.HostConfig.deployDirectory Deployment of web application directory [/home/serega/YandexPr/Middle/Final_Sprint_Tasks/Spring/blog/apache-tomcat-11/webapps/docs] has finished in [25] ms
22-Mar-2025 12:15:52.907 INFO [main] org.apache.catalina.startup.HostConfig.deployDirectory Установка веб приложения в папку [/home/serega/YandexPr/Middle/Final_Sprint_Tasks/Spring/blog/apache-tomcat-11/webapps/ROOT]
22-Mar-2025 12:15:52.925 INFO [main] org.apache.catalina.startup.HostConfig.deployDirectory Deployment of web application directory [/home/serega/YandexPr/Middle/Final_Sprint_Tasks/Spring/blog/apache-tomcat-11/webapps/ROOT] has finished in [18] ms
22-Mar-2025 12:15:52.926 INFO [main] org.apache.catalina.startup.HostConfig.deployDirectory Установка веб приложения в папку [/home/serega/YandexPr/Middle/Final_Sprint_Tasks/Spring/blog/apache-tomcat-11/webapps/examples]
22-Mar-2025 12:15:53.137 INFO [main] org.apache.catalina.startup.HostConfig.deployDirectory Deployment of web application directory [/home/serega/YandexPr/Middle/Final_Sprint_Tasks/Spring/blog/apache-tomcat-11/webapps/examples] has finished in [211] ms
22-Mar-2025 12:15:53.138 INFO [main] org.apache.catalina.startup.HostConfig.deployDirectory Установка веб приложения в папку [/home/serega/YandexPr/Middle/Final_Sprint_Tasks/Spring/blog/apache-tomcat-11/webapps/host-manager]
22-Mar-2025 12:15:53.164 INFO [main] org.apache.catalina.startup.HostConfig.deployDirectory Deployment of web application directory [/home/serega/YandexPr/Middle/Final_Sprint_Tasks/Spring/blog/apache-tomcat-11/webapps/host-manager] has finished in [26] ms
22-Mar-2025 12:15:53.164 INFO [main] org.apache.catalina.startup.HostConfig.deployDirectory Установка веб приложения в папку [/home/serega/YandexPr/Middle/Final_Sprint_Tasks/Spring/blog/apache-tomcat-11/webapps/manager]
22-Mar-2025 12:15:53.186 INFO [main] org.apache.catalina.startup.HostConfig.deployDirectory Deployment of web application directory [/home/serega/YandexPr/Middle/Final_Sprint_Tasks/Spring/blog/apache-tomcat-11/webapps/manager] has finished in [21] ms
22-Mar-2025 12:15:53.191 INFO [main] org.apache.coyote.AbstractProtocol.start Starting ProtocolHandler ["http-nio-8080"]
22-Mar-2025 12:15:53.203 INFO [main] org.apache.catalina.startup.Catalina.start Server startup in [3677] milliseconds
22-Mar-2025 12:18:00.094 INFO [main] org.apache.catalina.core.StandardServer.await A valid shutdown command was received via the shutdown port. Stopping the Server instance.
22-Mar-2025 12:18:00.095 INFO [main] org.apache.coyote.AbstractProtocol.pause Pausing ProtocolHandler ["http-nio-8080"]
22-Mar-2025 12:18:00.097 INFO [main] org.apache.catalina.core.StandardService.stopInternal Stopping service [Catalina]
22-Mar-2025 12:18:00.110 WARNING [main] org.apache.catalina.loader.WebappClassLoaderBase.clearReferencesJdbc The web application [blog] registered the JDBC driver [org.postgresql.Driver] but failed to unregister it when the web application was stopped. To prevent a memory leak, the JDBC Driver has been forcibly unregistered.
22-Mar-2025 12:18:00.125 INFO [main] org.apache.coyote.AbstractProtocol.stop Stopping ProtocolHandler ["http-nio-8080"]
22-Mar-2025 12:18:00.130 INFO [main] org.apache.coyote.AbstractProtocol.destroy Destroying ProtocolHandler ["http-nio-8080"]
22-Mar-2025 12:18:07.585 INFO [main] org.apache.catalina.startup.VersionLoggerListener.log Имя версии сервера:    Apache Tomcat/11.0.2
22-Mar-2025 12:18:07.589 INFO [main] org.apache.catalina.startup.VersionLoggerListener.log Сервер собран:         Dec 5 2024 15:19:37 UTC
22-Mar-2025 12:18:07.589 INFO [main] org.apache.catalina.startup.VersionLoggerListener.log Номер версии сервера:  11.0.2.0
22-Mar-2025 12:18:07.589 INFO [main] org.apache.catalina.startup.VersionLoggerListener.log OS Name:               Linux
22-Mar-2025 12:18:07.589 INFO [main] org.apache.catalina.startup.VersionLoggerListener.log Версия ОС:             6.8.0-55-generic
22-Mar-2025 12:18:07.590 INFO [main] org.apache.catalina.startup.VersionLoggerListener.log Архитектура:           amd64
22-Mar-2025 12:18:07.590 INFO [main] org.apache.catalina.startup.VersionLoggerListener.log Java Home:             /usr/lib/jvm/java-21-openjdk-amd64
22-Mar-2025 12:18:07.590 INFO [main] org.apache.catalina.startup.VersionLoggerListener.log Версия JVM:            21.0.6+7-Ubuntu-124.04.1
22-Mar-2025 12:18:07.590 INFO [main] org.apache.catalina.startup.VersionLoggerListener.log Производитель JVM:     Ubuntu
22-Mar-2025 12:18:07.590 INFO [main] org.apache.catalina.startup.VersionLoggerListener.log CATALINA_BASE:         /home/serega/YandexPr/Middle/Final_Sprint_Tasks/Spring/blog/apache-tomcat-11
22-Mar-2025 12:18:07.590 INFO [main] org.apache.catalina.startup.VersionLoggerListener.log CATALINA_HOME:         /home/serega/YandexPr/Middle/Final_Sprint_Tasks/Spring/blog/apache-tomcat-11
22-Mar-2025 12:18:07.603 INFO [main] org.apache.catalina.startup.VersionLoggerListener.log Command line argument: -Djava.util.logging.config.file=/home/serega/YandexPr/Middle/Final_Sprint_Tasks/Spring/blog/apache-tomcat-11/conf/logging.properties
22-Mar-2025 12:18:07.603 INFO [main] org.apache.catalina.startup.VersionLoggerListener.log Command line argument: -Djava.util.logging.manager=org.apache.juli.ClassLoaderLogManager
22-Mar-2025 12:18:07.603 INFO [main] org.apache.catalina.startup.VersionLoggerListener.log Command line argument: -Djdk.tls.ephemeralDHKeySize=2048
22-Mar-2025 12:18:07.603 INFO [main] org.apache.catalina.startup.VersionLoggerListener.log Command line argument: -Dorg.apache.catalina.security.SecurityListener.UMASK=0027
22-Mar-2025 12:18:07.603 INFO [main] org.apache.catalina.startup.VersionLoggerListener.log Command line argument: --add-opens=java.base/java.lang=ALL-UNNAMED
22-Mar-2025 12:18:07.604 INFO [main] org.apache.catalina.startup.VersionLoggerListener.log Command line argument: --add-opens=java.base/java.io=ALL-UNNAMED
22-Mar-2025 12:18:07.604 INFO [main] org.apache.catalina.startup.VersionLoggerListener.log Command line argument: --add-opens=java.base/java.util=ALL-UNNAMED
22-Mar-2025 12:18:07.604 INFO [main] org.apache.catalina.startup.VersionLoggerListener.log Command line argument: --add-opens=java.base/java.util.concurrent=ALL-UNNAMED
22-Mar-2025 12:18:07.604 INFO [main] org.apache.catalina.startup.VersionLoggerListener.log Command line argument: --add-opens=java.rmi/sun.rmi.transport=ALL-UNNAMED
22-Mar-2025 12:18:07.604 INFO [main] org.apache.catalina.startup.VersionLoggerListener.log Command line argument: --enable-native-access=ALL-UNNAMED
22-Mar-2025 12:18:07.604 INFO [main] org.apache.catalina.startup.VersionLoggerListener.log Command line argument: -Dcatalina.base=/home/serega/YandexPr/Middle/Final_Sprint_Tasks/Spring/blog/apache-tomcat-11
22-Mar-2025 12:18:07.604 INFO [main] org.apache.catalina.startup.VersionLoggerListener.log Command line argument: -Dcatalina.home=/home/serega/YandexPr/Middle/Final_Sprint_Tasks/Spring/blog/apache-tomcat-11
22-Mar-2025 12:18:07.605 INFO [main] org.apache.catalina.startup.VersionLoggerListener.log Command line argument: -Djava.io.tmpdir=/home/serega/YandexPr/Middle/Final_Sprint_Tasks/Spring/blog/apache-tomcat-11/temp
22-Mar-2025 12:18:07.607 INFO [main] org.apache.catalina.core.AprLifecycleListener.lifecycleEvent The Apache Tomcat Native library which allows using OpenSSL was not found on the java.library.path: [/usr/java/packages/lib:/usr/lib/x86_64-linux-gnu/jni:/lib/x86_64-linux-gnu:/usr/lib/x86_64-linux-gnu:/usr/lib/jni:/lib:/usr/lib]
22-Mar-2025 12:18:08.031 INFO [main] org.apache.coyote.AbstractProtocol.init Инициализация ProtocolHandler ["http-nio-8080"]
22-Mar-2025 12:18:08.054 INFO [main] org.apache.catalina.startup.Catalina.load Server initialization in [667] milliseconds
22-Mar-2025 12:18:08.098 INFO [main] org.apache.catalina.core.StandardService.startInternal Starting service [Catalina]
22-Mar-2025 12:18:08.098 INFO [main] org.apache.catalina.core.StandardEngine.startInternal Starting Servlet engine: [Apache Tomcat/11.0.2]
22-Mar-2025 12:18:08.113 INFO [main] org.apache.catalina.startup.HostConfig.deployWAR Deploying web application archive [/home/serega/YandexPr/Middle/Final_Sprint_Tasks/Spring/blog/apache-tomcat-11/webapps/blog.war]
22-Mar-2025 12:18:09.779 INFO [main] org.apache.jasper.servlet.TldScanner.scanJars At least one JAR was scanned for TLDs yet contained no TLDs. Enable debug logging for this logger for a complete list of JARs that were scanned but no TLDs were found in them. Skipping unneeded JARs during scanning can improve startup time and JSP compilation time.
22-Mar-2025 12:18:11.439 INFO [main] org.apache.catalina.startup.HostConfig.deployWAR Deployment of web application archive [/home/serega/YandexPr/Middle/Final_Sprint_Tasks/Spring/blog/apache-tomcat-11/webapps/blog.war] has finished in [3 326] ms
22-Mar-2025 12:18:11.440 INFO [main] org.apache.catalina.startup.HostConfig.deployDirectory Установка веб приложения в папку [/home/serega/YandexPr/Middle/Final_Sprint_Tasks/Spring/blog/apache-tomcat-11/webapps/docs]
22-Mar-2025 12:18:11.466 INFO [main] org.apache.catalina.startup.HostConfig.deployDirectory Deployment of web application directory [/home/serega/YandexPr/Middle/Final_Sprint_Tasks/Spring/blog/apache-tomcat-11/webapps/docs] has finished in [26] ms
22-Mar-2025 12:18:11.467 INFO [main] org.apache.catalina.startup.HostConfig.deployDirectory Установка веб приложения в папку [/home/serega/YandexPr/Middle/Final_Sprint_Tasks/Spring/blog/apache-tomcat-11/webapps/ROOT]
22-Mar-2025 12:18:11.490 INFO [main] org.apache.catalina.startup.HostConfig.deployDirectory Deployment of web application directory [/home/serega/YandexPr/Middle/Final_Sprint_Tasks/Spring/blog/apache-tomcat-11/webapps/ROOT] has finished in [23] ms
22-Mar-2025 12:18:11.491 INFO [main] org.apache.catalina.startup.HostConfig.deployDirectory Установка веб приложения в папку [/home/serega/YandexPr/Middle/Final_Sprint_Tasks/Spring/blog/apache-tomcat-11/webapps/examples]
22-Mar-2025 12:18:11.739 INFO [main] org.apache.catalina.startup.HostConfig.deployDirectory Deployment of web application directory [/home/serega/YandexPr/Middle/Final_Sprint_Tasks/Spring/blog/apache-tomcat-11/webapps/examples] has finished in [247] ms
22-Mar-2025 12:18:11.739 INFO [main] org.apache.catalina.startup.HostConfig.deployDirectory Установка веб приложения в папку [/home/serega/YandexPr/Middle/Final_Sprint_Tasks/Spring/blog/apache-tomcat-11/webapps/host-manager]
22-Mar-2025 12:18:11.777 INFO [main] org.apache.catalina.startup.HostConfig.deployDirectory Deployment of web application directory [/home/serega/YandexPr/Middle/Final_Sprint_Tasks/Spring/blog/apache-tomcat-11/webapps/host-manager] has finished in [37] ms
22-Mar-2025 12:18:11.777 INFO [main] org.apache.catalina.startup.HostConfig.deployDirectory Установка веб приложения в папку [/home/serega/YandexPr/Middle/Final_Sprint_Tasks/Spring/blog/apache-tomcat-11/webapps/manager]
22-Mar-2025 12:18:11.811 INFO [main] org.apache.catalina.startup.HostConfig.deployDirectory Deployment of web application directory [/home/serega/YandexPr/Middle/Final_Sprint_Tasks/Spring/blog/apache-tomcat-11/webapps/manager] has finished in [34] ms
22-Mar-2025 12:18:11.817 INFO [main] org.apache.coyote.AbstractProtocol.start Starting ProtocolHandler ["http-nio-8080"]
22-Mar-2025 12:18:11.833 INFO [main] org.apache.catalina.startup.Catalina.start Server startup in [3777] milliseconds
22-Mar-2025 12:19:55.463 INFO [main] org.apache.catalina.core.StandardServer.await A valid shutdown command was received via the shutdown port. Stopping the Server instance.
22-Mar-2025 12:19:55.464 INFO [main] org.apache.coyote.AbstractProtocol.pause Pausing ProtocolHandler ["http-nio-8080"]
22-Mar-2025 12:19:55.465 INFO [main] org.apache.catalina.core.StandardService.stopInternal Stopping service [Catalina]
22-Mar-2025 12:19:55.480 WARNING [main] org.apache.catalina.loader.WebappClassLoaderBase.clearReferencesJdbc The web application [blog] registered the JDBC driver [org.postgresql.Driver] but failed to unregister it when the web application was stopped. To prevent a memory leak, the JDBC Driver has been forcibly unregistered.
22-Mar-2025 12:19:55.497 INFO [main] org.apache.coyote.AbstractProtocol.stop Stopping ProtocolHandler ["http-nio-8080"]
22-Mar-2025 12:19:55.509 INFO [main] org.apache.coyote.AbstractProtocol.destroy Destroying ProtocolHandler ["http-nio-8080"]
22-Mar-2025 12:20:01.574 INFO [main] org.apache.catalina.startup.VersionLoggerListener.log Имя версии сервера:    Apache Tomcat/11.0.2
22-Mar-2025 12:20:01.580 INFO [main] org.apache.catalina.startup.VersionLoggerListener.log Сервер собран:         Dec 5 2024 15:19:37 UTC
22-Mar-2025 12:20:01.581 INFO [main] org.apache.catalina.startup.VersionLoggerListener.log Номер версии сервера:  11.0.2.0
22-Mar-2025 12:20:01.581 INFO [main] org.apache.catalina.startup.VersionLoggerListener.log OS Name:               Linux
22-Mar-2025 12:20:01.581 INFO [main] org.apache.catalina.startup.VersionLoggerListener.log Версия ОС:             6.8.0-55-generic
22-Mar-2025 12:20:01.581 INFO [main] org.apache.catalina.startup.VersionLoggerListener.log Архитектура:           amd64
22-Mar-2025 12:20:01.582 INFO [main] org.apache.catalina.startup.VersionLoggerListener.log Java Home:             /usr/lib/jvm/java-21-openjdk-amd64
22-Mar-2025 12:20:01.582 INFO [main] org.apache.catalina.startup.VersionLoggerListener.log Версия JVM:            21.0.6+7-Ubuntu-124.04.1
22-Mar-2025 12:20:01.582 INFO [main] org.apache.catalina.startup.VersionLoggerListener.log Производитель JVM:     Ubuntu
22-Mar-2025 12:20:01.582 INFO [main] org.apache.catalina.startup.VersionLoggerListener.log CATALINA_BASE:         /home/serega/YandexPr/Middle/Final_Sprint_Tasks/Spring/blog/apache-tomcat-11
22-Mar-2025 12:20:01.582 INFO [main] org.apache.catalina.startup.VersionLoggerListener.log CATALINA_HOME:         /home/serega/YandexPr/Middle/Final_Sprint_Tasks/Spring/blog/apache-tomcat-11
22-Mar-2025 12:20:01.594 INFO [main] org.apache.catalina.startup.VersionLoggerListener.log Command line argument: -Djava.util.logging.config.file=/home/serega/YandexPr/Middle/Final_Sprint_Tasks/Spring/blog/apache-tomcat-11/conf/logging.properties
22-Mar-2025 12:20:01.594 INFO [main] org.apache.catalina.startup.VersionLoggerListener.log Command line argument: -Djava.util.logging.manager=org.apache.juli.ClassLoaderLogManager
22-Mar-2025 12:20:01.594 INFO [main] org.apache.catalina.startup.VersionLoggerListener.log Command line argument: -Djdk.tls.ephemeralDHKeySize=2048
22-Mar-2025 12:20:01.594 INFO [main] org.apache.catalina.startup.VersionLoggerListener.log Command line argument: -Dorg.apache.catalina.security.SecurityListener.UMASK=0027
22-Mar-2025 12:20:01.595 INFO [main] org.apache.catalina.startup.VersionLoggerListener.log Command line argument: --add-opens=java.base/java.lang=ALL-UNNAMED
22-Mar-2025 12:20:01.595 INFO [main] org.apache.catalina.startup.VersionLoggerListener.log Command line argument: --add-opens=java.base/java.io=ALL-UNNAMED
22-Mar-2025 12:20:01.595 INFO [main] org.apache.catalina.startup.VersionLoggerListener.log Command line argument: --add-opens=java.base/java.util=ALL-UNNAMED
22-Mar-2025 12:20:01.595 INFO [main] org.apache.catalina.startup.VersionLoggerListener.log Command line argument: --add-opens=java.base/java.util.concurrent=ALL-UNNAMED
22-Mar-2025 12:20:01.595 INFO [main] org.apache.catalina.startup.VersionLoggerListener.log Command line argument: --add-opens=java.rmi/sun.rmi.transport=ALL-UNNAMED
22-Mar-2025 12:20:01.595 INFO [main] org.apache.catalina.startup.VersionLoggerListener.log Command line argument: --enable-native-access=ALL-UNNAMED
22-Mar-2025 12:20:01.595 INFO [main] org.apache.catalina.startup.VersionLoggerListener.log Command line argument: -Dcatalina.base=/home/serega/YandexPr/Middle/Final_Sprint_Tasks/Spring/blog/apache-tomcat-11
22-Mar-2025 12:20:01.596 INFO [main] org.apache.catalina.startup.VersionLoggerListener.log Command line argument: -Dcatalina.home=/home/serega/YandexPr/Middle/Final_Sprint_Tasks/Spring/blog/apache-tomcat-11
22-Mar-2025 12:20:01.596 INFO [main] org.apache.catalina.startup.VersionLoggerListener.log Command line argument: -Djava.io.tmpdir=/home/serega/YandexPr/Middle/Final_Sprint_Tasks/Spring/blog/apache-tomcat-11/temp
22-Mar-2025 12:20:01.598 INFO [main] org.apache.catalina.core.AprLifecycleListener.lifecycleEvent The Apache Tomcat Native library which allows using OpenSSL was not found on the java.library.path: [/usr/java/packages/lib:/usr/lib/x86_64-linux-gnu/jni:/lib/x86_64-linux-gnu:/usr/lib/x86_64-linux-gnu:/usr/lib/jni:/lib:/usr/lib]
22-Mar-2025 12:20:01.990 INFO [main] org.apache.coyote.AbstractProtocol.init Инициализация ProtocolHandler ["http-nio-8080"]
22-Mar-2025 12:20:02.019 INFO [main] org.apache.catalina.startup.Catalina.load Server initialization in [656] milliseconds
22-Mar-2025 12:20:02.079 INFO [main] org.apache.catalina.core.StandardService.startInternal Starting service [Catalina]
22-Mar-2025 12:20:02.079 INFO [main] org.apache.catalina.core.StandardEngine.startInternal Starting Servlet engine: [Apache Tomcat/11.0.2]
22-Mar-2025 12:20:02.098 INFO [main] org.apache.catalina.startup.HostConfig.deployWAR Deploying web application archive [/home/serega/YandexPr/Middle/Final_Sprint_Tasks/Spring/blog/apache-tomcat-11/webapps/blog.war]
22-Mar-2025 12:20:03.895 INFO [main] org.apache.jasper.servlet.TldScanner.scanJars At least one JAR was scanned for TLDs yet contained no TLDs. Enable debug logging for this logger for a complete list of JARs that were scanned but no TLDs were found in them. Skipping unneeded JARs during scanning can improve startup time and JSP compilation time.
22-Mar-2025 12:20:05.628 INFO [main] org.apache.catalina.startup.HostConfig.deployWAR Deployment of web application archive [/home/serega/YandexPr/Middle/Final_Sprint_Tasks/Spring/blog/apache-tomcat-11/webapps/blog.war] has finished in [3 530] ms
22-Mar-2025 12:20:05.629 INFO [main] org.apache.catalina.startup.HostConfig.deployDirectory Установка веб приложения в папку [/home/serega/YandexPr/Middle/Final_Sprint_Tasks/Spring/blog/apache-tomcat-11/webapps/docs]
22-Mar-2025 12:20:05.655 INFO [main] org.apache.catalina.startup.HostConfig.deployDirectory Deployment of web application directory [/home/serega/YandexPr/Middle/Final_Sprint_Tasks/Spring/blog/apache-tomcat-11/webapps/docs] has finished in [26] ms
22-Mar-2025 12:20:05.655 INFO [main] org.apache.catalina.startup.HostConfig.deployDirectory Установка веб приложения в папку [/home/serega/YandexPr/Middle/Final_Sprint_Tasks/Spring/blog/apache-tomcat-11/webapps/ROOT]
22-Mar-2025 12:20:05.674 INFO [main] org.apache.catalina.startup.HostConfig.deployDirectory Deployment of web application directory [/home/serega/YandexPr/Middle/Final_Sprint_Tasks/Spring/blog/apache-tomcat-11/webapps/ROOT] has finished in [19] ms
22-Mar-2025 12:20:05.674 INFO [main] org.apache.catalina.startup.HostConfig.deployDirectory Установка веб приложения в папку [/home/serega/YandexPr/Middle/Final_Sprint_Tasks/Spring/blog/apache-tomcat-11/webapps/examples]
22-Mar-2025 12:20:05.885 INFO [main] org.apache.catalina.startup.HostConfig.deployDirectory Deployment of web application directory [/home/serega/YandexPr/Middle/Final_Sprint_Tasks/Spring/blog/apache-tomcat-11/webapps/examples] has finished in [211] ms
22-Mar-2025 12:20:05.885 INFO [main] org.apache.catalina.startup.HostConfig.deployDirectory Установка веб приложения в папку [/home/serega/YandexPr/Middle/Final_Sprint_Tasks/Spring/blog/apache-tomcat-11/webapps/host-manager]
22-Mar-2025 12:20:05.907 INFO [main] org.apache.catalina.startup.HostConfig.deployDirectory Deployment of web application directory [/home/serega/YandexPr/Middle/Final_Sprint_Tasks/Spring/blog/apache-tomcat-11/webapps/host-manager] has finished in [22] ms
22-Mar-2025 12:20:05.908 INFO [main] org.apache.catalina.startup.HostConfig.deployDirectory Установка веб приложения в папку [/home/serega/YandexPr/Middle/Final_Sprint_Tasks/Spring/blog/apache-tomcat-11/webapps/manager]
22-Mar-2025 12:20:05.928 INFO [main] org.apache.catalina.startup.HostConfig.deployDirectory Deployment of web application directory [/home/serega/YandexPr/Middle/Final_Sprint_Tasks/Spring/blog/apache-tomcat-11/webapps/manager] has finished in [20] ms
22-Mar-2025 12:20:05.933 INFO [main] org.apache.coyote.AbstractProtocol.start Starting ProtocolHandler ["http-nio-8080"]
22-Mar-2025 12:20:05.944 INFO [main] org.apache.catalina.startup.Catalina.start Server startup in [3923] milliseconds
22-Mar-2025 12:21:37.968 INFO [main] org.apache.catalina.core.StandardServer.await A valid shutdown command was received via the shutdown port. Stopping the Server instance.
22-Mar-2025 12:21:37.969 INFO [main] org.apache.coyote.AbstractProtocol.pause Pausing ProtocolHandler ["http-nio-8080"]
22-Mar-2025 12:21:37.970 INFO [main] org.apache.catalina.core.StandardService.stopInternal Stopping service [Catalina]
22-Mar-2025 12:21:37.984 WARNING [main] org.apache.catalina.loader.WebappClassLoaderBase.clearReferencesJdbc The web application [blog] registered the JDBC driver [org.postgresql.Driver] but failed to unregister it when the web application was stopped. To prevent a memory leak, the JDBC Driver has been forcibly unregistered.
22-Mar-2025 12:21:38.001 INFO [main] org.apache.coyote.AbstractProtocol.stop Stopping ProtocolHandler ["http-nio-8080"]
22-Mar-2025 12:21:38.003 INFO [main] org.apache.coyote.AbstractProtocol.destroy Destroying ProtocolHandler ["http-nio-8080"]
22-Mar-2025 12:21:45.851 INFO [main] org.apache.catalina.startup.VersionLoggerListener.log Имя версии сервера:    Apache Tomcat/11.0.2
22-Mar-2025 12:21:45.856 INFO [main] org.apache.catalina.startup.VersionLoggerListener.log Сервер собран:         Dec 5 2024 15:19:37 UTC
22-Mar-2025 12:21:45.856 INFO [main] org.apache.catalina.startup.VersionLoggerListener.log Номер версии сервера:  11.0.2.0
22-Mar-2025 12:21:45.856 INFO [main] org.apache.catalina.startup.VersionLoggerListener.log OS Name:               Linux
22-Mar-2025 12:21:45.857 INFO [main] org.apache.catalina.startup.VersionLoggerListener.log Версия ОС:             6.8.0-55-generic
22-Mar-2025 12:21:45.857 INFO [main] org.apache.catalina.startup.VersionLoggerListener.log Архитектура:           amd64
22-Mar-2025 12:21:45.857 INFO [main] org.apache.catalina.startup.VersionLoggerListener.log Java Home:             /usr/lib/jvm/java-21-openjdk-amd64
22-Mar-2025 12:21:45.857 INFO [main] org.apache.catalina.startup.VersionLoggerListener.log Версия JVM:            21.0.6+7-Ubuntu-124.04.1
22-Mar-2025 12:21:45.857 INFO [main] org.apache.catalina.startup.VersionLoggerListener.log Производитель JVM:     Ubuntu
22-Mar-2025 12:21:45.857 INFO [main] org.apache.catalina.startup.VersionLoggerListener.log CATALINA_BASE:         /home/serega/YandexPr/Middle/Final_Sprint_Tasks/Spring/blog/apache-tomcat-11
22-Mar-2025 12:21:45.857 INFO [main] org.apache.catalina.startup.VersionLoggerListener.log CATALINA_HOME:         /home/serega/YandexPr/Middle/Final_Sprint_Tasks/Spring/blog/apache-tomcat-11
22-Mar-2025 12:21:45.867 INFO [main] org.apache.catalina.startup.VersionLoggerListener.log Command line argument: -Djava.util.logging.config.file=/home/serega/YandexPr/Middle/Final_Sprint_Tasks/Spring/blog/apache-tomcat-11/conf/logging.properties
22-Mar-2025 12:21:45.867 INFO [main] org.apache.catalina.startup.VersionLoggerListener.log Command line argument: -Djava.util.logging.manager=org.apache.juli.ClassLoaderLogManager
22-Mar-2025 12:21:45.867 INFO [main] org.apache.catalina.startup.VersionLoggerListener.log Command line argument: -Djdk.tls.ephemeralDHKeySize=2048
22-Mar-2025 12:21:45.867 INFO [main] org.apache.catalina.startup.VersionLoggerListener.log Command line argument: -Dorg.apache.catalina.security.SecurityListener.UMASK=0027
22-Mar-2025 12:21:45.868 INFO [main] org.apache.catalina.startup.VersionLoggerListener.log Command line argument: --add-opens=java.base/java.lang=ALL-UNNAMED
22-Mar-2025 12:21:45.868 INFO [main] org.apache.catalina.startup.VersionLoggerListener.log Command line argument: --add-opens=java.base/java.io=ALL-UNNAMED
22-Mar-2025 12:21:45.868 INFO [main] org.apache.catalina.startup.VersionLoggerListener.log Command line argument: --add-opens=java.base/java.util=ALL-UNNAMED
22-Mar-2025 12:21:45.868 INFO [main] org.apache.catalina.startup.VersionLoggerListener.log Command line argument: --add-opens=java.base/java.util.concurrent=ALL-UNNAMED
22-Mar-2025 12:21:45.868 INFO [main] org.apache.catalina.startup.VersionLoggerListener.log Command line argument: --add-opens=java.rmi/sun.rmi.transport=ALL-UNNAMED
22-Mar-2025 12:21:45.868 INFO [main] org.apache.catalina.startup.VersionLoggerListener.log Command line argument: --enable-native-access=ALL-UNNAMED
22-Mar-2025 12:21:45.868 INFO [main] org.apache.catalina.startup.VersionLoggerListener.log Command line argument: -Dcatalina.base=/home/serega/YandexPr/Middle/Final_Sprint_Tasks/Spring/blog/apache-tomcat-11
22-Mar-2025 12:21:45.868 INFO [main] org.apache.catalina.startup.VersionLoggerListener.log Command line argument: -Dcatalina.home=/home/serega/YandexPr/Middle/Final_Sprint_Tasks/Spring/blog/apache-tomcat-11
22-Mar-2025 12:21:45.868 INFO [main] org.apache.catalina.startup.VersionLoggerListener.log Command line argument: -Djava.io.tmpdir=/home/serega/YandexPr/Middle/Final_Sprint_Tasks/Spring/blog/apache-tomcat-11/temp
22-Mar-2025 12:21:45.870 INFO [main] org.apache.catalina.core.AprLifecycleListener.lifecycleEvent The Apache Tomcat Native library which allows using OpenSSL was not found on the java.library.path: [/usr/java/packages/lib:/usr/lib/x86_64-linux-gnu/jni:/lib/x86_64-linux-gnu:/usr/lib/x86_64-linux-gnu:/usr/lib/jni:/lib:/usr/lib]
22-Mar-2025 12:21:46.260 INFO [main] org.apache.coyote.AbstractProtocol.init Инициализация ProtocolHandler ["http-nio-8080"]
22-Mar-2025 12:21:46.295 INFO [main] org.apache.catalina.startup.Catalina.load Server initialization in [669] milliseconds
22-Mar-2025 12:21:46.342 INFO [main] org.apache.catalina.core.StandardService.startInternal Starting service [Catalina]
22-Mar-2025 12:21:46.342 INFO [main] org.apache.catalina.core.StandardEngine.startInternal Starting Servlet engine: [Apache Tomcat/11.0.2]
22-Mar-2025 12:21:46.357 INFO [main] org.apache.catalina.startup.HostConfig.deployWAR Deploying web application archive [/home/serega/YandexPr/Middle/Final_Sprint_Tasks/Spring/blog/apache-tomcat-11/webapps/blog.war]
22-Mar-2025 12:21:48.063 INFO [main] org.apache.jasper.servlet.TldScanner.scanJars At least one JAR was scanned for TLDs yet contained no TLDs. Enable debug logging for this logger for a complete list of JARs that were scanned but no TLDs were found in them. Skipping unneeded JARs during scanning can improve startup time and JSP compilation time.
22-Mar-2025 12:21:49.871 INFO [main] org.apache.catalina.startup.HostConfig.deployWAR Deployment of web application archive [/home/serega/YandexPr/Middle/Final_Sprint_Tasks/Spring/blog/apache-tomcat-11/webapps/blog.war] has finished in [3 514] ms
22-Mar-2025 12:21:49.872 INFO [main] org.apache.catalina.startup.HostConfig.deployDirectory Установка веб приложения в папку [/home/serega/YandexPr/Middle/Final_Sprint_Tasks/Spring/blog/apache-tomcat-11/webapps/docs]
22-Mar-2025 12:21:49.906 INFO [main] org.apache.catalina.startup.HostConfig.deployDirectory Deployment of web application directory [/home/serega/YandexPr/Middle/Final_Sprint_Tasks/Spring/blog/apache-tomcat-11/webapps/docs] has finished in [34] ms
22-Mar-2025 12:21:49.907 INFO [main] org.apache.catalina.startup.HostConfig.deployDirectory Установка веб приложения в папку [/home/serega/YandexPr/Middle/Final_Sprint_Tasks/Spring/blog/apache-tomcat-11/webapps/ROOT]
22-Mar-2025 12:21:49.935 INFO [main] org.apache.catalina.startup.HostConfig.deployDirectory Deployment of web application directory [/home/serega/YandexPr/Middle/Final_Sprint_Tasks/Spring/blog/apache-tomcat-11/webapps/ROOT] has finished in [28] ms
22-Mar-2025 12:21:49.935 INFO [main] org.apache.catalina.startup.HostConfig.deployDirectory Установка веб приложения в папку [/home/serega/YandexPr/Middle/Final_Sprint_Tasks/Spring/blog/apache-tomcat-11/webapps/examples]
22-Mar-2025 12:21:50.188 INFO [main] org.apache.catalina.startup.HostConfig.deployDirectory Deployment of web application directory [/home/serega/YandexPr/Middle/Final_Sprint_Tasks/Spring/blog/apache-tomcat-11/webapps/examples] has finished in [253] ms
22-Mar-2025 12:21:50.188 INFO [main] org.apache.catalina.startup.HostConfig.deployDirectory Установка веб приложения в папку [/home/serega/YandexPr/Middle/Final_Sprint_Tasks/Spring/blog/apache-tomcat-11/webapps/host-manager]
22-Mar-2025 12:21:50.220 INFO [main] org.apache.catalina.startup.HostConfig.deployDirectory Deployment of web application directory [/home/serega/YandexPr/Middle/Final_Sprint_Tasks/Spring/blog/apache-tomcat-11/webapps/host-manager] has finished in [32] ms
22-Mar-2025 12:21:50.221 INFO [main] org.apache.catalina.startup.HostConfig.deployDirectory Установка веб приложения в папку [/home/serega/YandexPr/Middle/Final_Sprint_Tasks/Spring/blog/apache-tomcat-11/webapps/manager]
22-Mar-2025 12:21:50.245 INFO [main] org.apache.catalina.startup.HostConfig.deployDirectory Deployment of web application directory [/home/serega/YandexPr/Middle/Final_Sprint_Tasks/Spring/blog/apache-tomcat-11/webapps/manager] has finished in [25] ms
22-Mar-2025 12:21:50.250 INFO [main] org.apache.coyote.AbstractProtocol.start Starting ProtocolHandler ["http-nio-8080"]
22-Mar-2025 12:21:50.260 INFO [main] org.apache.catalina.startup.Catalina.start Server startup in [3963] milliseconds
22-Mar-2025 12:27:50.880 INFO [main] org.apache.catalina.core.StandardServer.await A valid shutdown command was received via the shutdown port. Stopping the Server instance.
22-Mar-2025 12:27:50.880 INFO [main] org.apache.coyote.AbstractProtocol.pause Pausing ProtocolHandler ["http-nio-8080"]
22-Mar-2025 12:27:50.882 INFO [main] org.apache.catalina.core.StandardService.stopInternal Stopping service [Catalina]
22-Mar-2025 12:27:50.898 WARNING [main] org.apache.catalina.loader.WebappClassLoaderBase.clearReferencesJdbc The web application [blog] registered the JDBC driver [org.postgresql.Driver] but failed to unregister it when the web application was stopped. To prevent a memory leak, the JDBC Driver has been forcibly unregistered.
22-Mar-2025 12:27:50.919 INFO [main] org.apache.coyote.AbstractProtocol.stop Stopping ProtocolHandler ["http-nio-8080"]
22-Mar-2025 12:27:50.925 INFO [main] org.apache.coyote.AbstractProtocol.destroy Destroying ProtocolHandler ["http-nio-8080"]
22-Mar-2025 12:27:57.647 INFO [main] org.apache.catalina.startup.VersionLoggerListener.log Имя версии сервера:    Apache Tomcat/11.0.2
22-Mar-2025 12:27:57.651 INFO [main] org.apache.catalina.startup.VersionLoggerListener.log Сервер собран:         Dec 5 2024 15:19:37 UTC
22-Mar-2025 12:27:57.651 INFO [main] org.apache.catalina.startup.VersionLoggerListener.log Номер версии сервера:  11.0.2.0
22-Mar-2025 12:27:57.652 INFO [main] org.apache.catalina.startup.VersionLoggerListener.log OS Name:               Linux
22-Mar-2025 12:27:57.652 INFO [main] org.apache.catalina.startup.VersionLoggerListener.log Версия ОС:             6.8.0-55-generic
22-Mar-2025 12:27:57.652 INFO [main] org.apache.catalina.startup.VersionLoggerListener.log Архитектура:           amd64
22-Mar-2025 12:27:57.652 INFO [main] org.apache.catalina.startup.VersionLoggerListener.log Java Home:             /usr/lib/jvm/java-21-openjdk-amd64
22-Mar-2025 12:27:57.652 INFO [main] org.apache.catalina.startup.VersionLoggerListener.log Версия JVM:            21.0.6+7-Ubuntu-124.04.1
22-Mar-2025 12:27:57.652 INFO [main] org.apache.catalina.startup.VersionLoggerListener.log Производитель JVM:     Ubuntu
22-Mar-2025 12:27:57.652 INFO [main] org.apache.catalina.startup.VersionLoggerListener.log CATALINA_BASE:         /home/serega/YandexPr/Middle/Final_Sprint_Tasks/Spring/blog/apache-tomcat-11
22-Mar-2025 12:27:57.653 INFO [main] org.apache.catalina.startup.VersionLoggerListener.log CATALINA_HOME:         /home/serega/YandexPr/Middle/Final_Sprint_Tasks/Spring/blog/apache-tomcat-11
22-Mar-2025 12:27:57.663 INFO [main] org.apache.catalina.startup.VersionLoggerListener.log Command line argument: -Djava.util.logging.config.file=/home/serega/YandexPr/Middle/Final_Sprint_Tasks/Spring/blog/apache-tomcat-11/conf/logging.properties
22-Mar-2025 12:27:57.663 INFO [main] org.apache.catalina.startup.VersionLoggerListener.log Command line argument: -Djava.util.logging.manager=org.apache.juli.ClassLoaderLogManager
22-Mar-2025 12:27:57.663 INFO [main] org.apache.catalina.startup.VersionLoggerListener.log Command line argument: -Djdk.tls.ephemeralDHKeySize=2048
22-Mar-2025 12:27:57.663 INFO [main] org.apache.catalina.startup.VersionLoggerListener.log Command line argument: -Dorg.apache.catalina.security.SecurityListener.UMASK=0027
22-Mar-2025 12:27:57.664 INFO [main] org.apache.catalina.startup.VersionLoggerListener.log Command line argument: --add-opens=java.base/java.lang=ALL-UNNAMED
22-Mar-2025 12:27:57.664 INFO [main] org.apache.catalina.startup.VersionLoggerListener.log Command line argument: --add-opens=java.base/java.io=ALL-UNNAMED
22-Mar-2025 12:27:57.664 INFO [main] org.apache.catalina.startup.VersionLoggerListener.log Command line argument: --add-opens=java.base/java.util=ALL-UNNAMED
22-Mar-2025 12:27:57.664 INFO [main] org.apache.catalina.startup.VersionLoggerListener.log Command line argument: --add-opens=java.base/java.util.concurrent=ALL-UNNAMED
22-Mar-2025 12:27:57.664 INFO [main] org.apache.catalina.startup.VersionLoggerListener.log Command line argument: --add-opens=java.rmi/sun.rmi.transport=ALL-UNNAMED
22-Mar-2025 12:27:57.664 INFO [main] org.apache.catalina.startup.VersionLoggerListener.log Command line argument: --enable-native-access=ALL-UNNAMED
22-Mar-2025 12:27:57.664 INFO [main] org.apache.catalina.startup.VersionLoggerListener.log Command line argument: -Dcatalina.base=/home/serega/YandexPr/Middle/Final_Sprint_Tasks/Spring/blog/apache-tomcat-11
22-Mar-2025 12:27:57.664 INFO [main] org.apache.catalina.startup.VersionLoggerListener.log Command line argument: -Dcatalina.home=/home/serega/YandexPr/Middle/Final_Sprint_Tasks/Spring/blog/apache-tomcat-11
22-Mar-2025 12:27:57.664 INFO [main] org.apache.catalina.startup.VersionLoggerListener.log Command line argument: -Djava.io.tmpdir=/home/serega/YandexPr/Middle/Final_Sprint_Tasks/Spring/blog/apache-tomcat-11/temp
22-Mar-2025 12:27:57.666 INFO [main] org.apache.catalina.core.AprLifecycleListener.lifecycleEvent The Apache Tomcat Native library which allows using OpenSSL was not found on the java.library.path: [/usr/java/packages/lib:/usr/lib/x86_64-linux-gnu/jni:/lib/x86_64-linux-gnu:/usr/lib/x86_64-linux-gnu:/usr/lib/jni:/lib:/usr/lib]
22-Mar-2025 12:27:58.048 INFO [main] org.apache.coyote.AbstractProtocol.init Инициализация ProtocolHandler ["http-nio-8080"]
22-Mar-2025 12:27:58.079 INFO [main] org.apache.catalina.startup.Catalina.load Server initialization in [625] milliseconds
22-Mar-2025 12:27:58.128 INFO [main] org.apache.catalina.core.StandardService.startInternal Starting service [Catalina]
22-Mar-2025 12:27:58.128 INFO [main] org.apache.catalina.core.StandardEngine.startInternal Starting Servlet engine: [Apache Tomcat/11.0.2]
22-Mar-2025 12:27:58.144 INFO [main] org.apache.catalina.startup.HostConfig.deployWAR Deploying web application archive [/home/serega/YandexPr/Middle/Final_Sprint_Tasks/Spring/blog/apache-tomcat-11/webapps/blog.war]
22-Mar-2025 12:27:59.720 INFO [main] org.apache.jasper.servlet.TldScanner.scanJars At least one JAR was scanned for TLDs yet contained no TLDs. Enable debug logging for this logger for a complete list of JARs that were scanned but no TLDs were found in them. Skipping unneeded JARs during scanning can improve startup time and JSP compilation time.
22-Mar-2025 12:28:01.240 INFO [main] org.apache.catalina.startup.HostConfig.deployWAR Deployment of web application archive [/home/serega/YandexPr/Middle/Final_Sprint_Tasks/Spring/blog/apache-tomcat-11/webapps/blog.war] has finished in [3 095] ms
22-Mar-2025 12:28:01.240 INFO [main] org.apache.catalina.startup.HostConfig.deployDirectory Установка веб приложения в папку [/home/serega/YandexPr/Middle/Final_Sprint_Tasks/Spring/blog/apache-tomcat-11/webapps/docs]
22-Mar-2025 12:28:01.263 INFO [main] org.apache.catalina.startup.HostConfig.deployDirectory Deployment of web application directory [/home/serega/YandexPr/Middle/Final_Sprint_Tasks/Spring/blog/apache-tomcat-11/webapps/docs] has finished in [23] ms
22-Mar-2025 12:28:01.264 INFO [main] org.apache.catalina.startup.HostConfig.deployDirectory Установка веб приложения в папку [/home/serega/YandexPr/Middle/Final_Sprint_Tasks/Spring/blog/apache-tomcat-11/webapps/ROOT]
22-Mar-2025 12:28:01.281 INFO [main] org.apache.catalina.startup.HostConfig.deployDirectory Deployment of web application directory [/home/serega/YandexPr/Middle/Final_Sprint_Tasks/Spring/blog/apache-tomcat-11/webapps/ROOT] has finished in [17] ms
22-Mar-2025 12:28:01.281 INFO [main] org.apache.catalina.startup.HostConfig.deployDirectory Установка веб приложения в папку [/home/serega/YandexPr/Middle/Final_Sprint_Tasks/Spring/blog/apache-tomcat-11/webapps/examples]
22-Mar-2025 12:28:01.506 INFO [main] org.apache.catalina.startup.HostConfig.deployDirectory Deployment of web application directory [/home/serega/YandexPr/Middle/Final_Sprint_Tasks/Spring/blog/apache-tomcat-11/webapps/examples] has finished in [225] ms
22-Mar-2025 12:28:01.507 INFO [main] org.apache.catalina.startup.HostConfig.deployDirectory Установка веб приложения в папку [/home/serega/YandexPr/Middle/Final_Sprint_Tasks/Spring/blog/apache-tomcat-11/webapps/host-manager]
22-Mar-2025 12:28:01.529 INFO [main] org.apache.catalina.startup.HostConfig.deployDirectory Deployment of web application directory [/home/serega/YandexPr/Middle/Final_Sprint_Tasks/Spring/blog/apache-tomcat-11/webapps/host-manager] has finished in [22] ms
22-Mar-2025 12:28:01.529 INFO [main] org.apache.catalina.startup.HostConfig.deployDirectory Установка веб приложения в папку [/home/serega/YandexPr/Middle/Final_Sprint_Tasks/Spring/blog/apache-tomcat-11/webapps/manager]
22-Mar-2025 12:28:01.549 INFO [main] org.apache.catalina.startup.HostConfig.deployDirectory Deployment of web application directory [/home/serega/YandexPr/Middle/Final_Sprint_Tasks/Spring/blog/apache-tomcat-11/webapps/manager] has finished in [20] ms
22-Mar-2025 12:28:01.553 INFO [main] org.apache.coyote.AbstractProtocol.start Starting ProtocolHandler ["http-nio-8080"]
22-Mar-2025 12:28:01.563 INFO [main] org.apache.catalina.startup.Catalina.start Server startup in [3482] milliseconds
22-Mar-2025 12:29:31.944 INFO [main] org.apache.catalina.core.StandardServer.await A valid shutdown command was received via the shutdown port. Stopping the Server instance.
22-Mar-2025 12:29:31.944 INFO [main] org.apache.coyote.AbstractProtocol.pause Pausing ProtocolHandler ["http-nio-8080"]
22-Mar-2025 12:29:31.946 INFO [main] org.apache.catalina.core.StandardService.stopInternal Stopping service [Catalina]
22-Mar-2025 12:29:31.961 WARNING [main] org.apache.catalina.loader.WebappClassLoaderBase.clearReferencesJdbc The web application [blog] registered the JDBC driver [org.postgresql.Driver] but failed to unregister it when the web application was stopped. To prevent a memory leak, the JDBC Driver has been forcibly unregistered.
22-Mar-2025 12:29:31.977 INFO [main] org.apache.coyote.AbstractProtocol.stop Stopping ProtocolHandler ["http-nio-8080"]
22-Mar-2025 12:29:31.990 INFO [main] org.apache.coyote.AbstractProtocol.destroy Destroying ProtocolHandler ["http-nio-8080"]
22-Mar-2025 12:29:38.688 INFO [main] org.apache.catalina.startup.VersionLoggerListener.log Имя версии сервера:    Apache Tomcat/11.0.2
22-Mar-2025 12:29:38.692 INFO [main] org.apache.catalina.startup.VersionLoggerListener.log Сервер собран:         Dec 5 2024 15:19:37 UTC
22-Mar-2025 12:29:38.692 INFO [main] org.apache.catalina.startup.VersionLoggerListener.log Номер версии сервера:  11.0.2.0
22-Mar-2025 12:29:38.692 INFO [main] org.apache.catalina.startup.VersionLoggerListener.log OS Name:               Linux
22-Mar-2025 12:29:38.692 INFO [main] org.apache.catalina.startup.VersionLoggerListener.log Версия ОС:             6.8.0-55-generic
22-Mar-2025 12:29:38.693 INFO [main] org.apache.catalina.startup.VersionLoggerListener.log Архитектура:           amd64
22-Mar-2025 12:29:38.693 INFO [main] org.apache.catalina.startup.VersionLoggerListener.log Java Home:             /usr/lib/jvm/java-21-openjdk-amd64
22-Mar-2025 12:29:38.693 INFO [main] org.apache.catalina.startup.VersionLoggerListener.log Версия JVM:            21.0.6+7-Ubuntu-124.04.1
22-Mar-2025 12:29:38.693 INFO [main] org.apache.catalina.startup.VersionLoggerListener.log Производитель JVM:     Ubuntu
22-Mar-2025 12:29:38.693 INFO [main] org.apache.catalina.startup.VersionLoggerListener.log CATALINA_BASE:         /home/serega/YandexPr/Middle/Final_Sprint_Tasks/Spring/blog/apache-tomcat-11
22-Mar-2025 12:29:38.693 INFO [main] org.apache.catalina.startup.VersionLoggerListener.log CATALINA_HOME:         /home/serega/YandexPr/Middle/Final_Sprint_Tasks/Spring/blog/apache-tomcat-11
22-Mar-2025 12:29:38.703 INFO [main] org.apache.catalina.startup.VersionLoggerListener.log Command line argument: -Djava.util.logging.config.file=/home/serega/YandexPr/Middle/Final_Sprint_Tasks/Spring/blog/apache-tomcat-11/conf/logging.properties
22-Mar-2025 12:29:38.703 INFO [main] org.apache.catalina.startup.VersionLoggerListener.log Command line argument: -Djava.util.logging.manager=org.apache.juli.ClassLoaderLogManager
22-Mar-2025 12:29:38.703 INFO [main] org.apache.catalina.startup.VersionLoggerListener.log Command line argument: -Djdk.tls.ephemeralDHKeySize=2048
22-Mar-2025 12:29:38.703 INFO [main] org.apache.catalina.startup.VersionLoggerListener.log Command line argument: -Dorg.apache.catalina.security.SecurityListener.UMASK=0027
22-Mar-2025 12:29:38.704 INFO [main] org.apache.catalina.startup.VersionLoggerListener.log Command line argument: --add-opens=java.base/java.lang=ALL-UNNAMED
22-Mar-2025 12:29:38.704 INFO [main] org.apache.catalina.startup.VersionLoggerListener.log Command line argument: --add-opens=java.base/java.io=ALL-UNNAMED
22-Mar-2025 12:29:38.704 INFO [main] org.apache.catalina.startup.VersionLoggerListener.log Command line argument: --add-opens=java.base/java.util=ALL-UNNAMED
22-Mar-2025 12:29:38.704 INFO [main] org.apache.catalina.startup.VersionLoggerListener.log Command line argument: --add-opens=java.base/java.util.concurrent=ALL-UNNAMED
22-Mar-2025 12:29:38.704 INFO [main] org.apache.catalina.startup.VersionLoggerListener.log Command line argument: --add-opens=java.rmi/sun.rmi.transport=ALL-UNNAMED
22-Mar-2025 12:29:38.704 INFO [main] org.apache.catalina.startup.VersionLoggerListener.log Command line argument: --enable-native-access=ALL-UNNAMED
22-Mar-2025 12:29:38.704 INFO [main] org.apache.catalina.startup.VersionLoggerListener.log Command line argument: -Dcatalina.base=/home/serega/YandexPr/Middle/Final_Sprint_Tasks/Spring/blog/apache-tomcat-11
22-Mar-2025 12:29:38.704 INFO [main] org.apache.catalina.startup.VersionLoggerListener.log Command line argument: -Dcatalina.home=/home/serega/YandexPr/Middle/Final_Sprint_Tasks/Spring/blog/apache-tomcat-11
22-Mar-2025 12:29:38.705 INFO [main] org.apache.catalina.startup.VersionLoggerListener.log Command line argument: -Djava.io.tmpdir=/home/serega/YandexPr/Middle/Final_Sprint_Tasks/Spring/blog/apache-tomcat-11/temp
22-Mar-2025 12:29:38.706 INFO [main] org.apache.catalina.core.AprLifecycleListener.lifecycleEvent The Apache Tomcat Native library which allows using OpenSSL was not found on the java.library.path: [/usr/java/packages/lib:/usr/lib/x86_64-linux-gnu/jni:/lib/x86_64-linux-gnu:/usr/lib/x86_64-linux-gnu:/usr/lib/jni:/lib:/usr/lib]
22-Mar-2025 12:29:39.100 INFO [main] org.apache.coyote.AbstractProtocol.init Инициализация ProtocolHandler ["http-nio-8080"]
22-Mar-2025 12:29:39.124 INFO [main] org.apache.catalina.startup.Catalina.load Server initialization in [662] milliseconds
22-Mar-2025 12:29:39.168 INFO [main] org.apache.catalina.core.StandardService.startInternal Starting service [Catalina]
22-Mar-2025 12:29:39.169 INFO [main] org.apache.catalina.core.StandardEngine.startInternal Starting Servlet engine: [Apache Tomcat/11.0.2]
22-Mar-2025 12:29:39.185 INFO [main] org.apache.catalina.startup.HostConfig.deployWAR Deploying web application archive [/home/serega/YandexPr/Middle/Final_Sprint_Tasks/Spring/blog/apache-tomcat-11/webapps/blog.war]
22-Mar-2025 12:29:40.783 INFO [main] org.apache.jasper.servlet.TldScanner.scanJars At least one JAR was scanned for TLDs yet contained no TLDs. Enable debug logging for this logger for a complete list of JARs that were scanned but no TLDs were found in them. Skipping unneeded JARs during scanning can improve startup time and JSP compilation time.
22-Mar-2025 12:29:42.505 INFO [main] org.apache.catalina.startup.HostConfig.deployWAR Deployment of web application archive [/home/serega/YandexPr/Middle/Final_Sprint_Tasks/Spring/blog/apache-tomcat-11/webapps/blog.war] has finished in [3 319] ms
22-Mar-2025 12:29:42.506 INFO [main] org.apache.catalina.startup.HostConfig.deployDirectory Установка веб приложения в папку [/home/serega/YandexPr/Middle/Final_Sprint_Tasks/Spring/blog/apache-tomcat-11/webapps/docs]
22-Mar-2025 12:29:42.538 INFO [main] org.apache.catalina.startup.HostConfig.deployDirectory Deployment of web application directory [/home/serega/YandexPr/Middle/Final_Sprint_Tasks/Spring/blog/apache-tomcat-11/webapps/docs] has finished in [32] ms
22-Mar-2025 12:29:42.538 INFO [main] org.apache.catalina.startup.HostConfig.deployDirectory Установка веб приложения в папку [/home/serega/YandexPr/Middle/Final_Sprint_Tasks/Spring/blog/apache-tomcat-11/webapps/ROOT]
22-Mar-2025 12:29:42.566 INFO [main] org.apache.catalina.startup.HostConfig.deployDirectory Deployment of web application directory [/home/serega/YandexPr/Middle/Final_Sprint_Tasks/Spring/blog/apache-tomcat-11/webapps/ROOT] has finished in [28] ms
22-Mar-2025 12:29:42.567 INFO [main] org.apache.catalina.startup.HostConfig.deployDirectory Установка веб приложения в папку [/home/serega/YandexPr/Middle/Final_Sprint_Tasks/Spring/blog/apache-tomcat-11/webapps/examples]
22-Mar-2025 12:29:42.775 INFO [main] org.apache.catalina.startup.HostConfig.deployDirectory Deployment of web application directory [/home/serega/YandexPr/Middle/Final_Sprint_Tasks/Spring/blog/apache-tomcat-11/webapps/examples] has finished in [208] ms
22-Mar-2025 12:29:42.776 INFO [main] org.apache.catalina.startup.HostConfig.deployDirectory Установка веб приложения в папку [/home/serega/YandexPr/Middle/Final_Sprint_Tasks/Spring/blog/apache-tomcat-11/webapps/host-manager]
22-Mar-2025 12:29:42.799 INFO [main] org.apache.catalina.startup.HostConfig.deployDirectory Deployment of web application directory [/home/serega/YandexPr/Middle/Final_Sprint_Tasks/Spring/blog/apache-tomcat-11/webapps/host-manager] has finished in [24] ms
22-Mar-2025 12:29:42.799 INFO [main] org.apache.catalina.startup.HostConfig.deployDirectory Установка веб приложения в папку [/home/serega/YandexPr/Middle/Final_Sprint_Tasks/Spring/blog/apache-tomcat-11/webapps/manager]
22-Mar-2025 12:29:42.820 INFO [main] org.apache.catalina.startup.HostConfig.deployDirectory Deployment of web application directory [/home/serega/YandexPr/Middle/Final_Sprint_Tasks/Spring/blog/apache-tomcat-11/webapps/manager] has finished in [20] ms
22-Mar-2025 12:29:42.824 INFO [main] org.apache.coyote.AbstractProtocol.start Starting ProtocolHandler ["http-nio-8080"]
22-Mar-2025 12:29:42.834 INFO [main] org.apache.catalina.startup.Catalina.start Server startup in [3708] milliseconds
22-Mar-2025 12:31:22.026 INFO [main] org.apache.catalina.core.StandardServer.await A valid shutdown command was received via the shutdown port. Stopping the Server instance.
22-Mar-2025 12:31:22.027 INFO [main] org.apache.coyote.AbstractProtocol.pause Pausing ProtocolHandler ["http-nio-8080"]
22-Mar-2025 12:31:22.028 INFO [main] org.apache.catalina.core.StandardService.stopInternal Stopping service [Catalina]
22-Mar-2025 12:31:22.046 WARNING [main] org.apache.catalina.loader.WebappClassLoaderBase.clearReferencesJdbc The web application [blog] registered the JDBC driver [org.postgresql.Driver] but failed to unregister it when the web application was stopped. To prevent a memory leak, the JDBC Driver has been forcibly unregistered.
22-Mar-2025 12:31:22.065 INFO [main] org.apache.coyote.AbstractProtocol.stop Stopping ProtocolHandler ["http-nio-8080"]
22-Mar-2025 12:31:22.072 INFO [main] org.apache.coyote.AbstractProtocol.destroy Destroying ProtocolHandler ["http-nio-8080"]
22-Mar-2025 12:31:29.480 INFO [main] org.apache.catalina.startup.VersionLoggerListener.log Имя версии сервера:    Apache Tomcat/11.0.2
22-Mar-2025 12:31:29.484 INFO [main] org.apache.catalina.startup.VersionLoggerListener.log Сервер собран:         Dec 5 2024 15:19:37 UTC
22-Mar-2025 12:31:29.484 INFO [main] org.apache.catalina.startup.VersionLoggerListener.log Номер версии сервера:  11.0.2.0
22-Mar-2025 12:31:29.484 INFO [main] org.apache.catalina.startup.VersionLoggerListener.log OS Name:               Linux
22-Mar-2025 12:31:29.484 INFO [main] org.apache.catalina.startup.VersionLoggerListener.log Версия ОС:             6.8.0-55-generic
22-Mar-2025 12:31:29.485 INFO [main] org.apache.catalina.startup.VersionLoggerListener.log Архитектура:           amd64
22-Mar-2025 12:31:29.485 INFO [main] org.apache.catalina.startup.VersionLoggerListener.log Java Home:             /usr/lib/jvm/java-21-openjdk-amd64
22-Mar-2025 12:31:29.485 INFO [main] org.apache.catalina.startup.VersionLoggerListener.log Версия JVM:            21.0.6+7-Ubuntu-124.04.1
22-Mar-2025 12:31:29.485 INFO [main] org.apache.catalina.startup.VersionLoggerListener.log Производитель JVM:     Ubuntu
22-Mar-2025 12:31:29.485 INFO [main] org.apache.catalina.startup.VersionLoggerListener.log CATALINA_BASE:         /home/serega/YandexPr/Middle/Final_Sprint_Tasks/Spring/blog/apache-tomcat-11
22-Mar-2025 12:31:29.485 INFO [main] org.apache.catalina.startup.VersionLoggerListener.log CATALINA_HOME:         /home/serega/YandexPr/Middle/Final_Sprint_Tasks/Spring/blog/apache-tomcat-11
22-Mar-2025 12:31:29.495 INFO [main] org.apache.catalina.startup.VersionLoggerListener.log Command line argument: -Djava.util.logging.config.file=/home/serega/YandexPr/Middle/Final_Sprint_Tasks/Spring/blog/apache-tomcat-11/conf/logging.properties
22-Mar-2025 12:31:29.495 INFO [main] org.apache.catalina.startup.VersionLoggerListener.log Command line argument: -Djava.util.logging.manager=org.apache.juli.ClassLoaderLogManager
22-Mar-2025 12:31:29.495 INFO [main] org.apache.catalina.startup.VersionLoggerListener.log Command line argument: -Djdk.tls.ephemeralDHKeySize=2048
22-Mar-2025 12:31:29.495 INFO [main] org.apache.catalina.startup.VersionLoggerListener.log Command line argument: -Dorg.apache.catalina.security.SecurityListener.UMASK=0027
22-Mar-2025 12:31:29.496 INFO [main] org.apache.catalina.startup.VersionLoggerListener.log Command line argument: --add-opens=java.base/java.lang=ALL-UNNAMED
22-Mar-2025 12:31:29.496 INFO [main] org.apache.catalina.startup.VersionLoggerListener.log Command line argument: --add-opens=java.base/java.io=ALL-UNNAMED
22-Mar-2025 12:31:29.496 INFO [main] org.apache.catalina.startup.VersionLoggerListener.log Command line argument: --add-opens=java.base/java.util=ALL-UNNAMED
22-Mar-2025 12:31:29.496 INFO [main] org.apache.catalina.startup.VersionLoggerListener.log Command line argument: --add-opens=java.base/java.util.concurrent=ALL-UNNAMED
22-Mar-2025 12:31:29.496 INFO [main] org.apache.catalina.startup.VersionLoggerListener.log Command line argument: --add-opens=java.rmi/sun.rmi.transport=ALL-UNNAMED
22-Mar-2025 12:31:29.496 INFO [main] org.apache.catalina.startup.VersionLoggerListener.log Command line argument: --enable-native-access=ALL-UNNAMED
22-Mar-2025 12:31:29.496 INFO [main] org.apache.catalina.startup.VersionLoggerListener.log Command line argument: -Dcatalina.base=/home/serega/YandexPr/Middle/Final_Sprint_Tasks/Spring/blog/apache-tomcat-11
22-Mar-2025 12:31:29.496 INFO [main] org.apache.catalina.startup.VersionLoggerListener.log Command line argument: -Dcatalina.home=/home/serega/YandexPr/Middle/Final_Sprint_Tasks/Spring/blog/apache-tomcat-11
22-Mar-2025 12:31:29.496 INFO [main] org.apache.catalina.startup.VersionLoggerListener.log Command line argument: -Djava.io.tmpdir=/home/serega/YandexPr/Middle/Final_Sprint_Tasks/Spring/blog/apache-tomcat-11/temp
22-Mar-2025 12:31:29.498 INFO [main] org.apache.catalina.core.AprLifecycleListener.lifecycleEvent The Apache Tomcat Native library which allows using OpenSSL was not found on the java.library.path: [/usr/java/packages/lib:/usr/lib/x86_64-linux-gnu/jni:/lib/x86_64-linux-gnu:/usr/lib/x86_64-linux-gnu:/usr/lib/jni:/lib:/usr/lib]
22-Mar-2025 12:31:29.849 INFO [main] org.apache.coyote.AbstractProtocol.init Инициализация ProtocolHandler ["http-nio-8080"]
22-Mar-2025 12:31:29.880 INFO [main] org.apache.catalina.startup.Catalina.load Server initialization in [591] milliseconds
22-Mar-2025 12:31:29.927 INFO [main] org.apache.catalina.core.StandardService.startInternal Starting service [Catalina]
22-Mar-2025 12:31:29.928 INFO [main] org.apache.catalina.core.StandardEngine.startInternal Starting Servlet engine: [Apache Tomcat/11.0.2]
22-Mar-2025 12:31:29.943 INFO [main] org.apache.catalina.startup.HostConfig.deployWAR Deploying web application archive [/home/serega/YandexPr/Middle/Final_Sprint_Tasks/Spring/blog/apache-tomcat-11/webapps/blog.war]
22-Mar-2025 12:31:31.605 INFO [main] org.apache.jasper.servlet.TldScanner.scanJars At least one JAR was scanned for TLDs yet contained no TLDs. Enable debug logging for this logger for a complete list of JARs that were scanned but no TLDs were found in them. Skipping unneeded JARs during scanning can improve startup time and JSP compilation time.
22-Mar-2025 12:31:33.285 INFO [main] org.apache.catalina.startup.HostConfig.deployWAR Deployment of web application archive [/home/serega/YandexPr/Middle/Final_Sprint_Tasks/Spring/blog/apache-tomcat-11/webapps/blog.war] has finished in [3 342] ms
22-Mar-2025 12:31:33.286 INFO [main] org.apache.catalina.startup.HostConfig.deployDirectory Установка веб приложения в папку [/home/serega/YandexPr/Middle/Final_Sprint_Tasks/Spring/blog/apache-tomcat-11/webapps/docs]
22-Mar-2025 12:31:33.319 INFO [main] org.apache.catalina.startup.HostConfig.deployDirectory Deployment of web application directory [/home/serega/YandexPr/Middle/Final_Sprint_Tasks/Spring/blog/apache-tomcat-11/webapps/docs] has finished in [33] ms
22-Mar-2025 12:31:33.320 INFO [main] org.apache.catalina.startup.HostConfig.deployDirectory Установка веб приложения в папку [/home/serega/YandexPr/Middle/Final_Sprint_Tasks/Spring/blog/apache-tomcat-11/webapps/ROOT]
22-Mar-2025 12:31:33.339 INFO [main] org.apache.catalina.startup.HostConfig.deployDirectory Deployment of web application directory [/home/serega/YandexPr/Middle/Final_Sprint_Tasks/Spring/blog/apache-tomcat-11/webapps/ROOT] has finished in [20] ms
22-Mar-2025 12:31:33.340 INFO [main] org.apache.catalina.startup.HostConfig.deployDirectory Установка веб приложения в папку [/home/serega/YandexPr/Middle/Final_Sprint_Tasks/Spring/blog/apache-tomcat-11/webapps/examples]
22-Mar-2025 12:31:33.543 INFO [main] org.apache.catalina.startup.HostConfig.deployDirectory Deployment of web application directory [/home/serega/YandexPr/Middle/Final_Sprint_Tasks/Spring/blog/apache-tomcat-11/webapps/examples] has finished in [203] ms
22-Mar-2025 12:31:33.543 INFO [main] org.apache.catalina.startup.HostConfig.deployDirectory Установка веб приложения в папку [/home/serega/YandexPr/Middle/Final_Sprint_Tasks/Spring/blog/apache-tomcat-11/webapps/host-manager]
22-Mar-2025 12:31:33.568 INFO [main] org.apache.catalina.startup.HostConfig.deployDirectory Deployment of web application directory [/home/serega/YandexPr/Middle/Final_Sprint_Tasks/Spring/blog/apache-tomcat-11/webapps/host-manager] has finished in [25] ms
22-Mar-2025 12:31:33.568 INFO [main] org.apache.catalina.startup.HostConfig.deployDirectory Установка веб приложения в папку [/home/serega/YandexPr/Middle/Final_Sprint_Tasks/Spring/blog/apache-tomcat-11/webapps/manager]
22-Mar-2025 12:31:33.589 INFO [main] org.apache.catalina.startup.HostConfig.deployDirectory Deployment of web application directory [/home/serega/YandexPr/Middle/Final_Sprint_Tasks/Spring/blog/apache-tomcat-11/webapps/manager] has finished in [21] ms
22-Mar-2025 12:31:33.593 INFO [main] org.apache.coyote.AbstractProtocol.start Starting ProtocolHandler ["http-nio-8080"]
22-Mar-2025 12:31:33.603 INFO [main] org.apache.catalina.startup.Catalina.start Server startup in [3721] milliseconds
22-Mar-2025 12:32:27.233 INFO [main] org.apache.catalina.core.StandardServer.await A valid shutdown command was received via the shutdown port. Stopping the Server instance.
22-Mar-2025 12:32:27.234 INFO [main] org.apache.coyote.AbstractProtocol.pause Pausing ProtocolHandler ["http-nio-8080"]
22-Mar-2025 12:32:27.235 INFO [main] org.apache.catalina.core.StandardService.stopInternal Stopping service [Catalina]
22-Mar-2025 12:32:27.248 WARNING [main] org.apache.catalina.loader.WebappClassLoaderBase.clearReferencesJdbc The web application [blog] registered the JDBC driver [org.postgresql.Driver] but failed to unregister it when the web application was stopped. To prevent a memory leak, the JDBC Driver has been forcibly unregistered.
22-Mar-2025 12:32:27.263 INFO [main] org.apache.coyote.AbstractProtocol.stop Stopping ProtocolHandler ["http-nio-8080"]
22-Mar-2025 12:32:27.268 INFO [main] org.apache.coyote.AbstractProtocol.destroy Destroying ProtocolHandler ["http-nio-8080"]
22-Mar-2025 12:32:33.244 INFO [main] org.apache.catalina.startup.VersionLoggerListener.log Имя версии сервера:    Apache Tomcat/11.0.2
22-Mar-2025 12:32:33.250 INFO [main] org.apache.catalina.startup.VersionLoggerListener.log Сервер собран:         Dec 5 2024 15:19:37 UTC
22-Mar-2025 12:32:33.250 INFO [main] org.apache.catalina.startup.VersionLoggerListener.log Номер версии сервера:  11.0.2.0
22-Mar-2025 12:32:33.250 INFO [main] org.apache.catalina.startup.VersionLoggerListener.log OS Name:               Linux
22-Mar-2025 12:32:33.251 INFO [main] org.apache.catalina.startup.VersionLoggerListener.log Версия ОС:             6.8.0-55-generic
22-Mar-2025 12:32:33.251 INFO [main] org.apache.catalina.startup.VersionLoggerListener.log Архитектура:           amd64
22-Mar-2025 12:32:33.251 INFO [main] org.apache.catalina.startup.VersionLoggerListener.log Java Home:             /usr/lib/jvm/java-21-openjdk-amd64
22-Mar-2025 12:32:33.251 INFO [main] org.apache.catalina.startup.VersionLoggerListener.log Версия JVM:            21.0.6+7-Ubuntu-124.04.1
22-Mar-2025 12:32:33.251 INFO [main] org.apache.catalina.startup.VersionLoggerListener.log Производитель JVM:     Ubuntu
22-Mar-2025 12:32:33.252 INFO [main] org.apache.catalina.startup.VersionLoggerListener.log CATALINA_BASE:         /home/serega/YandexPr/Middle/Final_Sprint_Tasks/Spring/blog/apache-tomcat-11
22-Mar-2025 12:32:33.252 INFO [main] org.apache.catalina.startup.VersionLoggerListener.log CATALINA_HOME:         /home/serega/YandexPr/Middle/Final_Sprint_Tasks/Spring/blog/apache-tomcat-11
22-Mar-2025 12:32:33.264 INFO [main] org.apache.catalina.startup.VersionLoggerListener.log Command line argument: -Djava.util.logging.config.file=/home/serega/YandexPr/Middle/Final_Sprint_Tasks/Spring/blog/apache-tomcat-11/conf/logging.properties
22-Mar-2025 12:32:33.264 INFO [main] org.apache.catalina.startup.VersionLoggerListener.log Command line argument: -Djava.util.logging.manager=org.apache.juli.ClassLoaderLogManager
22-Mar-2025 12:32:33.264 INFO [main] org.apache.catalina.startup.VersionLoggerListener.log Command line argument: -Djdk.tls.ephemeralDHKeySize=2048
22-Mar-2025 12:32:33.264 INFO [main] org.apache.catalina.startup.VersionLoggerListener.log Command line argument: -Dorg.apache.catalina.security.SecurityListener.UMASK=0027
22-Mar-2025 12:32:33.265 INFO [main] org.apache.catalina.startup.VersionLoggerListener.log Command line argument: --add-opens=java.base/java.lang=ALL-UNNAMED
22-Mar-2025 12:32:33.265 INFO [main] org.apache.catalina.startup.VersionLoggerListener.log Command line argument: --add-opens=java.base/java.io=ALL-UNNAMED
22-Mar-2025 12:32:33.265 INFO [main] org.apache.catalina.startup.VersionLoggerListener.log Command line argument: --add-opens=java.base/java.util=ALL-UNNAMED
22-Mar-2025 12:32:33.265 INFO [main] org.apache.catalina.startup.VersionLoggerListener.log Command line argument: --add-opens=java.base/java.util.concurrent=ALL-UNNAMED
22-Mar-2025 12:32:33.265 INFO [main] org.apache.catalina.startup.VersionLoggerListener.log Command line argument: --add-opens=java.rmi/sun.rmi.transport=ALL-UNNAMED
22-Mar-2025 12:32:33.265 INFO [main] org.apache.catalina.startup.VersionLoggerListener.log Command line argument: --enable-native-access=ALL-UNNAMED
22-Mar-2025 12:32:33.265 INFO [main] org.apache.catalina.startup.VersionLoggerListener.log Command line argument: -Dcatalina.base=/home/serega/YandexPr/Middle/Final_Sprint_Tasks/Spring/blog/apache-tomcat-11
22-Mar-2025 12:32:33.266 INFO [main] org.apache.catalina.startup.VersionLoggerListener.log Command line argument: -Dcatalina.home=/home/serega/YandexPr/Middle/Final_Sprint_Tasks/Spring/blog/apache-tomcat-11
22-Mar-2025 12:32:33.266 INFO [main] org.apache.catalina.startup.VersionLoggerListener.log Command line argument: -Djava.io.tmpdir=/home/serega/YandexPr/Middle/Final_Sprint_Tasks/Spring/blog/apache-tomcat-11/temp
22-Mar-2025 12:32:33.268 INFO [main] org.apache.catalina.core.AprLifecycleListener.lifecycleEvent The Apache Tomcat Native library which allows using OpenSSL was not found on the java.library.path: [/usr/java/packages/lib:/usr/lib/x86_64-linux-gnu/jni:/lib/x86_64-linux-gnu:/usr/lib/x86_64-linux-gnu:/usr/lib/jni:/lib:/usr/lib]
22-Mar-2025 12:32:33.658 INFO [main] org.apache.coyote.AbstractProtocol.init Инициализация ProtocolHandler ["http-nio-8080"]
22-Mar-2025 12:32:33.687 INFO [main] org.apache.catalina.startup.Catalina.load Server initialization in [636] milliseconds
22-Mar-2025 12:32:33.738 INFO [main] org.apache.catalina.core.StandardService.startInternal Starting service [Catalina]
22-Mar-2025 12:32:33.738 INFO [main] org.apache.catalina.core.StandardEngine.startInternal Starting Servlet engine: [Apache Tomcat/11.0.2]
22-Mar-2025 12:32:33.754 INFO [main] org.apache.catalina.startup.HostConfig.deployWAR Deploying web application archive [/home/serega/YandexPr/Middle/Final_Sprint_Tasks/Spring/blog/apache-tomcat-11/webapps/blog.war]
22-Mar-2025 12:32:35.392 INFO [main] org.apache.jasper.servlet.TldScanner.scanJars At least one JAR was scanned for TLDs yet contained no TLDs. Enable debug logging for this logger for a complete list of JARs that were scanned but no TLDs were found in them. Skipping unneeded JARs during scanning can improve startup time and JSP compilation time.
22-Mar-2025 12:32:37.141 INFO [main] org.apache.catalina.startup.HostConfig.deployWAR Deployment of web application archive [/home/serega/YandexPr/Middle/Final_Sprint_Tasks/Spring/blog/apache-tomcat-11/webapps/blog.war] has finished in [3 386] ms
22-Mar-2025 12:32:37.141 INFO [main] org.apache.catalina.startup.HostConfig.deployDirectory Установка веб приложения в папку [/home/serega/YandexPr/Middle/Final_Sprint_Tasks/Spring/blog/apache-tomcat-11/webapps/docs]
22-Mar-2025 12:32:37.172 INFO [main] org.apache.catalina.startup.HostConfig.deployDirectory Deployment of web application directory [/home/serega/YandexPr/Middle/Final_Sprint_Tasks/Spring/blog/apache-tomcat-11/webapps/docs] has finished in [31] ms
22-Mar-2025 12:32:37.172 INFO [main] org.apache.catalina.startup.HostConfig.deployDirectory Установка веб приложения в папку [/home/serega/YandexPr/Middle/Final_Sprint_Tasks/Spring/blog/apache-tomcat-11/webapps/ROOT]
22-Mar-2025 12:32:37.189 INFO [main] org.apache.catalina.startup.HostConfig.deployDirectory Deployment of web application directory [/home/serega/YandexPr/Middle/Final_Sprint_Tasks/Spring/blog/apache-tomcat-11/webapps/ROOT] has finished in [17] ms
22-Mar-2025 12:32:37.190 INFO [main] org.apache.catalina.startup.HostConfig.deployDirectory Установка веб приложения в папку [/home/serega/YandexPr/Middle/Final_Sprint_Tasks/Spring/blog/apache-tomcat-11/webapps/examples]
22-Mar-2025 12:32:37.390 INFO [main] org.apache.catalina.startup.HostConfig.deployDirectory Deployment of web application directory [/home/serega/YandexPr/Middle/Final_Sprint_Tasks/Spring/blog/apache-tomcat-11/webapps/examples] has finished in [201] ms
22-Mar-2025 12:32:37.390 INFO [main] org.apache.catalina.startup.HostConfig.deployDirectory Установка веб приложения в папку [/home/serega/YandexPr/Middle/Final_Sprint_Tasks/Spring/blog/apache-tomcat-11/webapps/host-manager]
22-Mar-2025 12:32:37.415 INFO [main] org.apache.catalina.startup.HostConfig.deployDirectory Deployment of web application directory [/home/serega/YandexPr/Middle/Final_Sprint_Tasks/Spring/blog/apache-tomcat-11/webapps/host-manager] has finished in [25] ms
22-Mar-2025 12:32:37.416 INFO [main] org.apache.catalina.startup.HostConfig.deployDirectory Установка веб приложения в папку [/home/serega/YandexPr/Middle/Final_Sprint_Tasks/Spring/blog/apache-tomcat-11/webapps/manager]
22-Mar-2025 12:32:37.443 INFO [main] org.apache.catalina.startup.HostConfig.deployDirectory Deployment of web application directory [/home/serega/YandexPr/Middle/Final_Sprint_Tasks/Spring/blog/apache-tomcat-11/webapps/manager] has finished in [27] ms
22-Mar-2025 12:32:37.448 INFO [main] org.apache.coyote.AbstractProtocol.start Starting ProtocolHandler ["http-nio-8080"]
22-Mar-2025 12:32:37.461 INFO [main] org.apache.catalina.startup.Catalina.start Server startup in [3772] milliseconds
22-Mar-2025 12:34:05.503 INFO [main] org.apache.catalina.core.StandardServer.await A valid shutdown command was received via the shutdown port. Stopping the Server instance.
22-Mar-2025 12:34:05.503 INFO [main] org.apache.coyote.AbstractProtocol.pause Pausing ProtocolHandler ["http-nio-8080"]
22-Mar-2025 12:34:05.504 INFO [main] org.apache.catalina.core.StandardService.stopInternal Stopping service [Catalina]
22-Mar-2025 12:34:05.519 WARNING [main] org.apache.catalina.loader.WebappClassLoaderBase.clearReferencesJdbc The web application [blog] registered the JDBC driver [org.postgresql.Driver] but failed to unregister it when the web application was stopped. To prevent a memory leak, the JDBC Driver has been forcibly unregistered.
22-Mar-2025 12:34:05.536 INFO [main] org.apache.coyote.AbstractProtocol.stop Stopping ProtocolHandler ["http-nio-8080"]
22-Mar-2025 12:34:05.548 INFO [main] org.apache.coyote.AbstractProtocol.destroy Destroying ProtocolHandler ["http-nio-8080"]
22-Mar-2025 12:34:18.509 INFO [main] org.apache.catalina.startup.VersionLoggerListener.log Имя версии сервера:    Apache Tomcat/11.0.2
22-Mar-2025 12:34:18.513 INFO [main] org.apache.catalina.startup.VersionLoggerListener.log Сервер собран:         Dec 5 2024 15:19:37 UTC
22-Mar-2025 12:34:18.513 INFO [main] org.apache.catalina.startup.VersionLoggerListener.log Номер версии сервера:  11.0.2.0
22-Mar-2025 12:34:18.513 INFO [main] org.apache.catalina.startup.VersionLoggerListener.log OS Name:               Linux
22-Mar-2025 12:34:18.514 INFO [main] org.apache.catalina.startup.VersionLoggerListener.log Версия ОС:             6.8.0-55-generic
22-Mar-2025 12:34:18.514 INFO [main] org.apache.catalina.startup.VersionLoggerListener.log Архитектура:           amd64
22-Mar-2025 12:34:18.514 INFO [main] org.apache.catalina.startup.VersionLoggerListener.log Java Home:             /usr/lib/jvm/java-21-openjdk-amd64
22-Mar-2025 12:34:18.514 INFO [main] org.apache.catalina.startup.VersionLoggerListener.log Версия JVM:            21.0.6+7-Ubuntu-124.04.1
22-Mar-2025 12:34:18.514 INFO [main] org.apache.catalina.startup.VersionLoggerListener.log Производитель JVM:     Ubuntu
22-Mar-2025 12:34:18.514 INFO [main] org.apache.catalina.startup.VersionLoggerListener.log CATALINA_BASE:         /home/serega/YandexPr/Middle/Final_Sprint_Tasks/Spring/blog/apache-tomcat-11
22-Mar-2025 12:34:18.515 INFO [main] org.apache.catalina.startup.VersionLoggerListener.log CATALINA_HOME:         /home/serega/YandexPr/Middle/Final_Sprint_Tasks/Spring/blog/apache-tomcat-11
22-Mar-2025 12:34:18.527 INFO [main] org.apache.catalina.startup.VersionLoggerListener.log Command line argument: -Djava.util.logging.config.file=/home/serega/YandexPr/Middle/Final_Sprint_Tasks/Spring/blog/apache-tomcat-11/conf/logging.properties
22-Mar-2025 12:34:18.527 INFO [main] org.apache.catalina.startup.VersionLoggerListener.log Command line argument: -Djava.util.logging.manager=org.apache.juli.ClassLoaderLogManager
22-Mar-2025 12:34:18.527 INFO [main] org.apache.catalina.startup.VersionLoggerListener.log Command line argument: -Djdk.tls.ephemeralDHKeySize=2048
22-Mar-2025 12:34:18.527 INFO [main] org.apache.catalina.startup.VersionLoggerListener.log Command line argument: -Dorg.apache.catalina.security.SecurityListener.UMASK=0027
22-Mar-2025 12:34:18.527 INFO [main] org.apache.catalina.startup.VersionLoggerListener.log Command line argument: --add-opens=java.base/java.lang=ALL-UNNAMED
22-Mar-2025 12:34:18.528 INFO [main] org.apache.catalina.startup.VersionLoggerListener.log Command line argument: --add-opens=java.base/java.io=ALL-UNNAMED
22-Mar-2025 12:34:18.528 INFO [main] org.apache.catalina.startup.VersionLoggerListener.log Command line argument: --add-opens=java.base/java.util=ALL-UNNAMED
22-Mar-2025 12:34:18.528 INFO [main] org.apache.catalina.startup.VersionLoggerListener.log Command line argument: --add-opens=java.base/java.util.concurrent=ALL-UNNAMED
22-Mar-2025 12:34:18.528 INFO [main] org.apache.catalina.startup.VersionLoggerListener.log Command line argument: --add-opens=java.rmi/sun.rmi.transport=ALL-UNNAMED
22-Mar-2025 12:34:18.528 INFO [main] org.apache.catalina.startup.VersionLoggerListener.log Command line argument: --enable-native-access=ALL-UNNAMED
22-Mar-2025 12:34:18.528 INFO [main] org.apache.catalina.startup.VersionLoggerListener.log Command line argument: -Dcatalina.base=/home/serega/YandexPr/Middle/Final_Sprint_Tasks/Spring/blog/apache-tomcat-11
22-Mar-2025 12:34:18.528 INFO [main] org.apache.catalina.startup.VersionLoggerListener.log Command line argument: -Dcatalina.home=/home/serega/YandexPr/Middle/Final_Sprint_Tasks/Spring/blog/apache-tomcat-11
22-Mar-2025 12:34:18.529 INFO [main] org.apache.catalina.startup.VersionLoggerListener.log Command line argument: -Djava.io.tmpdir=/home/serega/YandexPr/Middle/Final_Sprint_Tasks/Spring/blog/apache-tomcat-11/temp
22-Mar-2025 12:34:18.531 INFO [main] org.apache.catalina.core.AprLifecycleListener.lifecycleEvent The Apache Tomcat Native library which allows using OpenSSL was not found on the java.library.path: [/usr/java/packages/lib:/usr/lib/x86_64-linux-gnu/jni:/lib/x86_64-linux-gnu:/usr/lib/x86_64-linux-gnu:/usr/lib/jni:/lib:/usr/lib]
22-Mar-2025 12:34:18.954 INFO [main] org.apache.coyote.AbstractProtocol.init Инициализация ProtocolHandler ["http-nio-8080"]
22-Mar-2025 12:34:18.979 INFO [main] org.apache.catalina.startup.Catalina.load Server initialization in [700] milliseconds
22-Mar-2025 12:34:19.025 INFO [main] org.apache.catalina.core.StandardService.startInternal Starting service [Catalina]
22-Mar-2025 12:34:19.025 INFO [main] org.apache.catalina.core.StandardEngine.startInternal Starting Servlet engine: [Apache Tomcat/11.0.2]
22-Mar-2025 12:34:19.040 INFO [main] org.apache.catalina.startup.HostConfig.deployWAR Deploying web application archive [/home/serega/YandexPr/Middle/Final_Sprint_Tasks/Spring/blog/apache-tomcat-11/webapps/blog.war]
22-Mar-2025 12:34:20.813 INFO [main] org.apache.jasper.servlet.TldScanner.scanJars At least one JAR was scanned for TLDs yet contained no TLDs. Enable debug logging for this logger for a complete list of JARs that were scanned but no TLDs were found in them. Skipping unneeded JARs during scanning can improve startup time and JSP compilation time.
22-Mar-2025 12:34:22.603 INFO [main] org.apache.catalina.startup.HostConfig.deployWAR Deployment of web application archive [/home/serega/YandexPr/Middle/Final_Sprint_Tasks/Spring/blog/apache-tomcat-11/webapps/blog.war] has finished in [3 562] ms
22-Mar-2025 12:34:22.604 INFO [main] org.apache.catalina.startup.HostConfig.deployDirectory Установка веб приложения в папку [/home/serega/YandexPr/Middle/Final_Sprint_Tasks/Spring/blog/apache-tomcat-11/webapps/docs]
22-Mar-2025 12:34:22.632 INFO [main] org.apache.catalina.startup.HostConfig.deployDirectory Deployment of web application directory [/home/serega/YandexPr/Middle/Final_Sprint_Tasks/Spring/blog/apache-tomcat-11/webapps/docs] has finished in [28] ms
22-Mar-2025 12:34:22.633 INFO [main] org.apache.catalina.startup.HostConfig.deployDirectory Установка веб приложения в папку [/home/serega/YandexPr/Middle/Final_Sprint_Tasks/Spring/blog/apache-tomcat-11/webapps/ROOT]
22-Mar-2025 12:34:22.654 INFO [main] org.apache.catalina.startup.HostConfig.deployDirectory Deployment of web application directory [/home/serega/YandexPr/Middle/Final_Sprint_Tasks/Spring/blog/apache-tomcat-11/webapps/ROOT] has finished in [22] ms
22-Mar-2025 12:34:22.655 INFO [main] org.apache.catalina.startup.HostConfig.deployDirectory Установка веб приложения в папку [/home/serega/YandexPr/Middle/Final_Sprint_Tasks/Spring/blog/apache-tomcat-11/webapps/examples]
22-Mar-2025 12:34:22.873 INFO [main] org.apache.catalina.startup.HostConfig.deployDirectory Deployment of web application directory [/home/serega/YandexPr/Middle/Final_Sprint_Tasks/Spring/blog/apache-tomcat-11/webapps/examples] has finished in [219] ms
22-Mar-2025 12:34:22.874 INFO [main] org.apache.catalina.startup.HostConfig.deployDirectory Установка веб приложения в папку [/home/serega/YandexPr/Middle/Final_Sprint_Tasks/Spring/blog/apache-tomcat-11/webapps/host-manager]
22-Mar-2025 12:34:22.896 INFO [main] org.apache.catalina.startup.HostConfig.deployDirectory Deployment of web application directory [/home/serega/YandexPr/Middle/Final_Sprint_Tasks/Spring/blog/apache-tomcat-11/webapps/host-manager] has finished in [22] ms
22-Mar-2025 12:34:22.896 INFO [main] org.apache.catalina.startup.HostConfig.deployDirectory Установка веб приложения в папку [/home/serega/YandexPr/Middle/Final_Sprint_Tasks/Spring/blog/apache-tomcat-11/webapps/manager]
22-Mar-2025 12:34:22.917 INFO [main] org.apache.catalina.startup.HostConfig.deployDirectory Deployment of web application directory [/home/serega/YandexPr/Middle/Final_Sprint_Tasks/Spring/blog/apache-tomcat-11/webapps/manager] has finished in [21] ms
22-Mar-2025 12:34:22.921 INFO [main] org.apache.coyote.AbstractProtocol.start Starting ProtocolHandler ["http-nio-8080"]
22-Mar-2025 12:34:22.932 INFO [main] org.apache.catalina.startup.Catalina.start Server startup in [3951] milliseconds
22-Mar-2025 12:35:17.661 INFO [main] org.apache.catalina.core.StandardServer.await A valid shutdown command was received via the shutdown port. Stopping the Server instance.
22-Mar-2025 12:35:17.662 INFO [main] org.apache.coyote.AbstractProtocol.pause Pausing ProtocolHandler ["http-nio-8080"]
22-Mar-2025 12:35:17.663 INFO [main] org.apache.catalina.core.StandardService.stopInternal Stopping service [Catalina]
22-Mar-2025 12:35:17.678 WARNING [main] org.apache.catalina.loader.WebappClassLoaderBase.clearReferencesJdbc The web application [blog] registered the JDBC driver [org.postgresql.Driver] but failed to unregister it when the web application was stopped. To prevent a memory leak, the JDBC Driver has been forcibly unregistered.
22-Mar-2025 12:35:17.693 INFO [main] org.apache.coyote.AbstractProtocol.stop Stopping ProtocolHandler ["http-nio-8080"]
22-Mar-2025 12:35:17.698 INFO [main] org.apache.coyote.AbstractProtocol.destroy Destroying ProtocolHandler ["http-nio-8080"]
22-Mar-2025 12:35:23.767 INFO [main] org.apache.catalina.startup.VersionLoggerListener.log Имя версии сервера:    Apache Tomcat/11.0.2
22-Mar-2025 12:35:23.771 INFO [main] org.apache.catalina.startup.VersionLoggerListener.log Сервер собран:         Dec 5 2024 15:19:37 UTC
22-Mar-2025 12:35:23.772 INFO [main] org.apache.catalina.startup.VersionLoggerListener.log Номер версии сервера:  11.0.2.0
22-Mar-2025 12:35:23.772 INFO [main] org.apache.catalina.startup.VersionLoggerListener.log OS Name:               Linux
22-Mar-2025 12:35:23.772 INFO [main] org.apache.catalina.startup.VersionLoggerListener.log Версия ОС:             6.8.0-55-generic
22-Mar-2025 12:35:23.772 INFO [main] org.apache.catalina.startup.VersionLoggerListener.log Архитектура:           amd64
22-Mar-2025 12:35:23.772 INFO [main] org.apache.catalina.startup.VersionLoggerListener.log Java Home:             /usr/lib/jvm/java-21-openjdk-amd64
22-Mar-2025 12:35:23.772 INFO [main] org.apache.catalina.startup.VersionLoggerListener.log Версия JVM:            21.0.6+7-Ubuntu-124.04.1
22-Mar-2025 12:35:23.772 INFO [main] org.apache.catalina.startup.VersionLoggerListener.log Производитель JVM:     Ubuntu
22-Mar-2025 12:35:23.772 INFO [main] org.apache.catalina.startup.VersionLoggerListener.log CATALINA_BASE:         /home/serega/YandexPr/Middle/Final_Sprint_Tasks/Spring/blog/apache-tomcat-11
22-Mar-2025 12:35:23.773 INFO [main] org.apache.catalina.startup.VersionLoggerListener.log CATALINA_HOME:         /home/serega/YandexPr/Middle/Final_Sprint_Tasks/Spring/blog/apache-tomcat-11
22-Mar-2025 12:35:23.783 INFO [main] org.apache.catalina.startup.VersionLoggerListener.log Command line argument: -Djava.util.logging.config.file=/home/serega/YandexPr/Middle/Final_Sprint_Tasks/Spring/blog/apache-tomcat-11/conf/logging.properties
22-Mar-2025 12:35:23.783 INFO [main] org.apache.catalina.startup.VersionLoggerListener.log Command line argument: -Djava.util.logging.manager=org.apache.juli.ClassLoaderLogManager
22-Mar-2025 12:35:23.783 INFO [main] org.apache.catalina.startup.VersionLoggerListener.log Command line argument: -Djdk.tls.ephemeralDHKeySize=2048
22-Mar-2025 12:35:23.783 INFO [main] org.apache.catalina.startup.VersionLoggerListener.log Command line argument: -Dorg.apache.catalina.security.SecurityListener.UMASK=0027
22-Mar-2025 12:35:23.783 INFO [main] org.apache.catalina.startup.VersionLoggerListener.log Command line argument: --add-opens=java.base/java.lang=ALL-UNNAMED
22-Mar-2025 12:35:23.783 INFO [main] org.apache.catalina.startup.VersionLoggerListener.log Command line argument: --add-opens=java.base/java.io=ALL-UNNAMED
22-Mar-2025 12:35:23.783 INFO [main] org.apache.catalina.startup.VersionLoggerListener.log Command line argument: --add-opens=java.base/java.util=ALL-UNNAMED
22-Mar-2025 12:35:23.783 INFO [main] org.apache.catalina.startup.VersionLoggerListener.log Command line argument: --add-opens=java.base/java.util.concurrent=ALL-UNNAMED
22-Mar-2025 12:35:23.783 INFO [main] org.apache.catalina.startup.VersionLoggerListener.log Command line argument: --add-opens=java.rmi/sun.rmi.transport=ALL-UNNAMED
22-Mar-2025 12:35:23.784 INFO [main] org.apache.catalina.startup.VersionLoggerListener.log Command line argument: --enable-native-access=ALL-UNNAMED
22-Mar-2025 12:35:23.784 INFO [main] org.apache.catalina.startup.VersionLoggerListener.log Command line argument: -Dcatalina.base=/home/serega/YandexPr/Middle/Final_Sprint_Tasks/Spring/blog/apache-tomcat-11
22-Mar-2025 12:35:23.784 INFO [main] org.apache.catalina.startup.VersionLoggerListener.log Command line argument: -Dcatalina.home=/home/serega/YandexPr/Middle/Final_Sprint_Tasks/Spring/blog/apache-tomcat-11
22-Mar-2025 12:35:23.784 INFO [main] org.apache.catalina.startup.VersionLoggerListener.log Command line argument: -Djava.io.tmpdir=/home/serega/YandexPr/Middle/Final_Sprint_Tasks/Spring/blog/apache-tomcat-11/temp
22-Mar-2025 12:35:23.786 INFO [main] org.apache.catalina.core.AprLifecycleListener.lifecycleEvent The Apache Tomcat Native library which allows using OpenSSL was not found on the java.library.path: [/usr/java/packages/lib:/usr/lib/x86_64-linux-gnu/jni:/lib/x86_64-linux-gnu:/usr/lib/x86_64-linux-gnu:/usr/lib/jni:/lib:/usr/lib]
22-Mar-2025 12:35:24.142 INFO [main] org.apache.coyote.AbstractProtocol.init Инициализация ProtocolHandler ["http-nio-8080"]
22-Mar-2025 12:35:24.167 INFO [main] org.apache.catalina.startup.Catalina.load Server initialization in [612] milliseconds
22-Mar-2025 12:35:24.213 INFO [main] org.apache.catalina.core.StandardService.startInternal Starting service [Catalina]
22-Mar-2025 12:35:24.213 INFO [main] org.apache.catalina.core.StandardEngine.startInternal Starting Servlet engine: [Apache Tomcat/11.0.2]
22-Mar-2025 12:35:24.229 INFO [main] org.apache.catalina.startup.HostConfig.deployWAR Deploying web application archive [/home/serega/YandexPr/Middle/Final_Sprint_Tasks/Spring/blog/apache-tomcat-11/webapps/blog.war]
22-Mar-2025 12:35:25.991 INFO [main] org.apache.jasper.servlet.TldScanner.scanJars At least one JAR was scanned for TLDs yet contained no TLDs. Enable debug logging for this logger for a complete list of JARs that were scanned but no TLDs were found in them. Skipping unneeded JARs during scanning can improve startup time and JSP compilation time.
22-Mar-2025 12:35:27.788 INFO [main] org.apache.catalina.startup.HostConfig.deployWAR Deployment of web application archive [/home/serega/YandexPr/Middle/Final_Sprint_Tasks/Spring/blog/apache-tomcat-11/webapps/blog.war] has finished in [3 559] ms
22-Mar-2025 12:35:27.789 INFO [main] org.apache.catalina.startup.HostConfig.deployDirectory Установка веб приложения в папку [/home/serega/YandexPr/Middle/Final_Sprint_Tasks/Spring/blog/apache-tomcat-11/webapps/docs]
22-Mar-2025 12:35:27.816 INFO [main] org.apache.catalina.startup.HostConfig.deployDirectory Deployment of web application directory [/home/serega/YandexPr/Middle/Final_Sprint_Tasks/Spring/blog/apache-tomcat-11/webapps/docs] has finished in [27] ms
22-Mar-2025 12:35:27.816 INFO [main] org.apache.catalina.startup.HostConfig.deployDirectory Установка веб приложения в папку [/home/serega/YandexPr/Middle/Final_Sprint_Tasks/Spring/blog/apache-tomcat-11/webapps/ROOT]
22-Mar-2025 12:35:27.842 INFO [main] org.apache.catalina.startup.HostConfig.deployDirectory Deployment of web application directory [/home/serega/YandexPr/Middle/Final_Sprint_Tasks/Spring/blog/apache-tomcat-11/webapps/ROOT] has finished in [26] ms
22-Mar-2025 12:35:27.842 INFO [main] org.apache.catalina.startup.HostConfig.deployDirectory Установка веб приложения в папку [/home/serega/YandexPr/Middle/Final_Sprint_Tasks/Spring/blog/apache-tomcat-11/webapps/examples]
22-Mar-2025 12:35:28.059 INFO [main] org.apache.catalina.startup.HostConfig.deployDirectory Deployment of web application directory [/home/serega/YandexPr/Middle/Final_Sprint_Tasks/Spring/blog/apache-tomcat-11/webapps/examples] has finished in [217] ms
22-Mar-2025 12:35:28.060 INFO [main] org.apache.catalina.startup.HostConfig.deployDirectory Установка веб приложения в папку [/home/serega/YandexPr/Middle/Final_Sprint_Tasks/Spring/blog/apache-tomcat-11/webapps/host-manager]
22-Mar-2025 12:35:28.083 INFO [main] org.apache.catalina.startup.HostConfig.deployDirectory Deployment of web application directory [/home/serega/YandexPr/Middle/Final_Sprint_Tasks/Spring/blog/apache-tomcat-11/webapps/host-manager] has finished in [23] ms
22-Mar-2025 12:35:28.083 INFO [main] org.apache.catalina.startup.HostConfig.deployDirectory Установка веб приложения в папку [/home/serega/YandexPr/Middle/Final_Sprint_Tasks/Spring/blog/apache-tomcat-11/webapps/manager]
22-Mar-2025 12:35:28.105 INFO [main] org.apache.catalina.startup.HostConfig.deployDirectory Deployment of web application directory [/home/serega/YandexPr/Middle/Final_Sprint_Tasks/Spring/blog/apache-tomcat-11/webapps/manager] has finished in [22] ms
22-Mar-2025 12:35:28.111 INFO [main] org.apache.coyote.AbstractProtocol.start Starting ProtocolHandler ["http-nio-8080"]
22-Mar-2025 12:35:28.123 INFO [main] org.apache.catalina.startup.Catalina.start Server startup in [3954] milliseconds
22-Mar-2025 12:45:25.626 INFO [main] org.apache.catalina.core.StandardServer.await A valid shutdown command was received via the shutdown port. Stopping the Server instance.
22-Mar-2025 12:45:25.627 INFO [main] org.apache.coyote.AbstractProtocol.pause Pausing ProtocolHandler ["http-nio-8080"]
22-Mar-2025 12:45:25.628 INFO [main] org.apache.catalina.core.StandardService.stopInternal Stopping service [Catalina]
22-Mar-2025 12:45:25.643 WARNING [main] org.apache.catalina.loader.WebappClassLoaderBase.clearReferencesJdbc The web application [blog] registered the JDBC driver [org.postgresql.Driver] but failed to unregister it when the web application was stopped. To prevent a memory leak, the JDBC Driver has been forcibly unregistered.
22-Mar-2025 12:45:25.657 INFO [main] org.apache.coyote.AbstractProtocol.stop Stopping ProtocolHandler ["http-nio-8080"]
22-Mar-2025 12:45:25.662 INFO [main] org.apache.coyote.AbstractProtocol.destroy Destroying ProtocolHandler ["http-nio-8080"]
22-Mar-2025 12:45:32.102 INFO [main] org.apache.catalina.startup.VersionLoggerListener.log Имя версии сервера:    Apache Tomcat/11.0.2
22-Mar-2025 12:45:32.107 INFO [main] org.apache.catalina.startup.VersionLoggerListener.log Сервер собран:         Dec 5 2024 15:19:37 UTC
22-Mar-2025 12:45:32.107 INFO [main] org.apache.catalina.startup.VersionLoggerListener.log Номер версии сервера:  11.0.2.0
22-Mar-2025 12:45:32.107 INFO [main] org.apache.catalina.startup.VersionLoggerListener.log OS Name:               Linux
22-Mar-2025 12:45:32.107 INFO [main] org.apache.catalina.startup.VersionLoggerListener.log Версия ОС:             6.8.0-55-generic
22-Mar-2025 12:45:32.108 INFO [main] org.apache.catalina.startup.VersionLoggerListener.log Архитектура:           amd64
22-Mar-2025 12:45:32.108 INFO [main] org.apache.catalina.startup.VersionLoggerListener.log Java Home:             /usr/lib/jvm/java-21-openjdk-amd64
22-Mar-2025 12:45:32.108 INFO [main] org.apache.catalina.startup.VersionLoggerListener.log Версия JVM:            21.0.6+7-Ubuntu-124.04.1
22-Mar-2025 12:45:32.108 INFO [main] org.apache.catalina.startup.VersionLoggerListener.log Производитель JVM:     Ubuntu
22-Mar-2025 12:45:32.108 INFO [main] org.apache.catalina.startup.VersionLoggerListener.log CATALINA_BASE:         /home/serega/YandexPr/Middle/Final_Sprint_Tasks/Spring/blog/apache-tomcat-11
22-Mar-2025 12:45:32.108 INFO [main] org.apache.catalina.startup.VersionLoggerListener.log CATALINA_HOME:         /home/serega/YandexPr/Middle/Final_Sprint_Tasks/Spring/blog/apache-tomcat-11
22-Mar-2025 12:45:32.117 INFO [main] org.apache.catalina.startup.VersionLoggerListener.log Command line argument: -Djava.util.logging.config.file=/home/serega/YandexPr/Middle/Final_Sprint_Tasks/Spring/blog/apache-tomcat-11/conf/logging.properties
22-Mar-2025 12:45:32.118 INFO [main] org.apache.catalina.startup.VersionLoggerListener.log Command line argument: -Djava.util.logging.manager=org.apache.juli.ClassLoaderLogManager
22-Mar-2025 12:45:32.118 INFO [main] org.apache.catalina.startup.VersionLoggerListener.log Command line argument: -Djdk.tls.ephemeralDHKeySize=2048
22-Mar-2025 12:45:32.118 INFO [main] org.apache.catalina.startup.VersionLoggerListener.log Command line argument: -Dorg.apache.catalina.security.SecurityListener.UMASK=0027
22-Mar-2025 12:45:32.118 INFO [main] org.apache.catalina.startup.VersionLoggerListener.log Command line argument: --add-opens=java.base/java.lang=ALL-UNNAMED
22-Mar-2025 12:45:32.118 INFO [main] org.apache.catalina.startup.VersionLoggerListener.log Command line argument: --add-opens=java.base/java.io=ALL-UNNAMED
22-Mar-2025 12:45:32.118 INFO [main] org.apache.catalina.startup.VersionLoggerListener.log Command line argument: --add-opens=java.base/java.util=ALL-UNNAMED
22-Mar-2025 12:45:32.118 INFO [main] org.apache.catalina.startup.VersionLoggerListener.log Command line argument: --add-opens=java.base/java.util.concurrent=ALL-UNNAMED
22-Mar-2025 12:45:32.118 INFO [main] org.apache.catalina.startup.VersionLoggerListener.log Command line argument: --add-opens=java.rmi/sun.rmi.transport=ALL-UNNAMED
22-Mar-2025 12:45:32.119 INFO [main] org.apache.catalina.startup.VersionLoggerListener.log Command line argument: --enable-native-access=ALL-UNNAMED
22-Mar-2025 12:45:32.119 INFO [main] org.apache.catalina.startup.VersionLoggerListener.log Command line argument: -Dcatalina.base=/home/serega/YandexPr/Middle/Final_Sprint_Tasks/Spring/blog/apache-tomcat-11
22-Mar-2025 12:45:32.119 INFO [main] org.apache.catalina.startup.VersionLoggerListener.log Command line argument: -Dcatalina.home=/home/serega/YandexPr/Middle/Final_Sprint_Tasks/Spring/blog/apache-tomcat-11
22-Mar-2025 12:45:32.119 INFO [main] org.apache.catalina.startup.VersionLoggerListener.log Command line argument: -Djava.io.tmpdir=/home/serega/YandexPr/Middle/Final_Sprint_Tasks/Spring/blog/apache-tomcat-11/temp
22-Mar-2025 12:45:32.120 INFO [main] org.apache.catalina.core.AprLifecycleListener.lifecycleEvent The Apache Tomcat Native library which allows using OpenSSL was not found on the java.library.path: [/usr/java/packages/lib:/usr/lib/x86_64-linux-gnu/jni:/lib/x86_64-linux-gnu:/usr/lib/x86_64-linux-gnu:/usr/lib/jni:/lib:/usr/lib]
22-Mar-2025 12:45:32.471 INFO [main] org.apache.coyote.AbstractProtocol.init Инициализация ProtocolHandler ["http-nio-8080"]
22-Mar-2025 12:45:32.495 INFO [main] org.apache.catalina.startup.Catalina.load Server initialization in [579] milliseconds
22-Mar-2025 12:45:32.542 INFO [main] org.apache.catalina.core.StandardService.startInternal Starting service [Catalina]
22-Mar-2025 12:45:32.542 INFO [main] org.apache.catalina.core.StandardEngine.startInternal Starting Servlet engine: [Apache Tomcat/11.0.2]
22-Mar-2025 12:45:32.557 INFO [main] org.apache.catalina.startup.HostConfig.deployWAR Deploying web application archive [/home/serega/YandexPr/Middle/Final_Sprint_Tasks/Spring/blog/apache-tomcat-11/webapps/blog.war]
22-Mar-2025 12:45:34.111 INFO [main] org.apache.jasper.servlet.TldScanner.scanJars At least one JAR was scanned for TLDs yet contained no TLDs. Enable debug logging for this logger for a complete list of JARs that were scanned but no TLDs were found in them. Skipping unneeded JARs during scanning can improve startup time and JSP compilation time.
22-Mar-2025 12:45:35.827 INFO [main] org.apache.catalina.startup.HostConfig.deployWAR Deployment of web application archive [/home/serega/YandexPr/Middle/Final_Sprint_Tasks/Spring/blog/apache-tomcat-11/webapps/blog.war] has finished in [3 270] ms
22-Mar-2025 12:45:35.828 INFO [main] org.apache.catalina.startup.HostConfig.deployDirectory Установка веб приложения в папку [/home/serega/YandexPr/Middle/Final_Sprint_Tasks/Spring/blog/apache-tomcat-11/webapps/docs]
22-Mar-2025 12:45:35.851 INFO [main] org.apache.catalina.startup.HostConfig.deployDirectory Deployment of web application directory [/home/serega/YandexPr/Middle/Final_Sprint_Tasks/Spring/blog/apache-tomcat-11/webapps/docs] has finished in [23] ms
22-Mar-2025 12:45:35.851 INFO [main] org.apache.catalina.startup.HostConfig.deployDirectory Установка веб приложения в папку [/home/serega/YandexPr/Middle/Final_Sprint_Tasks/Spring/blog/apache-tomcat-11/webapps/ROOT]
22-Mar-2025 12:45:35.870 INFO [main] org.apache.catalina.startup.HostConfig.deployDirectory Deployment of web application directory [/home/serega/YandexPr/Middle/Final_Sprint_Tasks/Spring/blog/apache-tomcat-11/webapps/ROOT] has finished in [19] ms
22-Mar-2025 12:45:35.870 INFO [main] org.apache.catalina.startup.HostConfig.deployDirectory Установка веб приложения в папку [/home/serega/YandexPr/Middle/Final_Sprint_Tasks/Spring/blog/apache-tomcat-11/webapps/examples]
22-Mar-2025 12:45:36.082 INFO [main] org.apache.catalina.startup.HostConfig.deployDirectory Deployment of web application directory [/home/serega/YandexPr/Middle/Final_Sprint_Tasks/Spring/blog/apache-tomcat-11/webapps/examples] has finished in [212] ms
22-Mar-2025 12:45:36.082 INFO [main] org.apache.catalina.startup.HostConfig.deployDirectory Установка веб приложения в папку [/home/serega/YandexPr/Middle/Final_Sprint_Tasks/Spring/blog/apache-tomcat-11/webapps/host-manager]
22-Mar-2025 12:45:36.105 INFO [main] org.apache.catalina.startup.HostConfig.deployDirectory Deployment of web application directory [/home/serega/YandexPr/Middle/Final_Sprint_Tasks/Spring/blog/apache-tomcat-11/webapps/host-manager] has finished in [22] ms
22-Mar-2025 12:45:36.105 INFO [main] org.apache.catalina.startup.HostConfig.deployDirectory Установка веб приложения в папку [/home/serega/YandexPr/Middle/Final_Sprint_Tasks/Spring/blog/apache-tomcat-11/webapps/manager]
22-Mar-2025 12:45:36.128 INFO [main] org.apache.catalina.startup.HostConfig.deployDirectory Deployment of web application directory [/home/serega/YandexPr/Middle/Final_Sprint_Tasks/Spring/blog/apache-tomcat-11/webapps/manager] has finished in [23] ms
22-Mar-2025 12:45:36.132 INFO [main] org.apache.coyote.AbstractProtocol.start Starting ProtocolHandler ["http-nio-8080"]
22-Mar-2025 12:45:36.144 INFO [main] org.apache.catalina.startup.Catalina.start Server startup in [3647] milliseconds
22-Mar-2025 12:48:36.146 INFO [main] org.apache.catalina.core.StandardServer.await A valid shutdown command was received via the shutdown port. Stopping the Server instance.
22-Mar-2025 12:48:36.146 INFO [main] org.apache.coyote.AbstractProtocol.pause Pausing ProtocolHandler ["http-nio-8080"]
22-Mar-2025 12:48:36.147 INFO [main] org.apache.catalina.core.StandardService.stopInternal Stopping service [Catalina]
22-Mar-2025 12:48:36.161 WARNING [main] org.apache.catalina.loader.WebappClassLoaderBase.clearReferencesJdbc The web application [blog] registered the JDBC driver [org.postgresql.Driver] but failed to unregister it when the web application was stopped. To prevent a memory leak, the JDBC Driver has been forcibly unregistered.
22-Mar-2025 12:48:36.178 INFO [main] org.apache.coyote.AbstractProtocol.stop Stopping ProtocolHandler ["http-nio-8080"]
22-Mar-2025 12:48:36.192 INFO [main] org.apache.coyote.AbstractProtocol.destroy Destroying ProtocolHandler ["http-nio-8080"]
22-Mar-2025 12:48:44.487 INFO [main] org.apache.catalina.startup.VersionLoggerListener.log Имя версии сервера:    Apache Tomcat/11.0.2
22-Mar-2025 12:48:44.491 INFO [main] org.apache.catalina.startup.VersionLoggerListener.log Сервер собран:         Dec 5 2024 15:19:37 UTC
22-Mar-2025 12:48:44.492 INFO [main] org.apache.catalina.startup.VersionLoggerListener.log Номер версии сервера:  11.0.2.0
22-Mar-2025 12:48:44.492 INFO [main] org.apache.catalina.startup.VersionLoggerListener.log OS Name:               Linux
22-Mar-2025 12:48:44.492 INFO [main] org.apache.catalina.startup.VersionLoggerListener.log Версия ОС:             6.8.0-55-generic
22-Mar-2025 12:48:44.492 INFO [main] org.apache.catalina.startup.VersionLoggerListener.log Архитектура:           amd64
22-Mar-2025 12:48:44.492 INFO [main] org.apache.catalina.startup.VersionLoggerListener.log Java Home:             /usr/lib/jvm/java-21-openjdk-amd64
22-Mar-2025 12:48:44.492 INFO [main] org.apache.catalina.startup.VersionLoggerListener.log Версия JVM:            21.0.6+7-Ubuntu-124.04.1
22-Mar-2025 12:48:44.492 INFO [main] org.apache.catalina.startup.VersionLoggerListener.log Производитель JVM:     Ubuntu
22-Mar-2025 12:48:44.493 INFO [main] org.apache.catalina.startup.VersionLoggerListener.log CATALINA_BASE:         /home/serega/YandexPr/Middle/Final_Sprint_Tasks/Spring/blog/apache-tomcat-11
22-Mar-2025 12:48:44.493 INFO [main] org.apache.catalina.startup.VersionLoggerListener.log CATALINA_HOME:         /home/serega/YandexPr/Middle/Final_Sprint_Tasks/Spring/blog/apache-tomcat-11
22-Mar-2025 12:48:44.505 INFO [main] org.apache.catalina.startup.VersionLoggerListener.log Command line argument: -Djava.util.logging.config.file=/home/serega/YandexPr/Middle/Final_Sprint_Tasks/Spring/blog/apache-tomcat-11/conf/logging.properties
22-Mar-2025 12:48:44.505 INFO [main] org.apache.catalina.startup.VersionLoggerListener.log Command line argument: -Djava.util.logging.manager=org.apache.juli.ClassLoaderLogManager
22-Mar-2025 12:48:44.505 INFO [main] org.apache.catalina.startup.VersionLoggerListener.log Command line argument: -Djdk.tls.ephemeralDHKeySize=2048
22-Mar-2025 12:48:44.505 INFO [main] org.apache.catalina.startup.VersionLoggerListener.log Command line argument: -Dorg.apache.catalina.security.SecurityListener.UMASK=0027
22-Mar-2025 12:48:44.505 INFO [main] org.apache.catalina.startup.VersionLoggerListener.log Command line argument: --add-opens=java.base/java.lang=ALL-UNNAMED
22-Mar-2025 12:48:44.505 INFO [main] org.apache.catalina.startup.VersionLoggerListener.log Command line argument: --add-opens=java.base/java.io=ALL-UNNAMED
22-Mar-2025 12:48:44.505 INFO [main] org.apache.catalina.startup.VersionLoggerListener.log Command line argument: --add-opens=java.base/java.util=ALL-UNNAMED
22-Mar-2025 12:48:44.506 INFO [main] org.apache.catalina.startup.VersionLoggerListener.log Command line argument: --add-opens=java.base/java.util.concurrent=ALL-UNNAMED
22-Mar-2025 12:48:44.506 INFO [main] org.apache.catalina.startup.VersionLoggerListener.log Command line argument: --add-opens=java.rmi/sun.rmi.transport=ALL-UNNAMED
22-Mar-2025 12:48:44.506 INFO [main] org.apache.catalina.startup.VersionLoggerListener.log Command line argument: --enable-native-access=ALL-UNNAMED
22-Mar-2025 12:48:44.506 INFO [main] org.apache.catalina.startup.VersionLoggerListener.log Command line argument: -Dcatalina.base=/home/serega/YandexPr/Middle/Final_Sprint_Tasks/Spring/blog/apache-tomcat-11
22-Mar-2025 12:48:44.506 INFO [main] org.apache.catalina.startup.VersionLoggerListener.log Command line argument: -Dcatalina.home=/home/serega/YandexPr/Middle/Final_Sprint_Tasks/Spring/blog/apache-tomcat-11
22-Mar-2025 12:48:44.506 INFO [main] org.apache.catalina.startup.VersionLoggerListener.log Command line argument: -Djava.io.tmpdir=/home/serega/YandexPr/Middle/Final_Sprint_Tasks/Spring/blog/apache-tomcat-11/temp
22-Mar-2025 12:48:44.509 INFO [main] org.apache.catalina.core.AprLifecycleListener.lifecycleEvent The Apache Tomcat Native library which allows using OpenSSL was not found on the java.library.path: [/usr/java/packages/lib:/usr/lib/x86_64-linux-gnu/jni:/lib/x86_64-linux-gnu:/usr/lib/x86_64-linux-gnu:/usr/lib/jni:/lib:/usr/lib]
22-Mar-2025 12:48:44.900 INFO [main] org.apache.coyote.AbstractProtocol.init Инициализация ProtocolHandler ["http-nio-8080"]
22-Mar-2025 12:48:44.924 INFO [main] org.apache.catalina.startup.Catalina.load Server initialization in [626] milliseconds
22-Mar-2025 12:48:44.970 INFO [main] org.apache.catalina.core.StandardService.startInternal Starting service [Catalina]
22-Mar-2025 12:48:44.970 INFO [main] org.apache.catalina.core.StandardEngine.startInternal Starting Servlet engine: [Apache Tomcat/11.0.2]
22-Mar-2025 12:48:44.986 INFO [main] org.apache.catalina.startup.HostConfig.deployWAR Deploying web application archive [/home/serega/YandexPr/Middle/Final_Sprint_Tasks/Spring/blog/apache-tomcat-11/webapps/blog.war]
22-Mar-2025 12:48:46.673 INFO [main] org.apache.jasper.servlet.TldScanner.scanJars At least one JAR was scanned for TLDs yet contained no TLDs. Enable debug logging for this logger for a complete list of JARs that were scanned but no TLDs were found in them. Skipping unneeded JARs during scanning can improve startup time and JSP compilation time.
22-Mar-2025 12:48:48.479 INFO [main] org.apache.catalina.startup.HostConfig.deployWAR Deployment of web application archive [/home/serega/YandexPr/Middle/Final_Sprint_Tasks/Spring/blog/apache-tomcat-11/webapps/blog.war] has finished in [3 492] ms
22-Mar-2025 12:48:48.480 INFO [main] org.apache.catalina.startup.HostConfig.deployDirectory Установка веб приложения в папку [/home/serega/YandexPr/Middle/Final_Sprint_Tasks/Spring/blog/apache-tomcat-11/webapps/docs]
22-Mar-2025 12:48:48.518 INFO [main] org.apache.catalina.startup.HostConfig.deployDirectory Deployment of web application directory [/home/serega/YandexPr/Middle/Final_Sprint_Tasks/Spring/blog/apache-tomcat-11/webapps/docs] has finished in [38] ms
22-Mar-2025 12:48:48.518 INFO [main] org.apache.catalina.startup.HostConfig.deployDirectory Установка веб приложения в папку [/home/serega/YandexPr/Middle/Final_Sprint_Tasks/Spring/blog/apache-tomcat-11/webapps/ROOT]
22-Mar-2025 12:48:48.546 INFO [main] org.apache.catalina.startup.HostConfig.deployDirectory Deployment of web application directory [/home/serega/YandexPr/Middle/Final_Sprint_Tasks/Spring/blog/apache-tomcat-11/webapps/ROOT] has finished in [28] ms
22-Mar-2025 12:48:48.547 INFO [main] org.apache.catalina.startup.HostConfig.deployDirectory Установка веб приложения в папку [/home/serega/YandexPr/Middle/Final_Sprint_Tasks/Spring/blog/apache-tomcat-11/webapps/examples]
22-Mar-2025 12:48:48.797 INFO [main] org.apache.catalina.startup.HostConfig.deployDirectory Deployment of web application directory [/home/serega/YandexPr/Middle/Final_Sprint_Tasks/Spring/blog/apache-tomcat-11/webapps/examples] has finished in [250] ms
22-Mar-2025 12:48:48.797 INFO [main] org.apache.catalina.startup.HostConfig.deployDirectory Установка веб приложения в папку [/home/serega/YandexPr/Middle/Final_Sprint_Tasks/Spring/blog/apache-tomcat-11/webapps/host-manager]
22-Mar-2025 12:48:48.822 INFO [main] org.apache.catalina.startup.HostConfig.deployDirectory Deployment of web application directory [/home/serega/YandexPr/Middle/Final_Sprint_Tasks/Spring/blog/apache-tomcat-11/webapps/host-manager] has finished in [25] ms
22-Mar-2025 12:48:48.822 INFO [main] org.apache.catalina.startup.HostConfig.deployDirectory Установка веб приложения в папку [/home/serega/YandexPr/Middle/Final_Sprint_Tasks/Spring/blog/apache-tomcat-11/webapps/manager]
22-Mar-2025 12:48:48.844 INFO [main] org.apache.catalina.startup.HostConfig.deployDirectory Deployment of web application directory [/home/serega/YandexPr/Middle/Final_Sprint_Tasks/Spring/blog/apache-tomcat-11/webapps/manager] has finished in [21] ms
22-Mar-2025 12:48:48.848 INFO [main] org.apache.coyote.AbstractProtocol.start Starting ProtocolHandler ["http-nio-8080"]
22-Mar-2025 12:48:48.862 INFO [main] org.apache.catalina.startup.Catalina.start Server startup in [3936] milliseconds
22-Mar-2025 12:51:56.963 INFO [main] org.apache.catalina.core.StandardServer.await A valid shutdown command was received via the shutdown port. Stopping the Server instance.
22-Mar-2025 12:51:56.963 INFO [main] org.apache.coyote.AbstractProtocol.pause Pausing ProtocolHandler ["http-nio-8080"]
22-Mar-2025 12:51:56.964 INFO [main] org.apache.catalina.core.StandardService.stopInternal Stopping service [Catalina]
22-Mar-2025 12:51:56.978 WARNING [main] org.apache.catalina.loader.WebappClassLoaderBase.clearReferencesJdbc The web application [blog] registered the JDBC driver [org.postgresql.Driver] but failed to unregister it when the web application was stopped. To prevent a memory leak, the JDBC Driver has been forcibly unregistered.
22-Mar-2025 12:51:56.994 INFO [main] org.apache.coyote.AbstractProtocol.stop Stopping ProtocolHandler ["http-nio-8080"]
22-Mar-2025 12:51:56.997 INFO [main] org.apache.coyote.AbstractProtocol.destroy Destroying ProtocolHandler ["http-nio-8080"]
22-Mar-2025 12:52:04.623 INFO [main] org.apache.catalina.startup.VersionLoggerListener.log Имя версии сервера:    Apache Tomcat/11.0.2
22-Mar-2025 12:52:04.627 INFO [main] org.apache.catalina.startup.VersionLoggerListener.log Сервер собран:         Dec 5 2024 15:19:37 UTC
22-Mar-2025 12:52:04.627 INFO [main] org.apache.catalina.startup.VersionLoggerListener.log Номер версии сервера:  11.0.2.0
22-Mar-2025 12:52:04.627 INFO [main] org.apache.catalina.startup.VersionLoggerListener.log OS Name:               Linux
22-Mar-2025 12:52:04.627 INFO [main] org.apache.catalina.startup.VersionLoggerListener.log Версия ОС:             6.8.0-55-generic
22-Mar-2025 12:52:04.627 INFO [main] org.apache.catalina.startup.VersionLoggerListener.log Архитектура:           amd64
22-Mar-2025 12:52:04.628 INFO [main] org.apache.catalina.startup.VersionLoggerListener.log Java Home:             /usr/lib/jvm/java-21-openjdk-amd64
22-Mar-2025 12:52:04.628 INFO [main] org.apache.catalina.startup.VersionLoggerListener.log Версия JVM:            21.0.6+7-Ubuntu-124.04.1
22-Mar-2025 12:52:04.628 INFO [main] org.apache.catalina.startup.VersionLoggerListener.log Производитель JVM:     Ubuntu
22-Mar-2025 12:52:04.628 INFO [main] org.apache.catalina.startup.VersionLoggerListener.log CATALINA_BASE:         /home/serega/YandexPr/Middle/Final_Sprint_Tasks/Spring/blog/apache-tomcat-11
22-Mar-2025 12:52:04.628 INFO [main] org.apache.catalina.startup.VersionLoggerListener.log CATALINA_HOME:         /home/serega/YandexPr/Middle/Final_Sprint_Tasks/Spring/blog/apache-tomcat-11
22-Mar-2025 12:52:04.638 INFO [main] org.apache.catalina.startup.VersionLoggerListener.log Command line argument: -Djava.util.logging.config.file=/home/serega/YandexPr/Middle/Final_Sprint_Tasks/Spring/blog/apache-tomcat-11/conf/logging.properties
22-Mar-2025 12:52:04.638 INFO [main] org.apache.catalina.startup.VersionLoggerListener.log Command line argument: -Djava.util.logging.manager=org.apache.juli.ClassLoaderLogManager
22-Mar-2025 12:52:04.638 INFO [main] org.apache.catalina.startup.VersionLoggerListener.log Command line argument: -Djdk.tls.ephemeralDHKeySize=2048
22-Mar-2025 12:52:04.638 INFO [main] org.apache.catalina.startup.VersionLoggerListener.log Command line argument: -Dorg.apache.catalina.security.SecurityListener.UMASK=0027
22-Mar-2025 12:52:04.639 INFO [main] org.apache.catalina.startup.VersionLoggerListener.log Command line argument: --add-opens=java.base/java.lang=ALL-UNNAMED
22-Mar-2025 12:52:04.639 INFO [main] org.apache.catalina.startup.VersionLoggerListener.log Command line argument: --add-opens=java.base/java.io=ALL-UNNAMED
22-Mar-2025 12:52:04.639 INFO [main] org.apache.catalina.startup.VersionLoggerListener.log Command line argument: --add-opens=java.base/java.util=ALL-UNNAMED
22-Mar-2025 12:52:04.639 INFO [main] org.apache.catalina.startup.VersionLoggerListener.log Command line argument: --add-opens=java.base/java.util.concurrent=ALL-UNNAMED
22-Mar-2025 12:52:04.639 INFO [main] org.apache.catalina.startup.VersionLoggerListener.log Command line argument: --add-opens=java.rmi/sun.rmi.transport=ALL-UNNAMED
22-Mar-2025 12:52:04.639 INFO [main] org.apache.catalina.startup.VersionLoggerListener.log Command line argument: --enable-native-access=ALL-UNNAMED
22-Mar-2025 12:52:04.639 INFO [main] org.apache.catalina.startup.VersionLoggerListener.log Command line argument: -Dcatalina.base=/home/serega/YandexPr/Middle/Final_Sprint_Tasks/Spring/blog/apache-tomcat-11
22-Mar-2025 12:52:04.639 INFO [main] org.apache.catalina.startup.VersionLoggerListener.log Command line argument: -Dcatalina.home=/home/serega/YandexPr/Middle/Final_Sprint_Tasks/Spring/blog/apache-tomcat-11
22-Mar-2025 12:52:04.639 INFO [main] org.apache.catalina.startup.VersionLoggerListener.log Command line argument: -Djava.io.tmpdir=/home/serega/YandexPr/Middle/Final_Sprint_Tasks/Spring/blog/apache-tomcat-11/temp
22-Mar-2025 12:52:04.642 INFO [main] org.apache.catalina.core.AprLifecycleListener.lifecycleEvent The Apache Tomcat Native library which allows using OpenSSL was not found on the java.library.path: [/usr/java/packages/lib:/usr/lib/x86_64-linux-gnu/jni:/lib/x86_64-linux-gnu:/usr/lib/x86_64-linux-gnu:/usr/lib/jni:/lib:/usr/lib]
22-Mar-2025 12:52:05.017 INFO [main] org.apache.coyote.AbstractProtocol.init Инициализация ProtocolHandler ["http-nio-8080"]
22-Mar-2025 12:52:05.040 INFO [main] org.apache.catalina.startup.Catalina.load Server initialization in [610] milliseconds
22-Mar-2025 12:52:05.085 INFO [main] org.apache.catalina.core.StandardService.startInternal Starting service [Catalina]
22-Mar-2025 12:52:05.085 INFO [main] org.apache.catalina.core.StandardEngine.startInternal Starting Servlet engine: [Apache Tomcat/11.0.2]
22-Mar-2025 12:52:05.101 INFO [main] org.apache.catalina.startup.HostConfig.deployWAR Deploying web application archive [/home/serega/YandexPr/Middle/Final_Sprint_Tasks/Spring/blog/apache-tomcat-11/webapps/blog.war]
22-Mar-2025 12:52:06.697 INFO [main] org.apache.jasper.servlet.TldScanner.scanJars At least one JAR was scanned for TLDs yet contained no TLDs. Enable debug logging for this logger for a complete list of JARs that were scanned but no TLDs were found in them. Skipping unneeded JARs during scanning can improve startup time and JSP compilation time.
22-Mar-2025 12:52:08.366 INFO [main] org.apache.catalina.startup.HostConfig.deployWAR Deployment of web application archive [/home/serega/YandexPr/Middle/Final_Sprint_Tasks/Spring/blog/apache-tomcat-11/webapps/blog.war] has finished in [3 264] ms
22-Mar-2025 12:52:08.367 INFO [main] org.apache.catalina.startup.HostConfig.deployDirectory Установка веб приложения в папку [/home/serega/YandexPr/Middle/Final_Sprint_Tasks/Spring/blog/apache-tomcat-11/webapps/docs]
22-Mar-2025 12:52:08.402 INFO [main] org.apache.catalina.startup.HostConfig.deployDirectory Deployment of web application directory [/home/serega/YandexPr/Middle/Final_Sprint_Tasks/Spring/blog/apache-tomcat-11/webapps/docs] has finished in [34] ms
22-Mar-2025 12:52:08.402 INFO [main] org.apache.catalina.startup.HostConfig.deployDirectory Установка веб приложения в папку [/home/serega/YandexPr/Middle/Final_Sprint_Tasks/Spring/blog/apache-tomcat-11/webapps/ROOT]
22-Mar-2025 12:52:08.422 INFO [main] org.apache.catalina.startup.HostConfig.deployDirectory Deployment of web application directory [/home/serega/YandexPr/Middle/Final_Sprint_Tasks/Spring/blog/apache-tomcat-11/webapps/ROOT] has finished in [20] ms
22-Mar-2025 12:52:08.422 INFO [main] org.apache.catalina.startup.HostConfig.deployDirectory Установка веб приложения в папку [/home/serega/YandexPr/Middle/Final_Sprint_Tasks/Spring/blog/apache-tomcat-11/webapps/examples]
22-Mar-2025 12:52:08.642 INFO [main] org.apache.catalina.startup.HostConfig.deployDirectory Deployment of web application directory [/home/serega/YandexPr/Middle/Final_Sprint_Tasks/Spring/blog/apache-tomcat-11/webapps/examples] has finished in [219] ms
22-Mar-2025 12:52:08.642 INFO [main] org.apache.catalina.startup.HostConfig.deployDirectory Установка веб приложения в папку [/home/serega/YandexPr/Middle/Final_Sprint_Tasks/Spring/blog/apache-tomcat-11/webapps/host-manager]
22-Mar-2025 12:52:08.665 INFO [main] org.apache.catalina.startup.HostConfig.deployDirectory Deployment of web application directory [/home/serega/YandexPr/Middle/Final_Sprint_Tasks/Spring/blog/apache-tomcat-11/webapps/host-manager] has finished in [23] ms
22-Mar-2025 12:52:08.666 INFO [main] org.apache.catalina.startup.HostConfig.deployDirectory Установка веб приложения в папку [/home/serega/YandexPr/Middle/Final_Sprint_Tasks/Spring/blog/apache-tomcat-11/webapps/manager]
22-Mar-2025 12:52:08.688 INFO [main] org.apache.catalina.startup.HostConfig.deployDirectory Deployment of web application directory [/home/serega/YandexPr/Middle/Final_Sprint_Tasks/Spring/blog/apache-tomcat-11/webapps/manager] has finished in [22] ms
22-Mar-2025 12:52:08.693 INFO [main] org.apache.coyote.AbstractProtocol.start Starting ProtocolHandler ["http-nio-8080"]
22-Mar-2025 12:52:08.704 INFO [main] org.apache.catalina.startup.Catalina.start Server startup in [3662] milliseconds
22-Mar-2025 12:54:27.553 INFO [main] org.apache.catalina.core.StandardServer.await A valid shutdown command was received via the shutdown port. Stopping the Server instance.
22-Mar-2025 12:54:27.553 INFO [main] org.apache.coyote.AbstractProtocol.pause Pausing ProtocolHandler ["http-nio-8080"]
22-Mar-2025 12:54:27.555 INFO [main] org.apache.catalina.core.StandardService.stopInternal Stopping service [Catalina]
22-Mar-2025 12:54:27.572 WARNING [main] org.apache.catalina.loader.WebappClassLoaderBase.clearReferencesJdbc The web application [blog] registered the JDBC driver [org.postgresql.Driver] but failed to unregister it when the web application was stopped. To prevent a memory leak, the JDBC Driver has been forcibly unregistered.
22-Mar-2025 12:54:27.589 INFO [main] org.apache.coyote.AbstractProtocol.stop Stopping ProtocolHandler ["http-nio-8080"]
22-Mar-2025 12:54:27.598 INFO [main] org.apache.coyote.AbstractProtocol.destroy Destroying ProtocolHandler ["http-nio-8080"]
22-Mar-2025 12:54:35.679 INFO [main] org.apache.catalina.startup.VersionLoggerListener.log Имя версии сервера:    Apache Tomcat/11.0.2
22-Mar-2025 12:54:35.683 INFO [main] org.apache.catalina.startup.VersionLoggerListener.log Сервер собран:         Dec 5 2024 15:19:37 UTC
22-Mar-2025 12:54:35.683 INFO [main] org.apache.catalina.startup.VersionLoggerListener.log Номер версии сервера:  11.0.2.0
22-Mar-2025 12:54:35.683 INFO [main] org.apache.catalina.startup.VersionLoggerListener.log OS Name:               Linux
22-Mar-2025 12:54:35.683 INFO [main] org.apache.catalina.startup.VersionLoggerListener.log Версия ОС:             6.8.0-55-generic
22-Mar-2025 12:54:35.683 INFO [main] org.apache.catalina.startup.VersionLoggerListener.log Архитектура:           amd64
22-Mar-2025 12:54:35.684 INFO [main] org.apache.catalina.startup.VersionLoggerListener.log Java Home:             /usr/lib/jvm/java-21-openjdk-amd64
22-Mar-2025 12:54:35.684 INFO [main] org.apache.catalina.startup.VersionLoggerListener.log Версия JVM:            21.0.6+7-Ubuntu-124.04.1
22-Mar-2025 12:54:35.684 INFO [main] org.apache.catalina.startup.VersionLoggerListener.log Производитель JVM:     Ubuntu
22-Mar-2025 12:54:35.684 INFO [main] org.apache.catalina.startup.VersionLoggerListener.log CATALINA_BASE:         /home/serega/YandexPr/Middle/Final_Sprint_Tasks/Spring/blog/apache-tomcat-11
22-Mar-2025 12:54:35.684 INFO [main] org.apache.catalina.startup.VersionLoggerListener.log CATALINA_HOME:         /home/serega/YandexPr/Middle/Final_Sprint_Tasks/Spring/blog/apache-tomcat-11
22-Mar-2025 12:54:35.694 INFO [main] org.apache.catalina.startup.VersionLoggerListener.log Command line argument: -Djava.util.logging.config.file=/home/serega/YandexPr/Middle/Final_Sprint_Tasks/Spring/blog/apache-tomcat-11/conf/logging.properties
22-Mar-2025 12:54:35.694 INFO [main] org.apache.catalina.startup.VersionLoggerListener.log Command line argument: -Djava.util.logging.manager=org.apache.juli.ClassLoaderLogManager
22-Mar-2025 12:54:35.694 INFO [main] org.apache.catalina.startup.VersionLoggerListener.log Command line argument: -Djdk.tls.ephemeralDHKeySize=2048
22-Mar-2025 12:54:35.694 INFO [main] org.apache.catalina.startup.VersionLoggerListener.log Command line argument: -Dorg.apache.catalina.security.SecurityListener.UMASK=0027
22-Mar-2025 12:54:35.695 INFO [main] org.apache.catalina.startup.VersionLoggerListener.log Command line argument: --add-opens=java.base/java.lang=ALL-UNNAMED
22-Mar-2025 12:54:35.695 INFO [main] org.apache.catalina.startup.VersionLoggerListener.log Command line argument: --add-opens=java.base/java.io=ALL-UNNAMED
22-Mar-2025 12:54:35.695 INFO [main] org.apache.catalina.startup.VersionLoggerListener.log Command line argument: --add-opens=java.base/java.util=ALL-UNNAMED
22-Mar-2025 12:54:35.695 INFO [main] org.apache.catalina.startup.VersionLoggerListener.log Command line argument: --add-opens=java.base/java.util.concurrent=ALL-UNNAMED
22-Mar-2025 12:54:35.695 INFO [main] org.apache.catalina.startup.VersionLoggerListener.log Command line argument: --add-opens=java.rmi/sun.rmi.transport=ALL-UNNAMED
22-Mar-2025 12:54:35.695 INFO [main] org.apache.catalina.startup.VersionLoggerListener.log Command line argument: --enable-native-access=ALL-UNNAMED
22-Mar-2025 12:54:35.695 INFO [main] org.apache.catalina.startup.VersionLoggerListener.log Command line argument: -Dcatalina.base=/home/serega/YandexPr/Middle/Final_Sprint_Tasks/Spring/blog/apache-tomcat-11
22-Mar-2025 12:54:35.695 INFO [main] org.apache.catalina.startup.VersionLoggerListener.log Command line argument: -Dcatalina.home=/home/serega/YandexPr/Middle/Final_Sprint_Tasks/Spring/blog/apache-tomcat-11
22-Mar-2025 12:54:35.695 INFO [main] org.apache.catalina.startup.VersionLoggerListener.log Command line argument: -Djava.io.tmpdir=/home/serega/YandexPr/Middle/Final_Sprint_Tasks/Spring/blog/apache-tomcat-11/temp
22-Mar-2025 12:54:35.697 INFO [main] org.apache.catalina.core.AprLifecycleListener.lifecycleEvent The Apache Tomcat Native library which allows using OpenSSL was not found on the java.library.path: [/usr/java/packages/lib:/usr/lib/x86_64-linux-gnu/jni:/lib/x86_64-linux-gnu:/usr/lib/x86_64-linux-gnu:/usr/lib/jni:/lib:/usr/lib]
22-Mar-2025 12:54:36.049 INFO [main] org.apache.coyote.AbstractProtocol.init Инициализация ProtocolHandler ["http-nio-8080"]
22-Mar-2025 12:54:36.073 INFO [main] org.apache.catalina.startup.Catalina.load Server initialization in [605] milliseconds
22-Mar-2025 12:54:36.118 INFO [main] org.apache.catalina.core.StandardService.startInternal Starting service [Catalina]
22-Mar-2025 12:54:36.118 INFO [main] org.apache.catalina.core.StandardEngine.startInternal Starting Servlet engine: [Apache Tomcat/11.0.2]
22-Mar-2025 12:54:36.134 INFO [main] org.apache.catalina.startup.HostConfig.deployWAR Deploying web application archive [/home/serega/YandexPr/Middle/Final_Sprint_Tasks/Spring/blog/apache-tomcat-11/webapps/blog.war]
22-Mar-2025 12:54:37.743 INFO [main] org.apache.jasper.servlet.TldScanner.scanJars At least one JAR was scanned for TLDs yet contained no TLDs. Enable debug logging for this logger for a complete list of JARs that were scanned but no TLDs were found in them. Skipping unneeded JARs during scanning can improve startup time and JSP compilation time.
22-Mar-2025 12:54:39.585 INFO [main] org.apache.catalina.startup.HostConfig.deployWAR Deployment of web application archive [/home/serega/YandexPr/Middle/Final_Sprint_Tasks/Spring/blog/apache-tomcat-11/webapps/blog.war] has finished in [3 450] ms
22-Mar-2025 12:54:39.586 INFO [main] org.apache.catalina.startup.HostConfig.deployDirectory Установка веб приложения в папку [/home/serega/YandexPr/Middle/Final_Sprint_Tasks/Spring/blog/apache-tomcat-11/webapps/docs]
22-Mar-2025 12:54:39.617 INFO [main] org.apache.catalina.startup.HostConfig.deployDirectory Deployment of web application directory [/home/serega/YandexPr/Middle/Final_Sprint_Tasks/Spring/blog/apache-tomcat-11/webapps/docs] has finished in [31] ms
22-Mar-2025 12:54:39.617 INFO [main] org.apache.catalina.startup.HostConfig.deployDirectory Установка веб приложения в папку [/home/serega/YandexPr/Middle/Final_Sprint_Tasks/Spring/blog/apache-tomcat-11/webapps/ROOT]
22-Mar-2025 12:54:39.640 INFO [main] org.apache.catalina.startup.HostConfig.deployDirectory Deployment of web application directory [/home/serega/YandexPr/Middle/Final_Sprint_Tasks/Spring/blog/apache-tomcat-11/webapps/ROOT] has finished in [23] ms
22-Mar-2025 12:54:39.640 INFO [main] org.apache.catalina.startup.HostConfig.deployDirectory Установка веб приложения в папку [/home/serega/YandexPr/Middle/Final_Sprint_Tasks/Spring/blog/apache-tomcat-11/webapps/examples]
22-Mar-2025 12:54:39.855 INFO [main] org.apache.catalina.startup.HostConfig.deployDirectory Deployment of web application directory [/home/serega/YandexPr/Middle/Final_Sprint_Tasks/Spring/blog/apache-tomcat-11/webapps/examples] has finished in [215] ms
22-Mar-2025 12:54:39.855 INFO [main] org.apache.catalina.startup.HostConfig.deployDirectory Установка веб приложения в папку [/home/serega/YandexPr/Middle/Final_Sprint_Tasks/Spring/blog/apache-tomcat-11/webapps/host-manager]
22-Mar-2025 12:54:39.879 INFO [main] org.apache.catalina.startup.HostConfig.deployDirectory Deployment of web application directory [/home/serega/YandexPr/Middle/Final_Sprint_Tasks/Spring/blog/apache-tomcat-11/webapps/host-manager] has finished in [24] ms
22-Mar-2025 12:54:39.879 INFO [main] org.apache.catalina.startup.HostConfig.deployDirectory Установка веб приложения в папку [/home/serega/YandexPr/Middle/Final_Sprint_Tasks/Spring/blog/apache-tomcat-11/webapps/manager]
22-Mar-2025 12:54:39.902 INFO [main] org.apache.catalina.startup.HostConfig.deployDirectory Deployment of web application directory [/home/serega/YandexPr/Middle/Final_Sprint_Tasks/Spring/blog/apache-tomcat-11/webapps/manager] has finished in [23] ms
22-Mar-2025 12:54:39.907 INFO [main] org.apache.coyote.AbstractProtocol.start Starting ProtocolHandler ["http-nio-8080"]
22-Mar-2025 12:54:39.919 INFO [main] org.apache.catalina.startup.Catalina.start Server startup in [3844] milliseconds
22-Mar-2025 12:58:53.795 INFO [main] org.apache.catalina.core.StandardServer.await A valid shutdown command was received via the shutdown port. Stopping the Server instance.
22-Mar-2025 12:58:53.796 INFO [main] org.apache.coyote.AbstractProtocol.pause Pausing ProtocolHandler ["http-nio-8080"]
22-Mar-2025 12:58:53.797 INFO [main] org.apache.catalina.core.StandardService.stopInternal Stopping service [Catalina]
22-Mar-2025 12:58:53.814 WARNING [main] org.apache.catalina.loader.WebappClassLoaderBase.clearReferencesJdbc The web application [blog] registered the JDBC driver [org.postgresql.Driver] but failed to unregister it when the web application was stopped. To prevent a memory leak, the JDBC Driver has been forcibly unregistered.
22-Mar-2025 12:58:53.830 INFO [main] org.apache.coyote.AbstractProtocol.stop Stopping ProtocolHandler ["http-nio-8080"]
22-Mar-2025 12:58:53.841 INFO [main] org.apache.coyote.AbstractProtocol.destroy Destroying ProtocolHandler ["http-nio-8080"]
22-Mar-2025 12:58:59.960 INFO [main] org.apache.catalina.startup.VersionLoggerListener.log Имя версии сервера:    Apache Tomcat/11.0.2
22-Mar-2025 12:58:59.965 INFO [main] org.apache.catalina.startup.VersionLoggerListener.log Сервер собран:         Dec 5 2024 15:19:37 UTC
22-Mar-2025 12:58:59.965 INFO [main] org.apache.catalina.startup.VersionLoggerListener.log Номер версии сервера:  11.0.2.0
22-Mar-2025 12:58:59.965 INFO [main] org.apache.catalina.startup.VersionLoggerListener.log OS Name:               Linux
22-Mar-2025 12:58:59.965 INFO [main] org.apache.catalina.startup.VersionLoggerListener.log Версия ОС:             6.8.0-55-generic
22-Mar-2025 12:58:59.965 INFO [main] org.apache.catalina.startup.VersionLoggerListener.log Архитектура:           amd64
22-Mar-2025 12:58:59.966 INFO [main] org.apache.catalina.startup.VersionLoggerListener.log Java Home:             /usr/lib/jvm/java-21-openjdk-amd64
22-Mar-2025 12:58:59.966 INFO [main] org.apache.catalina.startup.VersionLoggerListener.log Версия JVM:            21.0.6+7-Ubuntu-124.04.1
22-Mar-2025 12:58:59.966 INFO [main] org.apache.catalina.startup.VersionLoggerListener.log Производитель JVM:     Ubuntu
22-Mar-2025 12:58:59.966 INFO [main] org.apache.catalina.startup.VersionLoggerListener.log CATALINA_BASE:         /home/serega/YandexPr/Middle/Final_Sprint_Tasks/Spring/blog/apache-tomcat-11
22-Mar-2025 12:58:59.966 INFO [main] org.apache.catalina.startup.VersionLoggerListener.log CATALINA_HOME:         /home/serega/YandexPr/Middle/Final_Sprint_Tasks/Spring/blog/apache-tomcat-11
22-Mar-2025 12:58:59.976 INFO [main] org.apache.catalina.startup.VersionLoggerListener.log Command line argument: -Djava.util.logging.config.file=/home/serega/YandexPr/Middle/Final_Sprint_Tasks/Spring/blog/apache-tomcat-11/conf/logging.properties
22-Mar-2025 12:58:59.977 INFO [main] org.apache.catalina.startup.VersionLoggerListener.log Command line argument: -Djava.util.logging.manager=org.apache.juli.ClassLoaderLogManager
22-Mar-2025 12:58:59.977 INFO [main] org.apache.catalina.startup.VersionLoggerListener.log Command line argument: -Djdk.tls.ephemeralDHKeySize=2048
22-Mar-2025 12:58:59.977 INFO [main] org.apache.catalina.startup.VersionLoggerListener.log Command line argument: -Dorg.apache.catalina.security.SecurityListener.UMASK=0027
22-Mar-2025 12:58:59.977 INFO [main] org.apache.catalina.startup.VersionLoggerListener.log Command line argument: --add-opens=java.base/java.lang=ALL-UNNAMED
22-Mar-2025 12:58:59.977 INFO [main] org.apache.catalina.startup.VersionLoggerListener.log Command line argument: --add-opens=java.base/java.io=ALL-UNNAMED
22-Mar-2025 12:58:59.977 INFO [main] org.apache.catalina.startup.VersionLoggerListener.log Command line argument: --add-opens=java.base/java.util=ALL-UNNAMED
22-Mar-2025 12:58:59.977 INFO [main] org.apache.catalina.startup.VersionLoggerListener.log Command line argument: --add-opens=java.base/java.util.concurrent=ALL-UNNAMED
22-Mar-2025 12:58:59.977 INFO [main] org.apache.catalina.startup.VersionLoggerListener.log Command line argument: --add-opens=java.rmi/sun.rmi.transport=ALL-UNNAMED
22-Mar-2025 12:58:59.978 INFO [main] org.apache.catalina.startup.VersionLoggerListener.log Command line argument: --enable-native-access=ALL-UNNAMED
22-Mar-2025 12:58:59.978 INFO [main] org.apache.catalina.startup.VersionLoggerListener.log Command line argument: -Dcatalina.base=/home/serega/YandexPr/Middle/Final_Sprint_Tasks/Spring/blog/apache-tomcat-11
22-Mar-2025 12:58:59.978 INFO [main] org.apache.catalina.startup.VersionLoggerListener.log Command line argument: -Dcatalina.home=/home/serega/YandexPr/Middle/Final_Sprint_Tasks/Spring/blog/apache-tomcat-11
22-Mar-2025 12:58:59.978 INFO [main] org.apache.catalina.startup.VersionLoggerListener.log Command line argument: -Djava.io.tmpdir=/home/serega/YandexPr/Middle/Final_Sprint_Tasks/Spring/blog/apache-tomcat-11/temp
22-Mar-2025 12:58:59.980 INFO [main] org.apache.catalina.core.AprLifecycleListener.lifecycleEvent The Apache Tomcat Native library which allows using OpenSSL was not found on the java.library.path: [/usr/java/packages/lib:/usr/lib/x86_64-linux-gnu/jni:/lib/x86_64-linux-gnu:/usr/lib/x86_64-linux-gnu:/usr/lib/jni:/lib:/usr/lib]
22-Mar-2025 12:59:00.380 INFO [main] org.apache.coyote.AbstractProtocol.init Инициализация ProtocolHandler ["http-nio-8080"]
22-Mar-2025 12:59:00.410 INFO [main] org.apache.catalina.startup.Catalina.load Server initialization in [646] milliseconds
22-Mar-2025 12:59:00.469 INFO [main] org.apache.catalina.core.StandardService.startInternal Starting service [Catalina]
22-Mar-2025 12:59:00.469 INFO [main] org.apache.catalina.core.StandardEngine.startInternal Starting Servlet engine: [Apache Tomcat/11.0.2]
22-Mar-2025 12:59:00.485 INFO [main] org.apache.catalina.startup.HostConfig.deployWAR Deploying web application archive [/home/serega/YandexPr/Middle/Final_Sprint_Tasks/Spring/blog/apache-tomcat-11/webapps/blog.war]
22-Mar-2025 12:59:02.133 INFO [main] org.apache.jasper.servlet.TldScanner.scanJars At least one JAR was scanned for TLDs yet contained no TLDs. Enable debug logging for this logger for a complete list of JARs that were scanned but no TLDs were found in them. Skipping unneeded JARs during scanning can improve startup time and JSP compilation time.
22-Mar-2025 12:59:03.940 INFO [main] org.apache.catalina.startup.HostConfig.deployWAR Deployment of web application archive [/home/serega/YandexPr/Middle/Final_Sprint_Tasks/Spring/blog/apache-tomcat-11/webapps/blog.war] has finished in [3 454] ms
22-Mar-2025 12:59:03.941 INFO [main] org.apache.catalina.startup.HostConfig.deployDirectory Установка веб приложения в папку [/home/serega/YandexPr/Middle/Final_Sprint_Tasks/Spring/blog/apache-tomcat-11/webapps/docs]
22-Mar-2025 12:59:03.964 INFO [main] org.apache.catalina.startup.HostConfig.deployDirectory Deployment of web application directory [/home/serega/YandexPr/Middle/Final_Sprint_Tasks/Spring/blog/apache-tomcat-11/webapps/docs] has finished in [24] ms
22-Mar-2025 12:59:03.964 INFO [main] org.apache.catalina.startup.HostConfig.deployDirectory Установка веб приложения в папку [/home/serega/YandexPr/Middle/Final_Sprint_Tasks/Spring/blog/apache-tomcat-11/webapps/ROOT]
22-Mar-2025 12:59:03.985 INFO [main] org.apache.catalina.startup.HostConfig.deployDirectory Deployment of web application directory [/home/serega/YandexPr/Middle/Final_Sprint_Tasks/Spring/blog/apache-tomcat-11/webapps/ROOT] has finished in [21] ms
22-Mar-2025 12:59:03.985 INFO [main] org.apache.catalina.startup.HostConfig.deployDirectory Установка веб приложения в папку [/home/serega/YandexPr/Middle/Final_Sprint_Tasks/Spring/blog/apache-tomcat-11/webapps/examples]
22-Mar-2025 12:59:04.221 INFO [main] org.apache.catalina.startup.HostConfig.deployDirectory Deployment of web application directory [/home/serega/YandexPr/Middle/Final_Sprint_Tasks/Spring/blog/apache-tomcat-11/webapps/examples] has finished in [236] ms
22-Mar-2025 12:59:04.222 INFO [main] org.apache.catalina.startup.HostConfig.deployDirectory Установка веб приложения в папку [/home/serega/YandexPr/Middle/Final_Sprint_Tasks/Spring/blog/apache-tomcat-11/webapps/host-manager]
22-Mar-2025 12:59:04.245 INFO [main] org.apache.catalina.startup.HostConfig.deployDirectory Deployment of web application directory [/home/serega/YandexPr/Middle/Final_Sprint_Tasks/Spring/blog/apache-tomcat-11/webapps/host-manager] has finished in [23] ms
22-Mar-2025 12:59:04.246 INFO [main] org.apache.catalina.startup.HostConfig.deployDirectory Установка веб приложения в папку [/home/serega/YandexPr/Middle/Final_Sprint_Tasks/Spring/blog/apache-tomcat-11/webapps/manager]
22-Mar-2025 12:59:04.268 INFO [main] org.apache.catalina.startup.HostConfig.deployDirectory Deployment of web application directory [/home/serega/YandexPr/Middle/Final_Sprint_Tasks/Spring/blog/apache-tomcat-11/webapps/manager] has finished in [22] ms
22-Mar-2025 12:59:04.273 INFO [main] org.apache.coyote.AbstractProtocol.start Starting ProtocolHandler ["http-nio-8080"]
22-Mar-2025 12:59:04.283 INFO [main] org.apache.catalina.startup.Catalina.start Server startup in [3871] milliseconds
22-Mar-2025 13:00:20.923 INFO [main] org.apache.catalina.core.StandardServer.await A valid shutdown command was received via the shutdown port. Stopping the Server instance.
22-Mar-2025 13:00:20.924 INFO [main] org.apache.coyote.AbstractProtocol.pause Pausing ProtocolHandler ["http-nio-8080"]
22-Mar-2025 13:00:20.925 INFO [main] org.apache.catalina.core.StandardService.stopInternal Stopping service [Catalina]
22-Mar-2025 13:00:20.942 WARNING [main] org.apache.catalina.loader.WebappClassLoaderBase.clearReferencesJdbc The web application [blog] registered the JDBC driver [org.postgresql.Driver] but failed to unregister it when the web application was stopped. To prevent a memory leak, the JDBC Driver has been forcibly unregistered.
22-Mar-2025 13:00:20.961 INFO [main] org.apache.coyote.AbstractProtocol.stop Stopping ProtocolHandler ["http-nio-8080"]
22-Mar-2025 13:00:20.969 INFO [main] org.apache.coyote.AbstractProtocol.destroy Destroying ProtocolHandler ["http-nio-8080"]
22-Mar-2025 13:00:27.520 INFO [main] org.apache.catalina.startup.VersionLoggerListener.log Имя версии сервера:    Apache Tomcat/11.0.2
22-Mar-2025 13:00:27.525 INFO [main] org.apache.catalina.startup.VersionLoggerListener.log Сервер собран:         Dec 5 2024 15:19:37 UTC
22-Mar-2025 13:00:27.525 INFO [main] org.apache.catalina.startup.VersionLoggerListener.log Номер версии сервера:  11.0.2.0
22-Mar-2025 13:00:27.525 INFO [main] org.apache.catalina.startup.VersionLoggerListener.log OS Name:               Linux
22-Mar-2025 13:00:27.525 INFO [main] org.apache.catalina.startup.VersionLoggerListener.log Версия ОС:             6.8.0-55-generic
22-Mar-2025 13:00:27.525 INFO [main] org.apache.catalina.startup.VersionLoggerListener.log Архитектура:           amd64
22-Mar-2025 13:00:27.526 INFO [main] org.apache.catalina.startup.VersionLoggerListener.log Java Home:             /usr/lib/jvm/java-21-openjdk-amd64
22-Mar-2025 13:00:27.526 INFO [main] org.apache.catalina.startup.VersionLoggerListener.log Версия JVM:            21.0.6+7-Ubuntu-124.04.1
22-Mar-2025 13:00:27.526 INFO [main] org.apache.catalina.startup.VersionLoggerListener.log Производитель JVM:     Ubuntu
22-Mar-2025 13:00:27.526 INFO [main] org.apache.catalina.startup.VersionLoggerListener.log CATALINA_BASE:         /home/serega/YandexPr/Middle/Final_Sprint_Tasks/Spring/blog/apache-tomcat-11
22-Mar-2025 13:00:27.526 INFO [main] org.apache.catalina.startup.VersionLoggerListener.log CATALINA_HOME:         /home/serega/YandexPr/Middle/Final_Sprint_Tasks/Spring/blog/apache-tomcat-11
22-Mar-2025 13:00:27.536 INFO [main] org.apache.catalina.startup.VersionLoggerListener.log Command line argument: -Djava.util.logging.config.file=/home/serega/YandexPr/Middle/Final_Sprint_Tasks/Spring/blog/apache-tomcat-11/conf/logging.properties
22-Mar-2025 13:00:27.537 INFO [main] org.apache.catalina.startup.VersionLoggerListener.log Command line argument: -Djava.util.logging.manager=org.apache.juli.ClassLoaderLogManager
22-Mar-2025 13:00:27.537 INFO [main] org.apache.catalina.startup.VersionLoggerListener.log Command line argument: -Djdk.tls.ephemeralDHKeySize=2048
22-Mar-2025 13:00:27.537 INFO [main] org.apache.catalina.startup.VersionLoggerListener.log Command line argument: -Dorg.apache.catalina.security.SecurityListener.UMASK=0027
22-Mar-2025 13:00:27.537 INFO [main] org.apache.catalina.startup.VersionLoggerListener.log Command line argument: --add-opens=java.base/java.lang=ALL-UNNAMED
22-Mar-2025 13:00:27.537 INFO [main] org.apache.catalina.startup.VersionLoggerListener.log Command line argument: --add-opens=java.base/java.io=ALL-UNNAMED
22-Mar-2025 13:00:27.537 INFO [main] org.apache.catalina.startup.VersionLoggerListener.log Command line argument: --add-opens=java.base/java.util=ALL-UNNAMED
22-Mar-2025 13:00:27.537 INFO [main] org.apache.catalina.startup.VersionLoggerListener.log Command line argument: --add-opens=java.base/java.util.concurrent=ALL-UNNAMED
22-Mar-2025 13:00:27.538 INFO [main] org.apache.catalina.startup.VersionLoggerListener.log Command line argument: --add-opens=java.rmi/sun.rmi.transport=ALL-UNNAMED
22-Mar-2025 13:00:27.538 INFO [main] org.apache.catalina.startup.VersionLoggerListener.log Command line argument: --enable-native-access=ALL-UNNAMED
22-Mar-2025 13:00:27.538 INFO [main] org.apache.catalina.startup.VersionLoggerListener.log Command line argument: -Dcatalina.base=/home/serega/YandexPr/Middle/Final_Sprint_Tasks/Spring/blog/apache-tomcat-11
22-Mar-2025 13:00:27.538 INFO [main] org.apache.catalina.startup.VersionLoggerListener.log Command line argument: -Dcatalina.home=/home/serega/YandexPr/Middle/Final_Sprint_Tasks/Spring/blog/apache-tomcat-11
22-Mar-2025 13:00:27.538 INFO [main] org.apache.catalina.startup.VersionLoggerListener.log Command line argument: -Djava.io.tmpdir=/home/serega/YandexPr/Middle/Final_Sprint_Tasks/Spring/blog/apache-tomcat-11/temp
22-Mar-2025 13:00:27.540 INFO [main] org.apache.catalina.core.AprLifecycleListener.lifecycleEvent The Apache Tomcat Native library which allows using OpenSSL was not found on the java.library.path: [/usr/java/packages/lib:/usr/lib/x86_64-linux-gnu/jni:/lib/x86_64-linux-gnu:/usr/lib/x86_64-linux-gnu:/usr/lib/jni:/lib:/usr/lib]
22-Mar-2025 13:00:27.900 INFO [main] org.apache.coyote.AbstractProtocol.init Инициализация ProtocolHandler ["http-nio-8080"]
22-Mar-2025 13:00:27.925 INFO [main] org.apache.catalina.startup.Catalina.load Server initialization in [603] milliseconds
22-Mar-2025 13:00:27.971 INFO [main] org.apache.catalina.core.StandardService.startInternal Starting service [Catalina]
22-Mar-2025 13:00:27.972 INFO [main] org.apache.catalina.core.StandardEngine.startInternal Starting Servlet engine: [Apache Tomcat/11.0.2]
22-Mar-2025 13:00:27.988 INFO [main] org.apache.catalina.startup.HostConfig.deployWAR Deploying web application archive [/home/serega/YandexPr/Middle/Final_Sprint_Tasks/Spring/blog/apache-tomcat-11/webapps/blog.war]
22-Mar-2025 13:00:29.618 INFO [main] org.apache.jasper.servlet.TldScanner.scanJars At least one JAR was scanned for TLDs yet contained no TLDs. Enable debug logging for this logger for a complete list of JARs that were scanned but no TLDs were found in them. Skipping unneeded JARs during scanning can improve startup time and JSP compilation time.
22-Mar-2025 13:00:31.174 INFO [main] org.apache.catalina.startup.HostConfig.deployWAR Deployment of web application archive [/home/serega/YandexPr/Middle/Final_Sprint_Tasks/Spring/blog/apache-tomcat-11/webapps/blog.war] has finished in [3 186] ms
22-Mar-2025 13:00:31.175 INFO [main] org.apache.catalina.startup.HostConfig.deployDirectory Установка веб приложения в папку [/home/serega/YandexPr/Middle/Final_Sprint_Tasks/Spring/blog/apache-tomcat-11/webapps/docs]
22-Mar-2025 13:00:31.199 INFO [main] org.apache.catalina.startup.HostConfig.deployDirectory Deployment of web application directory [/home/serega/YandexPr/Middle/Final_Sprint_Tasks/Spring/blog/apache-tomcat-11/webapps/docs] has finished in [24] ms
22-Mar-2025 13:00:31.199 INFO [main] org.apache.catalina.startup.HostConfig.deployDirectory Установка веб приложения в папку [/home/serega/YandexPr/Middle/Final_Sprint_Tasks/Spring/blog/apache-tomcat-11/webapps/ROOT]
22-Mar-2025 13:00:31.217 INFO [main] org.apache.catalina.startup.HostConfig.deployDirectory Deployment of web application directory [/home/serega/YandexPr/Middle/Final_Sprint_Tasks/Spring/blog/apache-tomcat-11/webapps/ROOT] has finished in [18] ms
22-Mar-2025 13:00:31.217 INFO [main] org.apache.catalina.startup.HostConfig.deployDirectory Установка веб приложения в папку [/home/serega/YandexPr/Middle/Final_Sprint_Tasks/Spring/blog/apache-tomcat-11/webapps/examples]
22-Mar-2025 13:00:31.487 INFO [main] org.apache.catalina.startup.HostConfig.deployDirectory Deployment of web application directory [/home/serega/YandexPr/Middle/Final_Sprint_Tasks/Spring/blog/apache-tomcat-11/webapps/examples] has finished in [269] ms
22-Mar-2025 13:00:31.487 INFO [main] org.apache.catalina.startup.HostConfig.deployDirectory Установка веб приложения в папку [/home/serega/YandexPr/Middle/Final_Sprint_Tasks/Spring/blog/apache-tomcat-11/webapps/host-manager]
22-Mar-2025 13:00:31.515 INFO [main] org.apache.catalina.startup.HostConfig.deployDirectory Deployment of web application directory [/home/serega/YandexPr/Middle/Final_Sprint_Tasks/Spring/blog/apache-tomcat-11/webapps/host-manager] has finished in [28] ms
22-Mar-2025 13:00:31.515 INFO [main] org.apache.catalina.startup.HostConfig.deployDirectory Установка веб приложения в папку [/home/serega/YandexPr/Middle/Final_Sprint_Tasks/Spring/blog/apache-tomcat-11/webapps/manager]
22-Mar-2025 13:00:31.537 INFO [main] org.apache.catalina.startup.HostConfig.deployDirectory Deployment of web application directory [/home/serega/YandexPr/Middle/Final_Sprint_Tasks/Spring/blog/apache-tomcat-11/webapps/manager] has finished in [21] ms
22-Mar-2025 13:00:31.541 INFO [main] org.apache.coyote.AbstractProtocol.start Starting ProtocolHandler ["http-nio-8080"]
22-Mar-2025 13:00:31.554 INFO [main] org.apache.catalina.startup.Catalina.start Server startup in [3628] milliseconds
22-Mar-2025 13:02:35.744 INFO [main] org.apache.catalina.core.StandardServer.await A valid shutdown command was received via the shutdown port. Stopping the Server instance.
22-Mar-2025 13:02:35.744 INFO [main] org.apache.coyote.AbstractProtocol.pause Pausing ProtocolHandler ["http-nio-8080"]
22-Mar-2025 13:02:35.746 INFO [main] org.apache.catalina.core.StandardService.stopInternal Stopping service [Catalina]
22-Mar-2025 13:02:35.762 WARNING [main] org.apache.catalina.loader.WebappClassLoaderBase.clearReferencesJdbc The web application [blog] registered the JDBC driver [org.postgresql.Driver] but failed to unregister it when the web application was stopped. To prevent a memory leak, the JDBC Driver has been forcibly unregistered.
22-Mar-2025 13:02:35.784 INFO [main] org.apache.coyote.AbstractProtocol.stop Stopping ProtocolHandler ["http-nio-8080"]
22-Mar-2025 13:02:35.789 INFO [main] org.apache.coyote.AbstractProtocol.destroy Destroying ProtocolHandler ["http-nio-8080"]
22-Mar-2025 13:02:41.873 INFO [main] org.apache.catalina.startup.VersionLoggerListener.log Имя версии сервера:    Apache Tomcat/11.0.2
22-Mar-2025 13:02:41.877 INFO [main] org.apache.catalina.startup.VersionLoggerListener.log Сервер собран:         Dec 5 2024 15:19:37 UTC
22-Mar-2025 13:02:41.877 INFO [main] org.apache.catalina.startup.VersionLoggerListener.log Номер версии сервера:  11.0.2.0
22-Mar-2025 13:02:41.877 INFO [main] org.apache.catalina.startup.VersionLoggerListener.log OS Name:               Linux
22-Mar-2025 13:02:41.878 INFO [main] org.apache.catalina.startup.VersionLoggerListener.log Версия ОС:             6.8.0-55-generic
22-Mar-2025 13:02:41.878 INFO [main] org.apache.catalina.startup.VersionLoggerListener.log Архитектура:           amd64
22-Mar-2025 13:02:41.878 INFO [main] org.apache.catalina.startup.VersionLoggerListener.log Java Home:             /usr/lib/jvm/java-21-openjdk-amd64
22-Mar-2025 13:02:41.878 INFO [main] org.apache.catalina.startup.VersionLoggerListener.log Версия JVM:            21.0.6+7-Ubuntu-124.04.1
22-Mar-2025 13:02:41.878 INFO [main] org.apache.catalina.startup.VersionLoggerListener.log Производитель JVM:     Ubuntu
22-Mar-2025 13:02:41.878 INFO [main] org.apache.catalina.startup.VersionLoggerListener.log CATALINA_BASE:         /home/serega/YandexPr/Middle/Final_Sprint_Tasks/Spring/blog/apache-tomcat-11
22-Mar-2025 13:02:41.878 INFO [main] org.apache.catalina.startup.VersionLoggerListener.log CATALINA_HOME:         /home/serega/YandexPr/Middle/Final_Sprint_Tasks/Spring/blog/apache-tomcat-11
22-Mar-2025 13:02:41.889 INFO [main] org.apache.catalina.startup.VersionLoggerListener.log Command line argument: -Djava.util.logging.config.file=/home/serega/YandexPr/Middle/Final_Sprint_Tasks/Spring/blog/apache-tomcat-11/conf/logging.properties
22-Mar-2025 13:02:41.889 INFO [main] org.apache.catalina.startup.VersionLoggerListener.log Command line argument: -Djava.util.logging.manager=org.apache.juli.ClassLoaderLogManager
22-Mar-2025 13:02:41.889 INFO [main] org.apache.catalina.startup.VersionLoggerListener.log Command line argument: -Djdk.tls.ephemeralDHKeySize=2048
22-Mar-2025 13:02:41.890 INFO [main] org.apache.catalina.startup.VersionLoggerListener.log Command line argument: -Dorg.apache.catalina.security.SecurityListener.UMASK=0027
22-Mar-2025 13:02:41.890 INFO [main] org.apache.catalina.startup.VersionLoggerListener.log Command line argument: --add-opens=java.base/java.lang=ALL-UNNAMED
22-Mar-2025 13:02:41.890 INFO [main] org.apache.catalina.startup.VersionLoggerListener.log Command line argument: --add-opens=java.base/java.io=ALL-UNNAMED
22-Mar-2025 13:02:41.890 INFO [main] org.apache.catalina.startup.VersionLoggerListener.log Command line argument: --add-opens=java.base/java.util=ALL-UNNAMED
22-Mar-2025 13:02:41.890 INFO [main] org.apache.catalina.startup.VersionLoggerListener.log Command line argument: --add-opens=java.base/java.util.concurrent=ALL-UNNAMED
22-Mar-2025 13:02:41.890 INFO [main] org.apache.catalina.startup.VersionLoggerListener.log Command line argument: --add-opens=java.rmi/sun.rmi.transport=ALL-UNNAMED
22-Mar-2025 13:02:41.890 INFO [main] org.apache.catalina.startup.VersionLoggerListener.log Command line argument: --enable-native-access=ALL-UNNAMED
22-Mar-2025 13:02:41.890 INFO [main] org.apache.catalina.startup.VersionLoggerListener.log Command line argument: -Dcatalina.base=/home/serega/YandexPr/Middle/Final_Sprint_Tasks/Spring/blog/apache-tomcat-11
22-Mar-2025 13:02:41.890 INFO [main] org.apache.catalina.startup.VersionLoggerListener.log Command line argument: -Dcatalina.home=/home/serega/YandexPr/Middle/Final_Sprint_Tasks/Spring/blog/apache-tomcat-11
22-Mar-2025 13:02:41.890 INFO [main] org.apache.catalina.startup.VersionLoggerListener.log Command line argument: -Djava.io.tmpdir=/home/serega/YandexPr/Middle/Final_Sprint_Tasks/Spring/blog/apache-tomcat-11/temp
22-Mar-2025 13:02:41.892 INFO [main] org.apache.catalina.core.AprLifecycleListener.lifecycleEvent The Apache Tomcat Native library which allows using OpenSSL was not found on the java.library.path: [/usr/java/packages/lib:/usr/lib/x86_64-linux-gnu/jni:/lib/x86_64-linux-gnu:/usr/lib/x86_64-linux-gnu:/usr/lib/jni:/lib:/usr/lib]
22-Mar-2025 13:02:42.279 INFO [main] org.apache.coyote.AbstractProtocol.init Инициализация ProtocolHandler ["http-nio-8080"]
22-Mar-2025 13:02:42.303 INFO [main] org.apache.catalina.startup.Catalina.load Server initialization in [622] milliseconds
22-Mar-2025 13:02:42.349 INFO [main] org.apache.catalina.core.StandardService.startInternal Starting service [Catalina]
22-Mar-2025 13:02:42.350 INFO [main] org.apache.catalina.core.StandardEngine.startInternal Starting Servlet engine: [Apache Tomcat/11.0.2]
22-Mar-2025 13:02:42.365 INFO [main] org.apache.catalina.startup.HostConfig.deployWAR Deploying web application archive [/home/serega/YandexPr/Middle/Final_Sprint_Tasks/Spring/blog/apache-tomcat-11/webapps/blog.war]
22-Mar-2025 13:02:43.996 INFO [main] org.apache.jasper.servlet.TldScanner.scanJars At least one JAR was scanned for TLDs yet contained no TLDs. Enable debug logging for this logger for a complete list of JARs that were scanned but no TLDs were found in them. Skipping unneeded JARs during scanning can improve startup time and JSP compilation time.
22-Mar-2025 13:02:45.727 INFO [main] org.apache.catalina.startup.HostConfig.deployWAR Deployment of web application archive [/home/serega/YandexPr/Middle/Final_Sprint_Tasks/Spring/blog/apache-tomcat-11/webapps/blog.war] has finished in [3 362] ms
22-Mar-2025 13:02:45.728 INFO [main] org.apache.catalina.startup.HostConfig.deployDirectory Установка веб приложения в папку [/home/serega/YandexPr/Middle/Final_Sprint_Tasks/Spring/blog/apache-tomcat-11/webapps/docs]
22-Mar-2025 13:02:45.753 INFO [main] org.apache.catalina.startup.HostConfig.deployDirectory Deployment of web application directory [/home/serega/YandexPr/Middle/Final_Sprint_Tasks/Spring/blog/apache-tomcat-11/webapps/docs] has finished in [25] ms
22-Mar-2025 13:02:45.753 INFO [main] org.apache.catalina.startup.HostConfig.deployDirectory Установка веб приложения в папку [/home/serega/YandexPr/Middle/Final_Sprint_Tasks/Spring/blog/apache-tomcat-11/webapps/ROOT]
22-Mar-2025 13:02:45.777 INFO [main] org.apache.catalina.startup.HostConfig.deployDirectory Deployment of web application directory [/home/serega/YandexPr/Middle/Final_Sprint_Tasks/Spring/blog/apache-tomcat-11/webapps/ROOT] has finished in [23] ms
22-Mar-2025 13:02:45.777 INFO [main] org.apache.catalina.startup.HostConfig.deployDirectory Установка веб приложения в папку [/home/serega/YandexPr/Middle/Final_Sprint_Tasks/Spring/blog/apache-tomcat-11/webapps/examples]
22-Mar-2025 13:02:45.994 INFO [main] org.apache.catalina.startup.HostConfig.deployDirectory Deployment of web application directory [/home/serega/YandexPr/Middle/Final_Sprint_Tasks/Spring/blog/apache-tomcat-11/webapps/examples] has finished in [217] ms
22-Mar-2025 13:02:45.994 INFO [main] org.apache.catalina.startup.HostConfig.deployDirectory Установка веб приложения в папку [/home/serega/YandexPr/Middle/Final_Sprint_Tasks/Spring/blog/apache-tomcat-11/webapps/host-manager]
22-Mar-2025 13:02:46.020 INFO [main] org.apache.catalina.startup.HostConfig.deployDirectory Deployment of web application directory [/home/serega/YandexPr/Middle/Final_Sprint_Tasks/Spring/blog/apache-tomcat-11/webapps/host-manager] has finished in [26] ms
22-Mar-2025 13:02:46.020 INFO [main] org.apache.catalina.startup.HostConfig.deployDirectory Установка веб приложения в папку [/home/serega/YandexPr/Middle/Final_Sprint_Tasks/Spring/blog/apache-tomcat-11/webapps/manager]
22-Mar-2025 13:02:46.042 INFO [main] org.apache.catalina.startup.HostConfig.deployDirectory Deployment of web application directory [/home/serega/YandexPr/Middle/Final_Sprint_Tasks/Spring/blog/apache-tomcat-11/webapps/manager] has finished in [22] ms
22-Mar-2025 13:02:46.047 INFO [main] org.apache.coyote.AbstractProtocol.start Starting ProtocolHandler ["http-nio-8080"]
22-Mar-2025 13:02:46.058 INFO [main] org.apache.catalina.startup.Catalina.start Server startup in [3753] milliseconds
22-Mar-2025 13:14:11.922 INFO [main] org.apache.catalina.core.StandardServer.await A valid shutdown command was received via the shutdown port. Stopping the Server instance.
22-Mar-2025 13:14:11.923 INFO [main] org.apache.coyote.AbstractProtocol.pause Pausing ProtocolHandler ["http-nio-8080"]
22-Mar-2025 13:14:11.925 INFO [main] org.apache.catalina.core.StandardService.stopInternal Stopping service [Catalina]
22-Mar-2025 13:14:11.943 WARNING [main] org.apache.catalina.loader.WebappClassLoaderBase.clearReferencesJdbc The web application [blog] registered the JDBC driver [org.postgresql.Driver] but failed to unregister it when the web application was stopped. To prevent a memory leak, the JDBC Driver has been forcibly unregistered.
22-Mar-2025 13:14:11.963 INFO [main] org.apache.coyote.AbstractProtocol.stop Stopping ProtocolHandler ["http-nio-8080"]
22-Mar-2025 13:14:11.969 INFO [main] org.apache.coyote.AbstractProtocol.destroy Destroying ProtocolHandler ["http-nio-8080"]
22-Mar-2025 13:14:18.078 INFO [main] org.apache.catalina.startup.VersionLoggerListener.log Имя версии сервера:    Apache Tomcat/11.0.2
22-Mar-2025 13:14:18.082 INFO [main] org.apache.catalina.startup.VersionLoggerListener.log Сервер собран:         Dec 5 2024 15:19:37 UTC
22-Mar-2025 13:14:18.082 INFO [main] org.apache.catalina.startup.VersionLoggerListener.log Номер версии сервера:  11.0.2.0
22-Mar-2025 13:14:18.083 INFO [main] org.apache.catalina.startup.VersionLoggerListener.log OS Name:               Linux
22-Mar-2025 13:14:18.083 INFO [main] org.apache.catalina.startup.VersionLoggerListener.log Версия ОС:             6.8.0-55-generic
22-Mar-2025 13:14:18.083 INFO [main] org.apache.catalina.startup.VersionLoggerListener.log Архитектура:           amd64
22-Mar-2025 13:14:18.083 INFO [main] org.apache.catalina.startup.VersionLoggerListener.log Java Home:             /usr/lib/jvm/java-21-openjdk-amd64
22-Mar-2025 13:14:18.083 INFO [main] org.apache.catalina.startup.VersionLoggerListener.log Версия JVM:            21.0.6+7-Ubuntu-124.04.1
22-Mar-2025 13:14:18.083 INFO [main] org.apache.catalina.startup.VersionLoggerListener.log Производитель JVM:     Ubuntu
22-Mar-2025 13:14:18.083 INFO [main] org.apache.catalina.startup.VersionLoggerListener.log CATALINA_BASE:         /home/serega/YandexPr/Middle/Final_Sprint_Tasks/Spring/blog/apache-tomcat-11
22-Mar-2025 13:14:18.084 INFO [main] org.apache.catalina.startup.VersionLoggerListener.log CATALINA_HOME:         /home/serega/YandexPr/Middle/Final_Sprint_Tasks/Spring/blog/apache-tomcat-11
22-Mar-2025 13:14:18.097 INFO [main] org.apache.catalina.startup.VersionLoggerListener.log Command line argument: -Djava.util.logging.config.file=/home/serega/YandexPr/Middle/Final_Sprint_Tasks/Spring/blog/apache-tomcat-11/conf/logging.properties
22-Mar-2025 13:14:18.097 INFO [main] org.apache.catalina.startup.VersionLoggerListener.log Command line argument: -Djava.util.logging.manager=org.apache.juli.ClassLoaderLogManager
22-Mar-2025 13:14:18.098 INFO [main] org.apache.catalina.startup.VersionLoggerListener.log Command line argument: -Djdk.tls.ephemeralDHKeySize=2048
22-Mar-2025 13:14:18.098 INFO [main] org.apache.catalina.startup.VersionLoggerListener.log Command line argument: -Dorg.apache.catalina.security.SecurityListener.UMASK=0027
22-Mar-2025 13:14:18.098 INFO [main] org.apache.catalina.startup.VersionLoggerListener.log Command line argument: --add-opens=java.base/java.lang=ALL-UNNAMED
22-Mar-2025 13:14:18.098 INFO [main] org.apache.catalina.startup.VersionLoggerListener.log Command line argument: --add-opens=java.base/java.io=ALL-UNNAMED
22-Mar-2025 13:14:18.098 INFO [main] org.apache.catalina.startup.VersionLoggerListener.log Command line argument: --add-opens=java.base/java.util=ALL-UNNAMED
22-Mar-2025 13:14:18.098 INFO [main] org.apache.catalina.startup.VersionLoggerListener.log Command line argument: --add-opens=java.base/java.util.concurrent=ALL-UNNAMED
22-Mar-2025 13:14:18.098 INFO [main] org.apache.catalina.startup.VersionLoggerListener.log Command line argument: --add-opens=java.rmi/sun.rmi.transport=ALL-UNNAMED
22-Mar-2025 13:14:18.098 INFO [main] org.apache.catalina.startup.VersionLoggerListener.log Command line argument: --enable-native-access=ALL-UNNAMED
22-Mar-2025 13:14:18.098 INFO [main] org.apache.catalina.startup.VersionLoggerListener.log Command line argument: -Dcatalina.base=/home/serega/YandexPr/Middle/Final_Sprint_Tasks/Spring/blog/apache-tomcat-11
22-Mar-2025 13:14:18.099 INFO [main] org.apache.catalina.startup.VersionLoggerListener.log Command line argument: -Dcatalina.home=/home/serega/YandexPr/Middle/Final_Sprint_Tasks/Spring/blog/apache-tomcat-11
22-Mar-2025 13:14:18.099 INFO [main] org.apache.catalina.startup.VersionLoggerListener.log Command line argument: -Djava.io.tmpdir=/home/serega/YandexPr/Middle/Final_Sprint_Tasks/Spring/blog/apache-tomcat-11/temp
22-Mar-2025 13:14:18.100 INFO [main] org.apache.catalina.core.AprLifecycleListener.lifecycleEvent The Apache Tomcat Native library which allows using OpenSSL was not found on the java.library.path: [/usr/java/packages/lib:/usr/lib/x86_64-linux-gnu/jni:/lib/x86_64-linux-gnu:/usr/lib/x86_64-linux-gnu:/usr/lib/jni:/lib:/usr/lib]
22-Mar-2025 13:14:18.624 INFO [main] org.apache.coyote.AbstractProtocol.init Инициализация ProtocolHandler ["http-nio-8080"]
22-Mar-2025 13:14:18.649 INFO [main] org.apache.catalina.startup.Catalina.load Server initialization in [787] milliseconds
22-Mar-2025 13:14:18.698 INFO [main] org.apache.catalina.core.StandardService.startInternal Starting service [Catalina]
22-Mar-2025 13:14:18.699 INFO [main] org.apache.catalina.core.StandardEngine.startInternal Starting Servlet engine: [Apache Tomcat/11.0.2]
22-Mar-2025 13:14:18.716 INFO [main] org.apache.catalina.startup.HostConfig.deployWAR Deploying web application archive [/home/serega/YandexPr/Middle/Final_Sprint_Tasks/Spring/blog/apache-tomcat-11/webapps/blog.war]
22-Mar-2025 13:14:20.534 INFO [main] org.apache.jasper.servlet.TldScanner.scanJars At least one JAR was scanned for TLDs yet contained no TLDs. Enable debug logging for this logger for a complete list of JARs that were scanned but no TLDs were found in them. Skipping unneeded JARs during scanning can improve startup time and JSP compilation time.
22-Mar-2025 13:14:22.349 INFO [main] org.apache.catalina.startup.HostConfig.deployWAR Deployment of web application archive [/home/serega/YandexPr/Middle/Final_Sprint_Tasks/Spring/blog/apache-tomcat-11/webapps/blog.war] has finished in [3 632] ms
22-Mar-2025 13:14:22.350 INFO [main] org.apache.catalina.startup.HostConfig.deployDirectory Установка веб приложения в папку [/home/serega/YandexPr/Middle/Final_Sprint_Tasks/Spring/blog/apache-tomcat-11/webapps/docs]
22-Mar-2025 13:14:22.383 INFO [main] org.apache.catalina.startup.HostConfig.deployDirectory Deployment of web application directory [/home/serega/YandexPr/Middle/Final_Sprint_Tasks/Spring/blog/apache-tomcat-11/webapps/docs] has finished in [33] ms
22-Mar-2025 13:14:22.383 INFO [main] org.apache.catalina.startup.HostConfig.deployDirectory Установка веб приложения в папку [/home/serega/YandexPr/Middle/Final_Sprint_Tasks/Spring/blog/apache-tomcat-11/webapps/ROOT]
22-Mar-2025 13:14:22.404 INFO [main] org.apache.catalina.startup.HostConfig.deployDirectory Deployment of web application directory [/home/serega/YandexPr/Middle/Final_Sprint_Tasks/Spring/blog/apache-tomcat-11/webapps/ROOT] has finished in [21] ms
22-Mar-2025 13:14:22.404 INFO [main] org.apache.catalina.startup.HostConfig.deployDirectory Установка веб приложения в папку [/home/serega/YandexPr/Middle/Final_Sprint_Tasks/Spring/blog/apache-tomcat-11/webapps/examples]
22-Mar-2025 13:14:22.619 INFO [main] org.apache.catalina.startup.HostConfig.deployDirectory Deployment of web application directory [/home/serega/YandexPr/Middle/Final_Sprint_Tasks/Spring/blog/apache-tomcat-11/webapps/examples] has finished in [215] ms
22-Mar-2025 13:14:22.619 INFO [main] org.apache.catalina.startup.HostConfig.deployDirectory Установка веб приложения в папку [/home/serega/YandexPr/Middle/Final_Sprint_Tasks/Spring/blog/apache-tomcat-11/webapps/host-manager]
22-Mar-2025 13:14:22.648 INFO [main] org.apache.catalina.startup.HostConfig.deployDirectory Deployment of web application directory [/home/serega/YandexPr/Middle/Final_Sprint_Tasks/Spring/blog/apache-tomcat-11/webapps/host-manager] has finished in [29] ms
22-Mar-2025 13:14:22.648 INFO [main] org.apache.catalina.startup.HostConfig.deployDirectory Установка веб приложения в папку [/home/serega/YandexPr/Middle/Final_Sprint_Tasks/Spring/blog/apache-tomcat-11/webapps/manager]
22-Mar-2025 13:14:22.670 INFO [main] org.apache.catalina.startup.HostConfig.deployDirectory Deployment of web application directory [/home/serega/YandexPr/Middle/Final_Sprint_Tasks/Spring/blog/apache-tomcat-11/webapps/manager] has finished in [21] ms
22-Mar-2025 13:14:22.674 INFO [main] org.apache.coyote.AbstractProtocol.start Starting ProtocolHandler ["http-nio-8080"]
22-Mar-2025 13:14:22.684 INFO [main] org.apache.catalina.startup.Catalina.start Server startup in [4033] milliseconds
22-Mar-2025 13:17:55.408 INFO [main] org.apache.catalina.core.StandardServer.await A valid shutdown command was received via the shutdown port. Stopping the Server instance.
22-Mar-2025 13:17:55.408 INFO [main] org.apache.coyote.AbstractProtocol.pause Pausing ProtocolHandler ["http-nio-8080"]
22-Mar-2025 13:17:55.410 INFO [main] org.apache.catalina.core.StandardService.stopInternal Stopping service [Catalina]
22-Mar-2025 13:17:55.428 WARNING [main] org.apache.catalina.loader.WebappClassLoaderBase.clearReferencesJdbc The web application [blog] registered the JDBC driver [org.postgresql.Driver] but failed to unregister it when the web application was stopped. To prevent a memory leak, the JDBC Driver has been forcibly unregistered.
22-Mar-2025 13:17:55.450 INFO [main] org.apache.coyote.AbstractProtocol.stop Stopping ProtocolHandler ["http-nio-8080"]
22-Mar-2025 13:17:55.455 INFO [main] org.apache.coyote.AbstractProtocol.destroy Destroying ProtocolHandler ["http-nio-8080"]
22-Mar-2025 13:18:01.910 INFO [main] org.apache.catalina.startup.VersionLoggerListener.log Имя версии сервера:    Apache Tomcat/11.0.2
22-Mar-2025 13:18:01.915 INFO [main] org.apache.catalina.startup.VersionLoggerListener.log Сервер собран:         Dec 5 2024 15:19:37 UTC
22-Mar-2025 13:18:01.916 INFO [main] org.apache.catalina.startup.VersionLoggerListener.log Номер версии сервера:  11.0.2.0
22-Mar-2025 13:18:01.916 INFO [main] org.apache.catalina.startup.VersionLoggerListener.log OS Name:               Linux
22-Mar-2025 13:18:01.916 INFO [main] org.apache.catalina.startup.VersionLoggerListener.log Версия ОС:             6.8.0-55-generic
22-Mar-2025 13:18:01.916 INFO [main] org.apache.catalina.startup.VersionLoggerListener.log Архитектура:           amd64
22-Mar-2025 13:18:01.916 INFO [main] org.apache.catalina.startup.VersionLoggerListener.log Java Home:             /usr/lib/jvm/java-21-openjdk-amd64
22-Mar-2025 13:18:01.917 INFO [main] org.apache.catalina.startup.VersionLoggerListener.log Версия JVM:            21.0.6+7-Ubuntu-124.04.1
22-Mar-2025 13:18:01.917 INFO [main] org.apache.catalina.startup.VersionLoggerListener.log Производитель JVM:     Ubuntu
22-Mar-2025 13:18:01.917 INFO [main] org.apache.catalina.startup.VersionLoggerListener.log CATALINA_BASE:         /home/serega/YandexPr/Middle/Final_Sprint_Tasks/Spring/blog/apache-tomcat-11
22-Mar-2025 13:18:01.917 INFO [main] org.apache.catalina.startup.VersionLoggerListener.log CATALINA_HOME:         /home/serega/YandexPr/Middle/Final_Sprint_Tasks/Spring/blog/apache-tomcat-11
22-Mar-2025 13:18:01.928 INFO [main] org.apache.catalina.startup.VersionLoggerListener.log Command line argument: -Djava.util.logging.config.file=/home/serega/YandexPr/Middle/Final_Sprint_Tasks/Spring/blog/apache-tomcat-11/conf/logging.properties
22-Mar-2025 13:18:01.928 INFO [main] org.apache.catalina.startup.VersionLoggerListener.log Command line argument: -Djava.util.logging.manager=org.apache.juli.ClassLoaderLogManager
22-Mar-2025 13:18:01.929 INFO [main] org.apache.catalina.startup.VersionLoggerListener.log Command line argument: -Djdk.tls.ephemeralDHKeySize=2048
22-Mar-2025 13:18:01.929 INFO [main] org.apache.catalina.startup.VersionLoggerListener.log Command line argument: -Dorg.apache.catalina.security.SecurityListener.UMASK=0027
22-Mar-2025 13:18:01.929 INFO [main] org.apache.catalina.startup.VersionLoggerListener.log Command line argument: --add-opens=java.base/java.lang=ALL-UNNAMED
22-Mar-2025 13:18:01.929 INFO [main] org.apache.catalina.startup.VersionLoggerListener.log Command line argument: --add-opens=java.base/java.io=ALL-UNNAMED
22-Mar-2025 13:18:01.929 INFO [main] org.apache.catalina.startup.VersionLoggerListener.log Command line argument: --add-opens=java.base/java.util=ALL-UNNAMED
22-Mar-2025 13:18:01.929 INFO [main] org.apache.catalina.startup.VersionLoggerListener.log Command line argument: --add-opens=java.base/java.util.concurrent=ALL-UNNAMED
22-Mar-2025 13:18:01.930 INFO [main] org.apache.catalina.startup.VersionLoggerListener.log Command line argument: --add-opens=java.rmi/sun.rmi.transport=ALL-UNNAMED
22-Mar-2025 13:18:01.930 INFO [main] org.apache.catalina.startup.VersionLoggerListener.log Command line argument: --enable-native-access=ALL-UNNAMED
22-Mar-2025 13:18:01.930 INFO [main] org.apache.catalina.startup.VersionLoggerListener.log Command line argument: -Dcatalina.base=/home/serega/YandexPr/Middle/Final_Sprint_Tasks/Spring/blog/apache-tomcat-11
22-Mar-2025 13:18:01.930 INFO [main] org.apache.catalina.startup.VersionLoggerListener.log Command line argument: -Dcatalina.home=/home/serega/YandexPr/Middle/Final_Sprint_Tasks/Spring/blog/apache-tomcat-11
22-Mar-2025 13:18:01.930 INFO [main] org.apache.catalina.startup.VersionLoggerListener.log Command line argument: -Djava.io.tmpdir=/home/serega/YandexPr/Middle/Final_Sprint_Tasks/Spring/blog/apache-tomcat-11/temp
22-Mar-2025 13:18:01.933 INFO [main] org.apache.catalina.core.AprLifecycleListener.lifecycleEvent The Apache Tomcat Native library which allows using OpenSSL was not found on the java.library.path: [/usr/java/packages/lib:/usr/lib/x86_64-linux-gnu/jni:/lib/x86_64-linux-gnu:/usr/lib/x86_64-linux-gnu:/usr/lib/jni:/lib:/usr/lib]
22-Mar-2025 13:18:02.316 INFO [main] org.apache.coyote.AbstractProtocol.init Инициализация ProtocolHandler ["http-nio-8080"]
22-Mar-2025 13:18:02.342 INFO [main] org.apache.catalina.startup.Catalina.load Server initialization in [632] milliseconds
22-Mar-2025 13:18:02.389 INFO [main] org.apache.catalina.core.StandardService.startInternal Starting service [Catalina]
22-Mar-2025 13:18:02.389 INFO [main] org.apache.catalina.core.StandardEngine.startInternal Starting Servlet engine: [Apache Tomcat/11.0.2]
22-Mar-2025 13:18:02.406 INFO [main] org.apache.catalina.startup.HostConfig.deployWAR Deploying web application archive [/home/serega/YandexPr/Middle/Final_Sprint_Tasks/Spring/blog/apache-tomcat-11/webapps/blog.war]
22-Mar-2025 13:18:04.011 INFO [main] org.apache.jasper.servlet.TldScanner.scanJars At least one JAR was scanned for TLDs yet contained no TLDs. Enable debug logging for this logger for a complete list of JARs that were scanned but no TLDs were found in them. Skipping unneeded JARs during scanning can improve startup time and JSP compilation time.
22-Mar-2025 13:18:05.592 INFO [main] org.apache.catalina.startup.HostConfig.deployWAR Deployment of web application archive [/home/serega/YandexPr/Middle/Final_Sprint_Tasks/Spring/blog/apache-tomcat-11/webapps/blog.war] has finished in [3 187] ms
22-Mar-2025 13:18:05.593 INFO [main] org.apache.catalina.startup.HostConfig.deployDirectory Установка веб приложения в папку [/home/serega/YandexPr/Middle/Final_Sprint_Tasks/Spring/blog/apache-tomcat-11/webapps/docs]
22-Mar-2025 13:18:05.617 INFO [main] org.apache.catalina.startup.HostConfig.deployDirectory Deployment of web application directory [/home/serega/YandexPr/Middle/Final_Sprint_Tasks/Spring/blog/apache-tomcat-11/webapps/docs] has finished in [24] ms
22-Mar-2025 13:18:05.618 INFO [main] org.apache.catalina.startup.HostConfig.deployDirectory Установка веб приложения в папку [/home/serega/YandexPr/Middle/Final_Sprint_Tasks/Spring/blog/apache-tomcat-11/webapps/ROOT]
22-Mar-2025 13:18:05.636 INFO [main] org.apache.catalina.startup.HostConfig.deployDirectory Deployment of web application directory [/home/serega/YandexPr/Middle/Final_Sprint_Tasks/Spring/blog/apache-tomcat-11/webapps/ROOT] has finished in [19] ms
22-Mar-2025 13:18:05.637 INFO [main] org.apache.catalina.startup.HostConfig.deployDirectory Установка веб приложения в папку [/home/serega/YandexPr/Middle/Final_Sprint_Tasks/Spring/blog/apache-tomcat-11/webapps/examples]
22-Mar-2025 13:18:05.831 INFO [main] org.apache.catalina.startup.HostConfig.deployDirectory Deployment of web application directory [/home/serega/YandexPr/Middle/Final_Sprint_Tasks/Spring/blog/apache-tomcat-11/webapps/examples] has finished in [194] ms
22-Mar-2025 13:18:05.832 INFO [main] org.apache.catalina.startup.HostConfig.deployDirectory Установка веб приложения в папку [/home/serega/YandexPr/Middle/Final_Sprint_Tasks/Spring/blog/apache-tomcat-11/webapps/host-manager]
22-Mar-2025 13:18:05.855 INFO [main] org.apache.catalina.startup.HostConfig.deployDirectory Deployment of web application directory [/home/serega/YandexPr/Middle/Final_Sprint_Tasks/Spring/blog/apache-tomcat-11/webapps/host-manager] has finished in [24] ms
22-Mar-2025 13:18:05.855 INFO [main] org.apache.catalina.startup.HostConfig.deployDirectory Установка веб приложения в папку [/home/serega/YandexPr/Middle/Final_Sprint_Tasks/Spring/blog/apache-tomcat-11/webapps/manager]
22-Mar-2025 13:18:05.876 INFO [main] org.apache.catalina.startup.HostConfig.deployDirectory Deployment of web application directory [/home/serega/YandexPr/Middle/Final_Sprint_Tasks/Spring/blog/apache-tomcat-11/webapps/manager] has finished in [21] ms
22-Mar-2025 13:18:05.881 INFO [main] org.apache.coyote.AbstractProtocol.start Starting ProtocolHandler ["http-nio-8080"]
22-Mar-2025 13:18:05.893 INFO [main] org.apache.catalina.startup.Catalina.start Server startup in [3549] milliseconds
