26-Feb-2025 14:17:59.730 INFO [main] org.apache.catalina.startup.VersionLoggerListener.log Имя версии сервера:    Apache Tomcat/11.0.2
26-Feb-2025 14:17:59.736 INFO [main] org.apache.catalina.startup.VersionLoggerListener.log Сервер собран:         Dec 5 2024 15:19:37 UTC
26-Feb-2025 14:17:59.736 INFO [main] org.apache.catalina.startup.VersionLoggerListener.log Номер версии сервера:  11.0.2.0
26-Feb-2025 14:17:59.736 INFO [main] org.apache.catalina.startup.VersionLoggerListener.log OS Name:               Linux
26-Feb-2025 14:17:59.736 INFO [main] org.apache.catalina.startup.VersionLoggerListener.log Версия ОС:             6.8.0-52-generic
26-Feb-2025 14:17:59.737 INFO [main] org.apache.catalina.startup.VersionLoggerListener.log Архитектура:           amd64
26-Feb-2025 14:17:59.737 INFO [main] org.apache.catalina.startup.VersionLoggerListener.log Java Home:             /usr/lib/jvm/java-21-openjdk-amd64
26-Feb-2025 14:17:59.737 INFO [main] org.apache.catalina.startup.VersionLoggerListener.log Версия JVM:            21.0.6+7-Ubuntu-124.04.1
26-Feb-2025 14:17:59.737 INFO [main] org.apache.catalina.startup.VersionLoggerListener.log Производитель JVM:     Ubuntu
26-Feb-2025 14:17:59.737 INFO [main] org.apache.catalina.startup.VersionLoggerListener.log CATALINA_BASE:         /home/serega/YandexPr/Middle/Final_Sprint_Tasks/Spring/blog/apache-tomcat-11
26-Feb-2025 14:17:59.738 INFO [main] org.apache.catalina.startup.VersionLoggerListener.log CATALINA_HOME:         /home/serega/YandexPr/Middle/Final_Sprint_Tasks/Spring/blog/apache-tomcat-11
26-Feb-2025 14:17:59.754 INFO [main] org.apache.catalina.startup.VersionLoggerListener.log Command line argument: -Djava.util.logging.config.file=/home/serega/YandexPr/Middle/Final_Sprint_Tasks/Spring/blog/apache-tomcat-11/conf/logging.properties
26-Feb-2025 14:17:59.755 INFO [main] org.apache.catalina.startup.VersionLoggerListener.log Command line argument: -Djava.util.logging.manager=org.apache.juli.ClassLoaderLogManager
26-Feb-2025 14:17:59.755 INFO [main] org.apache.catalina.startup.VersionLoggerListener.log Command line argument: -Djdk.tls.ephemeralDHKeySize=2048
26-Feb-2025 14:17:59.755 INFO [main] org.apache.catalina.startup.VersionLoggerListener.log Command line argument: -Dorg.apache.catalina.security.SecurityListener.UMASK=0027
26-Feb-2025 14:17:59.755 INFO [main] org.apache.catalina.startup.VersionLoggerListener.log Command line argument: --add-opens=java.base/java.lang=ALL-UNNAMED
26-Feb-2025 14:17:59.755 INFO [main] org.apache.catalina.startup.VersionLoggerListener.log Command line argument: --add-opens=java.base/java.io=ALL-UNNAMED
26-Feb-2025 14:17:59.755 INFO [main] org.apache.catalina.startup.VersionLoggerListener.log Command line argument: --add-opens=java.base/java.util=ALL-UNNAMED
26-Feb-2025 14:17:59.755 INFO [main] org.apache.catalina.startup.VersionLoggerListener.log Command line argument: --add-opens=java.base/java.util.concurrent=ALL-UNNAMED
26-Feb-2025 14:17:59.755 INFO [main] org.apache.catalina.startup.VersionLoggerListener.log Command line argument: --add-opens=java.rmi/sun.rmi.transport=ALL-UNNAMED
26-Feb-2025 14:17:59.755 INFO [main] org.apache.catalina.startup.VersionLoggerListener.log Command line argument: --enable-native-access=ALL-UNNAMED
26-Feb-2025 14:17:59.755 INFO [main] org.apache.catalina.startup.VersionLoggerListener.log Command line argument: -Dcatalina.base=/home/serega/YandexPr/Middle/Final_Sprint_Tasks/Spring/blog/apache-tomcat-11
26-Feb-2025 14:17:59.756 INFO [main] org.apache.catalina.startup.VersionLoggerListener.log Command line argument: -Dcatalina.home=/home/serega/YandexPr/Middle/Final_Sprint_Tasks/Spring/blog/apache-tomcat-11
26-Feb-2025 14:17:59.756 INFO [main] org.apache.catalina.startup.VersionLoggerListener.log Command line argument: -Djava.io.tmpdir=/home/serega/YandexPr/Middle/Final_Sprint_Tasks/Spring/blog/apache-tomcat-11/temp
26-Feb-2025 14:17:59.758 INFO [main] org.apache.catalina.core.AprLifecycleListener.lifecycleEvent The Apache Tomcat Native library which allows using OpenSSL was not found on the java.library.path: [/usr/java/packages/lib:/usr/lib/x86_64-linux-gnu/jni:/lib/x86_64-linux-gnu:/usr/lib/x86_64-linux-gnu:/usr/lib/jni:/lib:/usr/lib]
26-Feb-2025 14:18:00.206 INFO [main] org.apache.coyote.AbstractProtocol.init Инициализация ProtocolHandler ["http-nio-8080"]
26-Feb-2025 14:18:00.426 INFO [main] org.apache.catalina.startup.Catalina.load Server initialization in [936] milliseconds
26-Feb-2025 14:18:00.490 INFO [main] org.apache.catalina.core.StandardService.startInternal Starting service [Catalina]
26-Feb-2025 14:18:00.490 INFO [main] org.apache.catalina.core.StandardEngine.startInternal Starting Servlet engine: [Apache Tomcat/11.0.2]
26-Feb-2025 14:18:00.509 INFO [main] org.apache.catalina.startup.HostConfig.deployWAR Deploying web application archive [/home/serega/YandexPr/Middle/Final_Sprint_Tasks/Spring/blog/apache-tomcat-11/webapps/blog.war]
26-Feb-2025 14:18:02.876 INFO [main] org.apache.jasper.servlet.TldScanner.scanJars At least one JAR was scanned for TLDs yet contained no TLDs. Enable debug logging for this logger for a complete list of JARs that were scanned but no TLDs were found in them. Skipping unneeded JARs during scanning can improve startup time and JSP compilation time.
26-Feb-2025 14:18:05.861 INFO [main] org.apache.catalina.startup.HostConfig.deployWAR Deployment of web application archive [/home/serega/YandexPr/Middle/Final_Sprint_Tasks/Spring/blog/apache-tomcat-11/webapps/blog.war] has finished in [5 351] ms
26-Feb-2025 14:18:05.862 INFO [main] org.apache.catalina.startup.HostConfig.deployDirectory Установка веб приложения в папку [/home/serega/YandexPr/Middle/Final_Sprint_Tasks/Spring/blog/apache-tomcat-11/webapps/docs]
26-Feb-2025 14:18:05.892 INFO [main] org.apache.catalina.startup.HostConfig.deployDirectory Deployment of web application directory [/home/serega/YandexPr/Middle/Final_Sprint_Tasks/Spring/blog/apache-tomcat-11/webapps/docs] has finished in [30] ms
26-Feb-2025 14:18:05.892 INFO [main] org.apache.catalina.startup.HostConfig.deployDirectory Установка веб приложения в папку [/home/serega/YandexPr/Middle/Final_Sprint_Tasks/Spring/blog/apache-tomcat-11/webapps/ROOT]
26-Feb-2025 14:18:05.916 INFO [main] org.apache.catalina.startup.HostConfig.deployDirectory Deployment of web application directory [/home/serega/YandexPr/Middle/Final_Sprint_Tasks/Spring/blog/apache-tomcat-11/webapps/ROOT] has finished in [24] ms
26-Feb-2025 14:18:05.916 INFO [main] org.apache.catalina.startup.HostConfig.deployDirectory Установка веб приложения в папку [/home/serega/YandexPr/Middle/Final_Sprint_Tasks/Spring/blog/apache-tomcat-11/webapps/examples]
26-Feb-2025 14:18:06.182 INFO [main] org.apache.catalina.startup.HostConfig.deployDirectory Deployment of web application directory [/home/serega/YandexPr/Middle/Final_Sprint_Tasks/Spring/blog/apache-tomcat-11/webapps/examples] has finished in [266] ms
26-Feb-2025 14:18:06.182 INFO [main] org.apache.catalina.startup.HostConfig.deployDirectory Установка веб приложения в папку [/home/serega/YandexPr/Middle/Final_Sprint_Tasks/Spring/blog/apache-tomcat-11/webapps/host-manager]
26-Feb-2025 14:18:06.208 INFO [main] org.apache.catalina.startup.HostConfig.deployDirectory Deployment of web application directory [/home/serega/YandexPr/Middle/Final_Sprint_Tasks/Spring/blog/apache-tomcat-11/webapps/host-manager] has finished in [26] ms
26-Feb-2025 14:18:06.209 INFO [main] org.apache.catalina.startup.HostConfig.deployDirectory Установка веб приложения в папку [/home/serega/YandexPr/Middle/Final_Sprint_Tasks/Spring/blog/apache-tomcat-11/webapps/manager]
26-Feb-2025 14:18:06.231 INFO [main] org.apache.catalina.startup.HostConfig.deployDirectory Deployment of web application directory [/home/serega/YandexPr/Middle/Final_Sprint_Tasks/Spring/blog/apache-tomcat-11/webapps/manager] has finished in [22] ms
26-Feb-2025 14:18:06.235 INFO [main] org.apache.coyote.AbstractProtocol.start Starting ProtocolHandler ["http-nio-8080"]
26-Feb-2025 14:18:06.247 INFO [main] org.apache.catalina.startup.Catalina.start Server startup in [5820] milliseconds
26-Feb-2025 14:19:32.935 INFO [main] org.apache.catalina.core.StandardServer.await A valid shutdown command was received via the shutdown port. Stopping the Server instance.
26-Feb-2025 14:19:32.935 INFO [main] org.apache.coyote.AbstractProtocol.pause Pausing ProtocolHandler ["http-nio-8080"]
26-Feb-2025 14:19:32.937 INFO [main] org.apache.catalina.core.StandardService.stopInternal Stopping service [Catalina]
26-Feb-2025 14:19:32.959 WARNING [main] org.apache.catalina.loader.WebappClassLoaderBase.clearReferencesJdbc The web application [blog] registered the JDBC driver [org.postgresql.Driver] but failed to unregister it when the web application was stopped. To prevent a memory leak, the JDBC Driver has been forcibly unregistered.
26-Feb-2025 14:19:32.976 INFO [main] org.apache.coyote.AbstractProtocol.stop Stopping ProtocolHandler ["http-nio-8080"]
26-Feb-2025 14:19:32.981 INFO [main] org.apache.coyote.AbstractProtocol.destroy Destroying ProtocolHandler ["http-nio-8080"]
26-Feb-2025 14:19:46.943 INFO [main] org.apache.catalina.startup.VersionLoggerListener.log Имя версии сервера:    Apache Tomcat/11.0.2
26-Feb-2025 14:19:46.947 INFO [main] org.apache.catalina.startup.VersionLoggerListener.log Сервер собран:         Dec 5 2024 15:19:37 UTC
26-Feb-2025 14:19:46.948 INFO [main] org.apache.catalina.startup.VersionLoggerListener.log Номер версии сервера:  11.0.2.0
26-Feb-2025 14:19:46.948 INFO [main] org.apache.catalina.startup.VersionLoggerListener.log OS Name:               Linux
26-Feb-2025 14:19:46.948 INFO [main] org.apache.catalina.startup.VersionLoggerListener.log Версия ОС:             6.8.0-52-generic
26-Feb-2025 14:19:46.948 INFO [main] org.apache.catalina.startup.VersionLoggerListener.log Архитектура:           amd64
26-Feb-2025 14:19:46.948 INFO [main] org.apache.catalina.startup.VersionLoggerListener.log Java Home:             /usr/lib/jvm/java-21-openjdk-amd64
26-Feb-2025 14:19:46.948 INFO [main] org.apache.catalina.startup.VersionLoggerListener.log Версия JVM:            21.0.6+7-Ubuntu-124.04.1
26-Feb-2025 14:19:46.948 INFO [main] org.apache.catalina.startup.VersionLoggerListener.log Производитель JVM:     Ubuntu
26-Feb-2025 14:19:46.948 INFO [main] org.apache.catalina.startup.VersionLoggerListener.log CATALINA_BASE:         /home/serega/YandexPr/Middle/Final_Sprint_Tasks/Spring/blog/apache-tomcat-11
26-Feb-2025 14:19:46.949 INFO [main] org.apache.catalina.startup.VersionLoggerListener.log CATALINA_HOME:         /home/serega/YandexPr/Middle/Final_Sprint_Tasks/Spring/blog/apache-tomcat-11
26-Feb-2025 14:19:46.959 INFO [main] org.apache.catalina.startup.VersionLoggerListener.log Command line argument: -Djava.util.logging.config.file=/home/serega/YandexPr/Middle/Final_Sprint_Tasks/Spring/blog/apache-tomcat-11/conf/logging.properties
26-Feb-2025 14:19:46.959 INFO [main] org.apache.catalina.startup.VersionLoggerListener.log Command line argument: -Djava.util.logging.manager=org.apache.juli.ClassLoaderLogManager
26-Feb-2025 14:19:46.960 INFO [main] org.apache.catalina.startup.VersionLoggerListener.log Command line argument: -Djdk.tls.ephemeralDHKeySize=2048
26-Feb-2025 14:19:46.960 INFO [main] org.apache.catalina.startup.VersionLoggerListener.log Command line argument: -Dorg.apache.catalina.security.SecurityListener.UMASK=0027
26-Feb-2025 14:19:46.960 INFO [main] org.apache.catalina.startup.VersionLoggerListener.log Command line argument: --add-opens=java.base/java.lang=ALL-UNNAMED
26-Feb-2025 14:19:46.960 INFO [main] org.apache.catalina.startup.VersionLoggerListener.log Command line argument: --add-opens=java.base/java.io=ALL-UNNAMED
26-Feb-2025 14:19:46.960 INFO [main] org.apache.catalina.startup.VersionLoggerListener.log Command line argument: --add-opens=java.base/java.util=ALL-UNNAMED
26-Feb-2025 14:19:46.960 INFO [main] org.apache.catalina.startup.VersionLoggerListener.log Command line argument: --add-opens=java.base/java.util.concurrent=ALL-UNNAMED
26-Feb-2025 14:19:46.960 INFO [main] org.apache.catalina.startup.VersionLoggerListener.log Command line argument: --add-opens=java.rmi/sun.rmi.transport=ALL-UNNAMED
26-Feb-2025 14:19:46.960 INFO [main] org.apache.catalina.startup.VersionLoggerListener.log Command line argument: --enable-native-access=ALL-UNNAMED
26-Feb-2025 14:19:46.960 INFO [main] org.apache.catalina.startup.VersionLoggerListener.log Command line argument: -Dcatalina.base=/home/serega/YandexPr/Middle/Final_Sprint_Tasks/Spring/blog/apache-tomcat-11
26-Feb-2025 14:19:46.960 INFO [main] org.apache.catalina.startup.VersionLoggerListener.log Command line argument: -Dcatalina.home=/home/serega/YandexPr/Middle/Final_Sprint_Tasks/Spring/blog/apache-tomcat-11
26-Feb-2025 14:19:46.961 INFO [main] org.apache.catalina.startup.VersionLoggerListener.log Command line argument: -Djava.io.tmpdir=/home/serega/YandexPr/Middle/Final_Sprint_Tasks/Spring/blog/apache-tomcat-11/temp
26-Feb-2025 14:19:46.962 INFO [main] org.apache.catalina.core.AprLifecycleListener.lifecycleEvent The Apache Tomcat Native library which allows using OpenSSL was not found on the java.library.path: [/usr/java/packages/lib:/usr/lib/x86_64-linux-gnu/jni:/lib/x86_64-linux-gnu:/usr/lib/x86_64-linux-gnu:/usr/lib/jni:/lib:/usr/lib]
26-Feb-2025 14:19:47.358 INFO [main] org.apache.coyote.AbstractProtocol.init Инициализация ProtocolHandler ["http-nio-8080"]
26-Feb-2025 14:19:47.397 INFO [main] org.apache.catalina.startup.Catalina.load Server initialization in [647] milliseconds
26-Feb-2025 14:19:47.468 INFO [main] org.apache.catalina.core.StandardService.startInternal Starting service [Catalina]
26-Feb-2025 14:19:47.468 INFO [main] org.apache.catalina.core.StandardEngine.startInternal Starting Servlet engine: [Apache Tomcat/11.0.2]
26-Feb-2025 14:19:47.486 INFO [main] org.apache.catalina.startup.HostConfig.deployWAR Deploying web application archive [/home/serega/YandexPr/Middle/Final_Sprint_Tasks/Spring/blog/apache-tomcat-11/webapps/blog.war]
26-Feb-2025 14:19:49.307 INFO [main] org.apache.jasper.servlet.TldScanner.scanJars At least one JAR was scanned for TLDs yet contained no TLDs. Enable debug logging for this logger for a complete list of JARs that were scanned but no TLDs were found in them. Skipping unneeded JARs during scanning can improve startup time and JSP compilation time.
26-Feb-2025 14:19:51.341 INFO [main] org.apache.catalina.startup.HostConfig.deployWAR Deployment of web application archive [/home/serega/YandexPr/Middle/Final_Sprint_Tasks/Spring/blog/apache-tomcat-11/webapps/blog.war] has finished in [3 854] ms
26-Feb-2025 14:19:51.342 INFO [main] org.apache.catalina.startup.HostConfig.deployDirectory Установка веб приложения в папку [/home/serega/YandexPr/Middle/Final_Sprint_Tasks/Spring/blog/apache-tomcat-11/webapps/docs]
26-Feb-2025 14:19:51.376 INFO [main] org.apache.catalina.startup.HostConfig.deployDirectory Deployment of web application directory [/home/serega/YandexPr/Middle/Final_Sprint_Tasks/Spring/blog/apache-tomcat-11/webapps/docs] has finished in [34] ms
26-Feb-2025 14:19:51.377 INFO [main] org.apache.catalina.startup.HostConfig.deployDirectory Установка веб приложения в папку [/home/serega/YandexPr/Middle/Final_Sprint_Tasks/Spring/blog/apache-tomcat-11/webapps/ROOT]
26-Feb-2025 14:19:51.402 INFO [main] org.apache.catalina.startup.HostConfig.deployDirectory Deployment of web application directory [/home/serega/YandexPr/Middle/Final_Sprint_Tasks/Spring/blog/apache-tomcat-11/webapps/ROOT] has finished in [26] ms
26-Feb-2025 14:19:51.402 INFO [main] org.apache.catalina.startup.HostConfig.deployDirectory Установка веб приложения в папку [/home/serega/YandexPr/Middle/Final_Sprint_Tasks/Spring/blog/apache-tomcat-11/webapps/examples]
26-Feb-2025 14:19:51.634 INFO [main] org.apache.catalina.startup.HostConfig.deployDirectory Deployment of web application directory [/home/serega/YandexPr/Middle/Final_Sprint_Tasks/Spring/blog/apache-tomcat-11/webapps/examples] has finished in [232] ms
26-Feb-2025 14:19:51.635 INFO [main] org.apache.catalina.startup.HostConfig.deployDirectory Установка веб приложения в папку [/home/serega/YandexPr/Middle/Final_Sprint_Tasks/Spring/blog/apache-tomcat-11/webapps/host-manager]
26-Feb-2025 14:19:51.662 INFO [main] org.apache.catalina.startup.HostConfig.deployDirectory Deployment of web application directory [/home/serega/YandexPr/Middle/Final_Sprint_Tasks/Spring/blog/apache-tomcat-11/webapps/host-manager] has finished in [28] ms
26-Feb-2025 14:19:51.663 INFO [main] org.apache.catalina.startup.HostConfig.deployDirectory Установка веб приложения в папку [/home/serega/YandexPr/Middle/Final_Sprint_Tasks/Spring/blog/apache-tomcat-11/webapps/manager]
26-Feb-2025 14:19:51.687 INFO [main] org.apache.catalina.startup.HostConfig.deployDirectory Deployment of web application directory [/home/serega/YandexPr/Middle/Final_Sprint_Tasks/Spring/blog/apache-tomcat-11/webapps/manager] has finished in [24] ms
26-Feb-2025 14:19:51.692 INFO [main] org.apache.coyote.AbstractProtocol.start Starting ProtocolHandler ["http-nio-8080"]
26-Feb-2025 14:19:51.702 INFO [main] org.apache.catalina.startup.Catalina.start Server startup in [4303] milliseconds
26-Feb-2025 14:21:59.949 INFO [main] org.apache.catalina.core.StandardServer.await A valid shutdown command was received via the shutdown port. Stopping the Server instance.
26-Feb-2025 14:21:59.950 INFO [main] org.apache.coyote.AbstractProtocol.pause Pausing ProtocolHandler ["http-nio-8080"]
26-Feb-2025 14:21:59.951 INFO [main] org.apache.catalina.core.StandardService.stopInternal Stopping service [Catalina]
26-Feb-2025 14:21:59.974 WARNING [main] org.apache.catalina.loader.WebappClassLoaderBase.clearReferencesJdbc The web application [blog] registered the JDBC driver [org.postgresql.Driver] but failed to unregister it when the web application was stopped. To prevent a memory leak, the JDBC Driver has been forcibly unregistered.
26-Feb-2025 14:21:59.995 INFO [main] org.apache.coyote.AbstractProtocol.stop Stopping ProtocolHandler ["http-nio-8080"]
26-Feb-2025 14:22:00.006 INFO [main] org.apache.coyote.AbstractProtocol.destroy Destroying ProtocolHandler ["http-nio-8080"]
26-Feb-2025 14:22:30.128 INFO [main] org.apache.catalina.startup.VersionLoggerListener.log Имя версии сервера:    Apache Tomcat/11.0.2
26-Feb-2025 14:22:30.132 INFO [main] org.apache.catalina.startup.VersionLoggerListener.log Сервер собран:         Dec 5 2024 15:19:37 UTC
26-Feb-2025 14:22:30.133 INFO [main] org.apache.catalina.startup.VersionLoggerListener.log Номер версии сервера:  11.0.2.0
26-Feb-2025 14:22:30.133 INFO [main] org.apache.catalina.startup.VersionLoggerListener.log OS Name:               Linux
26-Feb-2025 14:22:30.133 INFO [main] org.apache.catalina.startup.VersionLoggerListener.log Версия ОС:             6.8.0-52-generic
26-Feb-2025 14:22:30.133 INFO [main] org.apache.catalina.startup.VersionLoggerListener.log Архитектура:           amd64
26-Feb-2025 14:22:30.133 INFO [main] org.apache.catalina.startup.VersionLoggerListener.log Java Home:             /usr/lib/jvm/java-21-openjdk-amd64
26-Feb-2025 14:22:30.133 INFO [main] org.apache.catalina.startup.VersionLoggerListener.log Версия JVM:            21.0.6+7-Ubuntu-124.04.1
26-Feb-2025 14:22:30.133 INFO [main] org.apache.catalina.startup.VersionLoggerListener.log Производитель JVM:     Ubuntu
26-Feb-2025 14:22:30.134 INFO [main] org.apache.catalina.startup.VersionLoggerListener.log CATALINA_BASE:         /home/serega/YandexPr/Middle/Final_Sprint_Tasks/Spring/blog/apache-tomcat-11
26-Feb-2025 14:22:30.134 INFO [main] org.apache.catalina.startup.VersionLoggerListener.log CATALINA_HOME:         /home/serega/YandexPr/Middle/Final_Sprint_Tasks/Spring/blog/apache-tomcat-11
26-Feb-2025 14:22:30.144 INFO [main] org.apache.catalina.startup.VersionLoggerListener.log Command line argument: -Djava.util.logging.config.file=/home/serega/YandexPr/Middle/Final_Sprint_Tasks/Spring/blog/apache-tomcat-11/conf/logging.properties
26-Feb-2025 14:22:30.144 INFO [main] org.apache.catalina.startup.VersionLoggerListener.log Command line argument: -Djava.util.logging.manager=org.apache.juli.ClassLoaderLogManager
26-Feb-2025 14:22:30.145 INFO [main] org.apache.catalina.startup.VersionLoggerListener.log Command line argument: -Djdk.tls.ephemeralDHKeySize=2048
26-Feb-2025 14:22:30.145 INFO [main] org.apache.catalina.startup.VersionLoggerListener.log Command line argument: -Dorg.apache.catalina.security.SecurityListener.UMASK=0027
26-Feb-2025 14:22:30.145 INFO [main] org.apache.catalina.startup.VersionLoggerListener.log Command line argument: --add-opens=java.base/java.lang=ALL-UNNAMED
26-Feb-2025 14:22:30.145 INFO [main] org.apache.catalina.startup.VersionLoggerListener.log Command line argument: --add-opens=java.base/java.io=ALL-UNNAMED
26-Feb-2025 14:22:30.145 INFO [main] org.apache.catalina.startup.VersionLoggerListener.log Command line argument: --add-opens=java.base/java.util=ALL-UNNAMED
26-Feb-2025 14:22:30.145 INFO [main] org.apache.catalina.startup.VersionLoggerListener.log Command line argument: --add-opens=java.base/java.util.concurrent=ALL-UNNAMED
26-Feb-2025 14:22:30.145 INFO [main] org.apache.catalina.startup.VersionLoggerListener.log Command line argument: --add-opens=java.rmi/sun.rmi.transport=ALL-UNNAMED
26-Feb-2025 14:22:30.145 INFO [main] org.apache.catalina.startup.VersionLoggerListener.log Command line argument: --enable-native-access=ALL-UNNAMED
26-Feb-2025 14:22:30.146 INFO [main] org.apache.catalina.startup.VersionLoggerListener.log Command line argument: -Dcatalina.base=/home/serega/YandexPr/Middle/Final_Sprint_Tasks/Spring/blog/apache-tomcat-11
26-Feb-2025 14:22:30.146 INFO [main] org.apache.catalina.startup.VersionLoggerListener.log Command line argument: -Dcatalina.home=/home/serega/YandexPr/Middle/Final_Sprint_Tasks/Spring/blog/apache-tomcat-11
26-Feb-2025 14:22:30.146 INFO [main] org.apache.catalina.startup.VersionLoggerListener.log Command line argument: -Djava.io.tmpdir=/home/serega/YandexPr/Middle/Final_Sprint_Tasks/Spring/blog/apache-tomcat-11/temp
26-Feb-2025 14:22:30.147 INFO [main] org.apache.catalina.core.AprLifecycleListener.lifecycleEvent The Apache Tomcat Native library which allows using OpenSSL was not found on the java.library.path: [/usr/java/packages/lib:/usr/lib/x86_64-linux-gnu/jni:/lib/x86_64-linux-gnu:/usr/lib/x86_64-linux-gnu:/usr/lib/jni:/lib:/usr/lib]
26-Feb-2025 14:22:30.524 INFO [main] org.apache.coyote.AbstractProtocol.init Инициализация ProtocolHandler ["http-nio-8080"]
26-Feb-2025 14:22:30.549 INFO [main] org.apache.catalina.startup.Catalina.load Server initialization in [612] milliseconds
26-Feb-2025 14:22:30.596 INFO [main] org.apache.catalina.core.StandardService.startInternal Starting service [Catalina]
26-Feb-2025 14:22:30.597 INFO [main] org.apache.catalina.core.StandardEngine.startInternal Starting Servlet engine: [Apache Tomcat/11.0.2]
26-Feb-2025 14:22:30.613 INFO [main] org.apache.catalina.startup.HostConfig.deployWAR Deploying web application archive [/home/serega/YandexPr/Middle/Final_Sprint_Tasks/Spring/blog/apache-tomcat-11/webapps/blog.war]
26-Feb-2025 14:22:32.229 INFO [main] org.apache.jasper.servlet.TldScanner.scanJars At least one JAR was scanned for TLDs yet contained no TLDs. Enable debug logging for this logger for a complete list of JARs that were scanned but no TLDs were found in them. Skipping unneeded JARs during scanning can improve startup time and JSP compilation time.
26-Feb-2025 14:22:34.334 INFO [main] org.apache.catalina.startup.HostConfig.deployWAR Deployment of web application archive [/home/serega/YandexPr/Middle/Final_Sprint_Tasks/Spring/blog/apache-tomcat-11/webapps/blog.war] has finished in [3 720] ms
26-Feb-2025 14:22:34.334 INFO [main] org.apache.catalina.startup.HostConfig.deployDirectory Установка веб приложения в папку [/home/serega/YandexPr/Middle/Final_Sprint_Tasks/Spring/blog/apache-tomcat-11/webapps/docs]
26-Feb-2025 14:22:34.364 INFO [main] org.apache.catalina.startup.HostConfig.deployDirectory Deployment of web application directory [/home/serega/YandexPr/Middle/Final_Sprint_Tasks/Spring/blog/apache-tomcat-11/webapps/docs] has finished in [30] ms
26-Feb-2025 14:22:34.364 INFO [main] org.apache.catalina.startup.HostConfig.deployDirectory Установка веб приложения в папку [/home/serega/YandexPr/Middle/Final_Sprint_Tasks/Spring/blog/apache-tomcat-11/webapps/ROOT]
26-Feb-2025 14:22:34.383 INFO [main] org.apache.catalina.startup.HostConfig.deployDirectory Deployment of web application directory [/home/serega/YandexPr/Middle/Final_Sprint_Tasks/Spring/blog/apache-tomcat-11/webapps/ROOT] has finished in [19] ms
26-Feb-2025 14:22:34.384 INFO [main] org.apache.catalina.startup.HostConfig.deployDirectory Установка веб приложения в папку [/home/serega/YandexPr/Middle/Final_Sprint_Tasks/Spring/blog/apache-tomcat-11/webapps/examples]
26-Feb-2025 14:22:34.657 INFO [main] org.apache.catalina.startup.HostConfig.deployDirectory Deployment of web application directory [/home/serega/YandexPr/Middle/Final_Sprint_Tasks/Spring/blog/apache-tomcat-11/webapps/examples] has finished in [272] ms
26-Feb-2025 14:22:34.657 INFO [main] org.apache.catalina.startup.HostConfig.deployDirectory Установка веб приложения в папку [/home/serega/YandexPr/Middle/Final_Sprint_Tasks/Spring/blog/apache-tomcat-11/webapps/host-manager]
26-Feb-2025 14:22:34.689 INFO [main] org.apache.catalina.startup.HostConfig.deployDirectory Deployment of web application directory [/home/serega/YandexPr/Middle/Final_Sprint_Tasks/Spring/blog/apache-tomcat-11/webapps/host-manager] has finished in [32] ms
26-Feb-2025 14:22:34.689 INFO [main] org.apache.catalina.startup.HostConfig.deployDirectory Установка веб приложения в папку [/home/serega/YandexPr/Middle/Final_Sprint_Tasks/Spring/blog/apache-tomcat-11/webapps/manager]
26-Feb-2025 14:22:34.720 INFO [main] org.apache.catalina.startup.HostConfig.deployDirectory Deployment of web application directory [/home/serega/YandexPr/Middle/Final_Sprint_Tasks/Spring/blog/apache-tomcat-11/webapps/manager] has finished in [31] ms
26-Feb-2025 14:22:34.726 INFO [main] org.apache.coyote.AbstractProtocol.start Starting ProtocolHandler ["http-nio-8080"]
26-Feb-2025 14:22:34.740 INFO [main] org.apache.catalina.startup.Catalina.start Server startup in [4189] milliseconds
26-Feb-2025 14:26:14.641 INFO [main] org.apache.catalina.core.StandardServer.await A valid shutdown command was received via the shutdown port. Stopping the Server instance.
26-Feb-2025 14:26:14.642 INFO [main] org.apache.coyote.AbstractProtocol.pause Pausing ProtocolHandler ["http-nio-8080"]
26-Feb-2025 14:26:14.643 INFO [main] org.apache.catalina.core.StandardService.stopInternal Stopping service [Catalina]
26-Feb-2025 14:26:14.659 WARNING [main] org.apache.catalina.loader.WebappClassLoaderBase.clearReferencesJdbc The web application [blog] registered the JDBC driver [org.postgresql.Driver] but failed to unregister it when the web application was stopped. To prevent a memory leak, the JDBC Driver has been forcibly unregistered.
26-Feb-2025 14:26:14.677 INFO [main] org.apache.coyote.AbstractProtocol.stop Stopping ProtocolHandler ["http-nio-8080"]
26-Feb-2025 14:26:14.687 INFO [main] org.apache.coyote.AbstractProtocol.destroy Destroying ProtocolHandler ["http-nio-8080"]
26-Feb-2025 14:26:21.772 INFO [main] org.apache.catalina.startup.VersionLoggerListener.log Имя версии сервера:    Apache Tomcat/11.0.2
26-Feb-2025 14:26:21.776 INFO [main] org.apache.catalina.startup.VersionLoggerListener.log Сервер собран:         Dec 5 2024 15:19:37 UTC
26-Feb-2025 14:26:21.776 INFO [main] org.apache.catalina.startup.VersionLoggerListener.log Номер версии сервера:  11.0.2.0
26-Feb-2025 14:26:21.776 INFO [main] org.apache.catalina.startup.VersionLoggerListener.log OS Name:               Linux
26-Feb-2025 14:26:21.777 INFO [main] org.apache.catalina.startup.VersionLoggerListener.log Версия ОС:             6.8.0-52-generic
26-Feb-2025 14:26:21.777 INFO [main] org.apache.catalina.startup.VersionLoggerListener.log Архитектура:           amd64
26-Feb-2025 14:26:21.777 INFO [main] org.apache.catalina.startup.VersionLoggerListener.log Java Home:             /usr/lib/jvm/java-21-openjdk-amd64
26-Feb-2025 14:26:21.777 INFO [main] org.apache.catalina.startup.VersionLoggerListener.log Версия JVM:            21.0.6+7-Ubuntu-124.04.1
26-Feb-2025 14:26:21.777 INFO [main] org.apache.catalina.startup.VersionLoggerListener.log Производитель JVM:     Ubuntu
26-Feb-2025 14:26:21.777 INFO [main] org.apache.catalina.startup.VersionLoggerListener.log CATALINA_BASE:         /home/serega/YandexPr/Middle/Final_Sprint_Tasks/Spring/blog/apache-tomcat-11
26-Feb-2025 14:26:21.777 INFO [main] org.apache.catalina.startup.VersionLoggerListener.log CATALINA_HOME:         /home/serega/YandexPr/Middle/Final_Sprint_Tasks/Spring/blog/apache-tomcat-11
26-Feb-2025 14:26:21.789 INFO [main] org.apache.catalina.startup.VersionLoggerListener.log Command line argument: -Djava.util.logging.config.file=/home/serega/YandexPr/Middle/Final_Sprint_Tasks/Spring/blog/apache-tomcat-11/conf/logging.properties
26-Feb-2025 14:26:21.789 INFO [main] org.apache.catalina.startup.VersionLoggerListener.log Command line argument: -Djava.util.logging.manager=org.apache.juli.ClassLoaderLogManager
26-Feb-2025 14:26:21.789 INFO [main] org.apache.catalina.startup.VersionLoggerListener.log Command line argument: -Djdk.tls.ephemeralDHKeySize=2048
26-Feb-2025 14:26:21.789 INFO [main] org.apache.catalina.startup.VersionLoggerListener.log Command line argument: -Dorg.apache.catalina.security.SecurityListener.UMASK=0027
26-Feb-2025 14:26:21.789 INFO [main] org.apache.catalina.startup.VersionLoggerListener.log Command line argument: --add-opens=java.base/java.lang=ALL-UNNAMED
26-Feb-2025 14:26:21.789 INFO [main] org.apache.catalina.startup.VersionLoggerListener.log Command line argument: --add-opens=java.base/java.io=ALL-UNNAMED
26-Feb-2025 14:26:21.790 INFO [main] org.apache.catalina.startup.VersionLoggerListener.log Command line argument: --add-opens=java.base/java.util=ALL-UNNAMED
26-Feb-2025 14:26:21.790 INFO [main] org.apache.catalina.startup.VersionLoggerListener.log Command line argument: --add-opens=java.base/java.util.concurrent=ALL-UNNAMED
26-Feb-2025 14:26:21.790 INFO [main] org.apache.catalina.startup.VersionLoggerListener.log Command line argument: --add-opens=java.rmi/sun.rmi.transport=ALL-UNNAMED
26-Feb-2025 14:26:21.790 INFO [main] org.apache.catalina.startup.VersionLoggerListener.log Command line argument: --enable-native-access=ALL-UNNAMED
26-Feb-2025 14:26:21.790 INFO [main] org.apache.catalina.startup.VersionLoggerListener.log Command line argument: -Dcatalina.base=/home/serega/YandexPr/Middle/Final_Sprint_Tasks/Spring/blog/apache-tomcat-11
26-Feb-2025 14:26:21.790 INFO [main] org.apache.catalina.startup.VersionLoggerListener.log Command line argument: -Dcatalina.home=/home/serega/YandexPr/Middle/Final_Sprint_Tasks/Spring/blog/apache-tomcat-11
26-Feb-2025 14:26:21.790 INFO [main] org.apache.catalina.startup.VersionLoggerListener.log Command line argument: -Djava.io.tmpdir=/home/serega/YandexPr/Middle/Final_Sprint_Tasks/Spring/blog/apache-tomcat-11/temp
26-Feb-2025 14:26:21.792 INFO [main] org.apache.catalina.core.AprLifecycleListener.lifecycleEvent The Apache Tomcat Native library which allows using OpenSSL was not found on the java.library.path: [/usr/java/packages/lib:/usr/lib/x86_64-linux-gnu/jni:/lib/x86_64-linux-gnu:/usr/lib/x86_64-linux-gnu:/usr/lib/jni:/lib:/usr/lib]
26-Feb-2025 14:26:22.178 INFO [main] org.apache.coyote.AbstractProtocol.init Инициализация ProtocolHandler ["http-nio-8080"]
26-Feb-2025 14:26:22.206 INFO [main] org.apache.catalina.startup.Catalina.load Server initialization in [646] milliseconds
26-Feb-2025 14:26:22.266 INFO [main] org.apache.catalina.core.StandardService.startInternal Starting service [Catalina]
26-Feb-2025 14:26:22.266 INFO [main] org.apache.catalina.core.StandardEngine.startInternal Starting Servlet engine: [Apache Tomcat/11.0.2]
26-Feb-2025 14:26:22.284 INFO [main] org.apache.catalina.startup.HostConfig.deployWAR Deploying web application archive [/home/serega/YandexPr/Middle/Final_Sprint_Tasks/Spring/blog/apache-tomcat-11/webapps/blog.war]
26-Feb-2025 14:26:24.133 INFO [main] org.apache.jasper.servlet.TldScanner.scanJars At least one JAR was scanned for TLDs yet contained no TLDs. Enable debug logging for this logger for a complete list of JARs that were scanned but no TLDs were found in them. Skipping unneeded JARs during scanning can improve startup time and JSP compilation time.
26-Feb-2025 14:26:25.882 INFO [main] org.apache.catalina.startup.HostConfig.deployWAR Deployment of web application archive [/home/serega/YandexPr/Middle/Final_Sprint_Tasks/Spring/blog/apache-tomcat-11/webapps/blog.war] has finished in [3 597] ms
26-Feb-2025 14:26:25.883 INFO [main] org.apache.catalina.startup.HostConfig.deployDirectory Установка веб приложения в папку [/home/serega/YandexPr/Middle/Final_Sprint_Tasks/Spring/blog/apache-tomcat-11/webapps/docs]
26-Feb-2025 14:26:25.911 INFO [main] org.apache.catalina.startup.HostConfig.deployDirectory Deployment of web application directory [/home/serega/YandexPr/Middle/Final_Sprint_Tasks/Spring/blog/apache-tomcat-11/webapps/docs] has finished in [29] ms
26-Feb-2025 14:26:25.911 INFO [main] org.apache.catalina.startup.HostConfig.deployDirectory Установка веб приложения в папку [/home/serega/YandexPr/Middle/Final_Sprint_Tasks/Spring/blog/apache-tomcat-11/webapps/ROOT]
26-Feb-2025 14:26:25.929 INFO [main] org.apache.catalina.startup.HostConfig.deployDirectory Deployment of web application directory [/home/serega/YandexPr/Middle/Final_Sprint_Tasks/Spring/blog/apache-tomcat-11/webapps/ROOT] has finished in [18] ms
26-Feb-2025 14:26:25.929 INFO [main] org.apache.catalina.startup.HostConfig.deployDirectory Установка веб приложения в папку [/home/serega/YandexPr/Middle/Final_Sprint_Tasks/Spring/blog/apache-tomcat-11/webapps/examples]
26-Feb-2025 14:26:26.112 INFO [main] org.apache.catalina.startup.HostConfig.deployDirectory Deployment of web application directory [/home/serega/YandexPr/Middle/Final_Sprint_Tasks/Spring/blog/apache-tomcat-11/webapps/examples] has finished in [183] ms
26-Feb-2025 14:26:26.112 INFO [main] org.apache.catalina.startup.HostConfig.deployDirectory Установка веб приложения в папку [/home/serega/YandexPr/Middle/Final_Sprint_Tasks/Spring/blog/apache-tomcat-11/webapps/host-manager]
26-Feb-2025 14:26:26.134 INFO [main] org.apache.catalina.startup.HostConfig.deployDirectory Deployment of web application directory [/home/serega/YandexPr/Middle/Final_Sprint_Tasks/Spring/blog/apache-tomcat-11/webapps/host-manager] has finished in [22] ms
26-Feb-2025 14:26:26.134 INFO [main] org.apache.catalina.startup.HostConfig.deployDirectory Установка веб приложения в папку [/home/serega/YandexPr/Middle/Final_Sprint_Tasks/Spring/blog/apache-tomcat-11/webapps/manager]
26-Feb-2025 14:26:26.154 INFO [main] org.apache.catalina.startup.HostConfig.deployDirectory Deployment of web application directory [/home/serega/YandexPr/Middle/Final_Sprint_Tasks/Spring/blog/apache-tomcat-11/webapps/manager] has finished in [20] ms
26-Feb-2025 14:26:26.158 INFO [main] org.apache.coyote.AbstractProtocol.start Starting ProtocolHandler ["http-nio-8080"]
26-Feb-2025 14:26:26.169 INFO [main] org.apache.catalina.startup.Catalina.start Server startup in [3961] milliseconds
26-Feb-2025 14:28:56.396 INFO [main] org.apache.catalina.core.StandardServer.await A valid shutdown command was received via the shutdown port. Stopping the Server instance.
26-Feb-2025 14:28:56.396 INFO [main] org.apache.coyote.AbstractProtocol.pause Pausing ProtocolHandler ["http-nio-8080"]
26-Feb-2025 14:28:56.398 INFO [main] org.apache.catalina.core.StandardService.stopInternal Stopping service [Catalina]
26-Feb-2025 14:28:56.418 WARNING [main] org.apache.catalina.loader.WebappClassLoaderBase.clearReferencesJdbc The web application [blog] registered the JDBC driver [org.postgresql.Driver] but failed to unregister it when the web application was stopped. To prevent a memory leak, the JDBC Driver has been forcibly unregistered.
26-Feb-2025 14:28:56.445 INFO [main] org.apache.coyote.AbstractProtocol.stop Stopping ProtocolHandler ["http-nio-8080"]
26-Feb-2025 14:28:56.452 INFO [main] org.apache.coyote.AbstractProtocol.destroy Destroying ProtocolHandler ["http-nio-8080"]
26-Feb-2025 14:29:04.860 INFO [main] org.apache.catalina.startup.VersionLoggerListener.log Имя версии сервера:    Apache Tomcat/11.0.2
26-Feb-2025 14:29:04.864 INFO [main] org.apache.catalina.startup.VersionLoggerListener.log Сервер собран:         Dec 5 2024 15:19:37 UTC
26-Feb-2025 14:29:04.864 INFO [main] org.apache.catalina.startup.VersionLoggerListener.log Номер версии сервера:  11.0.2.0
26-Feb-2025 14:29:04.865 INFO [main] org.apache.catalina.startup.VersionLoggerListener.log OS Name:               Linux
26-Feb-2025 14:29:04.865 INFO [main] org.apache.catalina.startup.VersionLoggerListener.log Версия ОС:             6.8.0-52-generic
26-Feb-2025 14:29:04.865 INFO [main] org.apache.catalina.startup.VersionLoggerListener.log Архитектура:           amd64
26-Feb-2025 14:29:04.865 INFO [main] org.apache.catalina.startup.VersionLoggerListener.log Java Home:             /usr/lib/jvm/java-21-openjdk-amd64
26-Feb-2025 14:29:04.865 INFO [main] org.apache.catalina.startup.VersionLoggerListener.log Версия JVM:            21.0.6+7-Ubuntu-124.04.1
26-Feb-2025 14:29:04.865 INFO [main] org.apache.catalina.startup.VersionLoggerListener.log Производитель JVM:     Ubuntu
26-Feb-2025 14:29:04.865 INFO [main] org.apache.catalina.startup.VersionLoggerListener.log CATALINA_BASE:         /home/serega/YandexPr/Middle/Final_Sprint_Tasks/Spring/blog/apache-tomcat-11
26-Feb-2025 14:29:04.866 INFO [main] org.apache.catalina.startup.VersionLoggerListener.log CATALINA_HOME:         /home/serega/YandexPr/Middle/Final_Sprint_Tasks/Spring/blog/apache-tomcat-11
26-Feb-2025 14:29:04.875 INFO [main] org.apache.catalina.startup.VersionLoggerListener.log Command line argument: -Djava.util.logging.config.file=/home/serega/YandexPr/Middle/Final_Sprint_Tasks/Spring/blog/apache-tomcat-11/conf/logging.properties
26-Feb-2025 14:29:04.876 INFO [main] org.apache.catalina.startup.VersionLoggerListener.log Command line argument: -Djava.util.logging.manager=org.apache.juli.ClassLoaderLogManager
26-Feb-2025 14:29:04.876 INFO [main] org.apache.catalina.startup.VersionLoggerListener.log Command line argument: -Djdk.tls.ephemeralDHKeySize=2048
26-Feb-2025 14:29:04.876 INFO [main] org.apache.catalina.startup.VersionLoggerListener.log Command line argument: -Dorg.apache.catalina.security.SecurityListener.UMASK=0027
26-Feb-2025 14:29:04.876 INFO [main] org.apache.catalina.startup.VersionLoggerListener.log Command line argument: --add-opens=java.base/java.lang=ALL-UNNAMED
26-Feb-2025 14:29:04.876 INFO [main] org.apache.catalina.startup.VersionLoggerListener.log Command line argument: --add-opens=java.base/java.io=ALL-UNNAMED
26-Feb-2025 14:29:04.876 INFO [main] org.apache.catalina.startup.VersionLoggerListener.log Command line argument: --add-opens=java.base/java.util=ALL-UNNAMED
26-Feb-2025 14:29:04.876 INFO [main] org.apache.catalina.startup.VersionLoggerListener.log Command line argument: --add-opens=java.base/java.util.concurrent=ALL-UNNAMED
26-Feb-2025 14:29:04.876 INFO [main] org.apache.catalina.startup.VersionLoggerListener.log Command line argument: --add-opens=java.rmi/sun.rmi.transport=ALL-UNNAMED
26-Feb-2025 14:29:04.876 INFO [main] org.apache.catalina.startup.VersionLoggerListener.log Command line argument: --enable-native-access=ALL-UNNAMED
26-Feb-2025 14:29:04.877 INFO [main] org.apache.catalina.startup.VersionLoggerListener.log Command line argument: -Dcatalina.base=/home/serega/YandexPr/Middle/Final_Sprint_Tasks/Spring/blog/apache-tomcat-11
26-Feb-2025 14:29:04.877 INFO [main] org.apache.catalina.startup.VersionLoggerListener.log Command line argument: -Dcatalina.home=/home/serega/YandexPr/Middle/Final_Sprint_Tasks/Spring/blog/apache-tomcat-11
26-Feb-2025 14:29:04.877 INFO [main] org.apache.catalina.startup.VersionLoggerListener.log Command line argument: -Djava.io.tmpdir=/home/serega/YandexPr/Middle/Final_Sprint_Tasks/Spring/blog/apache-tomcat-11/temp
26-Feb-2025 14:29:04.878 INFO [main] org.apache.catalina.core.AprLifecycleListener.lifecycleEvent The Apache Tomcat Native library which allows using OpenSSL was not found on the java.library.path: [/usr/java/packages/lib:/usr/lib/x86_64-linux-gnu/jni:/lib/x86_64-linux-gnu:/usr/lib/x86_64-linux-gnu:/usr/lib/jni:/lib:/usr/lib]
26-Feb-2025 14:29:05.251 INFO [main] org.apache.coyote.AbstractProtocol.init Инициализация ProtocolHandler ["http-nio-8080"]
26-Feb-2025 14:29:05.275 INFO [main] org.apache.catalina.startup.Catalina.load Server initialization in [621] milliseconds
26-Feb-2025 14:29:05.321 INFO [main] org.apache.catalina.core.StandardService.startInternal Starting service [Catalina]
26-Feb-2025 14:29:05.321 INFO [main] org.apache.catalina.core.StandardEngine.startInternal Starting Servlet engine: [Apache Tomcat/11.0.2]
26-Feb-2025 14:29:05.337 INFO [main] org.apache.catalina.startup.HostConfig.deployWAR Deploying web application archive [/home/serega/YandexPr/Middle/Final_Sprint_Tasks/Spring/blog/apache-tomcat-11/webapps/blog.war]
26-Feb-2025 14:29:06.935 INFO [main] org.apache.jasper.servlet.TldScanner.scanJars At least one JAR was scanned for TLDs yet contained no TLDs. Enable debug logging for this logger for a complete list of JARs that were scanned but no TLDs were found in them. Skipping unneeded JARs during scanning can improve startup time and JSP compilation time.
26-Feb-2025 14:29:08.565 INFO [main] org.apache.catalina.startup.HostConfig.deployWAR Deployment of web application archive [/home/serega/YandexPr/Middle/Final_Sprint_Tasks/Spring/blog/apache-tomcat-11/webapps/blog.war] has finished in [3 227] ms
26-Feb-2025 14:29:08.566 INFO [main] org.apache.catalina.startup.HostConfig.deployDirectory Установка веб приложения в папку [/home/serega/YandexPr/Middle/Final_Sprint_Tasks/Spring/blog/apache-tomcat-11/webapps/docs]
26-Feb-2025 14:29:08.594 INFO [main] org.apache.catalina.startup.HostConfig.deployDirectory Deployment of web application directory [/home/serega/YandexPr/Middle/Final_Sprint_Tasks/Spring/blog/apache-tomcat-11/webapps/docs] has finished in [28] ms
26-Feb-2025 14:29:08.595 INFO [main] org.apache.catalina.startup.HostConfig.deployDirectory Установка веб приложения в папку [/home/serega/YandexPr/Middle/Final_Sprint_Tasks/Spring/blog/apache-tomcat-11/webapps/ROOT]
26-Feb-2025 14:29:08.614 INFO [main] org.apache.catalina.startup.HostConfig.deployDirectory Deployment of web application directory [/home/serega/YandexPr/Middle/Final_Sprint_Tasks/Spring/blog/apache-tomcat-11/webapps/ROOT] has finished in [19] ms
26-Feb-2025 14:29:08.614 INFO [main] org.apache.catalina.startup.HostConfig.deployDirectory Установка веб приложения в папку [/home/serega/YandexPr/Middle/Final_Sprint_Tasks/Spring/blog/apache-tomcat-11/webapps/examples]
26-Feb-2025 14:29:08.807 INFO [main] org.apache.catalina.startup.HostConfig.deployDirectory Deployment of web application directory [/home/serega/YandexPr/Middle/Final_Sprint_Tasks/Spring/blog/apache-tomcat-11/webapps/examples] has finished in [193] ms
26-Feb-2025 14:29:08.807 INFO [main] org.apache.catalina.startup.HostConfig.deployDirectory Установка веб приложения в папку [/home/serega/YandexPr/Middle/Final_Sprint_Tasks/Spring/blog/apache-tomcat-11/webapps/host-manager]
26-Feb-2025 14:29:08.828 INFO [main] org.apache.catalina.startup.HostConfig.deployDirectory Deployment of web application directory [/home/serega/YandexPr/Middle/Final_Sprint_Tasks/Spring/blog/apache-tomcat-11/webapps/host-manager] has finished in [21] ms
26-Feb-2025 14:29:08.829 INFO [main] org.apache.catalina.startup.HostConfig.deployDirectory Установка веб приложения в папку [/home/serega/YandexPr/Middle/Final_Sprint_Tasks/Spring/blog/apache-tomcat-11/webapps/manager]
26-Feb-2025 14:29:08.848 INFO [main] org.apache.catalina.startup.HostConfig.deployDirectory Deployment of web application directory [/home/serega/YandexPr/Middle/Final_Sprint_Tasks/Spring/blog/apache-tomcat-11/webapps/manager] has finished in [19] ms
26-Feb-2025 14:29:08.852 INFO [main] org.apache.coyote.AbstractProtocol.start Starting ProtocolHandler ["http-nio-8080"]
26-Feb-2025 14:29:08.862 INFO [main] org.apache.catalina.startup.Catalina.start Server startup in [3585] milliseconds
26-Feb-2025 14:30:22.581 INFO [main] org.apache.catalina.core.StandardServer.await A valid shutdown command was received via the shutdown port. Stopping the Server instance.
26-Feb-2025 14:30:22.582 INFO [main] org.apache.coyote.AbstractProtocol.pause Pausing ProtocolHandler ["http-nio-8080"]
26-Feb-2025 14:30:22.583 INFO [main] org.apache.catalina.core.StandardService.stopInternal Stopping service [Catalina]
26-Feb-2025 14:30:22.604 WARNING [main] org.apache.catalina.loader.WebappClassLoaderBase.clearReferencesJdbc The web application [blog] registered the JDBC driver [org.postgresql.Driver] but failed to unregister it when the web application was stopped. To prevent a memory leak, the JDBC Driver has been forcibly unregistered.
26-Feb-2025 14:30:22.625 INFO [main] org.apache.coyote.AbstractProtocol.stop Stopping ProtocolHandler ["http-nio-8080"]
26-Feb-2025 14:30:22.637 INFO [main] org.apache.coyote.AbstractProtocol.destroy Destroying ProtocolHandler ["http-nio-8080"]
26-Feb-2025 14:30:39.299 INFO [main] org.apache.catalina.startup.VersionLoggerListener.log Имя версии сервера:    Apache Tomcat/11.0.2
26-Feb-2025 14:30:39.304 INFO [main] org.apache.catalina.startup.VersionLoggerListener.log Сервер собран:         Dec 5 2024 15:19:37 UTC
26-Feb-2025 14:30:39.304 INFO [main] org.apache.catalina.startup.VersionLoggerListener.log Номер версии сервера:  11.0.2.0
26-Feb-2025 14:30:39.304 INFO [main] org.apache.catalina.startup.VersionLoggerListener.log OS Name:               Linux
26-Feb-2025 14:30:39.304 INFO [main] org.apache.catalina.startup.VersionLoggerListener.log Версия ОС:             6.8.0-52-generic
26-Feb-2025 14:30:39.304 INFO [main] org.apache.catalina.startup.VersionLoggerListener.log Архитектура:           amd64
26-Feb-2025 14:30:39.305 INFO [main] org.apache.catalina.startup.VersionLoggerListener.log Java Home:             /usr/lib/jvm/java-21-openjdk-amd64
26-Feb-2025 14:30:39.305 INFO [main] org.apache.catalina.startup.VersionLoggerListener.log Версия JVM:            21.0.6+7-Ubuntu-124.04.1
26-Feb-2025 14:30:39.305 INFO [main] org.apache.catalina.startup.VersionLoggerListener.log Производитель JVM:     Ubuntu
26-Feb-2025 14:30:39.305 INFO [main] org.apache.catalina.startup.VersionLoggerListener.log CATALINA_BASE:         /home/serega/YandexPr/Middle/Final_Sprint_Tasks/Spring/blog/apache-tomcat-11
26-Feb-2025 14:30:39.305 INFO [main] org.apache.catalina.startup.VersionLoggerListener.log CATALINA_HOME:         /home/serega/YandexPr/Middle/Final_Sprint_Tasks/Spring/blog/apache-tomcat-11
26-Feb-2025 14:30:39.315 INFO [main] org.apache.catalina.startup.VersionLoggerListener.log Command line argument: -Djava.util.logging.config.file=/home/serega/YandexPr/Middle/Final_Sprint_Tasks/Spring/blog/apache-tomcat-11/conf/logging.properties
26-Feb-2025 14:30:39.315 INFO [main] org.apache.catalina.startup.VersionLoggerListener.log Command line argument: -Djava.util.logging.manager=org.apache.juli.ClassLoaderLogManager
26-Feb-2025 14:30:39.316 INFO [main] org.apache.catalina.startup.VersionLoggerListener.log Command line argument: -Djdk.tls.ephemeralDHKeySize=2048
26-Feb-2025 14:30:39.316 INFO [main] org.apache.catalina.startup.VersionLoggerListener.log Command line argument: -Dorg.apache.catalina.security.SecurityListener.UMASK=0027
26-Feb-2025 14:30:39.316 INFO [main] org.apache.catalina.startup.VersionLoggerListener.log Command line argument: --add-opens=java.base/java.lang=ALL-UNNAMED
26-Feb-2025 14:30:39.316 INFO [main] org.apache.catalina.startup.VersionLoggerListener.log Command line argument: --add-opens=java.base/java.io=ALL-UNNAMED
26-Feb-2025 14:30:39.316 INFO [main] org.apache.catalina.startup.VersionLoggerListener.log Command line argument: --add-opens=java.base/java.util=ALL-UNNAMED
26-Feb-2025 14:30:39.316 INFO [main] org.apache.catalina.startup.VersionLoggerListener.log Command line argument: --add-opens=java.base/java.util.concurrent=ALL-UNNAMED
26-Feb-2025 14:30:39.316 INFO [main] org.apache.catalina.startup.VersionLoggerListener.log Command line argument: --add-opens=java.rmi/sun.rmi.transport=ALL-UNNAMED
26-Feb-2025 14:30:39.316 INFO [main] org.apache.catalina.startup.VersionLoggerListener.log Command line argument: --enable-native-access=ALL-UNNAMED
26-Feb-2025 14:30:39.316 INFO [main] org.apache.catalina.startup.VersionLoggerListener.log Command line argument: -Dcatalina.base=/home/serega/YandexPr/Middle/Final_Sprint_Tasks/Spring/blog/apache-tomcat-11
26-Feb-2025 14:30:39.316 INFO [main] org.apache.catalina.startup.VersionLoggerListener.log Command line argument: -Dcatalina.home=/home/serega/YandexPr/Middle/Final_Sprint_Tasks/Spring/blog/apache-tomcat-11
26-Feb-2025 14:30:39.317 INFO [main] org.apache.catalina.startup.VersionLoggerListener.log Command line argument: -Djava.io.tmpdir=/home/serega/YandexPr/Middle/Final_Sprint_Tasks/Spring/blog/apache-tomcat-11/temp
26-Feb-2025 14:30:39.318 INFO [main] org.apache.catalina.core.AprLifecycleListener.lifecycleEvent The Apache Tomcat Native library which allows using OpenSSL was not found on the java.library.path: [/usr/java/packages/lib:/usr/lib/x86_64-linux-gnu/jni:/lib/x86_64-linux-gnu:/usr/lib/x86_64-linux-gnu:/usr/lib/jni:/lib:/usr/lib]
26-Feb-2025 14:30:39.694 INFO [main] org.apache.coyote.AbstractProtocol.init Инициализация ProtocolHandler ["http-nio-8080"]
26-Feb-2025 14:30:39.717 INFO [main] org.apache.catalina.startup.Catalina.load Server initialization in [610] milliseconds
26-Feb-2025 14:30:39.764 INFO [main] org.apache.catalina.core.StandardService.startInternal Starting service [Catalina]
26-Feb-2025 14:30:39.764 INFO [main] org.apache.catalina.core.StandardEngine.startInternal Starting Servlet engine: [Apache Tomcat/11.0.2]
26-Feb-2025 14:30:39.787 INFO [main] org.apache.catalina.startup.HostConfig.deployWAR Deploying web application archive [/home/serega/YandexPr/Middle/Final_Sprint_Tasks/Spring/blog/apache-tomcat-11/webapps/blog.war]
26-Feb-2025 14:30:41.409 INFO [main] org.apache.jasper.servlet.TldScanner.scanJars At least one JAR was scanned for TLDs yet contained no TLDs. Enable debug logging for this logger for a complete list of JARs that were scanned but no TLDs were found in them. Skipping unneeded JARs during scanning can improve startup time and JSP compilation time.
26-Feb-2025 14:30:43.011 INFO [main] org.apache.catalina.startup.HostConfig.deployWAR Deployment of web application archive [/home/serega/YandexPr/Middle/Final_Sprint_Tasks/Spring/blog/apache-tomcat-11/webapps/blog.war] has finished in [3 224] ms
26-Feb-2025 14:30:43.012 INFO [main] org.apache.catalina.startup.HostConfig.deployDirectory Установка веб приложения в папку [/home/serega/YandexPr/Middle/Final_Sprint_Tasks/Spring/blog/apache-tomcat-11/webapps/docs]
26-Feb-2025 14:30:43.044 INFO [main] org.apache.catalina.startup.HostConfig.deployDirectory Deployment of web application directory [/home/serega/YandexPr/Middle/Final_Sprint_Tasks/Spring/blog/apache-tomcat-11/webapps/docs] has finished in [32] ms
26-Feb-2025 14:30:43.045 INFO [main] org.apache.catalina.startup.HostConfig.deployDirectory Установка веб приложения в папку [/home/serega/YandexPr/Middle/Final_Sprint_Tasks/Spring/blog/apache-tomcat-11/webapps/ROOT]
26-Feb-2025 14:30:43.068 INFO [main] org.apache.catalina.startup.HostConfig.deployDirectory Deployment of web application directory [/home/serega/YandexPr/Middle/Final_Sprint_Tasks/Spring/blog/apache-tomcat-11/webapps/ROOT] has finished in [23] ms
26-Feb-2025 14:30:43.069 INFO [main] org.apache.catalina.startup.HostConfig.deployDirectory Установка веб приложения в папку [/home/serega/YandexPr/Middle/Final_Sprint_Tasks/Spring/blog/apache-tomcat-11/webapps/examples]
26-Feb-2025 14:30:43.284 INFO [main] org.apache.catalina.startup.HostConfig.deployDirectory Deployment of web application directory [/home/serega/YandexPr/Middle/Final_Sprint_Tasks/Spring/blog/apache-tomcat-11/webapps/examples] has finished in [216] ms
26-Feb-2025 14:30:43.284 INFO [main] org.apache.catalina.startup.HostConfig.deployDirectory Установка веб приложения в папку [/home/serega/YandexPr/Middle/Final_Sprint_Tasks/Spring/blog/apache-tomcat-11/webapps/host-manager]
26-Feb-2025 14:30:43.310 INFO [main] org.apache.catalina.startup.HostConfig.deployDirectory Deployment of web application directory [/home/serega/YandexPr/Middle/Final_Sprint_Tasks/Spring/blog/apache-tomcat-11/webapps/host-manager] has finished in [26] ms
26-Feb-2025 14:30:43.310 INFO [main] org.apache.catalina.startup.HostConfig.deployDirectory Установка веб приложения в папку [/home/serega/YandexPr/Middle/Final_Sprint_Tasks/Spring/blog/apache-tomcat-11/webapps/manager]
26-Feb-2025 14:30:43.332 INFO [main] org.apache.catalina.startup.HostConfig.deployDirectory Deployment of web application directory [/home/serega/YandexPr/Middle/Final_Sprint_Tasks/Spring/blog/apache-tomcat-11/webapps/manager] has finished in [22] ms
26-Feb-2025 14:30:43.337 INFO [main] org.apache.coyote.AbstractProtocol.start Starting ProtocolHandler ["http-nio-8080"]
26-Feb-2025 14:30:43.348 INFO [main] org.apache.catalina.startup.Catalina.start Server startup in [3629] milliseconds
26-Feb-2025 14:33:18.684 INFO [main] org.apache.catalina.core.StandardServer.await A valid shutdown command was received via the shutdown port. Stopping the Server instance.
26-Feb-2025 14:33:18.685 INFO [main] org.apache.coyote.AbstractProtocol.pause Pausing ProtocolHandler ["http-nio-8080"]
26-Feb-2025 14:33:18.686 INFO [main] org.apache.catalina.core.StandardService.stopInternal Stopping service [Catalina]
26-Feb-2025 14:33:18.704 WARNING [main] org.apache.catalina.loader.WebappClassLoaderBase.clearReferencesJdbc The web application [blog] registered the JDBC driver [org.postgresql.Driver] but failed to unregister it when the web application was stopped. To prevent a memory leak, the JDBC Driver has been forcibly unregistered.
26-Feb-2025 14:33:18.724 INFO [main] org.apache.coyote.AbstractProtocol.stop Stopping ProtocolHandler ["http-nio-8080"]
26-Feb-2025 14:33:18.730 INFO [main] org.apache.coyote.AbstractProtocol.destroy Destroying ProtocolHandler ["http-nio-8080"]
26-Feb-2025 14:33:26.083 INFO [main] org.apache.catalina.startup.VersionLoggerListener.log Имя версии сервера:    Apache Tomcat/11.0.2
26-Feb-2025 14:33:26.088 INFO [main] org.apache.catalina.startup.VersionLoggerListener.log Сервер собран:         Dec 5 2024 15:19:37 UTC
26-Feb-2025 14:33:26.088 INFO [main] org.apache.catalina.startup.VersionLoggerListener.log Номер версии сервера:  11.0.2.0
26-Feb-2025 14:33:26.088 INFO [main] org.apache.catalina.startup.VersionLoggerListener.log OS Name:               Linux
26-Feb-2025 14:33:26.088 INFO [main] org.apache.catalina.startup.VersionLoggerListener.log Версия ОС:             6.8.0-52-generic
26-Feb-2025 14:33:26.088 INFO [main] org.apache.catalina.startup.VersionLoggerListener.log Архитектура:           amd64
26-Feb-2025 14:33:26.089 INFO [main] org.apache.catalina.startup.VersionLoggerListener.log Java Home:             /usr/lib/jvm/java-21-openjdk-amd64
26-Feb-2025 14:33:26.089 INFO [main] org.apache.catalina.startup.VersionLoggerListener.log Версия JVM:            21.0.6+7-Ubuntu-124.04.1
26-Feb-2025 14:33:26.089 INFO [main] org.apache.catalina.startup.VersionLoggerListener.log Производитель JVM:     Ubuntu
26-Feb-2025 14:33:26.089 INFO [main] org.apache.catalina.startup.VersionLoggerListener.log CATALINA_BASE:         /home/serega/YandexPr/Middle/Final_Sprint_Tasks/Spring/blog/apache-tomcat-11
26-Feb-2025 14:33:26.089 INFO [main] org.apache.catalina.startup.VersionLoggerListener.log CATALINA_HOME:         /home/serega/YandexPr/Middle/Final_Sprint_Tasks/Spring/blog/apache-tomcat-11
26-Feb-2025 14:33:26.100 INFO [main] org.apache.catalina.startup.VersionLoggerListener.log Command line argument: -Djava.util.logging.config.file=/home/serega/YandexPr/Middle/Final_Sprint_Tasks/Spring/blog/apache-tomcat-11/conf/logging.properties
26-Feb-2025 14:33:26.100 INFO [main] org.apache.catalina.startup.VersionLoggerListener.log Command line argument: -Djava.util.logging.manager=org.apache.juli.ClassLoaderLogManager
26-Feb-2025 14:33:26.100 INFO [main] org.apache.catalina.startup.VersionLoggerListener.log Command line argument: -Djdk.tls.ephemeralDHKeySize=2048
26-Feb-2025 14:33:26.100 INFO [main] org.apache.catalina.startup.VersionLoggerListener.log Command line argument: -Dorg.apache.catalina.security.SecurityListener.UMASK=0027
26-Feb-2025 14:33:26.100 INFO [main] org.apache.catalina.startup.VersionLoggerListener.log Command line argument: --add-opens=java.base/java.lang=ALL-UNNAMED
26-Feb-2025 14:33:26.100 INFO [main] org.apache.catalina.startup.VersionLoggerListener.log Command line argument: --add-opens=java.base/java.io=ALL-UNNAMED
26-Feb-2025 14:33:26.100 INFO [main] org.apache.catalina.startup.VersionLoggerListener.log Command line argument: --add-opens=java.base/java.util=ALL-UNNAMED
26-Feb-2025 14:33:26.100 INFO [main] org.apache.catalina.startup.VersionLoggerListener.log Command line argument: --add-opens=java.base/java.util.concurrent=ALL-UNNAMED
26-Feb-2025 14:33:26.100 INFO [main] org.apache.catalina.startup.VersionLoggerListener.log Command line argument: --add-opens=java.rmi/sun.rmi.transport=ALL-UNNAMED
26-Feb-2025 14:33:26.101 INFO [main] org.apache.catalina.startup.VersionLoggerListener.log Command line argument: --enable-native-access=ALL-UNNAMED
26-Feb-2025 14:33:26.101 INFO [main] org.apache.catalina.startup.VersionLoggerListener.log Command line argument: -Dcatalina.base=/home/serega/YandexPr/Middle/Final_Sprint_Tasks/Spring/blog/apache-tomcat-11
26-Feb-2025 14:33:26.101 INFO [main] org.apache.catalina.startup.VersionLoggerListener.log Command line argument: -Dcatalina.home=/home/serega/YandexPr/Middle/Final_Sprint_Tasks/Spring/blog/apache-tomcat-11
26-Feb-2025 14:33:26.101 INFO [main] org.apache.catalina.startup.VersionLoggerListener.log Command line argument: -Djava.io.tmpdir=/home/serega/YandexPr/Middle/Final_Sprint_Tasks/Spring/blog/apache-tomcat-11/temp
26-Feb-2025 14:33:26.103 INFO [main] org.apache.catalina.core.AprLifecycleListener.lifecycleEvent The Apache Tomcat Native library which allows using OpenSSL was not found on the java.library.path: [/usr/java/packages/lib:/usr/lib/x86_64-linux-gnu/jni:/lib/x86_64-linux-gnu:/usr/lib/x86_64-linux-gnu:/usr/lib/jni:/lib:/usr/lib]
26-Feb-2025 14:33:26.466 INFO [main] org.apache.coyote.AbstractProtocol.init Инициализация ProtocolHandler ["http-nio-8080"]
26-Feb-2025 14:33:26.490 INFO [main] org.apache.catalina.startup.Catalina.load Server initialization in [595] milliseconds
26-Feb-2025 14:33:26.535 INFO [main] org.apache.catalina.core.StandardService.startInternal Starting service [Catalina]
26-Feb-2025 14:33:26.535 INFO [main] org.apache.catalina.core.StandardEngine.startInternal Starting Servlet engine: [Apache Tomcat/11.0.2]
26-Feb-2025 14:33:26.551 INFO [main] org.apache.catalina.startup.HostConfig.deployWAR Deploying web application archive [/home/serega/YandexPr/Middle/Final_Sprint_Tasks/Spring/blog/apache-tomcat-11/webapps/blog.war]
26-Feb-2025 14:33:28.149 INFO [main] org.apache.jasper.servlet.TldScanner.scanJars At least one JAR was scanned for TLDs yet contained no TLDs. Enable debug logging for this logger for a complete list of JARs that were scanned but no TLDs were found in them. Skipping unneeded JARs during scanning can improve startup time and JSP compilation time.
26-Feb-2025 14:33:29.731 INFO [main] org.apache.catalina.startup.HostConfig.deployWAR Deployment of web application archive [/home/serega/YandexPr/Middle/Final_Sprint_Tasks/Spring/blog/apache-tomcat-11/webapps/blog.war] has finished in [3 179] ms
26-Feb-2025 14:33:29.732 INFO [main] org.apache.catalina.startup.HostConfig.deployDirectory Установка веб приложения в папку [/home/serega/YandexPr/Middle/Final_Sprint_Tasks/Spring/blog/apache-tomcat-11/webapps/docs]
26-Feb-2025 14:33:29.766 INFO [main] org.apache.catalina.startup.HostConfig.deployDirectory Deployment of web application directory [/home/serega/YandexPr/Middle/Final_Sprint_Tasks/Spring/blog/apache-tomcat-11/webapps/docs] has finished in [34] ms
26-Feb-2025 14:33:29.767 INFO [main] org.apache.catalina.startup.HostConfig.deployDirectory Установка веб приложения в папку [/home/serega/YandexPr/Middle/Final_Sprint_Tasks/Spring/blog/apache-tomcat-11/webapps/ROOT]
26-Feb-2025 14:33:29.789 INFO [main] org.apache.catalina.startup.HostConfig.deployDirectory Deployment of web application directory [/home/serega/YandexPr/Middle/Final_Sprint_Tasks/Spring/blog/apache-tomcat-11/webapps/ROOT] has finished in [22] ms
26-Feb-2025 14:33:29.790 INFO [main] org.apache.catalina.startup.HostConfig.deployDirectory Установка веб приложения в папку [/home/serega/YandexPr/Middle/Final_Sprint_Tasks/Spring/blog/apache-tomcat-11/webapps/examples]
26-Feb-2025 14:33:30.034 INFO [main] org.apache.catalina.startup.HostConfig.deployDirectory Deployment of web application directory [/home/serega/YandexPr/Middle/Final_Sprint_Tasks/Spring/blog/apache-tomcat-11/webapps/examples] has finished in [244] ms
26-Feb-2025 14:33:30.034 INFO [main] org.apache.catalina.startup.HostConfig.deployDirectory Установка веб приложения в папку [/home/serega/YandexPr/Middle/Final_Sprint_Tasks/Spring/blog/apache-tomcat-11/webapps/host-manager]
26-Feb-2025 14:33:30.068 INFO [main] org.apache.catalina.startup.HostConfig.deployDirectory Deployment of web application directory [/home/serega/YandexPr/Middle/Final_Sprint_Tasks/Spring/blog/apache-tomcat-11/webapps/host-manager] has finished in [34] ms
26-Feb-2025 14:33:30.069 INFO [main] org.apache.catalina.startup.HostConfig.deployDirectory Установка веб приложения в папку [/home/serega/YandexPr/Middle/Final_Sprint_Tasks/Spring/blog/apache-tomcat-11/webapps/manager]
26-Feb-2025 14:33:30.095 INFO [main] org.apache.catalina.startup.HostConfig.deployDirectory Deployment of web application directory [/home/serega/YandexPr/Middle/Final_Sprint_Tasks/Spring/blog/apache-tomcat-11/webapps/manager] has finished in [26] ms
26-Feb-2025 14:33:30.100 INFO [main] org.apache.coyote.AbstractProtocol.start Starting ProtocolHandler ["http-nio-8080"]
26-Feb-2025 14:33:30.112 INFO [main] org.apache.catalina.startup.Catalina.start Server startup in [3620] milliseconds
26-Feb-2025 14:42:42.392 INFO [main] org.apache.catalina.core.StandardServer.await A valid shutdown command was received via the shutdown port. Stopping the Server instance.
26-Feb-2025 14:42:42.393 INFO [main] org.apache.coyote.AbstractProtocol.pause Pausing ProtocolHandler ["http-nio-8080"]
26-Feb-2025 14:42:42.394 INFO [main] org.apache.catalina.core.StandardService.stopInternal Stopping service [Catalina]
26-Feb-2025 14:42:42.410 WARNING [main] org.apache.catalina.loader.WebappClassLoaderBase.clearReferencesJdbc The web application [blog] registered the JDBC driver [org.postgresql.Driver] but failed to unregister it when the web application was stopped. To prevent a memory leak, the JDBC Driver has been forcibly unregistered.
26-Feb-2025 14:42:42.430 INFO [main] org.apache.coyote.AbstractProtocol.stop Stopping ProtocolHandler ["http-nio-8080"]
26-Feb-2025 14:42:42.438 INFO [main] org.apache.coyote.AbstractProtocol.destroy Destroying ProtocolHandler ["http-nio-8080"]
26-Feb-2025 14:42:50.278 INFO [main] org.apache.catalina.startup.VersionLoggerListener.log Имя версии сервера:    Apache Tomcat/11.0.2
26-Feb-2025 14:42:50.283 INFO [main] org.apache.catalina.startup.VersionLoggerListener.log Сервер собран:         Dec 5 2024 15:19:37 UTC
26-Feb-2025 14:42:50.284 INFO [main] org.apache.catalina.startup.VersionLoggerListener.log Номер версии сервера:  11.0.2.0
26-Feb-2025 14:42:50.284 INFO [main] org.apache.catalina.startup.VersionLoggerListener.log OS Name:               Linux
26-Feb-2025 14:42:50.284 INFO [main] org.apache.catalina.startup.VersionLoggerListener.log Версия ОС:             6.8.0-52-generic
26-Feb-2025 14:42:50.284 INFO [main] org.apache.catalina.startup.VersionLoggerListener.log Архитектура:           amd64
26-Feb-2025 14:42:50.284 INFO [main] org.apache.catalina.startup.VersionLoggerListener.log Java Home:             /usr/lib/jvm/java-21-openjdk-amd64
26-Feb-2025 14:42:50.285 INFO [main] org.apache.catalina.startup.VersionLoggerListener.log Версия JVM:            21.0.6+7-Ubuntu-124.04.1
26-Feb-2025 14:42:50.285 INFO [main] org.apache.catalina.startup.VersionLoggerListener.log Производитель JVM:     Ubuntu
26-Feb-2025 14:42:50.285 INFO [main] org.apache.catalina.startup.VersionLoggerListener.log CATALINA_BASE:         /home/serega/YandexPr/Middle/Final_Sprint_Tasks/Spring/blog/apache-tomcat-11
26-Feb-2025 14:42:50.285 INFO [main] org.apache.catalina.startup.VersionLoggerListener.log CATALINA_HOME:         /home/serega/YandexPr/Middle/Final_Sprint_Tasks/Spring/blog/apache-tomcat-11
26-Feb-2025 14:42:50.297 INFO [main] org.apache.catalina.startup.VersionLoggerListener.log Command line argument: -Djava.util.logging.config.file=/home/serega/YandexPr/Middle/Final_Sprint_Tasks/Spring/blog/apache-tomcat-11/conf/logging.properties
26-Feb-2025 14:42:50.297 INFO [main] org.apache.catalina.startup.VersionLoggerListener.log Command line argument: -Djava.util.logging.manager=org.apache.juli.ClassLoaderLogManager
26-Feb-2025 14:42:50.297 INFO [main] org.apache.catalina.startup.VersionLoggerListener.log Command line argument: -Djdk.tls.ephemeralDHKeySize=2048
26-Feb-2025 14:42:50.297 INFO [main] org.apache.catalina.startup.VersionLoggerListener.log Command line argument: -Dorg.apache.catalina.security.SecurityListener.UMASK=0027
26-Feb-2025 14:42:50.297 INFO [main] org.apache.catalina.startup.VersionLoggerListener.log Command line argument: --add-opens=java.base/java.lang=ALL-UNNAMED
26-Feb-2025 14:42:50.297 INFO [main] org.apache.catalina.startup.VersionLoggerListener.log Command line argument: --add-opens=java.base/java.io=ALL-UNNAMED
26-Feb-2025 14:42:50.298 INFO [main] org.apache.catalina.startup.VersionLoggerListener.log Command line argument: --add-opens=java.base/java.util=ALL-UNNAMED
26-Feb-2025 14:42:50.298 INFO [main] org.apache.catalina.startup.VersionLoggerListener.log Command line argument: --add-opens=java.base/java.util.concurrent=ALL-UNNAMED
26-Feb-2025 14:42:50.298 INFO [main] org.apache.catalina.startup.VersionLoggerListener.log Command line argument: --add-opens=java.rmi/sun.rmi.transport=ALL-UNNAMED
26-Feb-2025 14:42:50.298 INFO [main] org.apache.catalina.startup.VersionLoggerListener.log Command line argument: --enable-native-access=ALL-UNNAMED
26-Feb-2025 14:42:50.298 INFO [main] org.apache.catalina.startup.VersionLoggerListener.log Command line argument: -Dcatalina.base=/home/serega/YandexPr/Middle/Final_Sprint_Tasks/Spring/blog/apache-tomcat-11
26-Feb-2025 14:42:50.298 INFO [main] org.apache.catalina.startup.VersionLoggerListener.log Command line argument: -Dcatalina.home=/home/serega/YandexPr/Middle/Final_Sprint_Tasks/Spring/blog/apache-tomcat-11
26-Feb-2025 14:42:50.298 INFO [main] org.apache.catalina.startup.VersionLoggerListener.log Command line argument: -Djava.io.tmpdir=/home/serega/YandexPr/Middle/Final_Sprint_Tasks/Spring/blog/apache-tomcat-11/temp
26-Feb-2025 14:42:50.301 INFO [main] org.apache.catalina.core.AprLifecycleListener.lifecycleEvent The Apache Tomcat Native library which allows using OpenSSL was not found on the java.library.path: [/usr/java/packages/lib:/usr/lib/x86_64-linux-gnu/jni:/lib/x86_64-linux-gnu:/usr/lib/x86_64-linux-gnu:/usr/lib/jni:/lib:/usr/lib]
26-Feb-2025 14:42:50.691 INFO [main] org.apache.coyote.AbstractProtocol.init Инициализация ProtocolHandler ["http-nio-8080"]
26-Feb-2025 14:42:50.715 INFO [main] org.apache.catalina.startup.Catalina.load Server initialization in [634] milliseconds
26-Feb-2025 14:42:50.760 INFO [main] org.apache.catalina.core.StandardService.startInternal Starting service [Catalina]
26-Feb-2025 14:42:50.760 INFO [main] org.apache.catalina.core.StandardEngine.startInternal Starting Servlet engine: [Apache Tomcat/11.0.2]
26-Feb-2025 14:42:50.776 INFO [main] org.apache.catalina.startup.HostConfig.deployWAR Deploying web application archive [/home/serega/YandexPr/Middle/Final_Sprint_Tasks/Spring/blog/apache-tomcat-11/webapps/blog.war]
26-Feb-2025 14:42:52.400 INFO [main] org.apache.jasper.servlet.TldScanner.scanJars At least one JAR was scanned for TLDs yet contained no TLDs. Enable debug logging for this logger for a complete list of JARs that were scanned but no TLDs were found in them. Skipping unneeded JARs during scanning can improve startup time and JSP compilation time.
26-Feb-2025 14:42:54.009 INFO [main] org.apache.catalina.startup.HostConfig.deployWAR Deployment of web application archive [/home/serega/YandexPr/Middle/Final_Sprint_Tasks/Spring/blog/apache-tomcat-11/webapps/blog.war] has finished in [3 232] ms
26-Feb-2025 14:42:54.010 INFO [main] org.apache.catalina.startup.HostConfig.deployDirectory Установка веб приложения в папку [/home/serega/YandexPr/Middle/Final_Sprint_Tasks/Spring/blog/apache-tomcat-11/webapps/docs]
26-Feb-2025 14:42:54.036 INFO [main] org.apache.catalina.startup.HostConfig.deployDirectory Deployment of web application directory [/home/serega/YandexPr/Middle/Final_Sprint_Tasks/Spring/blog/apache-tomcat-11/webapps/docs] has finished in [26] ms
26-Feb-2025 14:42:54.037 INFO [main] org.apache.catalina.startup.HostConfig.deployDirectory Установка веб приложения в папку [/home/serega/YandexPr/Middle/Final_Sprint_Tasks/Spring/blog/apache-tomcat-11/webapps/ROOT]
26-Feb-2025 14:42:54.055 INFO [main] org.apache.catalina.startup.HostConfig.deployDirectory Deployment of web application directory [/home/serega/YandexPr/Middle/Final_Sprint_Tasks/Spring/blog/apache-tomcat-11/webapps/ROOT] has finished in [18] ms
26-Feb-2025 14:42:54.055 INFO [main] org.apache.catalina.startup.HostConfig.deployDirectory Установка веб приложения в папку [/home/serega/YandexPr/Middle/Final_Sprint_Tasks/Spring/blog/apache-tomcat-11/webapps/examples]
26-Feb-2025 14:42:54.250 INFO [main] org.apache.catalina.startup.HostConfig.deployDirectory Deployment of web application directory [/home/serega/YandexPr/Middle/Final_Sprint_Tasks/Spring/blog/apache-tomcat-11/webapps/examples] has finished in [194] ms
26-Feb-2025 14:42:54.250 INFO [main] org.apache.catalina.startup.HostConfig.deployDirectory Установка веб приложения в папку [/home/serega/YandexPr/Middle/Final_Sprint_Tasks/Spring/blog/apache-tomcat-11/webapps/host-manager]
26-Feb-2025 14:42:54.271 INFO [main] org.apache.catalina.startup.HostConfig.deployDirectory Deployment of web application directory [/home/serega/YandexPr/Middle/Final_Sprint_Tasks/Spring/blog/apache-tomcat-11/webapps/host-manager] has finished in [21] ms
26-Feb-2025 14:42:54.272 INFO [main] org.apache.catalina.startup.HostConfig.deployDirectory Установка веб приложения в папку [/home/serega/YandexPr/Middle/Final_Sprint_Tasks/Spring/blog/apache-tomcat-11/webapps/manager]
26-Feb-2025 14:42:54.292 INFO [main] org.apache.catalina.startup.HostConfig.deployDirectory Deployment of web application directory [/home/serega/YandexPr/Middle/Final_Sprint_Tasks/Spring/blog/apache-tomcat-11/webapps/manager] has finished in [20] ms
26-Feb-2025 14:42:54.297 INFO [main] org.apache.coyote.AbstractProtocol.start Starting ProtocolHandler ["http-nio-8080"]
26-Feb-2025 14:42:54.307 INFO [main] org.apache.catalina.startup.Catalina.start Server startup in [3590] milliseconds
26-Feb-2025 14:48:52.639 INFO [main] org.apache.catalina.core.StandardServer.await A valid shutdown command was received via the shutdown port. Stopping the Server instance.
26-Feb-2025 14:48:52.640 INFO [main] org.apache.coyote.AbstractProtocol.pause Pausing ProtocolHandler ["http-nio-8080"]
26-Feb-2025 14:48:52.641 INFO [main] org.apache.catalina.core.StandardService.stopInternal Stopping service [Catalina]
26-Feb-2025 14:48:52.658 WARNING [main] org.apache.catalina.loader.WebappClassLoaderBase.clearReferencesJdbc The web application [blog] registered the JDBC driver [org.postgresql.Driver] but failed to unregister it when the web application was stopped. To prevent a memory leak, the JDBC Driver has been forcibly unregistered.
26-Feb-2025 14:48:52.679 INFO [main] org.apache.coyote.AbstractProtocol.stop Stopping ProtocolHandler ["http-nio-8080"]
26-Feb-2025 14:48:52.686 INFO [main] org.apache.coyote.AbstractProtocol.destroy Destroying ProtocolHandler ["http-nio-8080"]
26-Feb-2025 14:48:59.802 INFO [main] org.apache.catalina.startup.VersionLoggerListener.log Имя версии сервера:    Apache Tomcat/11.0.2
26-Feb-2025 14:48:59.808 INFO [main] org.apache.catalina.startup.VersionLoggerListener.log Сервер собран:         Dec 5 2024 15:19:37 UTC
26-Feb-2025 14:48:59.808 INFO [main] org.apache.catalina.startup.VersionLoggerListener.log Номер версии сервера:  11.0.2.0
26-Feb-2025 14:48:59.808 INFO [main] org.apache.catalina.startup.VersionLoggerListener.log OS Name:               Linux
26-Feb-2025 14:48:59.808 INFO [main] org.apache.catalina.startup.VersionLoggerListener.log Версия ОС:             6.8.0-52-generic
26-Feb-2025 14:48:59.809 INFO [main] org.apache.catalina.startup.VersionLoggerListener.log Архитектура:           amd64
26-Feb-2025 14:48:59.809 INFO [main] org.apache.catalina.startup.VersionLoggerListener.log Java Home:             /usr/lib/jvm/java-21-openjdk-amd64
26-Feb-2025 14:48:59.809 INFO [main] org.apache.catalina.startup.VersionLoggerListener.log Версия JVM:            21.0.6+7-Ubuntu-124.04.1
26-Feb-2025 14:48:59.809 INFO [main] org.apache.catalina.startup.VersionLoggerListener.log Производитель JVM:     Ubuntu
26-Feb-2025 14:48:59.809 INFO [main] org.apache.catalina.startup.VersionLoggerListener.log CATALINA_BASE:         /home/serega/YandexPr/Middle/Final_Sprint_Tasks/Spring/blog/apache-tomcat-11
26-Feb-2025 14:48:59.809 INFO [main] org.apache.catalina.startup.VersionLoggerListener.log CATALINA_HOME:         /home/serega/YandexPr/Middle/Final_Sprint_Tasks/Spring/blog/apache-tomcat-11
26-Feb-2025 14:48:59.822 INFO [main] org.apache.catalina.startup.VersionLoggerListener.log Command line argument: -Djava.util.logging.config.file=/home/serega/YandexPr/Middle/Final_Sprint_Tasks/Spring/blog/apache-tomcat-11/conf/logging.properties
26-Feb-2025 14:48:59.822 INFO [main] org.apache.catalina.startup.VersionLoggerListener.log Command line argument: -Djava.util.logging.manager=org.apache.juli.ClassLoaderLogManager
26-Feb-2025 14:48:59.822 INFO [main] org.apache.catalina.startup.VersionLoggerListener.log Command line argument: -Djdk.tls.ephemeralDHKeySize=2048
26-Feb-2025 14:48:59.822 INFO [main] org.apache.catalina.startup.VersionLoggerListener.log Command line argument: -Dorg.apache.catalina.security.SecurityListener.UMASK=0027
26-Feb-2025 14:48:59.822 INFO [main] org.apache.catalina.startup.VersionLoggerListener.log Command line argument: --add-opens=java.base/java.lang=ALL-UNNAMED
26-Feb-2025 14:48:59.823 INFO [main] org.apache.catalina.startup.VersionLoggerListener.log Command line argument: --add-opens=java.base/java.io=ALL-UNNAMED
26-Feb-2025 14:48:59.823 INFO [main] org.apache.catalina.startup.VersionLoggerListener.log Command line argument: --add-opens=java.base/java.util=ALL-UNNAMED
26-Feb-2025 14:48:59.823 INFO [main] org.apache.catalina.startup.VersionLoggerListener.log Command line argument: --add-opens=java.base/java.util.concurrent=ALL-UNNAMED
26-Feb-2025 14:48:59.823 INFO [main] org.apache.catalina.startup.VersionLoggerListener.log Command line argument: --add-opens=java.rmi/sun.rmi.transport=ALL-UNNAMED
26-Feb-2025 14:48:59.823 INFO [main] org.apache.catalina.startup.VersionLoggerListener.log Command line argument: --enable-native-access=ALL-UNNAMED
26-Feb-2025 14:48:59.823 INFO [main] org.apache.catalina.startup.VersionLoggerListener.log Command line argument: -Dcatalina.base=/home/serega/YandexPr/Middle/Final_Sprint_Tasks/Spring/blog/apache-tomcat-11
26-Feb-2025 14:48:59.824 INFO [main] org.apache.catalina.startup.VersionLoggerListener.log Command line argument: -Dcatalina.home=/home/serega/YandexPr/Middle/Final_Sprint_Tasks/Spring/blog/apache-tomcat-11
26-Feb-2025 14:48:59.824 INFO [main] org.apache.catalina.startup.VersionLoggerListener.log Command line argument: -Djava.io.tmpdir=/home/serega/YandexPr/Middle/Final_Sprint_Tasks/Spring/blog/apache-tomcat-11/temp
26-Feb-2025 14:48:59.826 INFO [main] org.apache.catalina.core.AprLifecycleListener.lifecycleEvent The Apache Tomcat Native library which allows using OpenSSL was not found on the java.library.path: [/usr/java/packages/lib:/usr/lib/x86_64-linux-gnu/jni:/lib/x86_64-linux-gnu:/usr/lib/x86_64-linux-gnu:/usr/lib/jni:/lib:/usr/lib]
26-Feb-2025 14:49:00.228 INFO [main] org.apache.coyote.AbstractProtocol.init Инициализация ProtocolHandler ["http-nio-8080"]
26-Feb-2025 14:49:00.261 INFO [main] org.apache.catalina.startup.Catalina.load Server initialization in [680] milliseconds
26-Feb-2025 14:49:00.309 INFO [main] org.apache.catalina.core.StandardService.startInternal Starting service [Catalina]
26-Feb-2025 14:49:00.309 INFO [main] org.apache.catalina.core.StandardEngine.startInternal Starting Servlet engine: [Apache Tomcat/11.0.2]
26-Feb-2025 14:49:00.327 INFO [main] org.apache.catalina.startup.HostConfig.deployWAR Deploying web application archive [/home/serega/YandexPr/Middle/Final_Sprint_Tasks/Spring/blog/apache-tomcat-11/webapps/blog.war]
26-Feb-2025 14:49:01.970 INFO [main] org.apache.jasper.servlet.TldScanner.scanJars At least one JAR was scanned for TLDs yet contained no TLDs. Enable debug logging for this logger for a complete list of JARs that were scanned but no TLDs were found in them. Skipping unneeded JARs during scanning can improve startup time and JSP compilation time.
26-Feb-2025 14:49:04.122 INFO [main] org.apache.catalina.startup.HostConfig.deployWAR Deployment of web application archive [/home/serega/YandexPr/Middle/Final_Sprint_Tasks/Spring/blog/apache-tomcat-11/webapps/blog.war] has finished in [3 794] ms
26-Feb-2025 14:49:04.123 INFO [main] org.apache.catalina.startup.HostConfig.deployDirectory Установка веб приложения в папку [/home/serega/YandexPr/Middle/Final_Sprint_Tasks/Spring/blog/apache-tomcat-11/webapps/docs]
26-Feb-2025 14:49:04.156 INFO [main] org.apache.catalina.startup.HostConfig.deployDirectory Deployment of web application directory [/home/serega/YandexPr/Middle/Final_Sprint_Tasks/Spring/blog/apache-tomcat-11/webapps/docs] has finished in [33] ms
26-Feb-2025 14:49:04.157 INFO [main] org.apache.catalina.startup.HostConfig.deployDirectory Установка веб приложения в папку [/home/serega/YandexPr/Middle/Final_Sprint_Tasks/Spring/blog/apache-tomcat-11/webapps/ROOT]
26-Feb-2025 14:49:04.183 INFO [main] org.apache.catalina.startup.HostConfig.deployDirectory Deployment of web application directory [/home/serega/YandexPr/Middle/Final_Sprint_Tasks/Spring/blog/apache-tomcat-11/webapps/ROOT] has finished in [26] ms
26-Feb-2025 14:49:04.184 INFO [main] org.apache.catalina.startup.HostConfig.deployDirectory Установка веб приложения в папку [/home/serega/YandexPr/Middle/Final_Sprint_Tasks/Spring/blog/apache-tomcat-11/webapps/examples]
26-Feb-2025 14:49:04.409 INFO [main] org.apache.catalina.startup.HostConfig.deployDirectory Deployment of web application directory [/home/serega/YandexPr/Middle/Final_Sprint_Tasks/Spring/blog/apache-tomcat-11/webapps/examples] has finished in [225] ms
26-Feb-2025 14:49:04.409 INFO [main] org.apache.catalina.startup.HostConfig.deployDirectory Установка веб приложения в папку [/home/serega/YandexPr/Middle/Final_Sprint_Tasks/Spring/blog/apache-tomcat-11/webapps/host-manager]
26-Feb-2025 14:49:04.435 INFO [main] org.apache.catalina.startup.HostConfig.deployDirectory Deployment of web application directory [/home/serega/YandexPr/Middle/Final_Sprint_Tasks/Spring/blog/apache-tomcat-11/webapps/host-manager] has finished in [26] ms
26-Feb-2025 14:49:04.436 INFO [main] org.apache.catalina.startup.HostConfig.deployDirectory Установка веб приложения в папку [/home/serega/YandexPr/Middle/Final_Sprint_Tasks/Spring/blog/apache-tomcat-11/webapps/manager]
26-Feb-2025 14:49:04.461 INFO [main] org.apache.catalina.startup.HostConfig.deployDirectory Deployment of web application directory [/home/serega/YandexPr/Middle/Final_Sprint_Tasks/Spring/blog/apache-tomcat-11/webapps/manager] has finished in [24] ms
26-Feb-2025 14:49:04.465 INFO [main] org.apache.coyote.AbstractProtocol.start Starting ProtocolHandler ["http-nio-8080"]
26-Feb-2025 14:49:04.475 INFO [main] org.apache.catalina.startup.Catalina.start Server startup in [4212] milliseconds
26-Feb-2025 14:50:24.184 INFO [main] org.apache.catalina.core.StandardServer.await A valid shutdown command was received via the shutdown port. Stopping the Server instance.
26-Feb-2025 14:50:24.185 INFO [main] org.apache.coyote.AbstractProtocol.pause Pausing ProtocolHandler ["http-nio-8080"]
26-Feb-2025 14:50:24.186 INFO [main] org.apache.catalina.core.StandardService.stopInternal Stopping service [Catalina]
26-Feb-2025 14:50:24.203 WARNING [main] org.apache.catalina.loader.WebappClassLoaderBase.clearReferencesJdbc The web application [blog] registered the JDBC driver [org.postgresql.Driver] but failed to unregister it when the web application was stopped. To prevent a memory leak, the JDBC Driver has been forcibly unregistered.
26-Feb-2025 14:50:24.222 INFO [main] org.apache.coyote.AbstractProtocol.stop Stopping ProtocolHandler ["http-nio-8080"]
26-Feb-2025 14:50:24.231 INFO [main] org.apache.coyote.AbstractProtocol.destroy Destroying ProtocolHandler ["http-nio-8080"]
26-Feb-2025 14:50:30.958 INFO [main] org.apache.catalina.startup.VersionLoggerListener.log Имя версии сервера:    Apache Tomcat/11.0.2
26-Feb-2025 14:50:30.963 INFO [main] org.apache.catalina.startup.VersionLoggerListener.log Сервер собран:         Dec 5 2024 15:19:37 UTC
26-Feb-2025 14:50:30.963 INFO [main] org.apache.catalina.startup.VersionLoggerListener.log Номер версии сервера:  11.0.2.0
26-Feb-2025 14:50:30.963 INFO [main] org.apache.catalina.startup.VersionLoggerListener.log OS Name:               Linux
26-Feb-2025 14:50:30.963 INFO [main] org.apache.catalina.startup.VersionLoggerListener.log Версия ОС:             6.8.0-52-generic
26-Feb-2025 14:50:30.963 INFO [main] org.apache.catalina.startup.VersionLoggerListener.log Архитектура:           amd64
26-Feb-2025 14:50:30.963 INFO [main] org.apache.catalina.startup.VersionLoggerListener.log Java Home:             /usr/lib/jvm/java-21-openjdk-amd64
26-Feb-2025 14:50:30.964 INFO [main] org.apache.catalina.startup.VersionLoggerListener.log Версия JVM:            21.0.6+7-Ubuntu-124.04.1
26-Feb-2025 14:50:30.964 INFO [main] org.apache.catalina.startup.VersionLoggerListener.log Производитель JVM:     Ubuntu
26-Feb-2025 14:50:30.964 INFO [main] org.apache.catalina.startup.VersionLoggerListener.log CATALINA_BASE:         /home/serega/YandexPr/Middle/Final_Sprint_Tasks/Spring/blog/apache-tomcat-11
26-Feb-2025 14:50:30.964 INFO [main] org.apache.catalina.startup.VersionLoggerListener.log CATALINA_HOME:         /home/serega/YandexPr/Middle/Final_Sprint_Tasks/Spring/blog/apache-tomcat-11
26-Feb-2025 14:50:30.974 INFO [main] org.apache.catalina.startup.VersionLoggerListener.log Command line argument: -Djava.util.logging.config.file=/home/serega/YandexPr/Middle/Final_Sprint_Tasks/Spring/blog/apache-tomcat-11/conf/logging.properties
26-Feb-2025 14:50:30.974 INFO [main] org.apache.catalina.startup.VersionLoggerListener.log Command line argument: -Djava.util.logging.manager=org.apache.juli.ClassLoaderLogManager
26-Feb-2025 14:50:30.974 INFO [main] org.apache.catalina.startup.VersionLoggerListener.log Command line argument: -Djdk.tls.ephemeralDHKeySize=2048
26-Feb-2025 14:50:30.974 INFO [main] org.apache.catalina.startup.VersionLoggerListener.log Command line argument: -Dorg.apache.catalina.security.SecurityListener.UMASK=0027
26-Feb-2025 14:50:30.974 INFO [main] org.apache.catalina.startup.VersionLoggerListener.log Command line argument: --add-opens=java.base/java.lang=ALL-UNNAMED
26-Feb-2025 14:50:30.974 INFO [main] org.apache.catalina.startup.VersionLoggerListener.log Command line argument: --add-opens=java.base/java.io=ALL-UNNAMED
26-Feb-2025 14:50:30.974 INFO [main] org.apache.catalina.startup.VersionLoggerListener.log Command line argument: --add-opens=java.base/java.util=ALL-UNNAMED
26-Feb-2025 14:50:30.974 INFO [main] org.apache.catalina.startup.VersionLoggerListener.log Command line argument: --add-opens=java.base/java.util.concurrent=ALL-UNNAMED
26-Feb-2025 14:50:30.975 INFO [main] org.apache.catalina.startup.VersionLoggerListener.log Command line argument: --add-opens=java.rmi/sun.rmi.transport=ALL-UNNAMED
26-Feb-2025 14:50:30.975 INFO [main] org.apache.catalina.startup.VersionLoggerListener.log Command line argument: --enable-native-access=ALL-UNNAMED
26-Feb-2025 14:50:30.975 INFO [main] org.apache.catalina.startup.VersionLoggerListener.log Command line argument: -Dcatalina.base=/home/serega/YandexPr/Middle/Final_Sprint_Tasks/Spring/blog/apache-tomcat-11
26-Feb-2025 14:50:30.975 INFO [main] org.apache.catalina.startup.VersionLoggerListener.log Command line argument: -Dcatalina.home=/home/serega/YandexPr/Middle/Final_Sprint_Tasks/Spring/blog/apache-tomcat-11
26-Feb-2025 14:50:30.975 INFO [main] org.apache.catalina.startup.VersionLoggerListener.log Command line argument: -Djava.io.tmpdir=/home/serega/YandexPr/Middle/Final_Sprint_Tasks/Spring/blog/apache-tomcat-11/temp
26-Feb-2025 14:50:30.977 INFO [main] org.apache.catalina.core.AprLifecycleListener.lifecycleEvent The Apache Tomcat Native library which allows using OpenSSL was not found on the java.library.path: [/usr/java/packages/lib:/usr/lib/x86_64-linux-gnu/jni:/lib/x86_64-linux-gnu:/usr/lib/x86_64-linux-gnu:/usr/lib/jni:/lib:/usr/lib]
26-Feb-2025 14:50:31.411 INFO [main] org.apache.coyote.AbstractProtocol.init Инициализация ProtocolHandler ["http-nio-8080"]
26-Feb-2025 14:50:31.443 INFO [main] org.apache.catalina.startup.Catalina.load Server initialization in [688] milliseconds
26-Feb-2025 14:50:31.507 INFO [main] org.apache.catalina.core.StandardService.startInternal Starting service [Catalina]
26-Feb-2025 14:50:31.507 INFO [main] org.apache.catalina.core.StandardEngine.startInternal Starting Servlet engine: [Apache Tomcat/11.0.2]
26-Feb-2025 14:50:31.527 INFO [main] org.apache.catalina.startup.HostConfig.deployWAR Deploying web application archive [/home/serega/YandexPr/Middle/Final_Sprint_Tasks/Spring/blog/apache-tomcat-11/webapps/blog.war]
26-Feb-2025 14:50:33.378 INFO [main] org.apache.jasper.servlet.TldScanner.scanJars At least one JAR was scanned for TLDs yet contained no TLDs. Enable debug logging for this logger for a complete list of JARs that were scanned but no TLDs were found in them. Skipping unneeded JARs during scanning can improve startup time and JSP compilation time.
26-Feb-2025 14:50:35.477 INFO [main] org.apache.catalina.startup.HostConfig.deployWAR Deployment of web application archive [/home/serega/YandexPr/Middle/Final_Sprint_Tasks/Spring/blog/apache-tomcat-11/webapps/blog.war] has finished in [3 951] ms
26-Feb-2025 14:50:35.478 INFO [main] org.apache.catalina.startup.HostConfig.deployDirectory Установка веб приложения в папку [/home/serega/YandexPr/Middle/Final_Sprint_Tasks/Spring/blog/apache-tomcat-11/webapps/docs]
26-Feb-2025 14:50:35.505 INFO [main] org.apache.catalina.startup.HostConfig.deployDirectory Deployment of web application directory [/home/serega/YandexPr/Middle/Final_Sprint_Tasks/Spring/blog/apache-tomcat-11/webapps/docs] has finished in [27] ms
26-Feb-2025 14:50:35.505 INFO [main] org.apache.catalina.startup.HostConfig.deployDirectory Установка веб приложения в папку [/home/serega/YandexPr/Middle/Final_Sprint_Tasks/Spring/blog/apache-tomcat-11/webapps/ROOT]
26-Feb-2025 14:50:35.526 INFO [main] org.apache.catalina.startup.HostConfig.deployDirectory Deployment of web application directory [/home/serega/YandexPr/Middle/Final_Sprint_Tasks/Spring/blog/apache-tomcat-11/webapps/ROOT] has finished in [21] ms
26-Feb-2025 14:50:35.526 INFO [main] org.apache.catalina.startup.HostConfig.deployDirectory Установка веб приложения в папку [/home/serega/YandexPr/Middle/Final_Sprint_Tasks/Spring/blog/apache-tomcat-11/webapps/examples]
26-Feb-2025 14:50:35.741 INFO [main] org.apache.catalina.startup.HostConfig.deployDirectory Deployment of web application directory [/home/serega/YandexPr/Middle/Final_Sprint_Tasks/Spring/blog/apache-tomcat-11/webapps/examples] has finished in [215] ms
26-Feb-2025 14:50:35.741 INFO [main] org.apache.catalina.startup.HostConfig.deployDirectory Установка веб приложения в папку [/home/serega/YandexPr/Middle/Final_Sprint_Tasks/Spring/blog/apache-tomcat-11/webapps/host-manager]
26-Feb-2025 14:50:35.765 INFO [main] org.apache.catalina.startup.HostConfig.deployDirectory Deployment of web application directory [/home/serega/YandexPr/Middle/Final_Sprint_Tasks/Spring/blog/apache-tomcat-11/webapps/host-manager] has finished in [24] ms
26-Feb-2025 14:50:35.765 INFO [main] org.apache.catalina.startup.HostConfig.deployDirectory Установка веб приложения в папку [/home/serega/YandexPr/Middle/Final_Sprint_Tasks/Spring/blog/apache-tomcat-11/webapps/manager]
26-Feb-2025 14:50:35.788 INFO [main] org.apache.catalina.startup.HostConfig.deployDirectory Deployment of web application directory [/home/serega/YandexPr/Middle/Final_Sprint_Tasks/Spring/blog/apache-tomcat-11/webapps/manager] has finished in [23] ms
26-Feb-2025 14:50:35.792 INFO [main] org.apache.coyote.AbstractProtocol.start Starting ProtocolHandler ["http-nio-8080"]
26-Feb-2025 14:50:35.802 INFO [main] org.apache.catalina.startup.Catalina.start Server startup in [4357] milliseconds
26-Feb-2025 15:19:55.854 INFO [main] org.apache.catalina.core.StandardServer.await A valid shutdown command was received via the shutdown port. Stopping the Server instance.
26-Feb-2025 15:19:55.855 INFO [main] org.apache.coyote.AbstractProtocol.pause Pausing ProtocolHandler ["http-nio-8080"]
26-Feb-2025 15:19:55.856 INFO [main] org.apache.catalina.core.StandardService.stopInternal Stopping service [Catalina]
26-Feb-2025 15:19:55.873 WARNING [main] org.apache.catalina.loader.WebappClassLoaderBase.clearReferencesJdbc The web application [blog] registered the JDBC driver [org.postgresql.Driver] but failed to unregister it when the web application was stopped. To prevent a memory leak, the JDBC Driver has been forcibly unregistered.
26-Feb-2025 15:19:55.892 INFO [main] org.apache.coyote.AbstractProtocol.stop Stopping ProtocolHandler ["http-nio-8080"]
26-Feb-2025 15:19:55.899 INFO [main] org.apache.coyote.AbstractProtocol.destroy Destroying ProtocolHandler ["http-nio-8080"]
26-Feb-2025 15:20:02.846 INFO [main] org.apache.catalina.startup.VersionLoggerListener.log Имя версии сервера:    Apache Tomcat/11.0.2
26-Feb-2025 15:20:02.850 INFO [main] org.apache.catalina.startup.VersionLoggerListener.log Сервер собран:         Dec 5 2024 15:19:37 UTC
26-Feb-2025 15:20:02.850 INFO [main] org.apache.catalina.startup.VersionLoggerListener.log Номер версии сервера:  11.0.2.0
26-Feb-2025 15:20:02.850 INFO [main] org.apache.catalina.startup.VersionLoggerListener.log OS Name:               Linux
26-Feb-2025 15:20:02.851 INFO [main] org.apache.catalina.startup.VersionLoggerListener.log Версия ОС:             6.8.0-52-generic
26-Feb-2025 15:20:02.851 INFO [main] org.apache.catalina.startup.VersionLoggerListener.log Архитектура:           amd64
26-Feb-2025 15:20:02.851 INFO [main] org.apache.catalina.startup.VersionLoggerListener.log Java Home:             /usr/lib/jvm/java-21-openjdk-amd64
26-Feb-2025 15:20:02.851 INFO [main] org.apache.catalina.startup.VersionLoggerListener.log Версия JVM:            21.0.6+7-Ubuntu-124.04.1
26-Feb-2025 15:20:02.851 INFO [main] org.apache.catalina.startup.VersionLoggerListener.log Производитель JVM:     Ubuntu
26-Feb-2025 15:20:02.851 INFO [main] org.apache.catalina.startup.VersionLoggerListener.log CATALINA_BASE:         /home/serega/YandexPr/Middle/Final_Sprint_Tasks/Spring/blog/apache-tomcat-11
26-Feb-2025 15:20:02.851 INFO [main] org.apache.catalina.startup.VersionLoggerListener.log CATALINA_HOME:         /home/serega/YandexPr/Middle/Final_Sprint_Tasks/Spring/blog/apache-tomcat-11
26-Feb-2025 15:20:02.862 INFO [main] org.apache.catalina.startup.VersionLoggerListener.log Command line argument: -Djava.util.logging.config.file=/home/serega/YandexPr/Middle/Final_Sprint_Tasks/Spring/blog/apache-tomcat-11/conf/logging.properties
26-Feb-2025 15:20:02.862 INFO [main] org.apache.catalina.startup.VersionLoggerListener.log Command line argument: -Djava.util.logging.manager=org.apache.juli.ClassLoaderLogManager
26-Feb-2025 15:20:02.862 INFO [main] org.apache.catalina.startup.VersionLoggerListener.log Command line argument: -Djdk.tls.ephemeralDHKeySize=2048
26-Feb-2025 15:20:02.862 INFO [main] org.apache.catalina.startup.VersionLoggerListener.log Command line argument: -Dorg.apache.catalina.security.SecurityListener.UMASK=0027
26-Feb-2025 15:20:02.862 INFO [main] org.apache.catalina.startup.VersionLoggerListener.log Command line argument: --add-opens=java.base/java.lang=ALL-UNNAMED
26-Feb-2025 15:20:02.862 INFO [main] org.apache.catalina.startup.VersionLoggerListener.log Command line argument: --add-opens=java.base/java.io=ALL-UNNAMED
26-Feb-2025 15:20:02.863 INFO [main] org.apache.catalina.startup.VersionLoggerListener.log Command line argument: --add-opens=java.base/java.util=ALL-UNNAMED
26-Feb-2025 15:20:02.863 INFO [main] org.apache.catalina.startup.VersionLoggerListener.log Command line argument: --add-opens=java.base/java.util.concurrent=ALL-UNNAMED
26-Feb-2025 15:20:02.863 INFO [main] org.apache.catalina.startup.VersionLoggerListener.log Command line argument: --add-opens=java.rmi/sun.rmi.transport=ALL-UNNAMED
26-Feb-2025 15:20:02.863 INFO [main] org.apache.catalina.startup.VersionLoggerListener.log Command line argument: --enable-native-access=ALL-UNNAMED
26-Feb-2025 15:20:02.863 INFO [main] org.apache.catalina.startup.VersionLoggerListener.log Command line argument: -Dcatalina.base=/home/serega/YandexPr/Middle/Final_Sprint_Tasks/Spring/blog/apache-tomcat-11
26-Feb-2025 15:20:02.863 INFO [main] org.apache.catalina.startup.VersionLoggerListener.log Command line argument: -Dcatalina.home=/home/serega/YandexPr/Middle/Final_Sprint_Tasks/Spring/blog/apache-tomcat-11
26-Feb-2025 15:20:02.863 INFO [main] org.apache.catalina.startup.VersionLoggerListener.log Command line argument: -Djava.io.tmpdir=/home/serega/YandexPr/Middle/Final_Sprint_Tasks/Spring/blog/apache-tomcat-11/temp
26-Feb-2025 15:20:02.865 INFO [main] org.apache.catalina.core.AprLifecycleListener.lifecycleEvent The Apache Tomcat Native library which allows using OpenSSL was not found on the java.library.path: [/usr/java/packages/lib:/usr/lib/x86_64-linux-gnu/jni:/lib/x86_64-linux-gnu:/usr/lib/x86_64-linux-gnu:/usr/lib/jni:/lib:/usr/lib]
26-Feb-2025 15:20:03.224 INFO [main] org.apache.coyote.AbstractProtocol.init Инициализация ProtocolHandler ["http-nio-8080"]
26-Feb-2025 15:20:03.249 INFO [main] org.apache.catalina.startup.Catalina.load Server initialization in [612] milliseconds
26-Feb-2025 15:20:03.297 INFO [main] org.apache.catalina.core.StandardService.startInternal Starting service [Catalina]
26-Feb-2025 15:20:03.297 INFO [main] org.apache.catalina.core.StandardEngine.startInternal Starting Servlet engine: [Apache Tomcat/11.0.2]
26-Feb-2025 15:20:03.314 INFO [main] org.apache.catalina.startup.HostConfig.deployWAR Deploying web application archive [/home/serega/YandexPr/Middle/Final_Sprint_Tasks/Spring/blog/apache-tomcat-11/webapps/blog.war]
26-Feb-2025 15:20:04.973 INFO [main] org.apache.jasper.servlet.TldScanner.scanJars At least one JAR was scanned for TLDs yet contained no TLDs. Enable debug logging for this logger for a complete list of JARs that were scanned but no TLDs were found in them. Skipping unneeded JARs during scanning can improve startup time and JSP compilation time.
26-Feb-2025 15:20:06.648 INFO [main] org.apache.catalina.startup.HostConfig.deployWAR Deployment of web application archive [/home/serega/YandexPr/Middle/Final_Sprint_Tasks/Spring/blog/apache-tomcat-11/webapps/blog.war] has finished in [3 334] ms
26-Feb-2025 15:20:06.649 INFO [main] org.apache.catalina.startup.HostConfig.deployDirectory Установка веб приложения в папку [/home/serega/YandexPr/Middle/Final_Sprint_Tasks/Spring/blog/apache-tomcat-11/webapps/docs]
26-Feb-2025 15:20:06.680 INFO [main] org.apache.catalina.startup.HostConfig.deployDirectory Deployment of web application directory [/home/serega/YandexPr/Middle/Final_Sprint_Tasks/Spring/blog/apache-tomcat-11/webapps/docs] has finished in [31] ms
26-Feb-2025 15:20:06.681 INFO [main] org.apache.catalina.startup.HostConfig.deployDirectory Установка веб приложения в папку [/home/serega/YandexPr/Middle/Final_Sprint_Tasks/Spring/blog/apache-tomcat-11/webapps/ROOT]
26-Feb-2025 15:20:06.706 INFO [main] org.apache.catalina.startup.HostConfig.deployDirectory Deployment of web application directory [/home/serega/YandexPr/Middle/Final_Sprint_Tasks/Spring/blog/apache-tomcat-11/webapps/ROOT] has finished in [25] ms
26-Feb-2025 15:20:06.707 INFO [main] org.apache.catalina.startup.HostConfig.deployDirectory Установка веб приложения в папку [/home/serega/YandexPr/Middle/Final_Sprint_Tasks/Spring/blog/apache-tomcat-11/webapps/examples]
26-Feb-2025 15:20:06.995 INFO [main] org.apache.catalina.startup.HostConfig.deployDirectory Deployment of web application directory [/home/serega/YandexPr/Middle/Final_Sprint_Tasks/Spring/blog/apache-tomcat-11/webapps/examples] has finished in [288] ms
26-Feb-2025 15:20:06.996 INFO [main] org.apache.catalina.startup.HostConfig.deployDirectory Установка веб приложения в папку [/home/serega/YandexPr/Middle/Final_Sprint_Tasks/Spring/blog/apache-tomcat-11/webapps/host-manager]
26-Feb-2025 15:20:07.031 INFO [main] org.apache.catalina.startup.HostConfig.deployDirectory Deployment of web application directory [/home/serega/YandexPr/Middle/Final_Sprint_Tasks/Spring/blog/apache-tomcat-11/webapps/host-manager] has finished in [35] ms
26-Feb-2025 15:20:07.032 INFO [main] org.apache.catalina.startup.HostConfig.deployDirectory Установка веб приложения в папку [/home/serega/YandexPr/Middle/Final_Sprint_Tasks/Spring/blog/apache-tomcat-11/webapps/manager]
26-Feb-2025 15:20:07.060 INFO [main] org.apache.catalina.startup.HostConfig.deployDirectory Deployment of web application directory [/home/serega/YandexPr/Middle/Final_Sprint_Tasks/Spring/blog/apache-tomcat-11/webapps/manager] has finished in [28] ms
26-Feb-2025 15:20:07.066 INFO [main] org.apache.coyote.AbstractProtocol.start Starting ProtocolHandler ["http-nio-8080"]
26-Feb-2025 15:20:07.079 INFO [main] org.apache.catalina.startup.Catalina.start Server startup in [3828] milliseconds
26-Feb-2025 16:42:51.596 INFO [main] org.apache.catalina.core.StandardServer.await A valid shutdown command was received via the shutdown port. Stopping the Server instance.
26-Feb-2025 16:42:51.597 INFO [main] org.apache.coyote.AbstractProtocol.pause Pausing ProtocolHandler ["http-nio-8080"]
26-Feb-2025 16:42:51.598 INFO [main] org.apache.catalina.core.StandardService.stopInternal Stopping service [Catalina]
26-Feb-2025 16:42:51.615 WARNING [main] org.apache.catalina.loader.WebappClassLoaderBase.clearReferencesJdbc The web application [blog] registered the JDBC driver [org.postgresql.Driver] but failed to unregister it when the web application was stopped. To prevent a memory leak, the JDBC Driver has been forcibly unregistered.
26-Feb-2025 16:42:51.633 INFO [main] org.apache.coyote.AbstractProtocol.stop Stopping ProtocolHandler ["http-nio-8080"]
26-Feb-2025 16:42:51.641 INFO [main] org.apache.coyote.AbstractProtocol.destroy Destroying ProtocolHandler ["http-nio-8080"]
26-Feb-2025 16:47:56.848 INFO [main] org.apache.catalina.startup.VersionLoggerListener.log Имя версии сервера:    Apache Tomcat/11.0.2
26-Feb-2025 16:47:56.852 INFO [main] org.apache.catalina.startup.VersionLoggerListener.log Сервер собран:         Dec 5 2024 15:19:37 UTC
26-Feb-2025 16:47:56.853 INFO [main] org.apache.catalina.startup.VersionLoggerListener.log Номер версии сервера:  11.0.2.0
26-Feb-2025 16:47:56.853 INFO [main] org.apache.catalina.startup.VersionLoggerListener.log OS Name:               Linux
26-Feb-2025 16:47:56.853 INFO [main] org.apache.catalina.startup.VersionLoggerListener.log Версия ОС:             6.8.0-52-generic
26-Feb-2025 16:47:56.853 INFO [main] org.apache.catalina.startup.VersionLoggerListener.log Архитектура:           amd64
26-Feb-2025 16:47:56.853 INFO [main] org.apache.catalina.startup.VersionLoggerListener.log Java Home:             /usr/lib/jvm/java-21-openjdk-amd64
26-Feb-2025 16:47:56.853 INFO [main] org.apache.catalina.startup.VersionLoggerListener.log Версия JVM:            21.0.6+7-Ubuntu-124.04.1
26-Feb-2025 16:47:56.853 INFO [main] org.apache.catalina.startup.VersionLoggerListener.log Производитель JVM:     Ubuntu
26-Feb-2025 16:47:56.854 INFO [main] org.apache.catalina.startup.VersionLoggerListener.log CATALINA_BASE:         /home/serega/YandexPr/Middle/Final_Sprint_Tasks/Spring/blog/apache-tomcat-11
26-Feb-2025 16:47:56.854 INFO [main] org.apache.catalina.startup.VersionLoggerListener.log CATALINA_HOME:         /home/serega/YandexPr/Middle/Final_Sprint_Tasks/Spring/blog/apache-tomcat-11
26-Feb-2025 16:47:56.863 INFO [main] org.apache.catalina.startup.VersionLoggerListener.log Command line argument: -Djava.util.logging.config.file=/home/serega/YandexPr/Middle/Final_Sprint_Tasks/Spring/blog/apache-tomcat-11/conf/logging.properties
26-Feb-2025 16:47:56.863 INFO [main] org.apache.catalina.startup.VersionLoggerListener.log Command line argument: -Djava.util.logging.manager=org.apache.juli.ClassLoaderLogManager
26-Feb-2025 16:47:56.863 INFO [main] org.apache.catalina.startup.VersionLoggerListener.log Command line argument: -Djdk.tls.ephemeralDHKeySize=2048
26-Feb-2025 16:47:56.864 INFO [main] org.apache.catalina.startup.VersionLoggerListener.log Command line argument: -Dorg.apache.catalina.security.SecurityListener.UMASK=0027
26-Feb-2025 16:47:56.864 INFO [main] org.apache.catalina.startup.VersionLoggerListener.log Command line argument: --add-opens=java.base/java.lang=ALL-UNNAMED
26-Feb-2025 16:47:56.864 INFO [main] org.apache.catalina.startup.VersionLoggerListener.log Command line argument: --add-opens=java.base/java.io=ALL-UNNAMED
26-Feb-2025 16:47:56.864 INFO [main] org.apache.catalina.startup.VersionLoggerListener.log Command line argument: --add-opens=java.base/java.util=ALL-UNNAMED
26-Feb-2025 16:47:56.864 INFO [main] org.apache.catalina.startup.VersionLoggerListener.log Command line argument: --add-opens=java.base/java.util.concurrent=ALL-UNNAMED
26-Feb-2025 16:47:56.864 INFO [main] org.apache.catalina.startup.VersionLoggerListener.log Command line argument: --add-opens=java.rmi/sun.rmi.transport=ALL-UNNAMED
26-Feb-2025 16:47:56.864 INFO [main] org.apache.catalina.startup.VersionLoggerListener.log Command line argument: --enable-native-access=ALL-UNNAMED
26-Feb-2025 16:47:56.864 INFO [main] org.apache.catalina.startup.VersionLoggerListener.log Command line argument: -Dcatalina.base=/home/serega/YandexPr/Middle/Final_Sprint_Tasks/Spring/blog/apache-tomcat-11
26-Feb-2025 16:47:56.864 INFO [main] org.apache.catalina.startup.VersionLoggerListener.log Command line argument: -Dcatalina.home=/home/serega/YandexPr/Middle/Final_Sprint_Tasks/Spring/blog/apache-tomcat-11
26-Feb-2025 16:47:56.864 INFO [main] org.apache.catalina.startup.VersionLoggerListener.log Command line argument: -Djava.io.tmpdir=/home/serega/YandexPr/Middle/Final_Sprint_Tasks/Spring/blog/apache-tomcat-11/temp
26-Feb-2025 16:47:56.866 INFO [main] org.apache.catalina.core.AprLifecycleListener.lifecycleEvent The Apache Tomcat Native library which allows using OpenSSL was not found on the java.library.path: [/usr/java/packages/lib:/usr/lib/x86_64-linux-gnu/jni:/lib/x86_64-linux-gnu:/usr/lib/x86_64-linux-gnu:/usr/lib/jni:/lib:/usr/lib]
26-Feb-2025 16:47:57.242 INFO [main] org.apache.coyote.AbstractProtocol.init Инициализация ProtocolHandler ["http-nio-8080"]
26-Feb-2025 16:47:57.265 INFO [main] org.apache.catalina.startup.Catalina.load Server initialization in [605] milliseconds
26-Feb-2025 16:47:57.309 INFO [main] org.apache.catalina.core.StandardService.startInternal Starting service [Catalina]
26-Feb-2025 16:47:57.310 INFO [main] org.apache.catalina.core.StandardEngine.startInternal Starting Servlet engine: [Apache Tomcat/11.0.2]
26-Feb-2025 16:47:57.325 INFO [main] org.apache.catalina.startup.HostConfig.deployWAR Deploying web application archive [/home/serega/YandexPr/Middle/Final_Sprint_Tasks/Spring/blog/apache-tomcat-11/webapps/blog.war]
26-Feb-2025 16:47:59.085 INFO [main] org.apache.jasper.servlet.TldScanner.scanJars At least one JAR was scanned for TLDs yet contained no TLDs. Enable debug logging for this logger for a complete list of JARs that were scanned but no TLDs were found in them. Skipping unneeded JARs during scanning can improve startup time and JSP compilation time.
26-Feb-2025 16:48:00.735 INFO [main] org.apache.catalina.startup.HostConfig.deployWAR Deployment of web application archive [/home/serega/YandexPr/Middle/Final_Sprint_Tasks/Spring/blog/apache-tomcat-11/webapps/blog.war] has finished in [3 410] ms
26-Feb-2025 16:48:00.736 INFO [main] org.apache.catalina.startup.HostConfig.deployDirectory Установка веб приложения в папку [/home/serega/YandexPr/Middle/Final_Sprint_Tasks/Spring/blog/apache-tomcat-11/webapps/docs]
26-Feb-2025 16:48:00.767 INFO [main] org.apache.catalina.startup.HostConfig.deployDirectory Deployment of web application directory [/home/serega/YandexPr/Middle/Final_Sprint_Tasks/Spring/blog/apache-tomcat-11/webapps/docs] has finished in [31] ms
26-Feb-2025 16:48:00.767 INFO [main] org.apache.catalina.startup.HostConfig.deployDirectory Установка веб приложения в папку [/home/serega/YandexPr/Middle/Final_Sprint_Tasks/Spring/blog/apache-tomcat-11/webapps/ROOT]
26-Feb-2025 16:48:00.791 INFO [main] org.apache.catalina.startup.HostConfig.deployDirectory Deployment of web application directory [/home/serega/YandexPr/Middle/Final_Sprint_Tasks/Spring/blog/apache-tomcat-11/webapps/ROOT] has finished in [24] ms
26-Feb-2025 16:48:00.791 INFO [main] org.apache.catalina.startup.HostConfig.deployDirectory Установка веб приложения в папку [/home/serega/YandexPr/Middle/Final_Sprint_Tasks/Spring/blog/apache-tomcat-11/webapps/examples]
26-Feb-2025 16:48:01.039 INFO [main] org.apache.catalina.startup.HostConfig.deployDirectory Deployment of web application directory [/home/serega/YandexPr/Middle/Final_Sprint_Tasks/Spring/blog/apache-tomcat-11/webapps/examples] has finished in [247] ms
26-Feb-2025 16:48:01.039 INFO [main] org.apache.catalina.startup.HostConfig.deployDirectory Установка веб приложения в папку [/home/serega/YandexPr/Middle/Final_Sprint_Tasks/Spring/blog/apache-tomcat-11/webapps/host-manager]
26-Feb-2025 16:48:01.069 INFO [main] org.apache.catalina.startup.HostConfig.deployDirectory Deployment of web application directory [/home/serega/YandexPr/Middle/Final_Sprint_Tasks/Spring/blog/apache-tomcat-11/webapps/host-manager] has finished in [30] ms
26-Feb-2025 16:48:01.070 INFO [main] org.apache.catalina.startup.HostConfig.deployDirectory Установка веб приложения в папку [/home/serega/YandexPr/Middle/Final_Sprint_Tasks/Spring/blog/apache-tomcat-11/webapps/manager]
26-Feb-2025 16:48:01.096 INFO [main] org.apache.catalina.startup.HostConfig.deployDirectory Deployment of web application directory [/home/serega/YandexPr/Middle/Final_Sprint_Tasks/Spring/blog/apache-tomcat-11/webapps/manager] has finished in [25] ms
26-Feb-2025 16:48:01.100 INFO [main] org.apache.coyote.AbstractProtocol.start Starting ProtocolHandler ["http-nio-8080"]
26-Feb-2025 16:48:01.110 INFO [main] org.apache.catalina.startup.Catalina.start Server startup in [3843] milliseconds
26-Feb-2025 16:52:10.612 INFO [main] org.apache.catalina.core.StandardServer.await A valid shutdown command was received via the shutdown port. Stopping the Server instance.
26-Feb-2025 16:52:10.613 INFO [main] org.apache.coyote.AbstractProtocol.pause Pausing ProtocolHandler ["http-nio-8080"]
26-Feb-2025 16:52:10.614 INFO [main] org.apache.catalina.core.StandardService.stopInternal Stopping service [Catalina]
26-Feb-2025 16:52:10.628 WARNING [main] org.apache.catalina.loader.WebappClassLoaderBase.clearReferencesJdbc The web application [blog] registered the JDBC driver [org.postgresql.Driver] but failed to unregister it when the web application was stopped. To prevent a memory leak, the JDBC Driver has been forcibly unregistered.
26-Feb-2025 16:52:10.643 INFO [main] org.apache.coyote.AbstractProtocol.stop Stopping ProtocolHandler ["http-nio-8080"]
26-Feb-2025 16:52:10.648 INFO [main] org.apache.coyote.AbstractProtocol.destroy Destroying ProtocolHandler ["http-nio-8080"]
26-Feb-2025 16:52:33.711 INFO [main] org.apache.catalina.startup.VersionLoggerListener.log Имя версии сервера:    Apache Tomcat/11.0.2
26-Feb-2025 16:52:33.715 INFO [main] org.apache.catalina.startup.VersionLoggerListener.log Сервер собран:         Dec 5 2024 15:19:37 UTC
26-Feb-2025 16:52:33.715 INFO [main] org.apache.catalina.startup.VersionLoggerListener.log Номер версии сервера:  11.0.2.0
26-Feb-2025 16:52:33.716 INFO [main] org.apache.catalina.startup.VersionLoggerListener.log OS Name:               Linux
26-Feb-2025 16:52:33.716 INFO [main] org.apache.catalina.startup.VersionLoggerListener.log Версия ОС:             6.8.0-52-generic
26-Feb-2025 16:52:33.716 INFO [main] org.apache.catalina.startup.VersionLoggerListener.log Архитектура:           amd64
26-Feb-2025 16:52:33.716 INFO [main] org.apache.catalina.startup.VersionLoggerListener.log Java Home:             /usr/lib/jvm/java-21-openjdk-amd64
26-Feb-2025 16:52:33.716 INFO [main] org.apache.catalina.startup.VersionLoggerListener.log Версия JVM:            21.0.6+7-Ubuntu-124.04.1
26-Feb-2025 16:52:33.716 INFO [main] org.apache.catalina.startup.VersionLoggerListener.log Производитель JVM:     Ubuntu
26-Feb-2025 16:52:33.716 INFO [main] org.apache.catalina.startup.VersionLoggerListener.log CATALINA_BASE:         /home/serega/YandexPr/Middle/Final_Sprint_Tasks/Spring/blog/apache-tomcat-11
26-Feb-2025 16:52:33.717 INFO [main] org.apache.catalina.startup.VersionLoggerListener.log CATALINA_HOME:         /home/serega/YandexPr/Middle/Final_Sprint_Tasks/Spring/blog/apache-tomcat-11
26-Feb-2025 16:52:33.725 INFO [main] org.apache.catalina.startup.VersionLoggerListener.log Command line argument: -Djava.util.logging.config.file=/home/serega/YandexPr/Middle/Final_Sprint_Tasks/Spring/blog/apache-tomcat-11/conf/logging.properties
26-Feb-2025 16:52:33.726 INFO [main] org.apache.catalina.startup.VersionLoggerListener.log Command line argument: -Djava.util.logging.manager=org.apache.juli.ClassLoaderLogManager
26-Feb-2025 16:52:33.726 INFO [main] org.apache.catalina.startup.VersionLoggerListener.log Command line argument: -Djdk.tls.ephemeralDHKeySize=2048
26-Feb-2025 16:52:33.726 INFO [main] org.apache.catalina.startup.VersionLoggerListener.log Command line argument: -Dorg.apache.catalina.security.SecurityListener.UMASK=0027
26-Feb-2025 16:52:33.726 INFO [main] org.apache.catalina.startup.VersionLoggerListener.log Command line argument: --add-opens=java.base/java.lang=ALL-UNNAMED
26-Feb-2025 16:52:33.726 INFO [main] org.apache.catalina.startup.VersionLoggerListener.log Command line argument: --add-opens=java.base/java.io=ALL-UNNAMED
26-Feb-2025 16:52:33.726 INFO [main] org.apache.catalina.startup.VersionLoggerListener.log Command line argument: --add-opens=java.base/java.util=ALL-UNNAMED
26-Feb-2025 16:52:33.726 INFO [main] org.apache.catalina.startup.VersionLoggerListener.log Command line argument: --add-opens=java.base/java.util.concurrent=ALL-UNNAMED
26-Feb-2025 16:52:33.726 INFO [main] org.apache.catalina.startup.VersionLoggerListener.log Command line argument: --add-opens=java.rmi/sun.rmi.transport=ALL-UNNAMED
26-Feb-2025 16:52:33.726 INFO [main] org.apache.catalina.startup.VersionLoggerListener.log Command line argument: --enable-native-access=ALL-UNNAMED
26-Feb-2025 16:52:33.727 INFO [main] org.apache.catalina.startup.VersionLoggerListener.log Command line argument: -Dcatalina.base=/home/serega/YandexPr/Middle/Final_Sprint_Tasks/Spring/blog/apache-tomcat-11
26-Feb-2025 16:52:33.727 INFO [main] org.apache.catalina.startup.VersionLoggerListener.log Command line argument: -Dcatalina.home=/home/serega/YandexPr/Middle/Final_Sprint_Tasks/Spring/blog/apache-tomcat-11
26-Feb-2025 16:52:33.727 INFO [main] org.apache.catalina.startup.VersionLoggerListener.log Command line argument: -Djava.io.tmpdir=/home/serega/YandexPr/Middle/Final_Sprint_Tasks/Spring/blog/apache-tomcat-11/temp
26-Feb-2025 16:52:33.728 INFO [main] org.apache.catalina.core.AprLifecycleListener.lifecycleEvent The Apache Tomcat Native library which allows using OpenSSL was not found on the java.library.path: [/usr/java/packages/lib:/usr/lib/x86_64-linux-gnu/jni:/lib/x86_64-linux-gnu:/usr/lib/x86_64-linux-gnu:/usr/lib/jni:/lib:/usr/lib]
26-Feb-2025 16:52:34.125 INFO [main] org.apache.coyote.AbstractProtocol.init Инициализация ProtocolHandler ["http-nio-8080"]
26-Feb-2025 16:52:34.158 INFO [main] org.apache.catalina.startup.Catalina.load Server initialization in [652] milliseconds
26-Feb-2025 16:52:34.217 INFO [main] org.apache.catalina.core.StandardService.startInternal Starting service [Catalina]
26-Feb-2025 16:52:34.217 INFO [main] org.apache.catalina.core.StandardEngine.startInternal Starting Servlet engine: [Apache Tomcat/11.0.2]
26-Feb-2025 16:52:34.237 INFO [main] org.apache.catalina.startup.HostConfig.deployWAR Deploying web application archive [/home/serega/YandexPr/Middle/Final_Sprint_Tasks/Spring/blog/apache-tomcat-11/webapps/blog.war]
26-Feb-2025 16:52:35.931 INFO [main] org.apache.jasper.servlet.TldScanner.scanJars At least one JAR was scanned for TLDs yet contained no TLDs. Enable debug logging for this logger for a complete list of JARs that were scanned but no TLDs were found in them. Skipping unneeded JARs during scanning can improve startup time and JSP compilation time.
26-Feb-2025 16:52:37.214 INFO [main] org.apache.catalina.startup.HostConfig.deployWAR Deployment of web application archive [/home/serega/YandexPr/Middle/Final_Sprint_Tasks/Spring/blog/apache-tomcat-11/webapps/blog.war] has finished in [2 976] ms
26-Feb-2025 16:52:37.216 INFO [main] org.apache.catalina.startup.HostConfig.deployDirectory Установка веб приложения в папку [/home/serega/YandexPr/Middle/Final_Sprint_Tasks/Spring/blog/apache-tomcat-11/webapps/docs]
26-Feb-2025 16:52:37.254 INFO [main] org.apache.catalina.startup.HostConfig.deployDirectory Deployment of web application directory [/home/serega/YandexPr/Middle/Final_Sprint_Tasks/Spring/blog/apache-tomcat-11/webapps/docs] has finished in [39] ms
26-Feb-2025 16:52:37.254 INFO [main] org.apache.catalina.startup.HostConfig.deployDirectory Установка веб приложения в папку [/home/serega/YandexPr/Middle/Final_Sprint_Tasks/Spring/blog/apache-tomcat-11/webapps/ROOT]
26-Feb-2025 16:52:37.273 INFO [main] org.apache.catalina.startup.HostConfig.deployDirectory Deployment of web application directory [/home/serega/YandexPr/Middle/Final_Sprint_Tasks/Spring/blog/apache-tomcat-11/webapps/ROOT] has finished in [19] ms
26-Feb-2025 16:52:37.274 INFO [main] org.apache.catalina.startup.HostConfig.deployDirectory Установка веб приложения в папку [/home/serega/YandexPr/Middle/Final_Sprint_Tasks/Spring/blog/apache-tomcat-11/webapps/examples]
26-Feb-2025 16:52:37.466 INFO [main] org.apache.catalina.startup.HostConfig.deployDirectory Deployment of web application directory [/home/serega/YandexPr/Middle/Final_Sprint_Tasks/Spring/blog/apache-tomcat-11/webapps/examples] has finished in [192] ms
26-Feb-2025 16:52:37.466 INFO [main] org.apache.catalina.startup.HostConfig.deployDirectory Установка веб приложения в папку [/home/serega/YandexPr/Middle/Final_Sprint_Tasks/Spring/blog/apache-tomcat-11/webapps/host-manager]
26-Feb-2025 16:52:37.496 INFO [main] org.apache.catalina.startup.HostConfig.deployDirectory Deployment of web application directory [/home/serega/YandexPr/Middle/Final_Sprint_Tasks/Spring/blog/apache-tomcat-11/webapps/host-manager] has finished in [30] ms
26-Feb-2025 16:52:37.496 INFO [main] org.apache.catalina.startup.HostConfig.deployDirectory Установка веб приложения в папку [/home/serega/YandexPr/Middle/Final_Sprint_Tasks/Spring/blog/apache-tomcat-11/webapps/manager]
26-Feb-2025 16:52:37.532 INFO [main] org.apache.catalina.startup.HostConfig.deployDirectory Deployment of web application directory [/home/serega/YandexPr/Middle/Final_Sprint_Tasks/Spring/blog/apache-tomcat-11/webapps/manager] has finished in [35] ms
26-Feb-2025 16:52:37.536 INFO [main] org.apache.coyote.AbstractProtocol.start Starting ProtocolHandler ["http-nio-8080"]
26-Feb-2025 16:52:37.547 INFO [main] org.apache.catalina.startup.Catalina.start Server startup in [3386] milliseconds
26-Feb-2025 16:54:54.169 INFO [main] org.apache.catalina.core.StandardServer.await A valid shutdown command was received via the shutdown port. Stopping the Server instance.
26-Feb-2025 16:54:54.169 INFO [main] org.apache.coyote.AbstractProtocol.pause Pausing ProtocolHandler ["http-nio-8080"]
26-Feb-2025 16:54:54.173 INFO [main] org.apache.catalina.core.StandardService.stopInternal Stopping service [Catalina]
26-Feb-2025 16:54:54.187 WARNING [main] org.apache.catalina.loader.WebappClassLoaderBase.clearReferencesJdbc The web application [blog] registered the JDBC driver [org.postgresql.Driver] but failed to unregister it when the web application was stopped. To prevent a memory leak, the JDBC Driver has been forcibly unregistered.
26-Feb-2025 16:54:54.203 INFO [main] org.apache.coyote.AbstractProtocol.stop Stopping ProtocolHandler ["http-nio-8080"]
26-Feb-2025 16:54:54.206 INFO [main] org.apache.coyote.AbstractProtocol.destroy Destroying ProtocolHandler ["http-nio-8080"]
26-Feb-2025 16:55:02.158 INFO [main] org.apache.catalina.startup.VersionLoggerListener.log Имя версии сервера:    Apache Tomcat/11.0.2
26-Feb-2025 16:55:02.162 INFO [main] org.apache.catalina.startup.VersionLoggerListener.log Сервер собран:         Dec 5 2024 15:19:37 UTC
26-Feb-2025 16:55:02.162 INFO [main] org.apache.catalina.startup.VersionLoggerListener.log Номер версии сервера:  11.0.2.0
26-Feb-2025 16:55:02.163 INFO [main] org.apache.catalina.startup.VersionLoggerListener.log OS Name:               Linux
26-Feb-2025 16:55:02.163 INFO [main] org.apache.catalina.startup.VersionLoggerListener.log Версия ОС:             6.8.0-52-generic
26-Feb-2025 16:55:02.163 INFO [main] org.apache.catalina.startup.VersionLoggerListener.log Архитектура:           amd64
26-Feb-2025 16:55:02.163 INFO [main] org.apache.catalina.startup.VersionLoggerListener.log Java Home:             /usr/lib/jvm/java-21-openjdk-amd64
26-Feb-2025 16:55:02.163 INFO [main] org.apache.catalina.startup.VersionLoggerListener.log Версия JVM:            21.0.6+7-Ubuntu-124.04.1
26-Feb-2025 16:55:02.163 INFO [main] org.apache.catalina.startup.VersionLoggerListener.log Производитель JVM:     Ubuntu
26-Feb-2025 16:55:02.163 INFO [main] org.apache.catalina.startup.VersionLoggerListener.log CATALINA_BASE:         /home/serega/YandexPr/Middle/Final_Sprint_Tasks/Spring/blog/apache-tomcat-11
26-Feb-2025 16:55:02.164 INFO [main] org.apache.catalina.startup.VersionLoggerListener.log CATALINA_HOME:         /home/serega/YandexPr/Middle/Final_Sprint_Tasks/Spring/blog/apache-tomcat-11
26-Feb-2025 16:55:02.174 INFO [main] org.apache.catalina.startup.VersionLoggerListener.log Command line argument: -Djava.util.logging.config.file=/home/serega/YandexPr/Middle/Final_Sprint_Tasks/Spring/blog/apache-tomcat-11/conf/logging.properties
26-Feb-2025 16:55:02.174 INFO [main] org.apache.catalina.startup.VersionLoggerListener.log Command line argument: -Djava.util.logging.manager=org.apache.juli.ClassLoaderLogManager
26-Feb-2025 16:55:02.174 INFO [main] org.apache.catalina.startup.VersionLoggerListener.log Command line argument: -Djdk.tls.ephemeralDHKeySize=2048
26-Feb-2025 16:55:02.174 INFO [main] org.apache.catalina.startup.VersionLoggerListener.log Command line argument: -Dorg.apache.catalina.security.SecurityListener.UMASK=0027
26-Feb-2025 16:55:02.174 INFO [main] org.apache.catalina.startup.VersionLoggerListener.log Command line argument: --add-opens=java.base/java.lang=ALL-UNNAMED
26-Feb-2025 16:55:02.174 INFO [main] org.apache.catalina.startup.VersionLoggerListener.log Command line argument: --add-opens=java.base/java.io=ALL-UNNAMED
26-Feb-2025 16:55:02.175 INFO [main] org.apache.catalina.startup.VersionLoggerListener.log Command line argument: --add-opens=java.base/java.util=ALL-UNNAMED
26-Feb-2025 16:55:02.175 INFO [main] org.apache.catalina.startup.VersionLoggerListener.log Command line argument: --add-opens=java.base/java.util.concurrent=ALL-UNNAMED
26-Feb-2025 16:55:02.175 INFO [main] org.apache.catalina.startup.VersionLoggerListener.log Command line argument: --add-opens=java.rmi/sun.rmi.transport=ALL-UNNAMED
26-Feb-2025 16:55:02.175 INFO [main] org.apache.catalina.startup.VersionLoggerListener.log Command line argument: --enable-native-access=ALL-UNNAMED
26-Feb-2025 16:55:02.175 INFO [main] org.apache.catalina.startup.VersionLoggerListener.log Command line argument: -Dcatalina.base=/home/serega/YandexPr/Middle/Final_Sprint_Tasks/Spring/blog/apache-tomcat-11
26-Feb-2025 16:55:02.175 INFO [main] org.apache.catalina.startup.VersionLoggerListener.log Command line argument: -Dcatalina.home=/home/serega/YandexPr/Middle/Final_Sprint_Tasks/Spring/blog/apache-tomcat-11
26-Feb-2025 16:55:02.175 INFO [main] org.apache.catalina.startup.VersionLoggerListener.log Command line argument: -Djava.io.tmpdir=/home/serega/YandexPr/Middle/Final_Sprint_Tasks/Spring/blog/apache-tomcat-11/temp
26-Feb-2025 16:55:02.178 INFO [main] org.apache.catalina.core.AprLifecycleListener.lifecycleEvent The Apache Tomcat Native library which allows using OpenSSL was not found on the java.library.path: [/usr/java/packages/lib:/usr/lib/x86_64-linux-gnu/jni:/lib/x86_64-linux-gnu:/usr/lib/x86_64-linux-gnu:/usr/lib/jni:/lib:/usr/lib]
26-Feb-2025 16:55:02.580 INFO [main] org.apache.coyote.AbstractProtocol.init Инициализация ProtocolHandler ["http-nio-8080"]
26-Feb-2025 16:55:02.611 INFO [main] org.apache.catalina.startup.Catalina.load Server initialization in [653] milliseconds
26-Feb-2025 16:55:02.671 INFO [main] org.apache.catalina.core.StandardService.startInternal Starting service [Catalina]
26-Feb-2025 16:55:02.671 INFO [main] org.apache.catalina.core.StandardEngine.startInternal Starting Servlet engine: [Apache Tomcat/11.0.2]
26-Feb-2025 16:55:02.689 INFO [main] org.apache.catalina.startup.HostConfig.deployWAR Deploying web application archive [/home/serega/YandexPr/Middle/Final_Sprint_Tasks/Spring/blog/apache-tomcat-11/webapps/blog.war]
26-Feb-2025 16:55:04.442 INFO [main] org.apache.jasper.servlet.TldScanner.scanJars At least one JAR was scanned for TLDs yet contained no TLDs. Enable debug logging for this logger for a complete list of JARs that were scanned but no TLDs were found in them. Skipping unneeded JARs during scanning can improve startup time and JSP compilation time.
26-Feb-2025 16:55:06.028 INFO [main] org.apache.catalina.startup.HostConfig.deployWAR Deployment of web application archive [/home/serega/YandexPr/Middle/Final_Sprint_Tasks/Spring/blog/apache-tomcat-11/webapps/blog.war] has finished in [3 339] ms
26-Feb-2025 16:55:06.029 INFO [main] org.apache.catalina.startup.HostConfig.deployDirectory Установка веб приложения в папку [/home/serega/YandexPr/Middle/Final_Sprint_Tasks/Spring/blog/apache-tomcat-11/webapps/docs]
26-Feb-2025 16:55:06.061 INFO [main] org.apache.catalina.startup.HostConfig.deployDirectory Deployment of web application directory [/home/serega/YandexPr/Middle/Final_Sprint_Tasks/Spring/blog/apache-tomcat-11/webapps/docs] has finished in [32] ms
26-Feb-2025 16:55:06.061 INFO [main] org.apache.catalina.startup.HostConfig.deployDirectory Установка веб приложения в папку [/home/serega/YandexPr/Middle/Final_Sprint_Tasks/Spring/blog/apache-tomcat-11/webapps/ROOT]
26-Feb-2025 16:55:06.082 INFO [main] org.apache.catalina.startup.HostConfig.deployDirectory Deployment of web application directory [/home/serega/YandexPr/Middle/Final_Sprint_Tasks/Spring/blog/apache-tomcat-11/webapps/ROOT] has finished in [21] ms
26-Feb-2025 16:55:06.083 INFO [main] org.apache.catalina.startup.HostConfig.deployDirectory Установка веб приложения в папку [/home/serega/YandexPr/Middle/Final_Sprint_Tasks/Spring/blog/apache-tomcat-11/webapps/examples]
26-Feb-2025 16:55:06.273 INFO [main] org.apache.catalina.startup.HostConfig.deployDirectory Deployment of web application directory [/home/serega/YandexPr/Middle/Final_Sprint_Tasks/Spring/blog/apache-tomcat-11/webapps/examples] has finished in [190] ms
26-Feb-2025 16:55:06.273 INFO [main] org.apache.catalina.startup.HostConfig.deployDirectory Установка веб приложения в папку [/home/serega/YandexPr/Middle/Final_Sprint_Tasks/Spring/blog/apache-tomcat-11/webapps/host-manager]
26-Feb-2025 16:55:06.296 INFO [main] org.apache.catalina.startup.HostConfig.deployDirectory Deployment of web application directory [/home/serega/YandexPr/Middle/Final_Sprint_Tasks/Spring/blog/apache-tomcat-11/webapps/host-manager] has finished in [23] ms
26-Feb-2025 16:55:06.296 INFO [main] org.apache.catalina.startup.HostConfig.deployDirectory Установка веб приложения в папку [/home/serega/YandexPr/Middle/Final_Sprint_Tasks/Spring/blog/apache-tomcat-11/webapps/manager]
26-Feb-2025 16:55:06.317 INFO [main] org.apache.catalina.startup.HostConfig.deployDirectory Deployment of web application directory [/home/serega/YandexPr/Middle/Final_Sprint_Tasks/Spring/blog/apache-tomcat-11/webapps/manager] has finished in [20] ms
26-Feb-2025 16:55:06.321 INFO [main] org.apache.coyote.AbstractProtocol.start Starting ProtocolHandler ["http-nio-8080"]
26-Feb-2025 16:55:06.331 INFO [main] org.apache.catalina.startup.Catalina.start Server startup in [3718] milliseconds
26-Feb-2025 16:55:17.487 INFO [main] org.apache.catalina.core.StandardServer.await A valid shutdown command was received via the shutdown port. Stopping the Server instance.
26-Feb-2025 16:55:17.488 INFO [main] org.apache.coyote.AbstractProtocol.pause Pausing ProtocolHandler ["http-nio-8080"]
26-Feb-2025 16:55:17.489 INFO [main] org.apache.catalina.core.StandardService.stopInternal Stopping service [Catalina]
26-Feb-2025 16:55:17.502 WARNING [main] org.apache.catalina.loader.WebappClassLoaderBase.clearReferencesJdbc The web application [blog] registered the JDBC driver [org.postgresql.Driver] but failed to unregister it when the web application was stopped. To prevent a memory leak, the JDBC Driver has been forcibly unregistered.
26-Feb-2025 16:55:17.517 INFO [main] org.apache.coyote.AbstractProtocol.stop Stopping ProtocolHandler ["http-nio-8080"]
26-Feb-2025 16:55:17.523 INFO [main] org.apache.coyote.AbstractProtocol.destroy Destroying ProtocolHandler ["http-nio-8080"]
26-Feb-2025 16:57:52.006 INFO [main] org.apache.catalina.startup.VersionLoggerListener.log Имя версии сервера:    Apache Tomcat/11.0.2
26-Feb-2025 16:57:52.011 INFO [main] org.apache.catalina.startup.VersionLoggerListener.log Сервер собран:         Dec 5 2024 15:19:37 UTC
26-Feb-2025 16:57:52.011 INFO [main] org.apache.catalina.startup.VersionLoggerListener.log Номер версии сервера:  11.0.2.0
26-Feb-2025 16:57:52.011 INFO [main] org.apache.catalina.startup.VersionLoggerListener.log OS Name:               Linux
26-Feb-2025 16:57:52.011 INFO [main] org.apache.catalina.startup.VersionLoggerListener.log Версия ОС:             6.8.0-52-generic
26-Feb-2025 16:57:52.011 INFO [main] org.apache.catalina.startup.VersionLoggerListener.log Архитектура:           amd64
26-Feb-2025 16:57:52.011 INFO [main] org.apache.catalina.startup.VersionLoggerListener.log Java Home:             /usr/lib/jvm/java-21-openjdk-amd64
26-Feb-2025 16:57:52.011 INFO [main] org.apache.catalina.startup.VersionLoggerListener.log Версия JVM:            21.0.6+7-Ubuntu-124.04.1
26-Feb-2025 16:57:52.012 INFO [main] org.apache.catalina.startup.VersionLoggerListener.log Производитель JVM:     Ubuntu
26-Feb-2025 16:57:52.012 INFO [main] org.apache.catalina.startup.VersionLoggerListener.log CATALINA_BASE:         /home/serega/YandexPr/Middle/Final_Sprint_Tasks/Spring/blog/apache-tomcat-11
26-Feb-2025 16:57:52.012 INFO [main] org.apache.catalina.startup.VersionLoggerListener.log CATALINA_HOME:         /home/serega/YandexPr/Middle/Final_Sprint_Tasks/Spring/blog/apache-tomcat-11
26-Feb-2025 16:57:52.023 INFO [main] org.apache.catalina.startup.VersionLoggerListener.log Command line argument: -Djava.util.logging.config.file=/home/serega/YandexPr/Middle/Final_Sprint_Tasks/Spring/blog/apache-tomcat-11/conf/logging.properties
26-Feb-2025 16:57:52.023 INFO [main] org.apache.catalina.startup.VersionLoggerListener.log Command line argument: -Djava.util.logging.manager=org.apache.juli.ClassLoaderLogManager
26-Feb-2025 16:57:52.023 INFO [main] org.apache.catalina.startup.VersionLoggerListener.log Command line argument: -Djdk.tls.ephemeralDHKeySize=2048
26-Feb-2025 16:57:52.023 INFO [main] org.apache.catalina.startup.VersionLoggerListener.log Command line argument: -Dorg.apache.catalina.security.SecurityListener.UMASK=0027
26-Feb-2025 16:57:52.023 INFO [main] org.apache.catalina.startup.VersionLoggerListener.log Command line argument: --add-opens=java.base/java.lang=ALL-UNNAMED
26-Feb-2025 16:57:52.023 INFO [main] org.apache.catalina.startup.VersionLoggerListener.log Command line argument: --add-opens=java.base/java.io=ALL-UNNAMED
26-Feb-2025 16:57:52.023 INFO [main] org.apache.catalina.startup.VersionLoggerListener.log Command line argument: --add-opens=java.base/java.util=ALL-UNNAMED
26-Feb-2025 16:57:52.023 INFO [main] org.apache.catalina.startup.VersionLoggerListener.log Command line argument: --add-opens=java.base/java.util.concurrent=ALL-UNNAMED
26-Feb-2025 16:57:52.023 INFO [main] org.apache.catalina.startup.VersionLoggerListener.log Command line argument: --add-opens=java.rmi/sun.rmi.transport=ALL-UNNAMED
26-Feb-2025 16:57:52.024 INFO [main] org.apache.catalina.startup.VersionLoggerListener.log Command line argument: --enable-native-access=ALL-UNNAMED
26-Feb-2025 16:57:52.024 INFO [main] org.apache.catalina.startup.VersionLoggerListener.log Command line argument: -Dcatalina.base=/home/serega/YandexPr/Middle/Final_Sprint_Tasks/Spring/blog/apache-tomcat-11
26-Feb-2025 16:57:52.024 INFO [main] org.apache.catalina.startup.VersionLoggerListener.log Command line argument: -Dcatalina.home=/home/serega/YandexPr/Middle/Final_Sprint_Tasks/Spring/blog/apache-tomcat-11
26-Feb-2025 16:57:52.024 INFO [main] org.apache.catalina.startup.VersionLoggerListener.log Command line argument: -Djava.io.tmpdir=/home/serega/YandexPr/Middle/Final_Sprint_Tasks/Spring/blog/apache-tomcat-11/temp
26-Feb-2025 16:57:52.026 INFO [main] org.apache.catalina.core.AprLifecycleListener.lifecycleEvent The Apache Tomcat Native library which allows using OpenSSL was not found on the java.library.path: [/usr/java/packages/lib:/usr/lib/x86_64-linux-gnu/jni:/lib/x86_64-linux-gnu:/usr/lib/x86_64-linux-gnu:/usr/lib/jni:/lib:/usr/lib]
26-Feb-2025 16:57:52.382 INFO [main] org.apache.coyote.AbstractProtocol.init Инициализация ProtocolHandler ["http-nio-8080"]
26-Feb-2025 16:57:52.408 INFO [main] org.apache.catalina.startup.Catalina.load Server initialization in [587] milliseconds
26-Feb-2025 16:57:52.456 INFO [main] org.apache.catalina.core.StandardService.startInternal Starting service [Catalina]
26-Feb-2025 16:57:52.456 INFO [main] org.apache.catalina.core.StandardEngine.startInternal Starting Servlet engine: [Apache Tomcat/11.0.2]
26-Feb-2025 16:57:52.473 INFO [main] org.apache.catalina.startup.HostConfig.deployWAR Deploying web application archive [/home/serega/YandexPr/Middle/Final_Sprint_Tasks/Spring/blog/apache-tomcat-11/webapps/blog.war]
26-Feb-2025 16:57:54.180 INFO [main] org.apache.jasper.servlet.TldScanner.scanJars At least one JAR was scanned for TLDs yet contained no TLDs. Enable debug logging for this logger for a complete list of JARs that were scanned but no TLDs were found in them. Skipping unneeded JARs during scanning can improve startup time and JSP compilation time.
26-Feb-2025 16:57:56.470 INFO [main] org.apache.catalina.startup.HostConfig.deployWAR Deployment of web application archive [/home/serega/YandexPr/Middle/Final_Sprint_Tasks/Spring/blog/apache-tomcat-11/webapps/blog.war] has finished in [3 997] ms
26-Feb-2025 16:57:56.471 INFO [main] org.apache.catalina.startup.HostConfig.deployDirectory Установка веб приложения в папку [/home/serega/YandexPr/Middle/Final_Sprint_Tasks/Spring/blog/apache-tomcat-11/webapps/docs]
26-Feb-2025 16:57:56.502 INFO [main] org.apache.catalina.startup.HostConfig.deployDirectory Deployment of web application directory [/home/serega/YandexPr/Middle/Final_Sprint_Tasks/Spring/blog/apache-tomcat-11/webapps/docs] has finished in [32] ms
26-Feb-2025 16:57:56.502 INFO [main] org.apache.catalina.startup.HostConfig.deployDirectory Установка веб приложения в папку [/home/serega/YandexPr/Middle/Final_Sprint_Tasks/Spring/blog/apache-tomcat-11/webapps/ROOT]
26-Feb-2025 16:57:56.522 INFO [main] org.apache.catalina.startup.HostConfig.deployDirectory Deployment of web application directory [/home/serega/YandexPr/Middle/Final_Sprint_Tasks/Spring/blog/apache-tomcat-11/webapps/ROOT] has finished in [20] ms
26-Feb-2025 16:57:56.523 INFO [main] org.apache.catalina.startup.HostConfig.deployDirectory Установка веб приложения в папку [/home/serega/YandexPr/Middle/Final_Sprint_Tasks/Spring/blog/apache-tomcat-11/webapps/examples]
26-Feb-2025 16:57:56.776 INFO [main] org.apache.catalina.startup.HostConfig.deployDirectory Deployment of web application directory [/home/serega/YandexPr/Middle/Final_Sprint_Tasks/Spring/blog/apache-tomcat-11/webapps/examples] has finished in [252] ms
26-Feb-2025 16:57:56.776 INFO [main] org.apache.catalina.startup.HostConfig.deployDirectory Установка веб приложения в папку [/home/serega/YandexPr/Middle/Final_Sprint_Tasks/Spring/blog/apache-tomcat-11/webapps/host-manager]
26-Feb-2025 16:57:56.808 INFO [main] org.apache.catalina.startup.HostConfig.deployDirectory Deployment of web application directory [/home/serega/YandexPr/Middle/Final_Sprint_Tasks/Spring/blog/apache-tomcat-11/webapps/host-manager] has finished in [32] ms
26-Feb-2025 16:57:56.809 INFO [main] org.apache.catalina.startup.HostConfig.deployDirectory Установка веб приложения в папку [/home/serega/YandexPr/Middle/Final_Sprint_Tasks/Spring/blog/apache-tomcat-11/webapps/manager]
26-Feb-2025 16:57:56.840 INFO [main] org.apache.catalina.startup.HostConfig.deployDirectory Deployment of web application directory [/home/serega/YandexPr/Middle/Final_Sprint_Tasks/Spring/blog/apache-tomcat-11/webapps/manager] has finished in [31] ms
26-Feb-2025 16:57:56.845 INFO [main] org.apache.coyote.AbstractProtocol.start Starting ProtocolHandler ["http-nio-8080"]
26-Feb-2025 16:57:56.860 INFO [main] org.apache.catalina.startup.Catalina.start Server startup in [4450] milliseconds
26-Feb-2025 16:58:41.589 INFO [main] org.apache.catalina.core.StandardServer.await A valid shutdown command was received via the shutdown port. Stopping the Server instance.
26-Feb-2025 16:58:41.590 INFO [main] org.apache.coyote.AbstractProtocol.pause Pausing ProtocolHandler ["http-nio-8080"]
26-Feb-2025 16:58:41.591 INFO [main] org.apache.catalina.core.StandardService.stopInternal Stopping service [Catalina]
26-Feb-2025 16:58:41.603 WARNING [main] org.apache.catalina.loader.WebappClassLoaderBase.clearReferencesJdbc The web application [blog] registered the JDBC driver [org.postgresql.Driver] but failed to unregister it when the web application was stopped. To prevent a memory leak, the JDBC Driver has been forcibly unregistered.
26-Feb-2025 16:58:41.618 INFO [main] org.apache.coyote.AbstractProtocol.stop Stopping ProtocolHandler ["http-nio-8080"]
26-Feb-2025 16:58:41.625 INFO [main] org.apache.coyote.AbstractProtocol.destroy Destroying ProtocolHandler ["http-nio-8080"]
26-Feb-2025 16:58:47.772 INFO [main] org.apache.catalina.startup.VersionLoggerListener.log Имя версии сервера:    Apache Tomcat/11.0.2
26-Feb-2025 16:58:47.776 INFO [main] org.apache.catalina.startup.VersionLoggerListener.log Сервер собран:         Dec 5 2024 15:19:37 UTC
26-Feb-2025 16:58:47.776 INFO [main] org.apache.catalina.startup.VersionLoggerListener.log Номер версии сервера:  11.0.2.0
26-Feb-2025 16:58:47.776 INFO [main] org.apache.catalina.startup.VersionLoggerListener.log OS Name:               Linux
26-Feb-2025 16:58:47.776 INFO [main] org.apache.catalina.startup.VersionLoggerListener.log Версия ОС:             6.8.0-52-generic
26-Feb-2025 16:58:47.776 INFO [main] org.apache.catalina.startup.VersionLoggerListener.log Архитектура:           amd64
26-Feb-2025 16:58:47.776 INFO [main] org.apache.catalina.startup.VersionLoggerListener.log Java Home:             /usr/lib/jvm/java-21-openjdk-amd64
26-Feb-2025 16:58:47.777 INFO [main] org.apache.catalina.startup.VersionLoggerListener.log Версия JVM:            21.0.6+7-Ubuntu-124.04.1
26-Feb-2025 16:58:47.777 INFO [main] org.apache.catalina.startup.VersionLoggerListener.log Производитель JVM:     Ubuntu
26-Feb-2025 16:58:47.777 INFO [main] org.apache.catalina.startup.VersionLoggerListener.log CATALINA_BASE:         /home/serega/YandexPr/Middle/Final_Sprint_Tasks/Spring/blog/apache-tomcat-11
26-Feb-2025 16:58:47.777 INFO [main] org.apache.catalina.startup.VersionLoggerListener.log CATALINA_HOME:         /home/serega/YandexPr/Middle/Final_Sprint_Tasks/Spring/blog/apache-tomcat-11
26-Feb-2025 16:58:47.787 INFO [main] org.apache.catalina.startup.VersionLoggerListener.log Command line argument: -Djava.util.logging.config.file=/home/serega/YandexPr/Middle/Final_Sprint_Tasks/Spring/blog/apache-tomcat-11/conf/logging.properties
26-Feb-2025 16:58:47.787 INFO [main] org.apache.catalina.startup.VersionLoggerListener.log Command line argument: -Djava.util.logging.manager=org.apache.juli.ClassLoaderLogManager
26-Feb-2025 16:58:47.787 INFO [main] org.apache.catalina.startup.VersionLoggerListener.log Command line argument: -Djdk.tls.ephemeralDHKeySize=2048
26-Feb-2025 16:58:47.787 INFO [main] org.apache.catalina.startup.VersionLoggerListener.log Command line argument: -Dorg.apache.catalina.security.SecurityListener.UMASK=0027
26-Feb-2025 16:58:47.787 INFO [main] org.apache.catalina.startup.VersionLoggerListener.log Command line argument: --add-opens=java.base/java.lang=ALL-UNNAMED
26-Feb-2025 16:58:47.787 INFO [main] org.apache.catalina.startup.VersionLoggerListener.log Command line argument: --add-opens=java.base/java.io=ALL-UNNAMED
26-Feb-2025 16:58:47.788 INFO [main] org.apache.catalina.startup.VersionLoggerListener.log Command line argument: --add-opens=java.base/java.util=ALL-UNNAMED
26-Feb-2025 16:58:47.788 INFO [main] org.apache.catalina.startup.VersionLoggerListener.log Command line argument: --add-opens=java.base/java.util.concurrent=ALL-UNNAMED
26-Feb-2025 16:58:47.788 INFO [main] org.apache.catalina.startup.VersionLoggerListener.log Command line argument: --add-opens=java.rmi/sun.rmi.transport=ALL-UNNAMED
26-Feb-2025 16:58:47.788 INFO [main] org.apache.catalina.startup.VersionLoggerListener.log Command line argument: --enable-native-access=ALL-UNNAMED
26-Feb-2025 16:58:47.788 INFO [main] org.apache.catalina.startup.VersionLoggerListener.log Command line argument: -Dcatalina.base=/home/serega/YandexPr/Middle/Final_Sprint_Tasks/Spring/blog/apache-tomcat-11
26-Feb-2025 16:58:47.788 INFO [main] org.apache.catalina.startup.VersionLoggerListener.log Command line argument: -Dcatalina.home=/home/serega/YandexPr/Middle/Final_Sprint_Tasks/Spring/blog/apache-tomcat-11
26-Feb-2025 16:58:47.788 INFO [main] org.apache.catalina.startup.VersionLoggerListener.log Command line argument: -Djava.io.tmpdir=/home/serega/YandexPr/Middle/Final_Sprint_Tasks/Spring/blog/apache-tomcat-11/temp
26-Feb-2025 16:58:47.790 INFO [main] org.apache.catalina.core.AprLifecycleListener.lifecycleEvent The Apache Tomcat Native library which allows using OpenSSL was not found on the java.library.path: [/usr/java/packages/lib:/usr/lib/x86_64-linux-gnu/jni:/lib/x86_64-linux-gnu:/usr/lib/x86_64-linux-gnu:/usr/lib/jni:/lib:/usr/lib]
26-Feb-2025 16:58:48.193 INFO [main] org.apache.coyote.AbstractProtocol.init Инициализация ProtocolHandler ["http-nio-8080"]
26-Feb-2025 16:58:48.217 INFO [main] org.apache.catalina.startup.Catalina.load Server initialization in [637] milliseconds
26-Feb-2025 16:58:48.264 INFO [main] org.apache.catalina.core.StandardService.startInternal Starting service [Catalina]
26-Feb-2025 16:58:48.265 INFO [main] org.apache.catalina.core.StandardEngine.startInternal Starting Servlet engine: [Apache Tomcat/11.0.2]
26-Feb-2025 16:58:48.283 INFO [main] org.apache.catalina.startup.HostConfig.deployWAR Deploying web application archive [/home/serega/YandexPr/Middle/Final_Sprint_Tasks/Spring/blog/apache-tomcat-11/webapps/blog.war]
26-Feb-2025 16:58:49.981 INFO [main] org.apache.jasper.servlet.TldScanner.scanJars At least one JAR was scanned for TLDs yet contained no TLDs. Enable debug logging for this logger for a complete list of JARs that were scanned but no TLDs were found in them. Skipping unneeded JARs during scanning can improve startup time and JSP compilation time.
26-Feb-2025 16:58:51.526 INFO [main] org.apache.catalina.startup.HostConfig.deployWAR Deployment of web application archive [/home/serega/YandexPr/Middle/Final_Sprint_Tasks/Spring/blog/apache-tomcat-11/webapps/blog.war] has finished in [3 242] ms
26-Feb-2025 16:58:51.527 INFO [main] org.apache.catalina.startup.HostConfig.deployDirectory Установка веб приложения в папку [/home/serega/YandexPr/Middle/Final_Sprint_Tasks/Spring/blog/apache-tomcat-11/webapps/docs]
26-Feb-2025 16:58:51.549 INFO [main] org.apache.catalina.startup.HostConfig.deployDirectory Deployment of web application directory [/home/serega/YandexPr/Middle/Final_Sprint_Tasks/Spring/blog/apache-tomcat-11/webapps/docs] has finished in [22] ms
26-Feb-2025 16:58:51.550 INFO [main] org.apache.catalina.startup.HostConfig.deployDirectory Установка веб приложения в папку [/home/serega/YandexPr/Middle/Final_Sprint_Tasks/Spring/blog/apache-tomcat-11/webapps/ROOT]
26-Feb-2025 16:58:51.566 INFO [main] org.apache.catalina.startup.HostConfig.deployDirectory Deployment of web application directory [/home/serega/YandexPr/Middle/Final_Sprint_Tasks/Spring/blog/apache-tomcat-11/webapps/ROOT] has finished in [16] ms
26-Feb-2025 16:58:51.567 INFO [main] org.apache.catalina.startup.HostConfig.deployDirectory Установка веб приложения в папку [/home/serega/YandexPr/Middle/Final_Sprint_Tasks/Spring/blog/apache-tomcat-11/webapps/examples]
26-Feb-2025 16:58:51.799 INFO [main] org.apache.catalina.startup.HostConfig.deployDirectory Deployment of web application directory [/home/serega/YandexPr/Middle/Final_Sprint_Tasks/Spring/blog/apache-tomcat-11/webapps/examples] has finished in [232] ms
26-Feb-2025 16:58:51.800 INFO [main] org.apache.catalina.startup.HostConfig.deployDirectory Установка веб приложения в папку [/home/serega/YandexPr/Middle/Final_Sprint_Tasks/Spring/blog/apache-tomcat-11/webapps/host-manager]
26-Feb-2025 16:58:51.825 INFO [main] org.apache.catalina.startup.HostConfig.deployDirectory Deployment of web application directory [/home/serega/YandexPr/Middle/Final_Sprint_Tasks/Spring/blog/apache-tomcat-11/webapps/host-manager] has finished in [24] ms
26-Feb-2025 16:58:51.825 INFO [main] org.apache.catalina.startup.HostConfig.deployDirectory Установка веб приложения в папку [/home/serega/YandexPr/Middle/Final_Sprint_Tasks/Spring/blog/apache-tomcat-11/webapps/manager]
26-Feb-2025 16:58:51.849 INFO [main] org.apache.catalina.startup.HostConfig.deployDirectory Deployment of web application directory [/home/serega/YandexPr/Middle/Final_Sprint_Tasks/Spring/blog/apache-tomcat-11/webapps/manager] has finished in [24] ms
26-Feb-2025 16:58:51.853 INFO [main] org.apache.coyote.AbstractProtocol.start Starting ProtocolHandler ["http-nio-8080"]
26-Feb-2025 16:58:51.863 INFO [main] org.apache.catalina.startup.Catalina.start Server startup in [3644] milliseconds
26-Feb-2025 17:16:49.837 INFO [main] org.apache.catalina.core.StandardServer.await A valid shutdown command was received via the shutdown port. Stopping the Server instance.
26-Feb-2025 17:16:49.837 INFO [main] org.apache.coyote.AbstractProtocol.pause Pausing ProtocolHandler ["http-nio-8080"]
26-Feb-2025 17:16:49.839 INFO [main] org.apache.catalina.core.StandardService.stopInternal Stopping service [Catalina]
26-Feb-2025 17:16:49.856 WARNING [main] org.apache.catalina.loader.WebappClassLoaderBase.clearReferencesJdbc The web application [blog] registered the JDBC driver [org.postgresql.Driver] but failed to unregister it when the web application was stopped. To prevent a memory leak, the JDBC Driver has been forcibly unregistered.
26-Feb-2025 17:16:49.875 INFO [main] org.apache.coyote.AbstractProtocol.stop Stopping ProtocolHandler ["http-nio-8080"]
26-Feb-2025 17:16:49.884 INFO [main] org.apache.coyote.AbstractProtocol.destroy Destroying ProtocolHandler ["http-nio-8080"]
26-Feb-2025 17:19:00.746 INFO [main] org.apache.catalina.startup.VersionLoggerListener.log Имя версии сервера:    Apache Tomcat/11.0.2
26-Feb-2025 17:19:00.750 INFO [main] org.apache.catalina.startup.VersionLoggerListener.log Сервер собран:         Dec 5 2024 15:19:37 UTC
26-Feb-2025 17:19:00.751 INFO [main] org.apache.catalina.startup.VersionLoggerListener.log Номер версии сервера:  11.0.2.0
26-Feb-2025 17:19:00.751 INFO [main] org.apache.catalina.startup.VersionLoggerListener.log OS Name:               Linux
26-Feb-2025 17:19:00.751 INFO [main] org.apache.catalina.startup.VersionLoggerListener.log Версия ОС:             6.8.0-52-generic
26-Feb-2025 17:19:00.751 INFO [main] org.apache.catalina.startup.VersionLoggerListener.log Архитектура:           amd64
26-Feb-2025 17:19:00.751 INFO [main] org.apache.catalina.startup.VersionLoggerListener.log Java Home:             /usr/lib/jvm/java-21-openjdk-amd64
26-Feb-2025 17:19:00.751 INFO [main] org.apache.catalina.startup.VersionLoggerListener.log Версия JVM:            21.0.6+7-Ubuntu-124.04.1
26-Feb-2025 17:19:00.752 INFO [main] org.apache.catalina.startup.VersionLoggerListener.log Производитель JVM:     Ubuntu
26-Feb-2025 17:19:00.752 INFO [main] org.apache.catalina.startup.VersionLoggerListener.log CATALINA_BASE:         /home/serega/YandexPr/Middle/Final_Sprint_Tasks/Spring/blog/apache-tomcat-11
26-Feb-2025 17:19:00.752 INFO [main] org.apache.catalina.startup.VersionLoggerListener.log CATALINA_HOME:         /home/serega/YandexPr/Middle/Final_Sprint_Tasks/Spring/blog/apache-tomcat-11
26-Feb-2025 17:19:00.763 INFO [main] org.apache.catalina.startup.VersionLoggerListener.log Command line argument: -Djava.util.logging.config.file=/home/serega/YandexPr/Middle/Final_Sprint_Tasks/Spring/blog/apache-tomcat-11/conf/logging.properties
26-Feb-2025 17:19:00.763 INFO [main] org.apache.catalina.startup.VersionLoggerListener.log Command line argument: -Djava.util.logging.manager=org.apache.juli.ClassLoaderLogManager
26-Feb-2025 17:19:00.763 INFO [main] org.apache.catalina.startup.VersionLoggerListener.log Command line argument: -Djdk.tls.ephemeralDHKeySize=2048
26-Feb-2025 17:19:00.763 INFO [main] org.apache.catalina.startup.VersionLoggerListener.log Command line argument: -Dorg.apache.catalina.security.SecurityListener.UMASK=0027
26-Feb-2025 17:19:00.763 INFO [main] org.apache.catalina.startup.VersionLoggerListener.log Command line argument: --add-opens=java.base/java.lang=ALL-UNNAMED
26-Feb-2025 17:19:00.764 INFO [main] org.apache.catalina.startup.VersionLoggerListener.log Command line argument: --add-opens=java.base/java.io=ALL-UNNAMED
26-Feb-2025 17:19:00.764 INFO [main] org.apache.catalina.startup.VersionLoggerListener.log Command line argument: --add-opens=java.base/java.util=ALL-UNNAMED
26-Feb-2025 17:19:00.764 INFO [main] org.apache.catalina.startup.VersionLoggerListener.log Command line argument: --add-opens=java.base/java.util.concurrent=ALL-UNNAMED
26-Feb-2025 17:19:00.764 INFO [main] org.apache.catalina.startup.VersionLoggerListener.log Command line argument: --add-opens=java.rmi/sun.rmi.transport=ALL-UNNAMED
26-Feb-2025 17:19:00.764 INFO [main] org.apache.catalina.startup.VersionLoggerListener.log Command line argument: --enable-native-access=ALL-UNNAMED
26-Feb-2025 17:19:00.764 INFO [main] org.apache.catalina.startup.VersionLoggerListener.log Command line argument: -Dcatalina.base=/home/serega/YandexPr/Middle/Final_Sprint_Tasks/Spring/blog/apache-tomcat-11
26-Feb-2025 17:19:00.764 INFO [main] org.apache.catalina.startup.VersionLoggerListener.log Command line argument: -Dcatalina.home=/home/serega/YandexPr/Middle/Final_Sprint_Tasks/Spring/blog/apache-tomcat-11
26-Feb-2025 17:19:00.764 INFO [main] org.apache.catalina.startup.VersionLoggerListener.log Command line argument: -Djava.io.tmpdir=/home/serega/YandexPr/Middle/Final_Sprint_Tasks/Spring/blog/apache-tomcat-11/temp
26-Feb-2025 17:19:00.766 INFO [main] org.apache.catalina.core.AprLifecycleListener.lifecycleEvent The Apache Tomcat Native library which allows using OpenSSL was not found on the java.library.path: [/usr/java/packages/lib:/usr/lib/x86_64-linux-gnu/jni:/lib/x86_64-linux-gnu:/usr/lib/x86_64-linux-gnu:/usr/lib/jni:/lib:/usr/lib]
26-Feb-2025 17:19:01.180 INFO [main] org.apache.coyote.AbstractProtocol.init Инициализация ProtocolHandler ["http-nio-8080"]
26-Feb-2025 17:19:01.205 INFO [main] org.apache.catalina.startup.Catalina.load Server initialization in [648] milliseconds
26-Feb-2025 17:19:01.257 INFO [main] org.apache.catalina.core.StandardService.startInternal Starting service [Catalina]
26-Feb-2025 17:19:01.257 INFO [main] org.apache.catalina.core.StandardEngine.startInternal Starting Servlet engine: [Apache Tomcat/11.0.2]
26-Feb-2025 17:19:01.274 INFO [main] org.apache.catalina.startup.HostConfig.deployWAR Deploying web application archive [/home/serega/YandexPr/Middle/Final_Sprint_Tasks/Spring/blog/apache-tomcat-11/webapps/blog.war]
26-Feb-2025 17:19:02.832 INFO [main] org.apache.jasper.servlet.TldScanner.scanJars At least one JAR was scanned for TLDs yet contained no TLDs. Enable debug logging for this logger for a complete list of JARs that were scanned but no TLDs were found in them. Skipping unneeded JARs during scanning can improve startup time and JSP compilation time.
26-Feb-2025 17:19:04.400 INFO [main] org.apache.catalina.startup.HostConfig.deployWAR Deployment of web application archive [/home/serega/YandexPr/Middle/Final_Sprint_Tasks/Spring/blog/apache-tomcat-11/webapps/blog.war] has finished in [3 126] ms
26-Feb-2025 17:19:04.401 INFO [main] org.apache.catalina.startup.HostConfig.deployDirectory Установка веб приложения в папку [/home/serega/YandexPr/Middle/Final_Sprint_Tasks/Spring/blog/apache-tomcat-11/webapps/docs]
26-Feb-2025 17:19:04.424 INFO [main] org.apache.catalina.startup.HostConfig.deployDirectory Deployment of web application directory [/home/serega/YandexPr/Middle/Final_Sprint_Tasks/Spring/blog/apache-tomcat-11/webapps/docs] has finished in [23] ms
26-Feb-2025 17:19:04.425 INFO [main] org.apache.catalina.startup.HostConfig.deployDirectory Установка веб приложения в папку [/home/serega/YandexPr/Middle/Final_Sprint_Tasks/Spring/blog/apache-tomcat-11/webapps/ROOT]
26-Feb-2025 17:19:04.443 INFO [main] org.apache.catalina.startup.HostConfig.deployDirectory Deployment of web application directory [/home/serega/YandexPr/Middle/Final_Sprint_Tasks/Spring/blog/apache-tomcat-11/webapps/ROOT] has finished in [18] ms
26-Feb-2025 17:19:04.443 INFO [main] org.apache.catalina.startup.HostConfig.deployDirectory Установка веб приложения в папку [/home/serega/YandexPr/Middle/Final_Sprint_Tasks/Spring/blog/apache-tomcat-11/webapps/examples]
26-Feb-2025 17:19:04.631 INFO [main] org.apache.catalina.startup.HostConfig.deployDirectory Deployment of web application directory [/home/serega/YandexPr/Middle/Final_Sprint_Tasks/Spring/blog/apache-tomcat-11/webapps/examples] has finished in [188] ms
26-Feb-2025 17:19:04.631 INFO [main] org.apache.catalina.startup.HostConfig.deployDirectory Установка веб приложения в папку [/home/serega/YandexPr/Middle/Final_Sprint_Tasks/Spring/blog/apache-tomcat-11/webapps/host-manager]
26-Feb-2025 17:19:04.654 INFO [main] org.apache.catalina.startup.HostConfig.deployDirectory Deployment of web application directory [/home/serega/YandexPr/Middle/Final_Sprint_Tasks/Spring/blog/apache-tomcat-11/webapps/host-manager] has finished in [22] ms
26-Feb-2025 17:19:04.654 INFO [main] org.apache.catalina.startup.HostConfig.deployDirectory Установка веб приложения в папку [/home/serega/YandexPr/Middle/Final_Sprint_Tasks/Spring/blog/apache-tomcat-11/webapps/manager]
26-Feb-2025 17:19:04.674 INFO [main] org.apache.catalina.startup.HostConfig.deployDirectory Deployment of web application directory [/home/serega/YandexPr/Middle/Final_Sprint_Tasks/Spring/blog/apache-tomcat-11/webapps/manager] has finished in [20] ms
26-Feb-2025 17:19:04.679 INFO [main] org.apache.coyote.AbstractProtocol.start Starting ProtocolHandler ["http-nio-8080"]
26-Feb-2025 17:19:04.688 INFO [main] org.apache.catalina.startup.Catalina.start Server startup in [3482] milliseconds
26-Feb-2025 17:19:16.610 INFO [main] org.apache.catalina.core.StandardServer.await A valid shutdown command was received via the shutdown port. Stopping the Server instance.
26-Feb-2025 17:19:16.610 INFO [main] org.apache.coyote.AbstractProtocol.pause Pausing ProtocolHandler ["http-nio-8080"]
26-Feb-2025 17:19:16.612 INFO [main] org.apache.catalina.core.StandardService.stopInternal Stopping service [Catalina]
26-Feb-2025 17:19:16.629 WARNING [main] org.apache.catalina.loader.WebappClassLoaderBase.clearReferencesJdbc The web application [blog] registered the JDBC driver [org.postgresql.Driver] but failed to unregister it when the web application was stopped. To prevent a memory leak, the JDBC Driver has been forcibly unregistered.
26-Feb-2025 17:19:16.648 INFO [main] org.apache.coyote.AbstractProtocol.stop Stopping ProtocolHandler ["http-nio-8080"]
26-Feb-2025 17:19:16.657 INFO [main] org.apache.coyote.AbstractProtocol.destroy Destroying ProtocolHandler ["http-nio-8080"]
26-Feb-2025 18:12:24.713 INFO [main] org.apache.catalina.startup.VersionLoggerListener.log Имя версии сервера:    Apache Tomcat/11.0.2
26-Feb-2025 18:12:24.719 INFO [main] org.apache.catalina.startup.VersionLoggerListener.log Сервер собран:         Dec 5 2024 15:19:37 UTC
26-Feb-2025 18:12:24.720 INFO [main] org.apache.catalina.startup.VersionLoggerListener.log Номер версии сервера:  11.0.2.0
26-Feb-2025 18:12:24.720 INFO [main] org.apache.catalina.startup.VersionLoggerListener.log OS Name:               Linux
26-Feb-2025 18:12:24.720 INFO [main] org.apache.catalina.startup.VersionLoggerListener.log Версия ОС:             6.8.0-52-generic
26-Feb-2025 18:12:24.720 INFO [main] org.apache.catalina.startup.VersionLoggerListener.log Архитектура:           amd64
26-Feb-2025 18:12:24.721 INFO [main] org.apache.catalina.startup.VersionLoggerListener.log Java Home:             /usr/lib/jvm/java-21-openjdk-amd64
26-Feb-2025 18:12:24.721 INFO [main] org.apache.catalina.startup.VersionLoggerListener.log Версия JVM:            21.0.6+7-Ubuntu-124.04.1
26-Feb-2025 18:12:24.721 INFO [main] org.apache.catalina.startup.VersionLoggerListener.log Производитель JVM:     Ubuntu
26-Feb-2025 18:12:24.721 INFO [main] org.apache.catalina.startup.VersionLoggerListener.log CATALINA_BASE:         /home/serega/YandexPr/Middle/Final_Sprint_Tasks/Spring/blog/apache-tomcat-11
26-Feb-2025 18:12:24.721 INFO [main] org.apache.catalina.startup.VersionLoggerListener.log CATALINA_HOME:         /home/serega/YandexPr/Middle/Final_Sprint_Tasks/Spring/blog/apache-tomcat-11
26-Feb-2025 18:12:24.738 INFO [main] org.apache.catalina.startup.VersionLoggerListener.log Command line argument: -Djava.util.logging.config.file=/home/serega/YandexPr/Middle/Final_Sprint_Tasks/Spring/blog/apache-tomcat-11/conf/logging.properties
26-Feb-2025 18:12:24.738 INFO [main] org.apache.catalina.startup.VersionLoggerListener.log Command line argument: -Djava.util.logging.manager=org.apache.juli.ClassLoaderLogManager
26-Feb-2025 18:12:24.739 INFO [main] org.apache.catalina.startup.VersionLoggerListener.log Command line argument: -Djdk.tls.ephemeralDHKeySize=2048
26-Feb-2025 18:12:24.739 INFO [main] org.apache.catalina.startup.VersionLoggerListener.log Command line argument: -Dorg.apache.catalina.security.SecurityListener.UMASK=0027
26-Feb-2025 18:12:24.739 INFO [main] org.apache.catalina.startup.VersionLoggerListener.log Command line argument: --add-opens=java.base/java.lang=ALL-UNNAMED
26-Feb-2025 18:12:24.739 INFO [main] org.apache.catalina.startup.VersionLoggerListener.log Command line argument: --add-opens=java.base/java.io=ALL-UNNAMED
26-Feb-2025 18:12:24.739 INFO [main] org.apache.catalina.startup.VersionLoggerListener.log Command line argument: --add-opens=java.base/java.util=ALL-UNNAMED
26-Feb-2025 18:12:24.739 INFO [main] org.apache.catalina.startup.VersionLoggerListener.log Command line argument: --add-opens=java.base/java.util.concurrent=ALL-UNNAMED
26-Feb-2025 18:12:24.739 INFO [main] org.apache.catalina.startup.VersionLoggerListener.log Command line argument: --add-opens=java.rmi/sun.rmi.transport=ALL-UNNAMED
26-Feb-2025 18:12:24.739 INFO [main] org.apache.catalina.startup.VersionLoggerListener.log Command line argument: --enable-native-access=ALL-UNNAMED
26-Feb-2025 18:12:24.740 INFO [main] org.apache.catalina.startup.VersionLoggerListener.log Command line argument: -Dcatalina.base=/home/serega/YandexPr/Middle/Final_Sprint_Tasks/Spring/blog/apache-tomcat-11
26-Feb-2025 18:12:24.740 INFO [main] org.apache.catalina.startup.VersionLoggerListener.log Command line argument: -Dcatalina.home=/home/serega/YandexPr/Middle/Final_Sprint_Tasks/Spring/blog/apache-tomcat-11
26-Feb-2025 18:12:24.740 INFO [main] org.apache.catalina.startup.VersionLoggerListener.log Command line argument: -Djava.io.tmpdir=/home/serega/YandexPr/Middle/Final_Sprint_Tasks/Spring/blog/apache-tomcat-11/temp
26-Feb-2025 18:12:24.745 INFO [main] org.apache.catalina.core.AprLifecycleListener.lifecycleEvent The Apache Tomcat Native library which allows using OpenSSL was not found on the java.library.path: [/usr/java/packages/lib:/usr/lib/x86_64-linux-gnu/jni:/lib/x86_64-linux-gnu:/usr/lib/x86_64-linux-gnu:/usr/lib/jni:/lib:/usr/lib]
26-Feb-2025 18:12:25.208 INFO [main] org.apache.coyote.AbstractProtocol.init Инициализация ProtocolHandler ["http-nio-8080"]
26-Feb-2025 18:12:25.237 INFO [main] org.apache.catalina.startup.Catalina.load Server initialization in [797] milliseconds
26-Feb-2025 18:12:25.300 INFO [main] org.apache.catalina.core.StandardService.startInternal Starting service [Catalina]
26-Feb-2025 18:12:25.301 INFO [main] org.apache.catalina.core.StandardEngine.startInternal Starting Servlet engine: [Apache Tomcat/11.0.2]
26-Feb-2025 18:12:25.323 INFO [main] org.apache.catalina.startup.HostConfig.deployWAR Deploying web application archive [/home/serega/YandexPr/Middle/Final_Sprint_Tasks/Spring/blog/apache-tomcat-11/webapps/blog.war]
26-Feb-2025 18:12:27.186 INFO [main] org.apache.jasper.servlet.TldScanner.scanJars At least one JAR was scanned for TLDs yet contained no TLDs. Enable debug logging for this logger for a complete list of JARs that were scanned but no TLDs were found in them. Skipping unneeded JARs during scanning can improve startup time and JSP compilation time.
26-Feb-2025 18:12:29.109 INFO [main] org.apache.catalina.startup.HostConfig.deployWAR Deployment of web application archive [/home/serega/YandexPr/Middle/Final_Sprint_Tasks/Spring/blog/apache-tomcat-11/webapps/blog.war] has finished in [3 785] ms
26-Feb-2025 18:12:29.110 INFO [main] org.apache.catalina.startup.HostConfig.deployDirectory Установка веб приложения в папку [/home/serega/YandexPr/Middle/Final_Sprint_Tasks/Spring/blog/apache-tomcat-11/webapps/docs]
26-Feb-2025 18:12:29.142 INFO [main] org.apache.catalina.startup.HostConfig.deployDirectory Deployment of web application directory [/home/serega/YandexPr/Middle/Final_Sprint_Tasks/Spring/blog/apache-tomcat-11/webapps/docs] has finished in [32] ms
26-Feb-2025 18:12:29.142 INFO [main] org.apache.catalina.startup.HostConfig.deployDirectory Установка веб приложения в папку [/home/serega/YandexPr/Middle/Final_Sprint_Tasks/Spring/blog/apache-tomcat-11/webapps/ROOT]
26-Feb-2025 18:12:29.165 INFO [main] org.apache.catalina.startup.HostConfig.deployDirectory Deployment of web application directory [/home/serega/YandexPr/Middle/Final_Sprint_Tasks/Spring/blog/apache-tomcat-11/webapps/ROOT] has finished in [23] ms
26-Feb-2025 18:12:29.165 INFO [main] org.apache.catalina.startup.HostConfig.deployDirectory Установка веб приложения в папку [/home/serega/YandexPr/Middle/Final_Sprint_Tasks/Spring/blog/apache-tomcat-11/webapps/examples]
26-Feb-2025 18:12:29.532 INFO [main] org.apache.catalina.startup.HostConfig.deployDirectory Deployment of web application directory [/home/serega/YandexPr/Middle/Final_Sprint_Tasks/Spring/blog/apache-tomcat-11/webapps/examples] has finished in [367] ms
26-Feb-2025 18:12:29.532 INFO [main] org.apache.catalina.startup.HostConfig.deployDirectory Установка веб приложения в папку [/home/serega/YandexPr/Middle/Final_Sprint_Tasks/Spring/blog/apache-tomcat-11/webapps/host-manager]
26-Feb-2025 18:12:29.564 INFO [main] org.apache.catalina.startup.HostConfig.deployDirectory Deployment of web application directory [/home/serega/YandexPr/Middle/Final_Sprint_Tasks/Spring/blog/apache-tomcat-11/webapps/host-manager] has finished in [32] ms
26-Feb-2025 18:12:29.564 INFO [main] org.apache.catalina.startup.HostConfig.deployDirectory Установка веб приложения в папку [/home/serega/YandexPr/Middle/Final_Sprint_Tasks/Spring/blog/apache-tomcat-11/webapps/manager]
26-Feb-2025 18:12:29.589 INFO [main] org.apache.catalina.startup.HostConfig.deployDirectory Deployment of web application directory [/home/serega/YandexPr/Middle/Final_Sprint_Tasks/Spring/blog/apache-tomcat-11/webapps/manager] has finished in [25] ms
26-Feb-2025 18:12:29.594 INFO [main] org.apache.coyote.AbstractProtocol.start Starting ProtocolHandler ["http-nio-8080"]
26-Feb-2025 18:12:29.607 INFO [main] org.apache.catalina.startup.Catalina.start Server startup in [4368] milliseconds
26-Feb-2025 18:15:16.317 INFO [main] org.apache.catalina.core.StandardServer.await A valid shutdown command was received via the shutdown port. Stopping the Server instance.
26-Feb-2025 18:15:16.318 INFO [main] org.apache.coyote.AbstractProtocol.pause Pausing ProtocolHandler ["http-nio-8080"]
26-Feb-2025 18:15:16.319 INFO [main] org.apache.catalina.core.StandardService.stopInternal Stopping service [Catalina]
26-Feb-2025 18:15:16.336 WARNING [main] org.apache.catalina.loader.WebappClassLoaderBase.clearReferencesJdbc The web application [blog] registered the JDBC driver [org.postgresql.Driver] but failed to unregister it when the web application was stopped. To prevent a memory leak, the JDBC Driver has been forcibly unregistered.
26-Feb-2025 18:15:16.351 INFO [main] org.apache.coyote.AbstractProtocol.stop Stopping ProtocolHandler ["http-nio-8080"]
26-Feb-2025 18:15:16.363 INFO [main] org.apache.coyote.AbstractProtocol.destroy Destroying ProtocolHandler ["http-nio-8080"]
26-Feb-2025 18:15:23.760 INFO [main] org.apache.catalina.startup.VersionLoggerListener.log Имя версии сервера:    Apache Tomcat/11.0.2
26-Feb-2025 18:15:23.765 INFO [main] org.apache.catalina.startup.VersionLoggerListener.log Сервер собран:         Dec 5 2024 15:19:37 UTC
26-Feb-2025 18:15:23.765 INFO [main] org.apache.catalina.startup.VersionLoggerListener.log Номер версии сервера:  11.0.2.0
26-Feb-2025 18:15:23.765 INFO [main] org.apache.catalina.startup.VersionLoggerListener.log OS Name:               Linux
26-Feb-2025 18:15:23.765 INFO [main] org.apache.catalina.startup.VersionLoggerListener.log Версия ОС:             6.8.0-52-generic
26-Feb-2025 18:15:23.766 INFO [main] org.apache.catalina.startup.VersionLoggerListener.log Архитектура:           amd64
26-Feb-2025 18:15:23.766 INFO [main] org.apache.catalina.startup.VersionLoggerListener.log Java Home:             /usr/lib/jvm/java-21-openjdk-amd64
26-Feb-2025 18:15:23.766 INFO [main] org.apache.catalina.startup.VersionLoggerListener.log Версия JVM:            21.0.6+7-Ubuntu-124.04.1
26-Feb-2025 18:15:23.766 INFO [main] org.apache.catalina.startup.VersionLoggerListener.log Производитель JVM:     Ubuntu
26-Feb-2025 18:15:23.766 INFO [main] org.apache.catalina.startup.VersionLoggerListener.log CATALINA_BASE:         /home/serega/YandexPr/Middle/Final_Sprint_Tasks/Spring/blog/apache-tomcat-11
26-Feb-2025 18:15:23.766 INFO [main] org.apache.catalina.startup.VersionLoggerListener.log CATALINA_HOME:         /home/serega/YandexPr/Middle/Final_Sprint_Tasks/Spring/blog/apache-tomcat-11
26-Feb-2025 18:15:23.777 INFO [main] org.apache.catalina.startup.VersionLoggerListener.log Command line argument: -Djava.util.logging.config.file=/home/serega/YandexPr/Middle/Final_Sprint_Tasks/Spring/blog/apache-tomcat-11/conf/logging.properties
26-Feb-2025 18:15:23.777 INFO [main] org.apache.catalina.startup.VersionLoggerListener.log Command line argument: -Djava.util.logging.manager=org.apache.juli.ClassLoaderLogManager
26-Feb-2025 18:15:23.777 INFO [main] org.apache.catalina.startup.VersionLoggerListener.log Command line argument: -Djdk.tls.ephemeralDHKeySize=2048
26-Feb-2025 18:15:23.777 INFO [main] org.apache.catalina.startup.VersionLoggerListener.log Command line argument: -Dorg.apache.catalina.security.SecurityListener.UMASK=0027
26-Feb-2025 18:15:23.777 INFO [main] org.apache.catalina.startup.VersionLoggerListener.log Command line argument: --add-opens=java.base/java.lang=ALL-UNNAMED
26-Feb-2025 18:15:23.777 INFO [main] org.apache.catalina.startup.VersionLoggerListener.log Command line argument: --add-opens=java.base/java.io=ALL-UNNAMED
26-Feb-2025 18:15:23.777 INFO [main] org.apache.catalina.startup.VersionLoggerListener.log Command line argument: --add-opens=java.base/java.util=ALL-UNNAMED
26-Feb-2025 18:15:23.777 INFO [main] org.apache.catalina.startup.VersionLoggerListener.log Command line argument: --add-opens=java.base/java.util.concurrent=ALL-UNNAMED
26-Feb-2025 18:15:23.778 INFO [main] org.apache.catalina.startup.VersionLoggerListener.log Command line argument: --add-opens=java.rmi/sun.rmi.transport=ALL-UNNAMED
26-Feb-2025 18:15:23.778 INFO [main] org.apache.catalina.startup.VersionLoggerListener.log Command line argument: --enable-native-access=ALL-UNNAMED
26-Feb-2025 18:15:23.778 INFO [main] org.apache.catalina.startup.VersionLoggerListener.log Command line argument: -Dcatalina.base=/home/serega/YandexPr/Middle/Final_Sprint_Tasks/Spring/blog/apache-tomcat-11
26-Feb-2025 18:15:23.778 INFO [main] org.apache.catalina.startup.VersionLoggerListener.log Command line argument: -Dcatalina.home=/home/serega/YandexPr/Middle/Final_Sprint_Tasks/Spring/blog/apache-tomcat-11
26-Feb-2025 18:15:23.778 INFO [main] org.apache.catalina.startup.VersionLoggerListener.log Command line argument: -Djava.io.tmpdir=/home/serega/YandexPr/Middle/Final_Sprint_Tasks/Spring/blog/apache-tomcat-11/temp
26-Feb-2025 18:15:23.780 INFO [main] org.apache.catalina.core.AprLifecycleListener.lifecycleEvent The Apache Tomcat Native library which allows using OpenSSL was not found on the java.library.path: [/usr/java/packages/lib:/usr/lib/x86_64-linux-gnu/jni:/lib/x86_64-linux-gnu:/usr/lib/x86_64-linux-gnu:/usr/lib/jni:/lib:/usr/lib]
26-Feb-2025 18:15:24.148 INFO [main] org.apache.coyote.AbstractProtocol.init Инициализация ProtocolHandler ["http-nio-8080"]
26-Feb-2025 18:15:24.174 INFO [main] org.apache.catalina.startup.Catalina.load Server initialization in [610] milliseconds
26-Feb-2025 18:15:24.225 INFO [main] org.apache.catalina.core.StandardService.startInternal Starting service [Catalina]
26-Feb-2025 18:15:24.225 INFO [main] org.apache.catalina.core.StandardEngine.startInternal Starting Servlet engine: [Apache Tomcat/11.0.2]
26-Feb-2025 18:15:24.243 INFO [main] org.apache.catalina.startup.HostConfig.deployWAR Deploying web application archive [/home/serega/YandexPr/Middle/Final_Sprint_Tasks/Spring/blog/apache-tomcat-11/webapps/blog.war]
26-Feb-2025 18:15:26.019 INFO [main] org.apache.jasper.servlet.TldScanner.scanJars At least one JAR was scanned for TLDs yet contained no TLDs. Enable debug logging for this logger for a complete list of JARs that were scanned but no TLDs were found in them. Skipping unneeded JARs during scanning can improve startup time and JSP compilation time.
26-Feb-2025 18:15:27.712 INFO [main] org.apache.catalina.startup.HostConfig.deployWAR Deployment of web application archive [/home/serega/YandexPr/Middle/Final_Sprint_Tasks/Spring/blog/apache-tomcat-11/webapps/blog.war] has finished in [3 469] ms
26-Feb-2025 18:15:27.713 INFO [main] org.apache.catalina.startup.HostConfig.deployDirectory Установка веб приложения в папку [/home/serega/YandexPr/Middle/Final_Sprint_Tasks/Spring/blog/apache-tomcat-11/webapps/docs]
26-Feb-2025 18:15:27.736 INFO [main] org.apache.catalina.startup.HostConfig.deployDirectory Deployment of web application directory [/home/serega/YandexPr/Middle/Final_Sprint_Tasks/Spring/blog/apache-tomcat-11/webapps/docs] has finished in [23] ms
26-Feb-2025 18:15:27.736 INFO [main] org.apache.catalina.startup.HostConfig.deployDirectory Установка веб приложения в папку [/home/serega/YandexPr/Middle/Final_Sprint_Tasks/Spring/blog/apache-tomcat-11/webapps/ROOT]
26-Feb-2025 18:15:27.754 INFO [main] org.apache.catalina.startup.HostConfig.deployDirectory Deployment of web application directory [/home/serega/YandexPr/Middle/Final_Sprint_Tasks/Spring/blog/apache-tomcat-11/webapps/ROOT] has finished in [18] ms
26-Feb-2025 18:15:27.755 INFO [main] org.apache.catalina.startup.HostConfig.deployDirectory Установка веб приложения в папку [/home/serega/YandexPr/Middle/Final_Sprint_Tasks/Spring/blog/apache-tomcat-11/webapps/examples]
26-Feb-2025 18:15:27.986 INFO [main] org.apache.catalina.startup.HostConfig.deployDirectory Deployment of web application directory [/home/serega/YandexPr/Middle/Final_Sprint_Tasks/Spring/blog/apache-tomcat-11/webapps/examples] has finished in [231] ms
26-Feb-2025 18:15:27.986 INFO [main] org.apache.catalina.startup.HostConfig.deployDirectory Установка веб приложения в папку [/home/serega/YandexPr/Middle/Final_Sprint_Tasks/Spring/blog/apache-tomcat-11/webapps/host-manager]
26-Feb-2025 18:15:28.018 INFO [main] org.apache.catalina.startup.HostConfig.deployDirectory Deployment of web application directory [/home/serega/YandexPr/Middle/Final_Sprint_Tasks/Spring/blog/apache-tomcat-11/webapps/host-manager] has finished in [32] ms
26-Feb-2025 18:15:28.019 INFO [main] org.apache.catalina.startup.HostConfig.deployDirectory Установка веб приложения в папку [/home/serega/YandexPr/Middle/Final_Sprint_Tasks/Spring/blog/apache-tomcat-11/webapps/manager]
26-Feb-2025 18:15:28.046 INFO [main] org.apache.catalina.startup.HostConfig.deployDirectory Deployment of web application directory [/home/serega/YandexPr/Middle/Final_Sprint_Tasks/Spring/blog/apache-tomcat-11/webapps/manager] has finished in [28] ms
26-Feb-2025 18:15:28.051 INFO [main] org.apache.coyote.AbstractProtocol.start Starting ProtocolHandler ["http-nio-8080"]
26-Feb-2025 18:15:28.061 INFO [main] org.apache.catalina.startup.Catalina.start Server startup in [3885] milliseconds
26-Feb-2025 18:21:33.651 INFO [main] org.apache.catalina.core.StandardServer.await A valid shutdown command was received via the shutdown port. Stopping the Server instance.
26-Feb-2025 18:21:33.651 INFO [main] org.apache.coyote.AbstractProtocol.pause Pausing ProtocolHandler ["http-nio-8080"]
26-Feb-2025 18:21:33.652 INFO [main] org.apache.catalina.core.StandardService.stopInternal Stopping service [Catalina]
26-Feb-2025 18:21:33.668 WARNING [main] org.apache.catalina.loader.WebappClassLoaderBase.clearReferencesJdbc The web application [blog] registered the JDBC driver [org.postgresql.Driver] but failed to unregister it when the web application was stopped. To prevent a memory leak, the JDBC Driver has been forcibly unregistered.
26-Feb-2025 18:21:33.684 INFO [main] org.apache.coyote.AbstractProtocol.stop Stopping ProtocolHandler ["http-nio-8080"]
26-Feb-2025 18:21:33.697 INFO [main] org.apache.coyote.AbstractProtocol.destroy Destroying ProtocolHandler ["http-nio-8080"]
26-Feb-2025 18:21:36.012 INFO [main] org.apache.catalina.startup.VersionLoggerListener.log Имя версии сервера:    Apache Tomcat/11.0.2
26-Feb-2025 18:21:36.017 INFO [main] org.apache.catalina.startup.VersionLoggerListener.log Сервер собран:         Dec 5 2024 15:19:37 UTC
26-Feb-2025 18:21:36.017 INFO [main] org.apache.catalina.startup.VersionLoggerListener.log Номер версии сервера:  11.0.2.0
26-Feb-2025 18:21:36.017 INFO [main] org.apache.catalina.startup.VersionLoggerListener.log OS Name:               Linux
26-Feb-2025 18:21:36.017 INFO [main] org.apache.catalina.startup.VersionLoggerListener.log Версия ОС:             6.8.0-52-generic
26-Feb-2025 18:21:36.017 INFO [main] org.apache.catalina.startup.VersionLoggerListener.log Архитектура:           amd64
26-Feb-2025 18:21:36.018 INFO [main] org.apache.catalina.startup.VersionLoggerListener.log Java Home:             /usr/lib/jvm/java-21-openjdk-amd64
26-Feb-2025 18:21:36.018 INFO [main] org.apache.catalina.startup.VersionLoggerListener.log Версия JVM:            21.0.6+7-Ubuntu-124.04.1
26-Feb-2025 18:21:36.018 INFO [main] org.apache.catalina.startup.VersionLoggerListener.log Производитель JVM:     Ubuntu
26-Feb-2025 18:21:36.018 INFO [main] org.apache.catalina.startup.VersionLoggerListener.log CATALINA_BASE:         /home/serega/YandexPr/Middle/Final_Sprint_Tasks/Spring/blog/apache-tomcat-11
26-Feb-2025 18:21:36.018 INFO [main] org.apache.catalina.startup.VersionLoggerListener.log CATALINA_HOME:         /home/serega/YandexPr/Middle/Final_Sprint_Tasks/Spring/blog/apache-tomcat-11
26-Feb-2025 18:21:36.028 INFO [main] org.apache.catalina.startup.VersionLoggerListener.log Command line argument: -Djava.util.logging.config.file=/home/serega/YandexPr/Middle/Final_Sprint_Tasks/Spring/blog/apache-tomcat-11/conf/logging.properties
26-Feb-2025 18:21:36.028 INFO [main] org.apache.catalina.startup.VersionLoggerListener.log Command line argument: -Djava.util.logging.manager=org.apache.juli.ClassLoaderLogManager
26-Feb-2025 18:21:36.029 INFO [main] org.apache.catalina.startup.VersionLoggerListener.log Command line argument: -Djdk.tls.ephemeralDHKeySize=2048
26-Feb-2025 18:21:36.029 INFO [main] org.apache.catalina.startup.VersionLoggerListener.log Command line argument: -Dorg.apache.catalina.security.SecurityListener.UMASK=0027
26-Feb-2025 18:21:36.029 INFO [main] org.apache.catalina.startup.VersionLoggerListener.log Command line argument: --add-opens=java.base/java.lang=ALL-UNNAMED
26-Feb-2025 18:21:36.029 INFO [main] org.apache.catalina.startup.VersionLoggerListener.log Command line argument: --add-opens=java.base/java.io=ALL-UNNAMED
26-Feb-2025 18:21:36.029 INFO [main] org.apache.catalina.startup.VersionLoggerListener.log Command line argument: --add-opens=java.base/java.util=ALL-UNNAMED
26-Feb-2025 18:21:36.029 INFO [main] org.apache.catalina.startup.VersionLoggerListener.log Command line argument: --add-opens=java.base/java.util.concurrent=ALL-UNNAMED
26-Feb-2025 18:21:36.029 INFO [main] org.apache.catalina.startup.VersionLoggerListener.log Command line argument: --add-opens=java.rmi/sun.rmi.transport=ALL-UNNAMED
26-Feb-2025 18:21:36.029 INFO [main] org.apache.catalina.startup.VersionLoggerListener.log Command line argument: --enable-native-access=ALL-UNNAMED
26-Feb-2025 18:21:36.029 INFO [main] org.apache.catalina.startup.VersionLoggerListener.log Command line argument: -Dcatalina.base=/home/serega/YandexPr/Middle/Final_Sprint_Tasks/Spring/blog/apache-tomcat-11
26-Feb-2025 18:21:36.029 INFO [main] org.apache.catalina.startup.VersionLoggerListener.log Command line argument: -Dcatalina.home=/home/serega/YandexPr/Middle/Final_Sprint_Tasks/Spring/blog/apache-tomcat-11
26-Feb-2025 18:21:36.030 INFO [main] org.apache.catalina.startup.VersionLoggerListener.log Command line argument: -Djava.io.tmpdir=/home/serega/YandexPr/Middle/Final_Sprint_Tasks/Spring/blog/apache-tomcat-11/temp
26-Feb-2025 18:21:36.031 INFO [main] org.apache.catalina.core.AprLifecycleListener.lifecycleEvent The Apache Tomcat Native library which allows using OpenSSL was not found on the java.library.path: [/usr/java/packages/lib:/usr/lib/x86_64-linux-gnu/jni:/lib/x86_64-linux-gnu:/usr/lib/x86_64-linux-gnu:/usr/lib/jni:/lib:/usr/lib]
26-Feb-2025 18:21:36.468 INFO [main] org.apache.coyote.AbstractProtocol.init Инициализация ProtocolHandler ["http-nio-8080"]
26-Feb-2025 18:21:36.494 INFO [main] org.apache.catalina.startup.Catalina.load Server initialization in [677] milliseconds
26-Feb-2025 18:21:36.552 INFO [main] org.apache.catalina.core.StandardService.startInternal Starting service [Catalina]
26-Feb-2025 18:21:36.553 INFO [main] org.apache.catalina.core.StandardEngine.startInternal Starting Servlet engine: [Apache Tomcat/11.0.2]
26-Feb-2025 18:21:36.572 INFO [main] org.apache.catalina.startup.HostConfig.deployWAR Deploying web application archive [/home/serega/YandexPr/Middle/Final_Sprint_Tasks/Spring/blog/apache-tomcat-11/webapps/blog.war]
26-Feb-2025 18:21:38.198 INFO [main] org.apache.jasper.servlet.TldScanner.scanJars At least one JAR was scanned for TLDs yet contained no TLDs. Enable debug logging for this logger for a complete list of JARs that were scanned but no TLDs were found in them. Skipping unneeded JARs during scanning can improve startup time and JSP compilation time.
26-Feb-2025 18:21:39.824 INFO [main] org.apache.catalina.startup.HostConfig.deployWAR Deployment of web application archive [/home/serega/YandexPr/Middle/Final_Sprint_Tasks/Spring/blog/apache-tomcat-11/webapps/blog.war] has finished in [3 252] ms
26-Feb-2025 18:21:39.824 INFO [main] org.apache.catalina.startup.HostConfig.deployDirectory Установка веб приложения в папку [/home/serega/YandexPr/Middle/Final_Sprint_Tasks/Spring/blog/apache-tomcat-11/webapps/docs]
26-Feb-2025 18:21:39.846 INFO [main] org.apache.catalina.startup.HostConfig.deployDirectory Deployment of web application directory [/home/serega/YandexPr/Middle/Final_Sprint_Tasks/Spring/blog/apache-tomcat-11/webapps/docs] has finished in [22] ms
26-Feb-2025 18:21:39.847 INFO [main] org.apache.catalina.startup.HostConfig.deployDirectory Установка веб приложения в папку [/home/serega/YandexPr/Middle/Final_Sprint_Tasks/Spring/blog/apache-tomcat-11/webapps/ROOT]
26-Feb-2025 18:21:39.872 INFO [main] org.apache.catalina.startup.HostConfig.deployDirectory Deployment of web application directory [/home/serega/YandexPr/Middle/Final_Sprint_Tasks/Spring/blog/apache-tomcat-11/webapps/ROOT] has finished in [25] ms
26-Feb-2025 18:21:39.872 INFO [main] org.apache.catalina.startup.HostConfig.deployDirectory Установка веб приложения в папку [/home/serega/YandexPr/Middle/Final_Sprint_Tasks/Spring/blog/apache-tomcat-11/webapps/examples]
26-Feb-2025 18:21:40.091 INFO [main] org.apache.catalina.startup.HostConfig.deployDirectory Deployment of web application directory [/home/serega/YandexPr/Middle/Final_Sprint_Tasks/Spring/blog/apache-tomcat-11/webapps/examples] has finished in [219] ms
26-Feb-2025 18:21:40.091 INFO [main] org.apache.catalina.startup.HostConfig.deployDirectory Установка веб приложения в папку [/home/serega/YandexPr/Middle/Final_Sprint_Tasks/Spring/blog/apache-tomcat-11/webapps/host-manager]
26-Feb-2025 18:21:40.114 INFO [main] org.apache.catalina.startup.HostConfig.deployDirectory Deployment of web application directory [/home/serega/YandexPr/Middle/Final_Sprint_Tasks/Spring/blog/apache-tomcat-11/webapps/host-manager] has finished in [23] ms
26-Feb-2025 18:21:40.115 INFO [main] org.apache.catalina.startup.HostConfig.deployDirectory Установка веб приложения в папку [/home/serega/YandexPr/Middle/Final_Sprint_Tasks/Spring/blog/apache-tomcat-11/webapps/manager]
26-Feb-2025 18:21:40.144 INFO [main] org.apache.catalina.startup.HostConfig.deployDirectory Deployment of web application directory [/home/serega/YandexPr/Middle/Final_Sprint_Tasks/Spring/blog/apache-tomcat-11/webapps/manager] has finished in [29] ms
26-Feb-2025 18:21:40.152 INFO [main] org.apache.coyote.AbstractProtocol.start Starting ProtocolHandler ["http-nio-8080"]
26-Feb-2025 18:21:40.162 INFO [main] org.apache.catalina.startup.Catalina.start Server startup in [3666] milliseconds
26-Feb-2025 18:25:17.644 INFO [main] org.apache.catalina.core.StandardServer.await A valid shutdown command was received via the shutdown port. Stopping the Server instance.
26-Feb-2025 18:25:17.646 INFO [main] org.apache.coyote.AbstractProtocol.pause Pausing ProtocolHandler ["http-nio-8080"]
26-Feb-2025 18:25:17.647 INFO [main] org.apache.catalina.core.StandardService.stopInternal Stopping service [Catalina]
26-Feb-2025 18:25:17.662 WARNING [main] org.apache.catalina.loader.WebappClassLoaderBase.clearReferencesJdbc The web application [blog] registered the JDBC driver [org.postgresql.Driver] but failed to unregister it when the web application was stopped. To prevent a memory leak, the JDBC Driver has been forcibly unregistered.
26-Feb-2025 18:25:17.677 INFO [main] org.apache.coyote.AbstractProtocol.stop Stopping ProtocolHandler ["http-nio-8080"]
26-Feb-2025 18:25:17.681 INFO [main] org.apache.coyote.AbstractProtocol.destroy Destroying ProtocolHandler ["http-nio-8080"]
26-Feb-2025 18:25:24.671 INFO [main] org.apache.catalina.startup.VersionLoggerListener.log Имя версии сервера:    Apache Tomcat/11.0.2
26-Feb-2025 18:25:24.675 INFO [main] org.apache.catalina.startup.VersionLoggerListener.log Сервер собран:         Dec 5 2024 15:19:37 UTC
26-Feb-2025 18:25:24.675 INFO [main] org.apache.catalina.startup.VersionLoggerListener.log Номер версии сервера:  11.0.2.0
26-Feb-2025 18:25:24.676 INFO [main] org.apache.catalina.startup.VersionLoggerListener.log OS Name:               Linux
26-Feb-2025 18:25:24.676 INFO [main] org.apache.catalina.startup.VersionLoggerListener.log Версия ОС:             6.8.0-52-generic
26-Feb-2025 18:25:24.676 INFO [main] org.apache.catalina.startup.VersionLoggerListener.log Архитектура:           amd64
26-Feb-2025 18:25:24.676 INFO [main] org.apache.catalina.startup.VersionLoggerListener.log Java Home:             /usr/lib/jvm/java-21-openjdk-amd64
26-Feb-2025 18:25:24.676 INFO [main] org.apache.catalina.startup.VersionLoggerListener.log Версия JVM:            21.0.6+7-Ubuntu-124.04.1
26-Feb-2025 18:25:24.676 INFO [main] org.apache.catalina.startup.VersionLoggerListener.log Производитель JVM:     Ubuntu
26-Feb-2025 18:25:24.676 INFO [main] org.apache.catalina.startup.VersionLoggerListener.log CATALINA_BASE:         /home/serega/YandexPr/Middle/Final_Sprint_Tasks/Spring/blog/apache-tomcat-11
26-Feb-2025 18:25:24.676 INFO [main] org.apache.catalina.startup.VersionLoggerListener.log CATALINA_HOME:         /home/serega/YandexPr/Middle/Final_Sprint_Tasks/Spring/blog/apache-tomcat-11
26-Feb-2025 18:25:24.686 INFO [main] org.apache.catalina.startup.VersionLoggerListener.log Command line argument: -Djava.util.logging.config.file=/home/serega/YandexPr/Middle/Final_Sprint_Tasks/Spring/blog/apache-tomcat-11/conf/logging.properties
26-Feb-2025 18:25:24.686 INFO [main] org.apache.catalina.startup.VersionLoggerListener.log Command line argument: -Djava.util.logging.manager=org.apache.juli.ClassLoaderLogManager
26-Feb-2025 18:25:24.686 INFO [main] org.apache.catalina.startup.VersionLoggerListener.log Command line argument: -Djdk.tls.ephemeralDHKeySize=2048
26-Feb-2025 18:25:24.687 INFO [main] org.apache.catalina.startup.VersionLoggerListener.log Command line argument: -Dorg.apache.catalina.security.SecurityListener.UMASK=0027
26-Feb-2025 18:25:24.687 INFO [main] org.apache.catalina.startup.VersionLoggerListener.log Command line argument: --add-opens=java.base/java.lang=ALL-UNNAMED
26-Feb-2025 18:25:24.687 INFO [main] org.apache.catalina.startup.VersionLoggerListener.log Command line argument: --add-opens=java.base/java.io=ALL-UNNAMED
26-Feb-2025 18:25:24.687 INFO [main] org.apache.catalina.startup.VersionLoggerListener.log Command line argument: --add-opens=java.base/java.util=ALL-UNNAMED
26-Feb-2025 18:25:24.687 INFO [main] org.apache.catalina.startup.VersionLoggerListener.log Command line argument: --add-opens=java.base/java.util.concurrent=ALL-UNNAMED
26-Feb-2025 18:25:24.687 INFO [main] org.apache.catalina.startup.VersionLoggerListener.log Command line argument: --add-opens=java.rmi/sun.rmi.transport=ALL-UNNAMED
26-Feb-2025 18:25:24.687 INFO [main] org.apache.catalina.startup.VersionLoggerListener.log Command line argument: --enable-native-access=ALL-UNNAMED
26-Feb-2025 18:25:24.687 INFO [main] org.apache.catalina.startup.VersionLoggerListener.log Command line argument: -Dcatalina.base=/home/serega/YandexPr/Middle/Final_Sprint_Tasks/Spring/blog/apache-tomcat-11
26-Feb-2025 18:25:24.687 INFO [main] org.apache.catalina.startup.VersionLoggerListener.log Command line argument: -Dcatalina.home=/home/serega/YandexPr/Middle/Final_Sprint_Tasks/Spring/blog/apache-tomcat-11
26-Feb-2025 18:25:24.687 INFO [main] org.apache.catalina.startup.VersionLoggerListener.log Command line argument: -Djava.io.tmpdir=/home/serega/YandexPr/Middle/Final_Sprint_Tasks/Spring/blog/apache-tomcat-11/temp
26-Feb-2025 18:25:24.690 INFO [main] org.apache.catalina.core.AprLifecycleListener.lifecycleEvent The Apache Tomcat Native library which allows using OpenSSL was not found on the java.library.path: [/usr/java/packages/lib:/usr/lib/x86_64-linux-gnu/jni:/lib/x86_64-linux-gnu:/usr/lib/x86_64-linux-gnu:/usr/lib/jni:/lib:/usr/lib]
26-Feb-2025 18:25:25.125 INFO [main] org.apache.coyote.AbstractProtocol.init Инициализация ProtocolHandler ["http-nio-8080"]
26-Feb-2025 18:25:25.150 INFO [main] org.apache.catalina.startup.Catalina.load Server initialization in [668] milliseconds
26-Feb-2025 18:25:25.208 INFO [main] org.apache.catalina.core.StandardService.startInternal Starting service [Catalina]
26-Feb-2025 18:25:25.208 INFO [main] org.apache.catalina.core.StandardEngine.startInternal Starting Servlet engine: [Apache Tomcat/11.0.2]
26-Feb-2025 18:25:25.227 INFO [main] org.apache.catalina.startup.HostConfig.deployWAR Deploying web application archive [/home/serega/YandexPr/Middle/Final_Sprint_Tasks/Spring/blog/apache-tomcat-11/webapps/blog.war]
26-Feb-2025 18:25:26.952 INFO [main] org.apache.jasper.servlet.TldScanner.scanJars At least one JAR was scanned for TLDs yet contained no TLDs. Enable debug logging for this logger for a complete list of JARs that were scanned but no TLDs were found in them. Skipping unneeded JARs during scanning can improve startup time and JSP compilation time.
26-Feb-2025 18:25:28.948 INFO [main] org.apache.catalina.startup.HostConfig.deployWAR Deployment of web application archive [/home/serega/YandexPr/Middle/Final_Sprint_Tasks/Spring/blog/apache-tomcat-11/webapps/blog.war] has finished in [3 720] ms
26-Feb-2025 18:25:28.948 INFO [main] org.apache.catalina.startup.HostConfig.deployDirectory Установка веб приложения в папку [/home/serega/YandexPr/Middle/Final_Sprint_Tasks/Spring/blog/apache-tomcat-11/webapps/docs]
26-Feb-2025 18:25:28.972 INFO [main] org.apache.catalina.startup.HostConfig.deployDirectory Deployment of web application directory [/home/serega/YandexPr/Middle/Final_Sprint_Tasks/Spring/blog/apache-tomcat-11/webapps/docs] has finished in [24] ms
26-Feb-2025 18:25:28.972 INFO [main] org.apache.catalina.startup.HostConfig.deployDirectory Установка веб приложения в папку [/home/serega/YandexPr/Middle/Final_Sprint_Tasks/Spring/blog/apache-tomcat-11/webapps/ROOT]
26-Feb-2025 18:25:28.991 INFO [main] org.apache.catalina.startup.HostConfig.deployDirectory Deployment of web application directory [/home/serega/YandexPr/Middle/Final_Sprint_Tasks/Spring/blog/apache-tomcat-11/webapps/ROOT] has finished in [19] ms
26-Feb-2025 18:25:28.991 INFO [main] org.apache.catalina.startup.HostConfig.deployDirectory Установка веб приложения в папку [/home/serega/YandexPr/Middle/Final_Sprint_Tasks/Spring/blog/apache-tomcat-11/webapps/examples]
26-Feb-2025 18:25:29.181 INFO [main] org.apache.catalina.startup.HostConfig.deployDirectory Deployment of web application directory [/home/serega/YandexPr/Middle/Final_Sprint_Tasks/Spring/blog/apache-tomcat-11/webapps/examples] has finished in [190] ms
26-Feb-2025 18:25:29.181 INFO [main] org.apache.catalina.startup.HostConfig.deployDirectory Установка веб приложения в папку [/home/serega/YandexPr/Middle/Final_Sprint_Tasks/Spring/blog/apache-tomcat-11/webapps/host-manager]
26-Feb-2025 18:25:29.216 INFO [main] org.apache.catalina.startup.HostConfig.deployDirectory Deployment of web application directory [/home/serega/YandexPr/Middle/Final_Sprint_Tasks/Spring/blog/apache-tomcat-11/webapps/host-manager] has finished in [35] ms
26-Feb-2025 18:25:29.216 INFO [main] org.apache.catalina.startup.HostConfig.deployDirectory Установка веб приложения в папку [/home/serega/YandexPr/Middle/Final_Sprint_Tasks/Spring/blog/apache-tomcat-11/webapps/manager]
26-Feb-2025 18:25:29.236 INFO [main] org.apache.catalina.startup.HostConfig.deployDirectory Deployment of web application directory [/home/serega/YandexPr/Middle/Final_Sprint_Tasks/Spring/blog/apache-tomcat-11/webapps/manager] has finished in [20] ms
26-Feb-2025 18:25:29.241 INFO [main] org.apache.coyote.AbstractProtocol.start Starting ProtocolHandler ["http-nio-8080"]
26-Feb-2025 18:25:29.251 INFO [main] org.apache.catalina.startup.Catalina.start Server startup in [4099] milliseconds
26-Feb-2025 23:10:28.294 INFO [main] org.apache.catalina.core.StandardServer.await A valid shutdown command was received via the shutdown port. Stopping the Server instance.
26-Feb-2025 23:10:28.295 INFO [main] org.apache.coyote.AbstractProtocol.pause Pausing ProtocolHandler ["http-nio-8080"]
26-Feb-2025 23:10:28.297 INFO [main] org.apache.catalina.core.StandardService.stopInternal Stopping service [Catalina]
26-Feb-2025 23:10:28.316 WARNING [main] org.apache.catalina.loader.WebappClassLoaderBase.clearReferencesJdbc The web application [blog] registered the JDBC driver [org.postgresql.Driver] but failed to unregister it when the web application was stopped. To prevent a memory leak, the JDBC Driver has been forcibly unregistered.
26-Feb-2025 23:10:28.345 INFO [main] org.apache.coyote.AbstractProtocol.stop Stopping ProtocolHandler ["http-nio-8080"]
26-Feb-2025 23:10:28.351 INFO [main] org.apache.coyote.AbstractProtocol.destroy Destroying ProtocolHandler ["http-nio-8080"]
