10-Jan-2025 06:30:47.859 INFO [main] org.apache.catalina.startup.VersionLoggerListener.log Имя версии сервера:    Apache Tomcat/11.0.2
10-Jan-2025 06:30:47.865 INFO [main] org.apache.catalina.startup.VersionLoggerListener.log Сервер собран:         Dec 5 2024 15:19:37 UTC
10-Jan-2025 06:30:47.866 INFO [main] org.apache.catalina.startup.VersionLoggerListener.log Номер версии сервера:  11.0.2.0
10-Jan-2025 06:30:47.866 INFO [main] org.apache.catalina.startup.VersionLoggerListener.log OS Name:               Linux
10-Jan-2025 06:30:47.866 INFO [main] org.apache.catalina.startup.VersionLoggerListener.log Версия ОС:             6.8.0-51-generic
10-Jan-2025 06:30:47.866 INFO [main] org.apache.catalina.startup.VersionLoggerListener.log Архитектура:           amd64
10-Jan-2025 06:30:47.866 INFO [main] org.apache.catalina.startup.VersionLoggerListener.log Java Home:             /usr/lib/jvm/java-21-openjdk-amd64
10-Jan-2025 06:30:47.867 INFO [main] org.apache.catalina.startup.VersionLoggerListener.log Версия JVM:            21.0.5+11-Ubuntu-1ubuntu124.04
10-Jan-2025 06:30:47.867 INFO [main] org.apache.catalina.startup.VersionLoggerListener.log Производитель JVM:     Ubuntu
10-Jan-2025 06:30:47.867 INFO [main] org.apache.catalina.startup.VersionLoggerListener.log CATALINA_BASE:         /home/serega/YandexPr/Middle/Final_Sprint_Tasks/Spring/apache-tomcat-11.0.2
10-Jan-2025 06:30:47.867 INFO [main] org.apache.catalina.startup.VersionLoggerListener.log CATALINA_HOME:         /home/serega/YandexPr/Middle/Final_Sprint_Tasks/Spring/apache-tomcat-11.0.2
10-Jan-2025 06:30:47.882 INFO [main] org.apache.catalina.startup.VersionLoggerListener.log Command line argument: -Djava.util.logging.config.file=/home/serega/YandexPr/Middle/Final_Sprint_Tasks/Spring/apache-tomcat-11.0.2/conf/logging.properties
10-Jan-2025 06:30:47.882 INFO [main] org.apache.catalina.startup.VersionLoggerListener.log Command line argument: -Djava.util.logging.manager=org.apache.juli.ClassLoaderLogManager
10-Jan-2025 06:30:47.882 INFO [main] org.apache.catalina.startup.VersionLoggerListener.log Command line argument: -Djdk.tls.ephemeralDHKeySize=2048
10-Jan-2025 06:30:47.882 INFO [main] org.apache.catalina.startup.VersionLoggerListener.log Command line argument: -Dorg.apache.catalina.security.SecurityListener.UMASK=0027
10-Jan-2025 06:30:47.882 INFO [main] org.apache.catalina.startup.VersionLoggerListener.log Command line argument: --add-opens=java.base/java.lang=ALL-UNNAMED
10-Jan-2025 06:30:47.882 INFO [main] org.apache.catalina.startup.VersionLoggerListener.log Command line argument: --add-opens=java.base/java.io=ALL-UNNAMED
10-Jan-2025 06:30:47.883 INFO [main] org.apache.catalina.startup.VersionLoggerListener.log Command line argument: --add-opens=java.base/java.util=ALL-UNNAMED
10-Jan-2025 06:30:47.883 INFO [main] org.apache.catalina.startup.VersionLoggerListener.log Command line argument: --add-opens=java.base/java.util.concurrent=ALL-UNNAMED
10-Jan-2025 06:30:47.883 INFO [main] org.apache.catalina.startup.VersionLoggerListener.log Command line argument: --add-opens=java.rmi/sun.rmi.transport=ALL-UNNAMED
10-Jan-2025 06:30:47.883 INFO [main] org.apache.catalina.startup.VersionLoggerListener.log Command line argument: --enable-native-access=ALL-UNNAMED
10-Jan-2025 06:30:47.883 INFO [main] org.apache.catalina.startup.VersionLoggerListener.log Command line argument: -Dcatalina.base=/home/serega/YandexPr/Middle/Final_Sprint_Tasks/Spring/apache-tomcat-11.0.2
10-Jan-2025 06:30:47.883 INFO [main] org.apache.catalina.startup.VersionLoggerListener.log Command line argument: -Dcatalina.home=/home/serega/YandexPr/Middle/Final_Sprint_Tasks/Spring/apache-tomcat-11.0.2
10-Jan-2025 06:30:47.883 INFO [main] org.apache.catalina.startup.VersionLoggerListener.log Command line argument: -Djava.io.tmpdir=/home/serega/YandexPr/Middle/Final_Sprint_Tasks/Spring/apache-tomcat-11.0.2/temp
10-Jan-2025 06:30:47.887 INFO [main] org.apache.catalina.core.AprLifecycleListener.lifecycleEvent The Apache Tomcat Native library which allows using OpenSSL was not found on the java.library.path: [/usr/java/packages/lib:/usr/lib/x86_64-linux-gnu/jni:/lib/x86_64-linux-gnu:/usr/lib/x86_64-linux-gnu:/usr/lib/jni:/lib:/usr/lib]
10-Jan-2025 06:30:48.282 INFO [main] org.apache.coyote.AbstractProtocol.init Инициализация ProtocolHandler ["http-nio-8080"]
10-Jan-2025 06:30:48.310 INFO [main] org.apache.catalina.startup.Catalina.load Server initialization in [685] milliseconds
10-Jan-2025 06:30:48.400 INFO [main] org.apache.catalina.core.StandardService.startInternal Starting service [Catalina]
10-Jan-2025 06:30:48.400 INFO [main] org.apache.catalina.core.StandardEngine.startInternal Starting Servlet engine: [Apache Tomcat/11.0.2]
10-Jan-2025 06:30:48.438 INFO [main] org.apache.catalina.startup.HostConfig.deployDirectory Установка веб приложения в папку [/home/serega/YandexPr/Middle/Final_Sprint_Tasks/Spring/apache-tomcat-11.0.2/webapps/docs]
10-Jan-2025 06:30:49.112 INFO [main] org.apache.catalina.startup.HostConfig.deployDirectory Deployment of web application directory [/home/serega/YandexPr/Middle/Final_Sprint_Tasks/Spring/apache-tomcat-11.0.2/webapps/docs] has finished in [663] ms
10-Jan-2025 06:30:49.113 INFO [main] org.apache.catalina.startup.HostConfig.deployDirectory Установка веб приложения в папку [/home/serega/YandexPr/Middle/Final_Sprint_Tasks/Spring/apache-tomcat-11.0.2/webapps/ROOT]
10-Jan-2025 06:30:49.143 INFO [main] org.apache.catalina.startup.HostConfig.deployDirectory Deployment of web application directory [/home/serega/YandexPr/Middle/Final_Sprint_Tasks/Spring/apache-tomcat-11.0.2/webapps/ROOT] has finished in [30] ms
10-Jan-2025 06:30:49.143 INFO [main] org.apache.catalina.startup.HostConfig.deployDirectory Установка веб приложения в папку [/home/serega/YandexPr/Middle/Final_Sprint_Tasks/Spring/apache-tomcat-11.0.2/webapps/examples]
10-Jan-2025 06:30:49.456 INFO [main] org.apache.catalina.startup.HostConfig.deployDirectory Deployment of web application directory [/home/serega/YandexPr/Middle/Final_Sprint_Tasks/Spring/apache-tomcat-11.0.2/webapps/examples] has finished in [312] ms
10-Jan-2025 06:30:49.456 INFO [main] org.apache.catalina.startup.HostConfig.deployDirectory Установка веб приложения в папку [/home/serega/YandexPr/Middle/Final_Sprint_Tasks/Spring/apache-tomcat-11.0.2/webapps/host-manager]
10-Jan-2025 06:30:49.486 INFO [main] org.apache.catalina.startup.HostConfig.deployDirectory Deployment of web application directory [/home/serega/YandexPr/Middle/Final_Sprint_Tasks/Spring/apache-tomcat-11.0.2/webapps/host-manager] has finished in [30] ms
10-Jan-2025 06:30:49.486 INFO [main] org.apache.catalina.startup.HostConfig.deployDirectory Установка веб приложения в папку [/home/serega/YandexPr/Middle/Final_Sprint_Tasks/Spring/apache-tomcat-11.0.2/webapps/manager]
10-Jan-2025 06:30:49.508 INFO [main] org.apache.catalina.startup.HostConfig.deployDirectory Deployment of web application directory [/home/serega/YandexPr/Middle/Final_Sprint_Tasks/Spring/apache-tomcat-11.0.2/webapps/manager] has finished in [22] ms
10-Jan-2025 06:30:49.512 INFO [main] org.apache.coyote.AbstractProtocol.start Starting ProtocolHandler ["http-nio-8080"]
10-Jan-2025 06:30:49.523 INFO [main] org.apache.catalina.startup.Catalina.start Server startup in [1211] milliseconds
10-Jan-2025 20:22:07.291 INFO [main] org.apache.catalina.startup.VersionLoggerListener.log Имя версии сервера:    Apache Tomcat/11.0.2
10-Jan-2025 20:22:07.297 INFO [main] org.apache.catalina.startup.VersionLoggerListener.log Сервер собран:         Dec 5 2024 15:19:37 UTC
10-Jan-2025 20:22:07.298 INFO [main] org.apache.catalina.startup.VersionLoggerListener.log Номер версии сервера:  11.0.2.0
10-Jan-2025 20:22:07.298 INFO [main] org.apache.catalina.startup.VersionLoggerListener.log OS Name:               Linux
10-Jan-2025 20:22:07.298 INFO [main] org.apache.catalina.startup.VersionLoggerListener.log Версия ОС:             6.8.0-51-generic
10-Jan-2025 20:22:07.298 INFO [main] org.apache.catalina.startup.VersionLoggerListener.log Архитектура:           amd64
10-Jan-2025 20:22:07.298 INFO [main] org.apache.catalina.startup.VersionLoggerListener.log Java Home:             /usr/lib/jvm/java-21-openjdk-amd64
10-Jan-2025 20:22:07.298 INFO [main] org.apache.catalina.startup.VersionLoggerListener.log Версия JVM:            21.0.5+11-Ubuntu-1ubuntu124.04
10-Jan-2025 20:22:07.298 INFO [main] org.apache.catalina.startup.VersionLoggerListener.log Производитель JVM:     Ubuntu
10-Jan-2025 20:22:07.299 INFO [main] org.apache.catalina.startup.VersionLoggerListener.log CATALINA_BASE:         /home/serega/YandexPr/Middle/Final_Sprint_Tasks/Spring/apache-tomcat-11.0.2
10-Jan-2025 20:22:07.299 INFO [main] org.apache.catalina.startup.VersionLoggerListener.log CATALINA_HOME:         /home/serega/YandexPr/Middle/Final_Sprint_Tasks/Spring/apache-tomcat-11.0.2
10-Jan-2025 20:22:07.317 INFO [main] org.apache.catalina.startup.VersionLoggerListener.log Command line argument: -Djava.util.logging.config.file=/home/serega/YandexPr/Middle/Final_Sprint_Tasks/Spring/apache-tomcat-11.0.2/conf/logging.properties
10-Jan-2025 20:22:07.317 INFO [main] org.apache.catalina.startup.VersionLoggerListener.log Command line argument: -Djava.util.logging.manager=org.apache.juli.ClassLoaderLogManager
10-Jan-2025 20:22:07.317 INFO [main] org.apache.catalina.startup.VersionLoggerListener.log Command line argument: -Djdk.tls.ephemeralDHKeySize=2048
10-Jan-2025 20:22:07.317 INFO [main] org.apache.catalina.startup.VersionLoggerListener.log Command line argument: -Dorg.apache.catalina.security.SecurityListener.UMASK=0027
10-Jan-2025 20:22:07.318 INFO [main] org.apache.catalina.startup.VersionLoggerListener.log Command line argument: --add-opens=java.base/java.lang=ALL-UNNAMED
10-Jan-2025 20:22:07.318 INFO [main] org.apache.catalina.startup.VersionLoggerListener.log Command line argument: --add-opens=java.base/java.io=ALL-UNNAMED
10-Jan-2025 20:22:07.318 INFO [main] org.apache.catalina.startup.VersionLoggerListener.log Command line argument: --add-opens=java.base/java.util=ALL-UNNAMED
10-Jan-2025 20:22:07.318 INFO [main] org.apache.catalina.startup.VersionLoggerListener.log Command line argument: --add-opens=java.base/java.util.concurrent=ALL-UNNAMED
10-Jan-2025 20:22:07.318 INFO [main] org.apache.catalina.startup.VersionLoggerListener.log Command line argument: --add-opens=java.rmi/sun.rmi.transport=ALL-UNNAMED
10-Jan-2025 20:22:07.318 INFO [main] org.apache.catalina.startup.VersionLoggerListener.log Command line argument: --enable-native-access=ALL-UNNAMED
10-Jan-2025 20:22:07.318 INFO [main] org.apache.catalina.startup.VersionLoggerListener.log Command line argument: -Dcatalina.base=/home/serega/YandexPr/Middle/Final_Sprint_Tasks/Spring/apache-tomcat-11.0.2
10-Jan-2025 20:22:07.319 INFO [main] org.apache.catalina.startup.VersionLoggerListener.log Command line argument: -Dcatalina.home=/home/serega/YandexPr/Middle/Final_Sprint_Tasks/Spring/apache-tomcat-11.0.2
10-Jan-2025 20:22:07.319 INFO [main] org.apache.catalina.startup.VersionLoggerListener.log Command line argument: -Djava.io.tmpdir=/home/serega/YandexPr/Middle/Final_Sprint_Tasks/Spring/apache-tomcat-11.0.2/temp
10-Jan-2025 20:22:07.321 INFO [main] org.apache.catalina.core.AprLifecycleListener.lifecycleEvent The Apache Tomcat Native library which allows using OpenSSL was not found on the java.library.path: [/usr/java/packages/lib:/usr/lib/x86_64-linux-gnu/jni:/lib/x86_64-linux-gnu:/usr/lib/x86_64-linux-gnu:/usr/lib/jni:/lib:/usr/lib]
10-Jan-2025 20:22:07.723 INFO [main] org.apache.coyote.AbstractProtocol.init Инициализация ProtocolHandler ["http-nio-8080"]
10-Jan-2025 20:22:07.753 INFO [main] org.apache.catalina.startup.Catalina.load Server initialization in [703] milliseconds
10-Jan-2025 20:22:07.803 INFO [main] org.apache.catalina.core.StandardService.startInternal Starting service [Catalina]
10-Jan-2025 20:22:07.803 INFO [main] org.apache.catalina.core.StandardEngine.startInternal Starting Servlet engine: [Apache Tomcat/11.0.2]
10-Jan-2025 20:22:07.812 INFO [main] org.apache.catalina.startup.HostConfig.deployDirectory Установка веб приложения в папку [/home/serega/YandexPr/Middle/Final_Sprint_Tasks/Spring/apache-tomcat-11.0.2/webapps/docs]
10-Jan-2025 20:22:08.151 INFO [main] org.apache.catalina.startup.HostConfig.deployDirectory Deployment of web application directory [/home/serega/YandexPr/Middle/Final_Sprint_Tasks/Spring/apache-tomcat-11.0.2/webapps/docs] has finished in [335] ms
10-Jan-2025 20:22:08.152 INFO [main] org.apache.catalina.startup.HostConfig.deployDirectory Установка веб приложения в папку [/home/serega/YandexPr/Middle/Final_Sprint_Tasks/Spring/apache-tomcat-11.0.2/webapps/ROOT]
10-Jan-2025 20:22:08.177 INFO [main] org.apache.catalina.startup.HostConfig.deployDirectory Deployment of web application directory [/home/serega/YandexPr/Middle/Final_Sprint_Tasks/Spring/apache-tomcat-11.0.2/webapps/ROOT] has finished in [25] ms
10-Jan-2025 20:22:08.177 INFO [main] org.apache.catalina.startup.HostConfig.deployDirectory Установка веб приложения в папку [/home/serega/YandexPr/Middle/Final_Sprint_Tasks/Spring/apache-tomcat-11.0.2/webapps/examples]
10-Jan-2025 20:22:08.464 INFO [main] org.apache.catalina.startup.HostConfig.deployDirectory Deployment of web application directory [/home/serega/YandexPr/Middle/Final_Sprint_Tasks/Spring/apache-tomcat-11.0.2/webapps/examples] has finished in [287] ms
10-Jan-2025 20:22:08.464 INFO [main] org.apache.catalina.startup.HostConfig.deployDirectory Установка веб приложения в папку [/home/serega/YandexPr/Middle/Final_Sprint_Tasks/Spring/apache-tomcat-11.0.2/webapps/host-manager]
10-Jan-2025 20:22:08.493 INFO [main] org.apache.catalina.startup.HostConfig.deployDirectory Deployment of web application directory [/home/serega/YandexPr/Middle/Final_Sprint_Tasks/Spring/apache-tomcat-11.0.2/webapps/host-manager] has finished in [28] ms
10-Jan-2025 20:22:08.493 INFO [main] org.apache.catalina.startup.HostConfig.deployDirectory Установка веб приложения в папку [/home/serega/YandexPr/Middle/Final_Sprint_Tasks/Spring/apache-tomcat-11.0.2/webapps/manager]
10-Jan-2025 20:22:08.515 INFO [main] org.apache.catalina.startup.HostConfig.deployDirectory Deployment of web application directory [/home/serega/YandexPr/Middle/Final_Sprint_Tasks/Spring/apache-tomcat-11.0.2/webapps/manager] has finished in [22] ms
10-Jan-2025 20:22:08.520 INFO [main] org.apache.coyote.AbstractProtocol.start Starting ProtocolHandler ["http-nio-8080"]
10-Jan-2025 20:22:08.531 INFO [main] org.apache.catalina.startup.Catalina.start Server startup in [777] milliseconds
10-Jan-2025 20:52:06.265 INFO [main] org.apache.catalina.startup.VersionLoggerListener.log Имя версии сервера:    Apache Tomcat/11.0.2
10-Jan-2025 20:52:06.272 INFO [main] org.apache.catalina.startup.VersionLoggerListener.log Сервер собран:         Dec 5 2024 15:19:37 UTC
10-Jan-2025 20:52:06.272 INFO [main] org.apache.catalina.startup.VersionLoggerListener.log Номер версии сервера:  11.0.2.0
10-Jan-2025 20:52:06.272 INFO [main] org.apache.catalina.startup.VersionLoggerListener.log OS Name:               Linux
10-Jan-2025 20:52:06.273 INFO [main] org.apache.catalina.startup.VersionLoggerListener.log Версия ОС:             6.8.0-51-generic
10-Jan-2025 20:52:06.273 INFO [main] org.apache.catalina.startup.VersionLoggerListener.log Архитектура:           amd64
10-Jan-2025 20:52:06.273 INFO [main] org.apache.catalina.startup.VersionLoggerListener.log Java Home:             /usr/lib/jvm/java-21-openjdk-amd64
10-Jan-2025 20:52:06.274 INFO [main] org.apache.catalina.startup.VersionLoggerListener.log Версия JVM:            21.0.5+11-Ubuntu-1ubuntu124.04
10-Jan-2025 20:52:06.274 INFO [main] org.apache.catalina.startup.VersionLoggerListener.log Производитель JVM:     Ubuntu
10-Jan-2025 20:52:06.274 INFO [main] org.apache.catalina.startup.VersionLoggerListener.log CATALINA_BASE:         /home/serega/YandexPr/Middle/Final_Sprint_Tasks/Spring/apache-tomcat-11.0.2
10-Jan-2025 20:52:06.274 INFO [main] org.apache.catalina.startup.VersionLoggerListener.log CATALINA_HOME:         /home/serega/YandexPr/Middle/Final_Sprint_Tasks/Spring/apache-tomcat-11.0.2
10-Jan-2025 20:52:06.294 INFO [main] org.apache.catalina.startup.VersionLoggerListener.log Command line argument: -Djava.util.logging.config.file=/home/serega/YandexPr/Middle/Final_Sprint_Tasks/Spring/apache-tomcat-11.0.2/conf/logging.properties
10-Jan-2025 20:52:06.294 INFO [main] org.apache.catalina.startup.VersionLoggerListener.log Command line argument: -Djava.util.logging.manager=org.apache.juli.ClassLoaderLogManager
10-Jan-2025 20:52:06.294 INFO [main] org.apache.catalina.startup.VersionLoggerListener.log Command line argument: -Djdk.tls.ephemeralDHKeySize=2048
10-Jan-2025 20:52:06.295 INFO [main] org.apache.catalina.startup.VersionLoggerListener.log Command line argument: -Dorg.apache.catalina.security.SecurityListener.UMASK=0027
10-Jan-2025 20:52:06.295 INFO [main] org.apache.catalina.startup.VersionLoggerListener.log Command line argument: --add-opens=java.base/java.lang=ALL-UNNAMED
10-Jan-2025 20:52:06.295 INFO [main] org.apache.catalina.startup.VersionLoggerListener.log Command line argument: --add-opens=java.base/java.io=ALL-UNNAMED
10-Jan-2025 20:52:06.295 INFO [main] org.apache.catalina.startup.VersionLoggerListener.log Command line argument: --add-opens=java.base/java.util=ALL-UNNAMED
10-Jan-2025 20:52:06.295 INFO [main] org.apache.catalina.startup.VersionLoggerListener.log Command line argument: --add-opens=java.base/java.util.concurrent=ALL-UNNAMED
10-Jan-2025 20:52:06.295 INFO [main] org.apache.catalina.startup.VersionLoggerListener.log Command line argument: --add-opens=java.rmi/sun.rmi.transport=ALL-UNNAMED
10-Jan-2025 20:52:06.296 INFO [main] org.apache.catalina.startup.VersionLoggerListener.log Command line argument: --enable-native-access=ALL-UNNAMED
10-Jan-2025 20:52:06.296 INFO [main] org.apache.catalina.startup.VersionLoggerListener.log Command line argument: -Dcatalina.base=/home/serega/YandexPr/Middle/Final_Sprint_Tasks/Spring/apache-tomcat-11.0.2
10-Jan-2025 20:52:06.296 INFO [main] org.apache.catalina.startup.VersionLoggerListener.log Command line argument: -Dcatalina.home=/home/serega/YandexPr/Middle/Final_Sprint_Tasks/Spring/apache-tomcat-11.0.2
10-Jan-2025 20:52:06.296 INFO [main] org.apache.catalina.startup.VersionLoggerListener.log Command line argument: -Djava.io.tmpdir=/home/serega/YandexPr/Middle/Final_Sprint_Tasks/Spring/apache-tomcat-11.0.2/temp
10-Jan-2025 20:52:06.299 INFO [main] org.apache.catalina.core.AprLifecycleListener.lifecycleEvent The Apache Tomcat Native library which allows using OpenSSL was not found on the java.library.path: [/usr/java/packages/lib:/usr/lib/x86_64-linux-gnu/jni:/lib/x86_64-linux-gnu:/usr/lib/x86_64-linux-gnu:/usr/lib/jni:/lib:/usr/lib]
10-Jan-2025 20:52:06.724 INFO [main] org.apache.coyote.AbstractProtocol.init Инициализация ProtocolHandler ["http-nio-8080"]
10-Jan-2025 20:52:06.754 INFO [main] org.apache.catalina.startup.Catalina.load Server initialization in [741] milliseconds
10-Jan-2025 20:52:06.806 INFO [main] org.apache.catalina.core.StandardService.startInternal Starting service [Catalina]
10-Jan-2025 20:52:06.806 INFO [main] org.apache.catalina.core.StandardEngine.startInternal Starting Servlet engine: [Apache Tomcat/11.0.2]
10-Jan-2025 20:52:06.815 INFO [main] org.apache.catalina.startup.HostConfig.deployDirectory Установка веб приложения в папку [/home/serega/YandexPr/Middle/Final_Sprint_Tasks/Spring/apache-tomcat-11.0.2/webapps/docs]
10-Jan-2025 20:52:07.155 INFO [main] org.apache.catalina.startup.HostConfig.deployDirectory Deployment of web application directory [/home/serega/YandexPr/Middle/Final_Sprint_Tasks/Spring/apache-tomcat-11.0.2/webapps/docs] has finished in [336] ms
10-Jan-2025 20:52:07.155 INFO [main] org.apache.catalina.startup.HostConfig.deployDirectory Установка веб приложения в папку [/home/serega/YandexPr/Middle/Final_Sprint_Tasks/Spring/apache-tomcat-11.0.2/webapps/ROOT]
10-Jan-2025 20:52:07.180 INFO [main] org.apache.catalina.startup.HostConfig.deployDirectory Deployment of web application directory [/home/serega/YandexPr/Middle/Final_Sprint_Tasks/Spring/apache-tomcat-11.0.2/webapps/ROOT] has finished in [25] ms
10-Jan-2025 20:52:07.181 INFO [main] org.apache.catalina.startup.HostConfig.deployDirectory Установка веб приложения в папку [/home/serega/YandexPr/Middle/Final_Sprint_Tasks/Spring/apache-tomcat-11.0.2/webapps/examples]
10-Jan-2025 20:52:07.524 INFO [main] org.apache.catalina.startup.HostConfig.deployDirectory Deployment of web application directory [/home/serega/YandexPr/Middle/Final_Sprint_Tasks/Spring/apache-tomcat-11.0.2/webapps/examples] has finished in [343] ms
10-Jan-2025 20:52:07.525 INFO [main] org.apache.catalina.startup.HostConfig.deployDirectory Установка веб приложения в папку [/home/serega/YandexPr/Middle/Final_Sprint_Tasks/Spring/apache-tomcat-11.0.2/webapps/host-manager]
10-Jan-2025 20:52:07.556 INFO [main] org.apache.catalina.startup.HostConfig.deployDirectory Deployment of web application directory [/home/serega/YandexPr/Middle/Final_Sprint_Tasks/Spring/apache-tomcat-11.0.2/webapps/host-manager] has finished in [31] ms
10-Jan-2025 20:52:07.556 INFO [main] org.apache.catalina.startup.HostConfig.deployDirectory Установка веб приложения в папку [/home/serega/YandexPr/Middle/Final_Sprint_Tasks/Spring/apache-tomcat-11.0.2/webapps/manager]
10-Jan-2025 20:52:07.589 INFO [main] org.apache.catalina.startup.HostConfig.deployDirectory Deployment of web application directory [/home/serega/YandexPr/Middle/Final_Sprint_Tasks/Spring/apache-tomcat-11.0.2/webapps/manager] has finished in [32] ms
10-Jan-2025 20:52:07.595 INFO [main] org.apache.coyote.AbstractProtocol.start Starting ProtocolHandler ["http-nio-8080"]
10-Jan-2025 20:52:07.609 INFO [main] org.apache.catalina.startup.Catalina.start Server startup in [853] milliseconds
10-Jan-2025 20:58:41.692 INFO [main] org.apache.catalina.core.StandardServer.await A valid shutdown command was received via the shutdown port. Stopping the Server instance.
10-Jan-2025 20:58:41.693 INFO [main] org.apache.coyote.AbstractProtocol.pause Pausing ProtocolHandler ["http-nio-8080"]
10-Jan-2025 20:58:41.697 INFO [main] org.apache.catalina.core.StandardService.stopInternal Stopping service [Catalina]
10-Jan-2025 20:58:41.728 INFO [main] org.apache.coyote.AbstractProtocol.stop Stopping ProtocolHandler ["http-nio-8080"]
10-Jan-2025 20:58:41.741 INFO [main] org.apache.coyote.AbstractProtocol.destroy Destroying ProtocolHandler ["http-nio-8080"]
10-Jan-2025 21:19:31.712 INFO [main] org.apache.catalina.startup.VersionLoggerListener.log Имя версии сервера:    Apache Tomcat/11.0.2
10-Jan-2025 21:19:31.717 INFO [main] org.apache.catalina.startup.VersionLoggerListener.log Сервер собран:         Dec 5 2024 15:19:37 UTC
10-Jan-2025 21:19:31.717 INFO [main] org.apache.catalina.startup.VersionLoggerListener.log Номер версии сервера:  11.0.2.0
10-Jan-2025 21:19:31.717 INFO [main] org.apache.catalina.startup.VersionLoggerListener.log OS Name:               Linux
10-Jan-2025 21:19:31.717 INFO [main] org.apache.catalina.startup.VersionLoggerListener.log Версия ОС:             6.8.0-51-generic
10-Jan-2025 21:19:31.718 INFO [main] org.apache.catalina.startup.VersionLoggerListener.log Архитектура:           amd64
10-Jan-2025 21:19:31.718 INFO [main] org.apache.catalina.startup.VersionLoggerListener.log Java Home:             /usr/lib/jvm/java-21-openjdk-amd64
10-Jan-2025 21:19:31.718 INFO [main] org.apache.catalina.startup.VersionLoggerListener.log Версия JVM:            21.0.5+11-Ubuntu-1ubuntu124.04
10-Jan-2025 21:19:31.718 INFO [main] org.apache.catalina.startup.VersionLoggerListener.log Производитель JVM:     Ubuntu
10-Jan-2025 21:19:31.718 INFO [main] org.apache.catalina.startup.VersionLoggerListener.log CATALINA_BASE:         /home/serega/YandexPr/Middle/Final_Sprint_Tasks/Spring/apache-tomcat-11.0.2
10-Jan-2025 21:19:31.718 INFO [main] org.apache.catalina.startup.VersionLoggerListener.log CATALINA_HOME:         /home/serega/YandexPr/Middle/Final_Sprint_Tasks/Spring/apache-tomcat-11.0.2
10-Jan-2025 21:19:31.731 INFO [main] org.apache.catalina.startup.VersionLoggerListener.log Command line argument: -Djava.util.logging.config.file=/home/serega/YandexPr/Middle/Final_Sprint_Tasks/Spring/apache-tomcat-11.0.2/conf/logging.properties
10-Jan-2025 21:19:31.731 INFO [main] org.apache.catalina.startup.VersionLoggerListener.log Command line argument: -Djava.util.logging.manager=org.apache.juli.ClassLoaderLogManager
10-Jan-2025 21:19:31.731 INFO [main] org.apache.catalina.startup.VersionLoggerListener.log Command line argument: -Djdk.tls.ephemeralDHKeySize=2048
10-Jan-2025 21:19:31.731 INFO [main] org.apache.catalina.startup.VersionLoggerListener.log Command line argument: -Dorg.apache.catalina.security.SecurityListener.UMASK=0027
10-Jan-2025 21:19:31.732 INFO [main] org.apache.catalina.startup.VersionLoggerListener.log Command line argument: --add-opens=java.base/java.lang=ALL-UNNAMED
10-Jan-2025 21:19:31.732 INFO [main] org.apache.catalina.startup.VersionLoggerListener.log Command line argument: --add-opens=java.base/java.io=ALL-UNNAMED
10-Jan-2025 21:19:31.732 INFO [main] org.apache.catalina.startup.VersionLoggerListener.log Command line argument: --add-opens=java.base/java.util=ALL-UNNAMED
10-Jan-2025 21:19:31.732 INFO [main] org.apache.catalina.startup.VersionLoggerListener.log Command line argument: --add-opens=java.base/java.util.concurrent=ALL-UNNAMED
10-Jan-2025 21:19:31.732 INFO [main] org.apache.catalina.startup.VersionLoggerListener.log Command line argument: --add-opens=java.rmi/sun.rmi.transport=ALL-UNNAMED
10-Jan-2025 21:19:31.732 INFO [main] org.apache.catalina.startup.VersionLoggerListener.log Command line argument: --enable-native-access=ALL-UNNAMED
10-Jan-2025 21:19:31.732 INFO [main] org.apache.catalina.startup.VersionLoggerListener.log Command line argument: -agentlib:jdwp=transport=dt_socket,address=localhost:8000,server=y,suspend=n
10-Jan-2025 21:19:31.732 INFO [main] org.apache.catalina.startup.VersionLoggerListener.log Command line argument: -Dcatalina.base=/home/serega/YandexPr/Middle/Final_Sprint_Tasks/Spring/apache-tomcat-11.0.2
10-Jan-2025 21:19:31.732 INFO [main] org.apache.catalina.startup.VersionLoggerListener.log Command line argument: -Dcatalina.home=/home/serega/YandexPr/Middle/Final_Sprint_Tasks/Spring/apache-tomcat-11.0.2
10-Jan-2025 21:19:31.733 INFO [main] org.apache.catalina.startup.VersionLoggerListener.log Command line argument: -Djava.io.tmpdir=/home/serega/YandexPr/Middle/Final_Sprint_Tasks/Spring/apache-tomcat-11.0.2/temp
10-Jan-2025 21:19:31.734 INFO [main] org.apache.catalina.core.AprLifecycleListener.lifecycleEvent The Apache Tomcat Native library which allows using OpenSSL was not found on the java.library.path: [/usr/java/packages/lib:/usr/lib/x86_64-linux-gnu/jni:/lib/x86_64-linux-gnu:/usr/lib/x86_64-linux-gnu:/usr/lib/jni:/lib:/usr/lib]
10-Jan-2025 21:19:32.197 INFO [main] org.apache.coyote.AbstractProtocol.init Инициализация ProtocolHandler ["http-nio-8080"]
10-Jan-2025 21:19:32.225 INFO [main] org.apache.catalina.startup.Catalina.load Server initialization in [748] milliseconds
10-Jan-2025 21:19:32.275 INFO [main] org.apache.catalina.core.StandardService.startInternal Starting service [Catalina]
10-Jan-2025 21:19:32.276 INFO [main] org.apache.catalina.core.StandardEngine.startInternal Starting Servlet engine: [Apache Tomcat/11.0.2]
10-Jan-2025 21:19:32.296 INFO [main] org.apache.catalina.startup.HostConfig.deployWAR Deploying web application archive [/home/serega/YandexPr/Middle/Final_Sprint_Tasks/Spring/apache-tomcat-11.0.2/webapps/try_spring-1.0-SNAPSHOT.war]
10-Jan-2025 21:19:33.785 INFO [main] org.apache.jasper.servlet.TldScanner.scanJars At least one JAR was scanned for TLDs yet contained no TLDs. Enable debug logging for this logger for a complete list of JARs that were scanned but no TLDs were found in them. Skipping unneeded JARs during scanning can improve startup time and JSP compilation time.
10-Jan-2025 21:19:33.825 INFO [main] org.apache.catalina.startup.HostConfig.deployWAR Deployment of web application archive [/home/serega/YandexPr/Middle/Final_Sprint_Tasks/Spring/apache-tomcat-11.0.2/webapps/try_spring-1.0-SNAPSHOT.war] has finished in [1 526] ms
10-Jan-2025 21:19:33.826 INFO [main] org.apache.catalina.startup.HostConfig.deployDirectory Установка веб приложения в папку [/home/serega/YandexPr/Middle/Final_Sprint_Tasks/Spring/apache-tomcat-11.0.2/webapps/docs]
10-Jan-2025 21:19:33.851 INFO [main] org.apache.catalina.startup.HostConfig.deployDirectory Deployment of web application directory [/home/serega/YandexPr/Middle/Final_Sprint_Tasks/Spring/apache-tomcat-11.0.2/webapps/docs] has finished in [25] ms
10-Jan-2025 21:19:33.851 INFO [main] org.apache.catalina.startup.HostConfig.deployDirectory Установка веб приложения в папку [/home/serega/YandexPr/Middle/Final_Sprint_Tasks/Spring/apache-tomcat-11.0.2/webapps/ROOT]
10-Jan-2025 21:19:33.871 INFO [main] org.apache.catalina.startup.HostConfig.deployDirectory Deployment of web application directory [/home/serega/YandexPr/Middle/Final_Sprint_Tasks/Spring/apache-tomcat-11.0.2/webapps/ROOT] has finished in [19] ms
10-Jan-2025 21:19:33.871 INFO [main] org.apache.catalina.startup.HostConfig.deployDirectory Установка веб приложения в папку [/home/serega/YandexPr/Middle/Final_Sprint_Tasks/Spring/apache-tomcat-11.0.2/webapps/examples]
10-Jan-2025 21:19:34.131 INFO [main] org.apache.catalina.startup.HostConfig.deployDirectory Deployment of web application directory [/home/serega/YandexPr/Middle/Final_Sprint_Tasks/Spring/apache-tomcat-11.0.2/webapps/examples] has finished in [260] ms
10-Jan-2025 21:19:34.132 INFO [main] org.apache.catalina.startup.HostConfig.deployDirectory Установка веб приложения в папку [/home/serega/YandexPr/Middle/Final_Sprint_Tasks/Spring/apache-tomcat-11.0.2/webapps/host-manager]
10-Jan-2025 21:19:34.171 INFO [main] org.apache.catalina.startup.HostConfig.deployDirectory Deployment of web application directory [/home/serega/YandexPr/Middle/Final_Sprint_Tasks/Spring/apache-tomcat-11.0.2/webapps/host-manager] has finished in [39] ms
10-Jan-2025 21:19:34.171 INFO [main] org.apache.catalina.startup.HostConfig.deployDirectory Установка веб приложения в папку [/home/serega/YandexPr/Middle/Final_Sprint_Tasks/Spring/apache-tomcat-11.0.2/webapps/manager]
10-Jan-2025 21:19:34.196 INFO [main] org.apache.catalina.startup.HostConfig.deployDirectory Deployment of web application directory [/home/serega/YandexPr/Middle/Final_Sprint_Tasks/Spring/apache-tomcat-11.0.2/webapps/manager] has finished in [25] ms
10-Jan-2025 21:19:34.202 INFO [main] org.apache.coyote.AbstractProtocol.start Starting ProtocolHandler ["http-nio-8080"]
10-Jan-2025 21:19:34.214 INFO [main] org.apache.catalina.startup.Catalina.start Server startup in [1987] milliseconds
10-Jan-2025 21:21:50.752 INFO [main] org.apache.catalina.startup.VersionLoggerListener.log Имя версии сервера:    Apache Tomcat/11.0.2
10-Jan-2025 21:21:50.757 INFO [main] org.apache.catalina.startup.VersionLoggerListener.log Сервер собран:         Dec 5 2024 15:19:37 UTC
10-Jan-2025 21:21:50.757 INFO [main] org.apache.catalina.startup.VersionLoggerListener.log Номер версии сервера:  11.0.2.0
10-Jan-2025 21:21:50.757 INFO [main] org.apache.catalina.startup.VersionLoggerListener.log OS Name:               Linux
10-Jan-2025 21:21:50.757 INFO [main] org.apache.catalina.startup.VersionLoggerListener.log Версия ОС:             6.8.0-51-generic
10-Jan-2025 21:21:50.757 INFO [main] org.apache.catalina.startup.VersionLoggerListener.log Архитектура:           amd64
10-Jan-2025 21:21:50.757 INFO [main] org.apache.catalina.startup.VersionLoggerListener.log Java Home:             /usr/lib/jvm/java-21-openjdk-amd64
10-Jan-2025 21:21:50.757 INFO [main] org.apache.catalina.startup.VersionLoggerListener.log Версия JVM:            21.0.5+11-Ubuntu-1ubuntu124.04
10-Jan-2025 21:21:50.758 INFO [main] org.apache.catalina.startup.VersionLoggerListener.log Производитель JVM:     Ubuntu
10-Jan-2025 21:21:50.758 INFO [main] org.apache.catalina.startup.VersionLoggerListener.log CATALINA_BASE:         /home/serega/YandexPr/Middle/Final_Sprint_Tasks/Spring/apache-tomcat-11.0.2
10-Jan-2025 21:21:50.758 INFO [main] org.apache.catalina.startup.VersionLoggerListener.log CATALINA_HOME:         /home/serega/YandexPr/Middle/Final_Sprint_Tasks/Spring/apache-tomcat-11.0.2
10-Jan-2025 21:21:50.768 INFO [main] org.apache.catalina.startup.VersionLoggerListener.log Command line argument: -Djava.util.logging.config.file=/home/serega/YandexPr/Middle/Final_Sprint_Tasks/Spring/apache-tomcat-11.0.2/conf/logging.properties
10-Jan-2025 21:21:50.768 INFO [main] org.apache.catalina.startup.VersionLoggerListener.log Command line argument: -Djava.util.logging.manager=org.apache.juli.ClassLoaderLogManager
10-Jan-2025 21:21:50.769 INFO [main] org.apache.catalina.startup.VersionLoggerListener.log Command line argument: -Djdk.tls.ephemeralDHKeySize=2048
10-Jan-2025 21:21:50.769 INFO [main] org.apache.catalina.startup.VersionLoggerListener.log Command line argument: -Dorg.apache.catalina.security.SecurityListener.UMASK=0027
10-Jan-2025 21:21:50.769 INFO [main] org.apache.catalina.startup.VersionLoggerListener.log Command line argument: --add-opens=java.base/java.lang=ALL-UNNAMED
10-Jan-2025 21:21:50.769 INFO [main] org.apache.catalina.startup.VersionLoggerListener.log Command line argument: --add-opens=java.base/java.io=ALL-UNNAMED
10-Jan-2025 21:21:50.769 INFO [main] org.apache.catalina.startup.VersionLoggerListener.log Command line argument: --add-opens=java.base/java.util=ALL-UNNAMED
10-Jan-2025 21:21:50.769 INFO [main] org.apache.catalina.startup.VersionLoggerListener.log Command line argument: --add-opens=java.base/java.util.concurrent=ALL-UNNAMED
10-Jan-2025 21:21:50.769 INFO [main] org.apache.catalina.startup.VersionLoggerListener.log Command line argument: --add-opens=java.rmi/sun.rmi.transport=ALL-UNNAMED
10-Jan-2025 21:21:50.769 INFO [main] org.apache.catalina.startup.VersionLoggerListener.log Command line argument: --enable-native-access=ALL-UNNAMED
10-Jan-2025 21:21:50.769 INFO [main] org.apache.catalina.startup.VersionLoggerListener.log Command line argument: -agentlib:jdwp=transport=dt_socket,address=localhost:8000,server=y,suspend=n
10-Jan-2025 21:21:50.770 INFO [main] org.apache.catalina.startup.VersionLoggerListener.log Command line argument: -Dcatalina.base=/home/serega/YandexPr/Middle/Final_Sprint_Tasks/Spring/apache-tomcat-11.0.2
10-Jan-2025 21:21:50.770 INFO [main] org.apache.catalina.startup.VersionLoggerListener.log Command line argument: -Dcatalina.home=/home/serega/YandexPr/Middle/Final_Sprint_Tasks/Spring/apache-tomcat-11.0.2
10-Jan-2025 21:21:50.770 INFO [main] org.apache.catalina.startup.VersionLoggerListener.log Command line argument: -Djava.io.tmpdir=/home/serega/YandexPr/Middle/Final_Sprint_Tasks/Spring/apache-tomcat-11.0.2/temp
10-Jan-2025 21:21:50.772 INFO [main] org.apache.catalina.core.AprLifecycleListener.lifecycleEvent The Apache Tomcat Native library which allows using OpenSSL was not found on the java.library.path: [/usr/java/packages/lib:/usr/lib/x86_64-linux-gnu/jni:/lib/x86_64-linux-gnu:/usr/lib/x86_64-linux-gnu:/usr/lib/jni:/lib:/usr/lib]
10-Jan-2025 21:21:51.218 INFO [main] org.apache.coyote.AbstractProtocol.init Инициализация ProtocolHandler ["http-nio-8080"]
10-Jan-2025 21:21:51.245 INFO [main] org.apache.catalina.startup.Catalina.load Server initialization in [729] milliseconds
10-Jan-2025 21:21:51.297 INFO [main] org.apache.catalina.core.StandardService.startInternal Starting service [Catalina]
10-Jan-2025 21:21:51.298 INFO [main] org.apache.catalina.core.StandardEngine.startInternal Starting Servlet engine: [Apache Tomcat/11.0.2]
10-Jan-2025 21:21:51.318 INFO [main] org.apache.catalina.startup.HostConfig.deployWAR Deploying web application archive [/home/serega/YandexPr/Middle/Final_Sprint_Tasks/Spring/apache-tomcat-11.0.2/webapps/try_spring-1.0-SNAPSHOT.war]
10-Jan-2025 21:21:52.696 INFO [main] org.apache.jasper.servlet.TldScanner.scanJars At least one JAR was scanned for TLDs yet contained no TLDs. Enable debug logging for this logger for a complete list of JARs that were scanned but no TLDs were found in them. Skipping unneeded JARs during scanning can improve startup time and JSP compilation time.
10-Jan-2025 21:21:52.738 INFO [main] org.apache.catalina.startup.HostConfig.deployWAR Deployment of web application archive [/home/serega/YandexPr/Middle/Final_Sprint_Tasks/Spring/apache-tomcat-11.0.2/webapps/try_spring-1.0-SNAPSHOT.war] has finished in [1 417] ms
10-Jan-2025 21:21:52.739 INFO [main] org.apache.catalina.startup.HostConfig.deployDirectory Установка веб приложения в папку [/home/serega/YandexPr/Middle/Final_Sprint_Tasks/Spring/apache-tomcat-11.0.2/webapps/docs]
10-Jan-2025 21:21:52.774 INFO [main] org.apache.catalina.startup.HostConfig.deployDirectory Deployment of web application directory [/home/serega/YandexPr/Middle/Final_Sprint_Tasks/Spring/apache-tomcat-11.0.2/webapps/docs] has finished in [35] ms
10-Jan-2025 21:21:52.774 INFO [main] org.apache.catalina.startup.HostConfig.deployDirectory Установка веб приложения в папку [/home/serega/YandexPr/Middle/Final_Sprint_Tasks/Spring/apache-tomcat-11.0.2/webapps/ROOT]
10-Jan-2025 21:21:52.791 INFO [main] org.apache.catalina.startup.HostConfig.deployDirectory Deployment of web application directory [/home/serega/YandexPr/Middle/Final_Sprint_Tasks/Spring/apache-tomcat-11.0.2/webapps/ROOT] has finished in [17] ms
10-Jan-2025 21:21:52.791 INFO [main] org.apache.catalina.startup.HostConfig.deployDirectory Установка веб приложения в папку [/home/serega/YandexPr/Middle/Final_Sprint_Tasks/Spring/apache-tomcat-11.0.2/webapps/examples]
10-Jan-2025 21:21:53.011 INFO [main] org.apache.catalina.startup.HostConfig.deployDirectory Deployment of web application directory [/home/serega/YandexPr/Middle/Final_Sprint_Tasks/Spring/apache-tomcat-11.0.2/webapps/examples] has finished in [219] ms
10-Jan-2025 21:21:53.011 INFO [main] org.apache.catalina.startup.HostConfig.deployDirectory Установка веб приложения в папку [/home/serega/YandexPr/Middle/Final_Sprint_Tasks/Spring/apache-tomcat-11.0.2/webapps/host-manager]
10-Jan-2025 21:21:53.047 INFO [main] org.apache.catalina.startup.HostConfig.deployDirectory Deployment of web application directory [/home/serega/YandexPr/Middle/Final_Sprint_Tasks/Spring/apache-tomcat-11.0.2/webapps/host-manager] has finished in [36] ms
10-Jan-2025 21:21:53.047 INFO [main] org.apache.catalina.startup.HostConfig.deployDirectory Установка веб приложения в папку [/home/serega/YandexPr/Middle/Final_Sprint_Tasks/Spring/apache-tomcat-11.0.2/webapps/manager]
10-Jan-2025 21:21:53.079 INFO [main] org.apache.catalina.startup.HostConfig.deployDirectory Deployment of web application directory [/home/serega/YandexPr/Middle/Final_Sprint_Tasks/Spring/apache-tomcat-11.0.2/webapps/manager] has finished in [31] ms
10-Jan-2025 21:21:53.085 INFO [main] org.apache.coyote.AbstractProtocol.start Starting ProtocolHandler ["http-nio-8080"]
10-Jan-2025 21:21:53.099 INFO [main] org.apache.catalina.startup.Catalina.start Server startup in [1852] milliseconds
10-Jan-2025 21:26:18.333 INFO [main] org.apache.catalina.startup.VersionLoggerListener.log Имя версии сервера:    Apache Tomcat/11.0.2
10-Jan-2025 21:26:18.339 INFO [main] org.apache.catalina.startup.VersionLoggerListener.log Сервер собран:         Dec 5 2024 15:19:37 UTC
10-Jan-2025 21:26:18.339 INFO [main] org.apache.catalina.startup.VersionLoggerListener.log Номер версии сервера:  11.0.2.0
10-Jan-2025 21:26:18.339 INFO [main] org.apache.catalina.startup.VersionLoggerListener.log OS Name:               Linux
10-Jan-2025 21:26:18.340 INFO [main] org.apache.catalina.startup.VersionLoggerListener.log Версия ОС:             6.8.0-51-generic
10-Jan-2025 21:26:18.340 INFO [main] org.apache.catalina.startup.VersionLoggerListener.log Архитектура:           amd64
10-Jan-2025 21:26:18.340 INFO [main] org.apache.catalina.startup.VersionLoggerListener.log Java Home:             /usr/lib/jvm/java-21-openjdk-amd64
10-Jan-2025 21:26:18.340 INFO [main] org.apache.catalina.startup.VersionLoggerListener.log Версия JVM:            21.0.5+11-Ubuntu-1ubuntu124.04
10-Jan-2025 21:26:18.341 INFO [main] org.apache.catalina.startup.VersionLoggerListener.log Производитель JVM:     Ubuntu
10-Jan-2025 21:26:18.341 INFO [main] org.apache.catalina.startup.VersionLoggerListener.log CATALINA_BASE:         /home/serega/YandexPr/Middle/Final_Sprint_Tasks/Spring/apache-tomcat-11.0.2
10-Jan-2025 21:26:18.341 INFO [main] org.apache.catalina.startup.VersionLoggerListener.log CATALINA_HOME:         /home/serega/YandexPr/Middle/Final_Sprint_Tasks/Spring/apache-tomcat-11.0.2
10-Jan-2025 21:26:18.355 INFO [main] org.apache.catalina.startup.VersionLoggerListener.log Command line argument: -Djava.util.logging.config.file=/home/serega/YandexPr/Middle/Final_Sprint_Tasks/Spring/apache-tomcat-11.0.2/conf/logging.properties
10-Jan-2025 21:26:18.356 INFO [main] org.apache.catalina.startup.VersionLoggerListener.log Command line argument: -Djava.util.logging.manager=org.apache.juli.ClassLoaderLogManager
10-Jan-2025 21:26:18.356 INFO [main] org.apache.catalina.startup.VersionLoggerListener.log Command line argument: -Djdk.tls.ephemeralDHKeySize=2048
10-Jan-2025 21:26:18.356 INFO [main] org.apache.catalina.startup.VersionLoggerListener.log Command line argument: -Dorg.apache.catalina.security.SecurityListener.UMASK=0027
10-Jan-2025 21:26:18.356 INFO [main] org.apache.catalina.startup.VersionLoggerListener.log Command line argument: --add-opens=java.base/java.lang=ALL-UNNAMED
10-Jan-2025 21:26:18.356 INFO [main] org.apache.catalina.startup.VersionLoggerListener.log Command line argument: --add-opens=java.base/java.io=ALL-UNNAMED
10-Jan-2025 21:26:18.356 INFO [main] org.apache.catalina.startup.VersionLoggerListener.log Command line argument: --add-opens=java.base/java.util=ALL-UNNAMED
10-Jan-2025 21:26:18.357 INFO [main] org.apache.catalina.startup.VersionLoggerListener.log Command line argument: --add-opens=java.base/java.util.concurrent=ALL-UNNAMED
10-Jan-2025 21:26:18.357 INFO [main] org.apache.catalina.startup.VersionLoggerListener.log Command line argument: --add-opens=java.rmi/sun.rmi.transport=ALL-UNNAMED
10-Jan-2025 21:26:18.357 INFO [main] org.apache.catalina.startup.VersionLoggerListener.log Command line argument: --enable-native-access=ALL-UNNAMED
10-Jan-2025 21:26:18.357 INFO [main] org.apache.catalina.startup.VersionLoggerListener.log Command line argument: -agentlib:jdwp=transport=dt_socket,address=localhost:8000,server=y,suspend=n
10-Jan-2025 21:26:18.357 INFO [main] org.apache.catalina.startup.VersionLoggerListener.log Command line argument: -Dcatalina.base=/home/serega/YandexPr/Middle/Final_Sprint_Tasks/Spring/apache-tomcat-11.0.2
10-Jan-2025 21:26:18.357 INFO [main] org.apache.catalina.startup.VersionLoggerListener.log Command line argument: -Dcatalina.home=/home/serega/YandexPr/Middle/Final_Sprint_Tasks/Spring/apache-tomcat-11.0.2
10-Jan-2025 21:26:18.358 INFO [main] org.apache.catalina.startup.VersionLoggerListener.log Command line argument: -Djava.io.tmpdir=/home/serega/YandexPr/Middle/Final_Sprint_Tasks/Spring/apache-tomcat-11.0.2/temp
10-Jan-2025 21:26:18.360 INFO [main] org.apache.catalina.core.AprLifecycleListener.lifecycleEvent The Apache Tomcat Native library which allows using OpenSSL was not found on the java.library.path: [/usr/java/packages/lib:/usr/lib/x86_64-linux-gnu/jni:/lib/x86_64-linux-gnu:/usr/lib/x86_64-linux-gnu:/usr/lib/jni:/lib:/usr/lib]
10-Jan-2025 21:26:18.765 INFO [main] org.apache.coyote.AbstractProtocol.init Инициализация ProtocolHandler ["http-nio-8080"]
10-Jan-2025 21:26:18.790 INFO [main] org.apache.catalina.startup.Catalina.load Server initialization in [683] milliseconds
10-Jan-2025 21:26:18.836 INFO [main] org.apache.catalina.core.StandardService.startInternal Starting service [Catalina]
10-Jan-2025 21:26:18.836 INFO [main] org.apache.catalina.core.StandardEngine.startInternal Starting Servlet engine: [Apache Tomcat/11.0.2]
10-Jan-2025 21:26:18.852 INFO [main] org.apache.catalina.startup.HostConfig.deployWAR Deploying web application archive [/home/serega/YandexPr/Middle/Final_Sprint_Tasks/Spring/apache-tomcat-11.0.2/webapps/try_spring-1.0-SNAPSHOT.war]
10-Jan-2025 21:26:20.263 INFO [main] org.apache.jasper.servlet.TldScanner.scanJars At least one JAR was scanned for TLDs yet contained no TLDs. Enable debug logging for this logger for a complete list of JARs that were scanned but no TLDs were found in them. Skipping unneeded JARs during scanning can improve startup time and JSP compilation time.
10-Jan-2025 21:26:20.296 INFO [main] org.apache.catalina.startup.HostConfig.deployWAR Deployment of web application archive [/home/serega/YandexPr/Middle/Final_Sprint_Tasks/Spring/apache-tomcat-11.0.2/webapps/try_spring-1.0-SNAPSHOT.war] has finished in [1 441] ms
10-Jan-2025 21:26:20.297 INFO [main] org.apache.catalina.startup.HostConfig.deployDirectory Установка веб приложения в папку [/home/serega/YandexPr/Middle/Final_Sprint_Tasks/Spring/apache-tomcat-11.0.2/webapps/docs]
10-Jan-2025 21:26:20.322 INFO [main] org.apache.catalina.startup.HostConfig.deployDirectory Deployment of web application directory [/home/serega/YandexPr/Middle/Final_Sprint_Tasks/Spring/apache-tomcat-11.0.2/webapps/docs] has finished in [25] ms
10-Jan-2025 21:26:20.322 INFO [main] org.apache.catalina.startup.HostConfig.deployDirectory Установка веб приложения в папку [/home/serega/YandexPr/Middle/Final_Sprint_Tasks/Spring/apache-tomcat-11.0.2/webapps/ROOT]
10-Jan-2025 21:26:20.339 INFO [main] org.apache.catalina.startup.HostConfig.deployDirectory Deployment of web application directory [/home/serega/YandexPr/Middle/Final_Sprint_Tasks/Spring/apache-tomcat-11.0.2/webapps/ROOT] has finished in [17] ms
10-Jan-2025 21:26:20.339 INFO [main] org.apache.catalina.startup.HostConfig.deployDirectory Установка веб приложения в папку [/home/serega/YandexPr/Middle/Final_Sprint_Tasks/Spring/apache-tomcat-11.0.2/webapps/examples]
10-Jan-2025 21:26:20.546 INFO [main] org.apache.catalina.startup.HostConfig.deployDirectory Deployment of web application directory [/home/serega/YandexPr/Middle/Final_Sprint_Tasks/Spring/apache-tomcat-11.0.2/webapps/examples] has finished in [207] ms
10-Jan-2025 21:26:20.546 INFO [main] org.apache.catalina.startup.HostConfig.deployDirectory Установка веб приложения в папку [/home/serega/YandexPr/Middle/Final_Sprint_Tasks/Spring/apache-tomcat-11.0.2/webapps/host-manager]
10-Jan-2025 21:26:20.574 INFO [main] org.apache.catalina.startup.HostConfig.deployDirectory Deployment of web application directory [/home/serega/YandexPr/Middle/Final_Sprint_Tasks/Spring/apache-tomcat-11.0.2/webapps/host-manager] has finished in [28] ms
10-Jan-2025 21:26:20.575 INFO [main] org.apache.catalina.startup.HostConfig.deployDirectory Установка веб приложения в папку [/home/serega/YandexPr/Middle/Final_Sprint_Tasks/Spring/apache-tomcat-11.0.2/webapps/manager]
10-Jan-2025 21:26:20.595 INFO [main] org.apache.catalina.startup.HostConfig.deployDirectory Deployment of web application directory [/home/serega/YandexPr/Middle/Final_Sprint_Tasks/Spring/apache-tomcat-11.0.2/webapps/manager] has finished in [20] ms
10-Jan-2025 21:26:20.600 INFO [main] org.apache.coyote.AbstractProtocol.start Starting ProtocolHandler ["http-nio-8080"]
10-Jan-2025 21:26:20.610 INFO [main] org.apache.catalina.startup.Catalina.start Server startup in [1818] milliseconds
10-Jan-2025 21:27:20.879 INFO [main] org.apache.catalina.startup.VersionLoggerListener.log Имя версии сервера:    Apache Tomcat/11.0.2
10-Jan-2025 21:27:20.885 INFO [main] org.apache.catalina.startup.VersionLoggerListener.log Сервер собран:         Dec 5 2024 15:19:37 UTC
10-Jan-2025 21:27:20.885 INFO [main] org.apache.catalina.startup.VersionLoggerListener.log Номер версии сервера:  11.0.2.0
10-Jan-2025 21:27:20.885 INFO [main] org.apache.catalina.startup.VersionLoggerListener.log OS Name:               Linux
10-Jan-2025 21:27:20.886 INFO [main] org.apache.catalina.startup.VersionLoggerListener.log Версия ОС:             6.8.0-51-generic
10-Jan-2025 21:27:20.886 INFO [main] org.apache.catalina.startup.VersionLoggerListener.log Архитектура:           amd64
10-Jan-2025 21:27:20.886 INFO [main] org.apache.catalina.startup.VersionLoggerListener.log Java Home:             /usr/lib/jvm/java-21-openjdk-amd64
10-Jan-2025 21:27:20.886 INFO [main] org.apache.catalina.startup.VersionLoggerListener.log Версия JVM:            21.0.5+11-Ubuntu-1ubuntu124.04
10-Jan-2025 21:27:20.887 INFO [main] org.apache.catalina.startup.VersionLoggerListener.log Производитель JVM:     Ubuntu
10-Jan-2025 21:27:20.887 INFO [main] org.apache.catalina.startup.VersionLoggerListener.log CATALINA_BASE:         /home/serega/YandexPr/Middle/Final_Sprint_Tasks/Spring/apache-tomcat-11.0.2
10-Jan-2025 21:27:20.887 INFO [main] org.apache.catalina.startup.VersionLoggerListener.log CATALINA_HOME:         /home/serega/YandexPr/Middle/Final_Sprint_Tasks/Spring/apache-tomcat-11.0.2
10-Jan-2025 21:27:20.898 INFO [main] org.apache.catalina.startup.VersionLoggerListener.log Command line argument: -Djava.util.logging.config.file=/home/serega/YandexPr/Middle/Final_Sprint_Tasks/Spring/apache-tomcat-11.0.2/conf/logging.properties
10-Jan-2025 21:27:20.899 INFO [main] org.apache.catalina.startup.VersionLoggerListener.log Command line argument: -Djava.util.logging.manager=org.apache.juli.ClassLoaderLogManager
10-Jan-2025 21:27:20.899 INFO [main] org.apache.catalina.startup.VersionLoggerListener.log Command line argument: -Djdk.tls.ephemeralDHKeySize=2048
10-Jan-2025 21:27:20.899 INFO [main] org.apache.catalina.startup.VersionLoggerListener.log Command line argument: -Dorg.apache.catalina.security.SecurityListener.UMASK=0027
10-Jan-2025 21:27:20.899 INFO [main] org.apache.catalina.startup.VersionLoggerListener.log Command line argument: --add-opens=java.base/java.lang=ALL-UNNAMED
10-Jan-2025 21:27:20.899 INFO [main] org.apache.catalina.startup.VersionLoggerListener.log Command line argument: --add-opens=java.base/java.io=ALL-UNNAMED
10-Jan-2025 21:27:20.900 INFO [main] org.apache.catalina.startup.VersionLoggerListener.log Command line argument: --add-opens=java.base/java.util=ALL-UNNAMED
10-Jan-2025 21:27:20.900 INFO [main] org.apache.catalina.startup.VersionLoggerListener.log Command line argument: --add-opens=java.base/java.util.concurrent=ALL-UNNAMED
10-Jan-2025 21:27:20.900 INFO [main] org.apache.catalina.startup.VersionLoggerListener.log Command line argument: --add-opens=java.rmi/sun.rmi.transport=ALL-UNNAMED
10-Jan-2025 21:27:20.900 INFO [main] org.apache.catalina.startup.VersionLoggerListener.log Command line argument: --enable-native-access=ALL-UNNAMED
10-Jan-2025 21:27:20.900 INFO [main] org.apache.catalina.startup.VersionLoggerListener.log Command line argument: -agentlib:jdwp=transport=dt_socket,address=localhost:8000,server=y,suspend=n
10-Jan-2025 21:27:20.900 INFO [main] org.apache.catalina.startup.VersionLoggerListener.log Command line argument: -Dcatalina.base=/home/serega/YandexPr/Middle/Final_Sprint_Tasks/Spring/apache-tomcat-11.0.2
10-Jan-2025 21:27:20.901 INFO [main] org.apache.catalina.startup.VersionLoggerListener.log Command line argument: -Dcatalina.home=/home/serega/YandexPr/Middle/Final_Sprint_Tasks/Spring/apache-tomcat-11.0.2
10-Jan-2025 21:27:20.901 INFO [main] org.apache.catalina.startup.VersionLoggerListener.log Command line argument: -Djava.io.tmpdir=/home/serega/YandexPr/Middle/Final_Sprint_Tasks/Spring/apache-tomcat-11.0.2/temp
10-Jan-2025 21:27:20.903 INFO [main] org.apache.catalina.core.AprLifecycleListener.lifecycleEvent The Apache Tomcat Native library which allows using OpenSSL was not found on the java.library.path: [/usr/java/packages/lib:/usr/lib/x86_64-linux-gnu/jni:/lib/x86_64-linux-gnu:/usr/lib/x86_64-linux-gnu:/usr/lib/jni:/lib:/usr/lib]
10-Jan-2025 21:27:21.308 INFO [main] org.apache.coyote.AbstractProtocol.init Инициализация ProtocolHandler ["http-nio-8080"]
10-Jan-2025 21:27:21.333 INFO [main] org.apache.catalina.startup.Catalina.load Server initialization in [686] milliseconds
10-Jan-2025 21:27:21.378 INFO [main] org.apache.catalina.core.StandardService.startInternal Starting service [Catalina]
10-Jan-2025 21:27:21.378 INFO [main] org.apache.catalina.core.StandardEngine.startInternal Starting Servlet engine: [Apache Tomcat/11.0.2]
10-Jan-2025 21:27:21.394 INFO [main] org.apache.catalina.startup.HostConfig.deployWAR Deploying web application archive [/home/serega/YandexPr/Middle/Final_Sprint_Tasks/Spring/apache-tomcat-11.0.2/webapps/try_spring-1.0-SNAPSHOT.war]
10-Jan-2025 21:27:22.913 INFO [main] org.apache.jasper.servlet.TldScanner.scanJars At least one JAR was scanned for TLDs yet contained no TLDs. Enable debug logging for this logger for a complete list of JARs that were scanned but no TLDs were found in them. Skipping unneeded JARs during scanning can improve startup time and JSP compilation time.
10-Jan-2025 21:27:22.947 INFO [main] org.apache.catalina.startup.HostConfig.deployWAR Deployment of web application archive [/home/serega/YandexPr/Middle/Final_Sprint_Tasks/Spring/apache-tomcat-11.0.2/webapps/try_spring-1.0-SNAPSHOT.war] has finished in [1 550] ms
10-Jan-2025 21:27:22.948 INFO [main] org.apache.catalina.startup.HostConfig.deployDirectory Установка веб приложения в папку [/home/serega/YandexPr/Middle/Final_Sprint_Tasks/Spring/apache-tomcat-11.0.2/webapps/docs]
10-Jan-2025 21:27:22.971 INFO [main] org.apache.catalina.startup.HostConfig.deployDirectory Deployment of web application directory [/home/serega/YandexPr/Middle/Final_Sprint_Tasks/Spring/apache-tomcat-11.0.2/webapps/docs] has finished in [23] ms
10-Jan-2025 21:27:22.971 INFO [main] org.apache.catalina.startup.HostConfig.deployDirectory Установка веб приложения в папку [/home/serega/YandexPr/Middle/Final_Sprint_Tasks/Spring/apache-tomcat-11.0.2/webapps/ROOT]
10-Jan-2025 21:27:22.987 INFO [main] org.apache.catalina.startup.HostConfig.deployDirectory Deployment of web application directory [/home/serega/YandexPr/Middle/Final_Sprint_Tasks/Spring/apache-tomcat-11.0.2/webapps/ROOT] has finished in [16] ms
10-Jan-2025 21:27:22.987 INFO [main] org.apache.catalina.startup.HostConfig.deployDirectory Установка веб приложения в папку [/home/serega/YandexPr/Middle/Final_Sprint_Tasks/Spring/apache-tomcat-11.0.2/webapps/examples]
10-Jan-2025 21:27:23.182 INFO [main] org.apache.catalina.startup.HostConfig.deployDirectory Deployment of web application directory [/home/serega/YandexPr/Middle/Final_Sprint_Tasks/Spring/apache-tomcat-11.0.2/webapps/examples] has finished in [194] ms
10-Jan-2025 21:27:23.182 INFO [main] org.apache.catalina.startup.HostConfig.deployDirectory Установка веб приложения в папку [/home/serega/YandexPr/Middle/Final_Sprint_Tasks/Spring/apache-tomcat-11.0.2/webapps/host-manager]
10-Jan-2025 21:27:23.211 INFO [main] org.apache.catalina.startup.HostConfig.deployDirectory Deployment of web application directory [/home/serega/YandexPr/Middle/Final_Sprint_Tasks/Spring/apache-tomcat-11.0.2/webapps/host-manager] has finished in [29] ms
10-Jan-2025 21:27:23.211 INFO [main] org.apache.catalina.startup.HostConfig.deployDirectory Установка веб приложения в папку [/home/serega/YandexPr/Middle/Final_Sprint_Tasks/Spring/apache-tomcat-11.0.2/webapps/manager]
10-Jan-2025 21:27:23.231 INFO [main] org.apache.catalina.startup.HostConfig.deployDirectory Deployment of web application directory [/home/serega/YandexPr/Middle/Final_Sprint_Tasks/Spring/apache-tomcat-11.0.2/webapps/manager] has finished in [20] ms
10-Jan-2025 21:27:23.236 INFO [main] org.apache.coyote.AbstractProtocol.start Starting ProtocolHandler ["http-nio-8080"]
10-Jan-2025 21:27:23.246 INFO [main] org.apache.catalina.startup.Catalina.start Server startup in [1911] milliseconds
10-Jan-2025 22:07:51.295 INFO [main] org.apache.catalina.startup.VersionLoggerListener.log Имя версии сервера:    Apache Tomcat/11.0.2
10-Jan-2025 22:07:51.301 INFO [main] org.apache.catalina.startup.VersionLoggerListener.log Сервер собран:         Dec 5 2024 15:19:37 UTC
10-Jan-2025 22:07:51.301 INFO [main] org.apache.catalina.startup.VersionLoggerListener.log Номер версии сервера:  11.0.2.0
10-Jan-2025 22:07:51.301 INFO [main] org.apache.catalina.startup.VersionLoggerListener.log OS Name:               Linux
10-Jan-2025 22:07:51.302 INFO [main] org.apache.catalina.startup.VersionLoggerListener.log Версия ОС:             6.8.0-51-generic
10-Jan-2025 22:07:51.302 INFO [main] org.apache.catalina.startup.VersionLoggerListener.log Архитектура:           amd64
10-Jan-2025 22:07:51.302 INFO [main] org.apache.catalina.startup.VersionLoggerListener.log Java Home:             /usr/lib/jvm/java-21-openjdk-amd64
10-Jan-2025 22:07:51.302 INFO [main] org.apache.catalina.startup.VersionLoggerListener.log Версия JVM:            21.0.5+11-Ubuntu-1ubuntu124.04
10-Jan-2025 22:07:51.302 INFO [main] org.apache.catalina.startup.VersionLoggerListener.log Производитель JVM:     Ubuntu
10-Jan-2025 22:07:51.303 INFO [main] org.apache.catalina.startup.VersionLoggerListener.log CATALINA_BASE:         /home/serega/YandexPr/Middle/Final_Sprint_Tasks/Spring/apache-tomcat-11.0.2
10-Jan-2025 22:07:51.303 INFO [main] org.apache.catalina.startup.VersionLoggerListener.log CATALINA_HOME:         /home/serega/YandexPr/Middle/Final_Sprint_Tasks/Spring/apache-tomcat-11.0.2
10-Jan-2025 22:07:51.314 INFO [main] org.apache.catalina.startup.VersionLoggerListener.log Command line argument: -Djava.util.logging.config.file=/home/serega/YandexPr/Middle/Final_Sprint_Tasks/Spring/apache-tomcat-11.0.2/conf/logging.properties
10-Jan-2025 22:07:51.315 INFO [main] org.apache.catalina.startup.VersionLoggerListener.log Command line argument: -Djava.util.logging.manager=org.apache.juli.ClassLoaderLogManager
10-Jan-2025 22:07:51.315 INFO [main] org.apache.catalina.startup.VersionLoggerListener.log Command line argument: -Djdk.tls.ephemeralDHKeySize=2048
10-Jan-2025 22:07:51.315 INFO [main] org.apache.catalina.startup.VersionLoggerListener.log Command line argument: -Dorg.apache.catalina.security.SecurityListener.UMASK=0027
10-Jan-2025 22:07:51.315 INFO [main] org.apache.catalina.startup.VersionLoggerListener.log Command line argument: --add-opens=java.base/java.lang=ALL-UNNAMED
10-Jan-2025 22:07:51.315 INFO [main] org.apache.catalina.startup.VersionLoggerListener.log Command line argument: --add-opens=java.base/java.io=ALL-UNNAMED
10-Jan-2025 22:07:51.315 INFO [main] org.apache.catalina.startup.VersionLoggerListener.log Command line argument: --add-opens=java.base/java.util=ALL-UNNAMED
10-Jan-2025 22:07:51.316 INFO [main] org.apache.catalina.startup.VersionLoggerListener.log Command line argument: --add-opens=java.base/java.util.concurrent=ALL-UNNAMED
10-Jan-2025 22:07:51.316 INFO [main] org.apache.catalina.startup.VersionLoggerListener.log Command line argument: --add-opens=java.rmi/sun.rmi.transport=ALL-UNNAMED
10-Jan-2025 22:07:51.316 INFO [main] org.apache.catalina.startup.VersionLoggerListener.log Command line argument: --enable-native-access=ALL-UNNAMED
10-Jan-2025 22:07:51.316 INFO [main] org.apache.catalina.startup.VersionLoggerListener.log Command line argument: -agentlib:jdwp=transport=dt_socket,address=localhost:8000,server=y,suspend=n
10-Jan-2025 22:07:51.316 INFO [main] org.apache.catalina.startup.VersionLoggerListener.log Command line argument: -Dcatalina.base=/home/serega/YandexPr/Middle/Final_Sprint_Tasks/Spring/apache-tomcat-11.0.2
10-Jan-2025 22:07:51.316 INFO [main] org.apache.catalina.startup.VersionLoggerListener.log Command line argument: -Dcatalina.home=/home/serega/YandexPr/Middle/Final_Sprint_Tasks/Spring/apache-tomcat-11.0.2
10-Jan-2025 22:07:51.316 INFO [main] org.apache.catalina.startup.VersionLoggerListener.log Command line argument: -Djava.io.tmpdir=/home/serega/YandexPr/Middle/Final_Sprint_Tasks/Spring/apache-tomcat-11.0.2/temp
10-Jan-2025 22:07:51.318 INFO [main] org.apache.catalina.core.AprLifecycleListener.lifecycleEvent The Apache Tomcat Native library which allows using OpenSSL was not found on the java.library.path: [/usr/java/packages/lib:/usr/lib/x86_64-linux-gnu/jni:/lib/x86_64-linux-gnu:/usr/lib/x86_64-linux-gnu:/usr/lib/jni:/lib:/usr/lib]
10-Jan-2025 22:07:51.744 INFO [main] org.apache.coyote.AbstractProtocol.init Инициализация ProtocolHandler ["http-nio-8080"]
10-Jan-2025 22:07:51.771 INFO [main] org.apache.catalina.startup.Catalina.load Server initialization in [703] milliseconds
10-Jan-2025 22:07:51.815 INFO [main] org.apache.catalina.core.StandardService.startInternal Starting service [Catalina]
10-Jan-2025 22:07:51.815 INFO [main] org.apache.catalina.core.StandardEngine.startInternal Starting Servlet engine: [Apache Tomcat/11.0.2]
10-Jan-2025 22:07:51.824 INFO [main] org.apache.catalina.startup.HostConfig.deployDirectory Установка веб приложения в папку [/home/serega/YandexPr/Middle/Final_Sprint_Tasks/Spring/apache-tomcat-11.0.2/webapps/docs]
10-Jan-2025 22:07:52.191 INFO [main] org.apache.catalina.startup.HostConfig.deployDirectory Deployment of web application directory [/home/serega/YandexPr/Middle/Final_Sprint_Tasks/Spring/apache-tomcat-11.0.2/webapps/docs] has finished in [364] ms
10-Jan-2025 22:07:52.192 INFO [main] org.apache.catalina.startup.HostConfig.deployDirectory Установка веб приложения в папку [/home/serega/YandexPr/Middle/Final_Sprint_Tasks/Spring/apache-tomcat-11.0.2/webapps/ROOT]
10-Jan-2025 22:07:52.218 INFO [main] org.apache.catalina.startup.HostConfig.deployDirectory Deployment of web application directory [/home/serega/YandexPr/Middle/Final_Sprint_Tasks/Spring/apache-tomcat-11.0.2/webapps/ROOT] has finished in [26] ms
10-Jan-2025 22:07:52.218 INFO [main] org.apache.catalina.startup.HostConfig.deployDirectory Установка веб приложения в папку [/home/serega/YandexPr/Middle/Final_Sprint_Tasks/Spring/apache-tomcat-11.0.2/webapps/examples]
10-Jan-2025 22:07:52.508 INFO [main] org.apache.catalina.startup.HostConfig.deployDirectory Deployment of web application directory [/home/serega/YandexPr/Middle/Final_Sprint_Tasks/Spring/apache-tomcat-11.0.2/webapps/examples] has finished in [290] ms
10-Jan-2025 22:07:52.508 INFO [main] org.apache.catalina.startup.HostConfig.deployDirectory Установка веб приложения в папку [/home/serega/YandexPr/Middle/Final_Sprint_Tasks/Spring/apache-tomcat-11.0.2/webapps/host-manager]
10-Jan-2025 22:07:52.535 INFO [main] org.apache.catalina.startup.HostConfig.deployDirectory Deployment of web application directory [/home/serega/YandexPr/Middle/Final_Sprint_Tasks/Spring/apache-tomcat-11.0.2/webapps/host-manager] has finished in [27] ms
10-Jan-2025 22:07:52.536 INFO [main] org.apache.catalina.startup.HostConfig.deployDirectory Установка веб приложения в папку [/home/serega/YandexPr/Middle/Final_Sprint_Tasks/Spring/apache-tomcat-11.0.2/webapps/manager]
10-Jan-2025 22:07:52.560 INFO [main] org.apache.catalina.startup.HostConfig.deployDirectory Deployment of web application directory [/home/serega/YandexPr/Middle/Final_Sprint_Tasks/Spring/apache-tomcat-11.0.2/webapps/manager] has finished in [23] ms
10-Jan-2025 22:07:52.565 INFO [main] org.apache.coyote.AbstractProtocol.start Starting ProtocolHandler ["http-nio-8080"]
10-Jan-2025 22:07:52.577 INFO [main] org.apache.catalina.startup.Catalina.start Server startup in [805] milliseconds
10-Jan-2025 22:10:30.054 INFO [main] org.apache.catalina.startup.VersionLoggerListener.log Имя версии сервера:    Apache Tomcat/11.0.2
10-Jan-2025 22:10:30.058 INFO [main] org.apache.catalina.startup.VersionLoggerListener.log Сервер собран:         Dec 5 2024 15:19:37 UTC
10-Jan-2025 22:10:30.058 INFO [main] org.apache.catalina.startup.VersionLoggerListener.log Номер версии сервера:  11.0.2.0
10-Jan-2025 22:10:30.058 INFO [main] org.apache.catalina.startup.VersionLoggerListener.log OS Name:               Linux
10-Jan-2025 22:10:30.059 INFO [main] org.apache.catalina.startup.VersionLoggerListener.log Версия ОС:             6.8.0-51-generic
10-Jan-2025 22:10:30.059 INFO [main] org.apache.catalina.startup.VersionLoggerListener.log Архитектура:           amd64
10-Jan-2025 22:10:30.059 INFO [main] org.apache.catalina.startup.VersionLoggerListener.log Java Home:             /usr/lib/jvm/java-21-openjdk-amd64
10-Jan-2025 22:10:30.059 INFO [main] org.apache.catalina.startup.VersionLoggerListener.log Версия JVM:            21.0.5+11-Ubuntu-1ubuntu124.04
10-Jan-2025 22:10:30.059 INFO [main] org.apache.catalina.startup.VersionLoggerListener.log Производитель JVM:     Ubuntu
10-Jan-2025 22:10:30.059 INFO [main] org.apache.catalina.startup.VersionLoggerListener.log CATALINA_BASE:         /home/serega/YandexPr/Middle/Final_Sprint_Tasks/Spring/apache-tomcat-11.0.2
10-Jan-2025 22:10:30.059 INFO [main] org.apache.catalina.startup.VersionLoggerListener.log CATALINA_HOME:         /home/serega/YandexPr/Middle/Final_Sprint_Tasks/Spring/apache-tomcat-11.0.2
10-Jan-2025 22:10:30.071 INFO [main] org.apache.catalina.startup.VersionLoggerListener.log Command line argument: -Djava.util.logging.config.file=/home/serega/YandexPr/Middle/Final_Sprint_Tasks/Spring/apache-tomcat-11.0.2/conf/logging.properties
10-Jan-2025 22:10:30.071 INFO [main] org.apache.catalina.startup.VersionLoggerListener.log Command line argument: -Djava.util.logging.manager=org.apache.juli.ClassLoaderLogManager
10-Jan-2025 22:10:30.071 INFO [main] org.apache.catalina.startup.VersionLoggerListener.log Command line argument: -Djdk.tls.ephemeralDHKeySize=2048
10-Jan-2025 22:10:30.071 INFO [main] org.apache.catalina.startup.VersionLoggerListener.log Command line argument: -Dorg.apache.catalina.security.SecurityListener.UMASK=0027
10-Jan-2025 22:10:30.071 INFO [main] org.apache.catalina.startup.VersionLoggerListener.log Command line argument: --add-opens=java.base/java.lang=ALL-UNNAMED
10-Jan-2025 22:10:30.071 INFO [main] org.apache.catalina.startup.VersionLoggerListener.log Command line argument: --add-opens=java.base/java.io=ALL-UNNAMED
10-Jan-2025 22:10:30.071 INFO [main] org.apache.catalina.startup.VersionLoggerListener.log Command line argument: --add-opens=java.base/java.util=ALL-UNNAMED
10-Jan-2025 22:10:30.072 INFO [main] org.apache.catalina.startup.VersionLoggerListener.log Command line argument: --add-opens=java.base/java.util.concurrent=ALL-UNNAMED
10-Jan-2025 22:10:30.072 INFO [main] org.apache.catalina.startup.VersionLoggerListener.log Command line argument: --add-opens=java.rmi/sun.rmi.transport=ALL-UNNAMED
10-Jan-2025 22:10:30.072 INFO [main] org.apache.catalina.startup.VersionLoggerListener.log Command line argument: --enable-native-access=ALL-UNNAMED
10-Jan-2025 22:10:30.072 INFO [main] org.apache.catalina.startup.VersionLoggerListener.log Command line argument: -agentlib:jdwp=transport=dt_socket,address=localhost:8000,server=y,suspend=n
10-Jan-2025 22:10:30.072 INFO [main] org.apache.catalina.startup.VersionLoggerListener.log Command line argument: -Dcatalina.base=/home/serega/YandexPr/Middle/Final_Sprint_Tasks/Spring/apache-tomcat-11.0.2
10-Jan-2025 22:10:30.072 INFO [main] org.apache.catalina.startup.VersionLoggerListener.log Command line argument: -Dcatalina.home=/home/serega/YandexPr/Middle/Final_Sprint_Tasks/Spring/apache-tomcat-11.0.2
10-Jan-2025 22:10:30.072 INFO [main] org.apache.catalina.startup.VersionLoggerListener.log Command line argument: -Djava.io.tmpdir=/home/serega/YandexPr/Middle/Final_Sprint_Tasks/Spring/apache-tomcat-11.0.2/temp
10-Jan-2025 22:10:30.074 INFO [main] org.apache.catalina.core.AprLifecycleListener.lifecycleEvent The Apache Tomcat Native library which allows using OpenSSL was not found on the java.library.path: [/usr/java/packages/lib:/usr/lib/x86_64-linux-gnu/jni:/lib/x86_64-linux-gnu:/usr/lib/x86_64-linux-gnu:/usr/lib/jni:/lib:/usr/lib]
10-Jan-2025 22:10:30.480 INFO [main] org.apache.coyote.AbstractProtocol.init Инициализация ProtocolHandler ["http-nio-8080"]
10-Jan-2025 22:10:30.507 INFO [main] org.apache.catalina.startup.Catalina.load Server initialization in [669] milliseconds
10-Jan-2025 22:10:30.552 INFO [main] org.apache.catalina.core.StandardService.startInternal Starting service [Catalina]
10-Jan-2025 22:10:30.553 INFO [main] org.apache.catalina.core.StandardEngine.startInternal Starting Servlet engine: [Apache Tomcat/11.0.2]
10-Jan-2025 22:10:30.571 INFO [main] org.apache.catalina.startup.HostConfig.deployWAR Deploying web application archive [/home/serega/YandexPr/Middle/Final_Sprint_Tasks/Spring/apache-tomcat-11.0.2/webapps/try_spring-1.0-SNAPSHOT.war]
10-Jan-2025 22:10:32.055 INFO [main] org.apache.jasper.servlet.TldScanner.scanJars At least one JAR was scanned for TLDs yet contained no TLDs. Enable debug logging for this logger for a complete list of JARs that were scanned but no TLDs were found in them. Skipping unneeded JARs during scanning can improve startup time and JSP compilation time.
10-Jan-2025 22:10:32.094 INFO [main] org.apache.catalina.startup.HostConfig.deployWAR Deployment of web application archive [/home/serega/YandexPr/Middle/Final_Sprint_Tasks/Spring/apache-tomcat-11.0.2/webapps/try_spring-1.0-SNAPSHOT.war] has finished in [1 521] ms
10-Jan-2025 22:10:32.095 INFO [main] org.apache.catalina.startup.HostConfig.deployDirectory Установка веб приложения в папку [/home/serega/YandexPr/Middle/Final_Sprint_Tasks/Spring/apache-tomcat-11.0.2/webapps/docs]
10-Jan-2025 22:10:32.118 INFO [main] org.apache.catalina.startup.HostConfig.deployDirectory Deployment of web application directory [/home/serega/YandexPr/Middle/Final_Sprint_Tasks/Spring/apache-tomcat-11.0.2/webapps/docs] has finished in [23] ms
10-Jan-2025 22:10:32.118 INFO [main] org.apache.catalina.startup.HostConfig.deployDirectory Установка веб приложения в папку [/home/serega/YandexPr/Middle/Final_Sprint_Tasks/Spring/apache-tomcat-11.0.2/webapps/ROOT]
10-Jan-2025 22:10:32.136 INFO [main] org.apache.catalina.startup.HostConfig.deployDirectory Deployment of web application directory [/home/serega/YandexPr/Middle/Final_Sprint_Tasks/Spring/apache-tomcat-11.0.2/webapps/ROOT] has finished in [17] ms
10-Jan-2025 22:10:32.136 INFO [main] org.apache.catalina.startup.HostConfig.deployDirectory Установка веб приложения в папку [/home/serega/YandexPr/Middle/Final_Sprint_Tasks/Spring/apache-tomcat-11.0.2/webapps/examples]
10-Jan-2025 22:10:32.340 INFO [main] org.apache.catalina.startup.HostConfig.deployDirectory Deployment of web application directory [/home/serega/YandexPr/Middle/Final_Sprint_Tasks/Spring/apache-tomcat-11.0.2/webapps/examples] has finished in [204] ms
10-Jan-2025 22:10:32.341 INFO [main] org.apache.catalina.startup.HostConfig.deployDirectory Установка веб приложения в папку [/home/serega/YandexPr/Middle/Final_Sprint_Tasks/Spring/apache-tomcat-11.0.2/webapps/host-manager]
10-Jan-2025 22:10:32.366 INFO [main] org.apache.catalina.startup.HostConfig.deployDirectory Deployment of web application directory [/home/serega/YandexPr/Middle/Final_Sprint_Tasks/Spring/apache-tomcat-11.0.2/webapps/host-manager] has finished in [25] ms
10-Jan-2025 22:10:32.366 INFO [main] org.apache.catalina.startup.HostConfig.deployDirectory Установка веб приложения в папку [/home/serega/YandexPr/Middle/Final_Sprint_Tasks/Spring/apache-tomcat-11.0.2/webapps/manager]
10-Jan-2025 22:10:32.387 INFO [main] org.apache.catalina.startup.HostConfig.deployDirectory Deployment of web application directory [/home/serega/YandexPr/Middle/Final_Sprint_Tasks/Spring/apache-tomcat-11.0.2/webapps/manager] has finished in [21] ms
10-Jan-2025 22:10:32.392 INFO [main] org.apache.coyote.AbstractProtocol.start Starting ProtocolHandler ["http-nio-8080"]
10-Jan-2025 22:10:32.402 INFO [main] org.apache.catalina.startup.Catalina.start Server startup in [1893] milliseconds
10-Jan-2025 22:38:55.837 INFO [main] org.apache.catalina.startup.VersionLoggerListener.log Имя версии сервера:    Apache Tomcat/11.0.2
10-Jan-2025 22:38:55.841 INFO [main] org.apache.catalina.startup.VersionLoggerListener.log Сервер собран:         Dec 5 2024 15:19:37 UTC
10-Jan-2025 22:38:55.841 INFO [main] org.apache.catalina.startup.VersionLoggerListener.log Номер версии сервера:  11.0.2.0
10-Jan-2025 22:38:55.842 INFO [main] org.apache.catalina.startup.VersionLoggerListener.log OS Name:               Linux
10-Jan-2025 22:38:55.842 INFO [main] org.apache.catalina.startup.VersionLoggerListener.log Версия ОС:             6.8.0-51-generic
10-Jan-2025 22:38:55.842 INFO [main] org.apache.catalina.startup.VersionLoggerListener.log Архитектура:           amd64
10-Jan-2025 22:38:55.842 INFO [main] org.apache.catalina.startup.VersionLoggerListener.log Java Home:             /usr/lib/jvm/java-21-openjdk-amd64
10-Jan-2025 22:38:55.842 INFO [main] org.apache.catalina.startup.VersionLoggerListener.log Версия JVM:            21.0.5+11-Ubuntu-1ubuntu124.04
10-Jan-2025 22:38:55.842 INFO [main] org.apache.catalina.startup.VersionLoggerListener.log Производитель JVM:     Ubuntu
10-Jan-2025 22:38:55.843 INFO [main] org.apache.catalina.startup.VersionLoggerListener.log CATALINA_BASE:         /home/serega/YandexPr/Middle/Final_Sprint_Tasks/Spring/apache-tomcat-11.0.2
10-Jan-2025 22:38:55.843 INFO [main] org.apache.catalina.startup.VersionLoggerListener.log CATALINA_HOME:         /home/serega/YandexPr/Middle/Final_Sprint_Tasks/Spring/apache-tomcat-11.0.2
10-Jan-2025 22:38:55.854 INFO [main] org.apache.catalina.startup.VersionLoggerListener.log Command line argument: -Djava.util.logging.config.file=/home/serega/YandexPr/Middle/Final_Sprint_Tasks/Spring/apache-tomcat-11.0.2/conf/logging.properties
10-Jan-2025 22:38:55.855 INFO [main] org.apache.catalina.startup.VersionLoggerListener.log Command line argument: -Djava.util.logging.manager=org.apache.juli.ClassLoaderLogManager
10-Jan-2025 22:38:55.855 INFO [main] org.apache.catalina.startup.VersionLoggerListener.log Command line argument: -Djdk.tls.ephemeralDHKeySize=2048
10-Jan-2025 22:38:55.855 INFO [main] org.apache.catalina.startup.VersionLoggerListener.log Command line argument: -Dorg.apache.catalina.security.SecurityListener.UMASK=0027
10-Jan-2025 22:38:55.855 INFO [main] org.apache.catalina.startup.VersionLoggerListener.log Command line argument: --add-opens=java.base/java.lang=ALL-UNNAMED
10-Jan-2025 22:38:55.855 INFO [main] org.apache.catalina.startup.VersionLoggerListener.log Command line argument: --add-opens=java.base/java.io=ALL-UNNAMED
10-Jan-2025 22:38:55.855 INFO [main] org.apache.catalina.startup.VersionLoggerListener.log Command line argument: --add-opens=java.base/java.util=ALL-UNNAMED
10-Jan-2025 22:38:55.855 INFO [main] org.apache.catalina.startup.VersionLoggerListener.log Command line argument: --add-opens=java.base/java.util.concurrent=ALL-UNNAMED
10-Jan-2025 22:38:55.855 INFO [main] org.apache.catalina.startup.VersionLoggerListener.log Command line argument: --add-opens=java.rmi/sun.rmi.transport=ALL-UNNAMED
10-Jan-2025 22:38:55.855 INFO [main] org.apache.catalina.startup.VersionLoggerListener.log Command line argument: --enable-native-access=ALL-UNNAMED
10-Jan-2025 22:38:55.856 INFO [main] org.apache.catalina.startup.VersionLoggerListener.log Command line argument: -agentlib:jdwp=transport=dt_socket,address=localhost:8000,server=y,suspend=n
10-Jan-2025 22:38:55.856 INFO [main] org.apache.catalina.startup.VersionLoggerListener.log Command line argument: -Dcatalina.base=/home/serega/YandexPr/Middle/Final_Sprint_Tasks/Spring/apache-tomcat-11.0.2
10-Jan-2025 22:38:55.856 INFO [main] org.apache.catalina.startup.VersionLoggerListener.log Command line argument: -Dcatalina.home=/home/serega/YandexPr/Middle/Final_Sprint_Tasks/Spring/apache-tomcat-11.0.2
10-Jan-2025 22:38:55.856 INFO [main] org.apache.catalina.startup.VersionLoggerListener.log Command line argument: -Djava.io.tmpdir=/home/serega/YandexPr/Middle/Final_Sprint_Tasks/Spring/apache-tomcat-11.0.2/temp
10-Jan-2025 22:38:55.858 INFO [main] org.apache.catalina.core.AprLifecycleListener.lifecycleEvent The Apache Tomcat Native library which allows using OpenSSL was not found on the java.library.path: [/usr/java/packages/lib:/usr/lib/x86_64-linux-gnu/jni:/lib/x86_64-linux-gnu:/usr/lib/x86_64-linux-gnu:/usr/lib/jni:/lib:/usr/lib]
10-Jan-2025 22:38:56.292 INFO [main] org.apache.coyote.AbstractProtocol.init Инициализация ProtocolHandler ["http-nio-8080"]
10-Jan-2025 22:38:56.319 INFO [main] org.apache.catalina.startup.Catalina.load Server initialization in [715] milliseconds
10-Jan-2025 22:38:56.363 INFO [main] org.apache.catalina.core.StandardService.startInternal Starting service [Catalina]
10-Jan-2025 22:38:56.363 INFO [main] org.apache.catalina.core.StandardEngine.startInternal Starting Servlet engine: [Apache Tomcat/11.0.2]
10-Jan-2025 22:38:56.381 INFO [main] org.apache.catalina.startup.HostConfig.deployWAR Deploying web application archive [/home/serega/YandexPr/Middle/Final_Sprint_Tasks/Spring/apache-tomcat-11.0.2/webapps/try_spring-1.0-SNAPSHOT.war]
10-Jan-2025 22:38:57.931 INFO [main] org.apache.jasper.servlet.TldScanner.scanJars At least one JAR was scanned for TLDs yet contained no TLDs. Enable debug logging for this logger for a complete list of JARs that were scanned but no TLDs were found in them. Skipping unneeded JARs during scanning can improve startup time and JSP compilation time.
10-Jan-2025 22:38:57.971 INFO [main] org.apache.catalina.startup.HostConfig.deployWAR Deployment of web application archive [/home/serega/YandexPr/Middle/Final_Sprint_Tasks/Spring/apache-tomcat-11.0.2/webapps/try_spring-1.0-SNAPSHOT.war] has finished in [1 587] ms
10-Jan-2025 22:38:57.972 INFO [main] org.apache.catalina.startup.HostConfig.deployDirectory Установка веб приложения в папку [/home/serega/YandexPr/Middle/Final_Sprint_Tasks/Spring/apache-tomcat-11.0.2/webapps/docs]
10-Jan-2025 22:38:57.996 INFO [main] org.apache.catalina.startup.HostConfig.deployDirectory Deployment of web application directory [/home/serega/YandexPr/Middle/Final_Sprint_Tasks/Spring/apache-tomcat-11.0.2/webapps/docs] has finished in [23] ms
10-Jan-2025 22:38:57.996 INFO [main] org.apache.catalina.startup.HostConfig.deployDirectory Установка веб приложения в папку [/home/serega/YandexPr/Middle/Final_Sprint_Tasks/Spring/apache-tomcat-11.0.2/webapps/ROOT]
10-Jan-2025 22:38:58.013 INFO [main] org.apache.catalina.startup.HostConfig.deployDirectory Deployment of web application directory [/home/serega/YandexPr/Middle/Final_Sprint_Tasks/Spring/apache-tomcat-11.0.2/webapps/ROOT] has finished in [17] ms
10-Jan-2025 22:38:58.014 INFO [main] org.apache.catalina.startup.HostConfig.deployDirectory Установка веб приложения в папку [/home/serega/YandexPr/Middle/Final_Sprint_Tasks/Spring/apache-tomcat-11.0.2/webapps/examples]
10-Jan-2025 22:38:58.255 INFO [main] org.apache.catalina.startup.HostConfig.deployDirectory Deployment of web application directory [/home/serega/YandexPr/Middle/Final_Sprint_Tasks/Spring/apache-tomcat-11.0.2/webapps/examples] has finished in [241] ms
10-Jan-2025 22:38:58.255 INFO [main] org.apache.catalina.startup.HostConfig.deployDirectory Установка веб приложения в папку [/home/serega/YandexPr/Middle/Final_Sprint_Tasks/Spring/apache-tomcat-11.0.2/webapps/host-manager]
10-Jan-2025 22:38:58.283 INFO [main] org.apache.catalina.startup.HostConfig.deployDirectory Deployment of web application directory [/home/serega/YandexPr/Middle/Final_Sprint_Tasks/Spring/apache-tomcat-11.0.2/webapps/host-manager] has finished in [28] ms
10-Jan-2025 22:38:58.283 INFO [main] org.apache.catalina.startup.HostConfig.deployDirectory Установка веб приложения в папку [/home/serega/YandexPr/Middle/Final_Sprint_Tasks/Spring/apache-tomcat-11.0.2/webapps/manager]
10-Jan-2025 22:38:58.307 INFO [main] org.apache.catalina.startup.HostConfig.deployDirectory Deployment of web application directory [/home/serega/YandexPr/Middle/Final_Sprint_Tasks/Spring/apache-tomcat-11.0.2/webapps/manager] has finished in [24] ms
10-Jan-2025 22:38:58.311 INFO [main] org.apache.coyote.AbstractProtocol.start Starting ProtocolHandler ["http-nio-8080"]
10-Jan-2025 22:38:58.322 INFO [main] org.apache.catalina.startup.Catalina.start Server startup in [2001] milliseconds
10-Jan-2025 22:55:30.574 INFO [main] org.apache.catalina.startup.VersionLoggerListener.log Имя версии сервера:    Apache Tomcat/11.0.2
10-Jan-2025 22:55:30.578 INFO [main] org.apache.catalina.startup.VersionLoggerListener.log Сервер собран:         Dec 5 2024 15:19:37 UTC
10-Jan-2025 22:55:30.579 INFO [main] org.apache.catalina.startup.VersionLoggerListener.log Номер версии сервера:  11.0.2.0
10-Jan-2025 22:55:30.579 INFO [main] org.apache.catalina.startup.VersionLoggerListener.log OS Name:               Linux
10-Jan-2025 22:55:30.579 INFO [main] org.apache.catalina.startup.VersionLoggerListener.log Версия ОС:             6.8.0-51-generic
10-Jan-2025 22:55:30.579 INFO [main] org.apache.catalina.startup.VersionLoggerListener.log Архитектура:           amd64
10-Jan-2025 22:55:30.579 INFO [main] org.apache.catalina.startup.VersionLoggerListener.log Java Home:             /usr/lib/jvm/java-21-openjdk-amd64
10-Jan-2025 22:55:30.579 INFO [main] org.apache.catalina.startup.VersionLoggerListener.log Версия JVM:            21.0.5+11-Ubuntu-1ubuntu124.04
10-Jan-2025 22:55:30.580 INFO [main] org.apache.catalina.startup.VersionLoggerListener.log Производитель JVM:     Ubuntu
10-Jan-2025 22:55:30.580 INFO [main] org.apache.catalina.startup.VersionLoggerListener.log CATALINA_BASE:         /home/serega/YandexPr/Middle/Final_Sprint_Tasks/Spring/apache-tomcat-11.0.2
10-Jan-2025 22:55:30.580 INFO [main] org.apache.catalina.startup.VersionLoggerListener.log CATALINA_HOME:         /home/serega/YandexPr/Middle/Final_Sprint_Tasks/Spring/apache-tomcat-11.0.2
10-Jan-2025 22:55:30.591 INFO [main] org.apache.catalina.startup.VersionLoggerListener.log Command line argument: -Djava.util.logging.config.file=/home/serega/YandexPr/Middle/Final_Sprint_Tasks/Spring/apache-tomcat-11.0.2/conf/logging.properties
10-Jan-2025 22:55:30.592 INFO [main] org.apache.catalina.startup.VersionLoggerListener.log Command line argument: -Djava.util.logging.manager=org.apache.juli.ClassLoaderLogManager
10-Jan-2025 22:55:30.592 INFO [main] org.apache.catalina.startup.VersionLoggerListener.log Command line argument: -Djdk.tls.ephemeralDHKeySize=2048
10-Jan-2025 22:55:30.592 INFO [main] org.apache.catalina.startup.VersionLoggerListener.log Command line argument: -Dorg.apache.catalina.security.SecurityListener.UMASK=0027
10-Jan-2025 22:55:30.592 INFO [main] org.apache.catalina.startup.VersionLoggerListener.log Command line argument: --add-opens=java.base/java.lang=ALL-UNNAMED
10-Jan-2025 22:55:30.592 INFO [main] org.apache.catalina.startup.VersionLoggerListener.log Command line argument: --add-opens=java.base/java.io=ALL-UNNAMED
10-Jan-2025 22:55:30.592 INFO [main] org.apache.catalina.startup.VersionLoggerListener.log Command line argument: --add-opens=java.base/java.util=ALL-UNNAMED
10-Jan-2025 22:55:30.592 INFO [main] org.apache.catalina.startup.VersionLoggerListener.log Command line argument: --add-opens=java.base/java.util.concurrent=ALL-UNNAMED
10-Jan-2025 22:55:30.592 INFO [main] org.apache.catalina.startup.VersionLoggerListener.log Command line argument: --add-opens=java.rmi/sun.rmi.transport=ALL-UNNAMED
10-Jan-2025 22:55:30.593 INFO [main] org.apache.catalina.startup.VersionLoggerListener.log Command line argument: --enable-native-access=ALL-UNNAMED
10-Jan-2025 22:55:30.593 INFO [main] org.apache.catalina.startup.VersionLoggerListener.log Command line argument: -agentlib:jdwp=transport=dt_socket,address=localhost:8000,server=y,suspend=n
10-Jan-2025 22:55:30.593 INFO [main] org.apache.catalina.startup.VersionLoggerListener.log Command line argument: -Dcatalina.base=/home/serega/YandexPr/Middle/Final_Sprint_Tasks/Spring/apache-tomcat-11.0.2
10-Jan-2025 22:55:30.593 INFO [main] org.apache.catalina.startup.VersionLoggerListener.log Command line argument: -Dcatalina.home=/home/serega/YandexPr/Middle/Final_Sprint_Tasks/Spring/apache-tomcat-11.0.2
10-Jan-2025 22:55:30.593 INFO [main] org.apache.catalina.startup.VersionLoggerListener.log Command line argument: -Djava.io.tmpdir=/home/serega/YandexPr/Middle/Final_Sprint_Tasks/Spring/apache-tomcat-11.0.2/temp
10-Jan-2025 22:55:30.596 INFO [main] org.apache.catalina.core.AprLifecycleListener.lifecycleEvent The Apache Tomcat Native library which allows using OpenSSL was not found on the java.library.path: [/usr/java/packages/lib:/usr/lib/x86_64-linux-gnu/jni:/lib/x86_64-linux-gnu:/usr/lib/x86_64-linux-gnu:/usr/lib/jni:/lib:/usr/lib]
10-Jan-2025 22:55:31.037 INFO [main] org.apache.coyote.AbstractProtocol.init Инициализация ProtocolHandler ["http-nio-8080"]
10-Jan-2025 22:55:31.063 INFO [main] org.apache.catalina.startup.Catalina.load Server initialization in [746] milliseconds
10-Jan-2025 22:55:31.111 INFO [main] org.apache.catalina.core.StandardService.startInternal Starting service [Catalina]
10-Jan-2025 22:55:31.111 INFO [main] org.apache.catalina.core.StandardEngine.startInternal Starting Servlet engine: [Apache Tomcat/11.0.2]
10-Jan-2025 22:55:31.129 INFO [main] org.apache.catalina.startup.HostConfig.deployWAR Deploying web application archive [/home/serega/YandexPr/Middle/Final_Sprint_Tasks/Spring/apache-tomcat-11.0.2/webapps/try_spring-1.0-SNAPSHOT.war]
10-Jan-2025 22:55:32.495 INFO [main] org.apache.jasper.servlet.TldScanner.scanJars At least one JAR was scanned for TLDs yet contained no TLDs. Enable debug logging for this logger for a complete list of JARs that were scanned but no TLDs were found in them. Skipping unneeded JARs during scanning can improve startup time and JSP compilation time.
10-Jan-2025 22:55:32.536 INFO [main] org.apache.catalina.startup.HostConfig.deployWAR Deployment of web application archive [/home/serega/YandexPr/Middle/Final_Sprint_Tasks/Spring/apache-tomcat-11.0.2/webapps/try_spring-1.0-SNAPSHOT.war] has finished in [1 404] ms
10-Jan-2025 22:55:32.536 INFO [main] org.apache.catalina.startup.HostConfig.deployDirectory Установка веб приложения в папку [/home/serega/YandexPr/Middle/Final_Sprint_Tasks/Spring/apache-tomcat-11.0.2/webapps/docs]
10-Jan-2025 22:55:32.559 INFO [main] org.apache.catalina.startup.HostConfig.deployDirectory Deployment of web application directory [/home/serega/YandexPr/Middle/Final_Sprint_Tasks/Spring/apache-tomcat-11.0.2/webapps/docs] has finished in [23] ms
10-Jan-2025 22:55:32.560 INFO [main] org.apache.catalina.startup.HostConfig.deployDirectory Установка веб приложения в папку [/home/serega/YandexPr/Middle/Final_Sprint_Tasks/Spring/apache-tomcat-11.0.2/webapps/ROOT]
10-Jan-2025 22:55:32.577 INFO [main] org.apache.catalina.startup.HostConfig.deployDirectory Deployment of web application directory [/home/serega/YandexPr/Middle/Final_Sprint_Tasks/Spring/apache-tomcat-11.0.2/webapps/ROOT] has finished in [17] ms
10-Jan-2025 22:55:32.577 INFO [main] org.apache.catalina.startup.HostConfig.deployDirectory Установка веб приложения в папку [/home/serega/YandexPr/Middle/Final_Sprint_Tasks/Spring/apache-tomcat-11.0.2/webapps/examples]
10-Jan-2025 22:55:32.786 INFO [main] org.apache.catalina.startup.HostConfig.deployDirectory Deployment of web application directory [/home/serega/YandexPr/Middle/Final_Sprint_Tasks/Spring/apache-tomcat-11.0.2/webapps/examples] has finished in [209] ms
10-Jan-2025 22:55:32.786 INFO [main] org.apache.catalina.startup.HostConfig.deployDirectory Установка веб приложения в папку [/home/serega/YandexPr/Middle/Final_Sprint_Tasks/Spring/apache-tomcat-11.0.2/webapps/host-manager]
10-Jan-2025 22:55:32.810 INFO [main] org.apache.catalina.startup.HostConfig.deployDirectory Deployment of web application directory [/home/serega/YandexPr/Middle/Final_Sprint_Tasks/Spring/apache-tomcat-11.0.2/webapps/host-manager] has finished in [24] ms
10-Jan-2025 22:55:32.810 INFO [main] org.apache.catalina.startup.HostConfig.deployDirectory Установка веб приложения в папку [/home/serega/YandexPr/Middle/Final_Sprint_Tasks/Spring/apache-tomcat-11.0.2/webapps/manager]
10-Jan-2025 22:55:32.831 INFO [main] org.apache.catalina.startup.HostConfig.deployDirectory Deployment of web application directory [/home/serega/YandexPr/Middle/Final_Sprint_Tasks/Spring/apache-tomcat-11.0.2/webapps/manager] has finished in [20] ms
10-Jan-2025 22:55:32.836 INFO [main] org.apache.coyote.AbstractProtocol.start Starting ProtocolHandler ["http-nio-8080"]
10-Jan-2025 22:55:32.846 INFO [main] org.apache.catalina.startup.Catalina.start Server startup in [1781] milliseconds
10-Jan-2025 22:56:24.486 INFO [main] org.apache.catalina.startup.VersionLoggerListener.log Имя версии сервера:    Apache Tomcat/11.0.2
10-Jan-2025 22:56:24.491 INFO [main] org.apache.catalina.startup.VersionLoggerListener.log Сервер собран:         Dec 5 2024 15:19:37 UTC
10-Jan-2025 22:56:24.491 INFO [main] org.apache.catalina.startup.VersionLoggerListener.log Номер версии сервера:  11.0.2.0
10-Jan-2025 22:56:24.491 INFO [main] org.apache.catalina.startup.VersionLoggerListener.log OS Name:               Linux
10-Jan-2025 22:56:24.491 INFO [main] org.apache.catalina.startup.VersionLoggerListener.log Версия ОС:             6.8.0-51-generic
10-Jan-2025 22:56:24.491 INFO [main] org.apache.catalina.startup.VersionLoggerListener.log Архитектура:           amd64
10-Jan-2025 22:56:24.492 INFO [main] org.apache.catalina.startup.VersionLoggerListener.log Java Home:             /usr/lib/jvm/java-21-openjdk-amd64
10-Jan-2025 22:56:24.492 INFO [main] org.apache.catalina.startup.VersionLoggerListener.log Версия JVM:            21.0.5+11-Ubuntu-1ubuntu124.04
10-Jan-2025 22:56:24.492 INFO [main] org.apache.catalina.startup.VersionLoggerListener.log Производитель JVM:     Ubuntu
10-Jan-2025 22:56:24.492 INFO [main] org.apache.catalina.startup.VersionLoggerListener.log CATALINA_BASE:         /home/serega/YandexPr/Middle/Final_Sprint_Tasks/Spring/apache-tomcat-11.0.2
10-Jan-2025 22:56:24.492 INFO [main] org.apache.catalina.startup.VersionLoggerListener.log CATALINA_HOME:         /home/serega/YandexPr/Middle/Final_Sprint_Tasks/Spring/apache-tomcat-11.0.2
10-Jan-2025 22:56:24.505 INFO [main] org.apache.catalina.startup.VersionLoggerListener.log Command line argument: -Djava.util.logging.config.file=/home/serega/YandexPr/Middle/Final_Sprint_Tasks/Spring/apache-tomcat-11.0.2/conf/logging.properties
10-Jan-2025 22:56:24.505 INFO [main] org.apache.catalina.startup.VersionLoggerListener.log Command line argument: -Djava.util.logging.manager=org.apache.juli.ClassLoaderLogManager
10-Jan-2025 22:56:24.505 INFO [main] org.apache.catalina.startup.VersionLoggerListener.log Command line argument: -Djdk.tls.ephemeralDHKeySize=2048
10-Jan-2025 22:56:24.505 INFO [main] org.apache.catalina.startup.VersionLoggerListener.log Command line argument: -Dorg.apache.catalina.security.SecurityListener.UMASK=0027
10-Jan-2025 22:56:24.505 INFO [main] org.apache.catalina.startup.VersionLoggerListener.log Command line argument: --add-opens=java.base/java.lang=ALL-UNNAMED
10-Jan-2025 22:56:24.506 INFO [main] org.apache.catalina.startup.VersionLoggerListener.log Command line argument: --add-opens=java.base/java.io=ALL-UNNAMED
10-Jan-2025 22:56:24.506 INFO [main] org.apache.catalina.startup.VersionLoggerListener.log Command line argument: --add-opens=java.base/java.util=ALL-UNNAMED
10-Jan-2025 22:56:24.506 INFO [main] org.apache.catalina.startup.VersionLoggerListener.log Command line argument: --add-opens=java.base/java.util.concurrent=ALL-UNNAMED
10-Jan-2025 22:56:24.506 INFO [main] org.apache.catalina.startup.VersionLoggerListener.log Command line argument: --add-opens=java.rmi/sun.rmi.transport=ALL-UNNAMED
10-Jan-2025 22:56:24.506 INFO [main] org.apache.catalina.startup.VersionLoggerListener.log Command line argument: --enable-native-access=ALL-UNNAMED
10-Jan-2025 22:56:24.506 INFO [main] org.apache.catalina.startup.VersionLoggerListener.log Command line argument: -agentlib:jdwp=transport=dt_socket,address=localhost:8000,server=y,suspend=n
10-Jan-2025 22:56:24.507 INFO [main] org.apache.catalina.startup.VersionLoggerListener.log Command line argument: -Dcatalina.base=/home/serega/YandexPr/Middle/Final_Sprint_Tasks/Spring/apache-tomcat-11.0.2
10-Jan-2025 22:56:24.507 INFO [main] org.apache.catalina.startup.VersionLoggerListener.log Command line argument: -Dcatalina.home=/home/serega/YandexPr/Middle/Final_Sprint_Tasks/Spring/apache-tomcat-11.0.2
10-Jan-2025 22:56:24.507 INFO [main] org.apache.catalina.startup.VersionLoggerListener.log Command line argument: -Djava.io.tmpdir=/home/serega/YandexPr/Middle/Final_Sprint_Tasks/Spring/apache-tomcat-11.0.2/temp
10-Jan-2025 22:56:24.510 INFO [main] org.apache.catalina.core.AprLifecycleListener.lifecycleEvent The Apache Tomcat Native library which allows using OpenSSL was not found on the java.library.path: [/usr/java/packages/lib:/usr/lib/x86_64-linux-gnu/jni:/lib/x86_64-linux-gnu:/usr/lib/x86_64-linux-gnu:/usr/lib/jni:/lib:/usr/lib]
10-Jan-2025 22:56:24.954 INFO [main] org.apache.coyote.AbstractProtocol.init Инициализация ProtocolHandler ["http-nio-8080"]
10-Jan-2025 22:56:24.980 INFO [main] org.apache.catalina.startup.Catalina.load Server initialization in [733] milliseconds
10-Jan-2025 22:56:25.024 INFO [main] org.apache.catalina.core.StandardService.startInternal Starting service [Catalina]
10-Jan-2025 22:56:25.025 INFO [main] org.apache.catalina.core.StandardEngine.startInternal Starting Servlet engine: [Apache Tomcat/11.0.2]
10-Jan-2025 22:56:25.043 INFO [main] org.apache.catalina.startup.HostConfig.deployWAR Deploying web application archive [/home/serega/YandexPr/Middle/Final_Sprint_Tasks/Spring/apache-tomcat-11.0.2/webapps/try_spring-1.0-SNAPSHOT.war]
10-Jan-2025 22:56:25.365 SEVERE [main] org.apache.tomcat.util.digester.Digester.fatalError Parse fatal error at line [3] column [6]
	org.xml.sax.SAXParseException; systemId: file:/home/serega/YandexPr/Middle/Final_Sprint_Tasks/Spring/apache-tomcat-11.0.2/webapps/try_spring-1.0-SNAPSHOT/WEB-INF/web.xml; lineNumber: 3; columnNumber: 6; The processing instruction target matching "[xX][mM][lL]" is not allowed.
		at java.xml/com.sun.org.apache.xerces.internal.util.ErrorHandlerWrapper.createSAXParseException(ErrorHandlerWrapper.java:204)
		at java.xml/com.sun.org.apache.xerces.internal.util.ErrorHandlerWrapper.fatalError(ErrorHandlerWrapper.java:178)
		at java.xml/com.sun.org.apache.xerces.internal.impl.XMLErrorReporter.reportError(XMLErrorReporter.java:400)
		at java.xml/com.sun.org.apache.xerces.internal.impl.XMLErrorReporter.reportError(XMLErrorReporter.java:327)
		at java.xml/com.sun.org.apache.xerces.internal.impl.XMLScanner.reportFatalError(XMLScanner.java:1465)
		at java.xml/com.sun.org.apache.xerces.internal.impl.XMLScanner.scanPIData(XMLScanner.java:745)
		at java.xml/com.sun.org.apache.xerces.internal.impl.XMLDocumentFragmentScannerImpl.scanPIData(XMLDocumentFragmentScannerImpl.java:1059)
		at java.xml/com.sun.org.apache.xerces.internal.impl.XMLScanner.scanPI(XMLScanner.java:713)
		at java.xml/com.sun.org.apache.xerces.internal.impl.XMLDocumentScannerImpl$PrologDriver.next(XMLDocumentScannerImpl.java:891)
		at java.xml/com.sun.org.apache.xerces.internal.impl.XMLDocumentScannerImpl.next(XMLDocumentScannerImpl.java:605)
		at java.xml/com.sun.org.apache.xerces.internal.impl.XMLDocumentFragmentScannerImpl.scanDocument(XMLDocumentFragmentScannerImpl.java:542)
		at java.xml/com.sun.org.apache.xerces.internal.parsers.XML11Configuration.parse(XML11Configuration.java:889)
		at java.xml/com.sun.org.apache.xerces.internal.parsers.XML11Configuration.parse(XML11Configuration.java:825)
		at java.xml/com.sun.org.apache.xerces.internal.parsers.XMLParser.parse(XMLParser.java:141)
		at java.xml/com.sun.org.apache.xerces.internal.parsers.AbstractSAXParser.parse(AbstractSAXParser.java:1224)
		at java.xml/com.sun.org.apache.xerces.internal.jaxp.SAXParserImpl$JAXPSAXParser.parse(SAXParserImpl.java:637)
		at org.apache.tomcat.util.digester.Digester.parse(Digester.java:1529)
		at org.apache.tomcat.util.descriptor.web.WebXmlParser.parseWebXml(WebXmlParser.java:119)
		at org.apache.catalina.startup.ContextConfig.webConfig(ContextConfig.java:1248)
		at org.apache.catalina.startup.ContextConfig.configureStart(ContextConfig.java:973)
		at org.apache.catalina.startup.ContextConfig.lifecycleEvent(ContextConfig.java:290)
		at org.apache.catalina.util.LifecycleBase.fireLifecycleEvent(LifecycleBase.java:109)
		at org.apache.catalina.core.StandardContext.startInternal(StandardContext.java:4311)
		at org.apache.catalina.util.LifecycleBase.start(LifecycleBase.java:164)
		at org.apache.catalina.core.ContainerBase.addChild(ContainerBase.java:566)
		at org.apache.catalina.core.StandardHost.addChild(StandardHost.java:653)
		at org.apache.catalina.startup.HostConfig.deployWAR(HostConfig.java:933)
		at org.apache.catalina.startup.HostConfig$DeployWar.run(HostConfig.java:1875)
		at java.base/java.util.concurrent.Executors$RunnableAdapter.call(Executors.java:572)
		at java.base/java.util.concurrent.FutureTask.run(FutureTask.java:317)
		at org.apache.tomcat.util.threads.InlineExecutorService.execute(InlineExecutorService.java:75)
		at java.base/java.util.concurrent.AbstractExecutorService.submit(AbstractExecutorService.java:123)
		at org.apache.catalina.startup.HostConfig.deployWARs(HostConfig.java:735)
		at org.apache.catalina.startup.HostConfig.deployApps(HostConfig.java:387)
		at org.apache.catalina.startup.HostConfig.start(HostConfig.java:1593)
		at org.apache.catalina.startup.HostConfig.lifecycleEvent(HostConfig.java:267)
		at org.apache.catalina.util.LifecycleBase.fireLifecycleEvent(LifecycleBase.java:109)
		at org.apache.catalina.util.LifecycleBase.setStateInternal(LifecycleBase.java:389)
		at org.apache.catalina.util.LifecycleBase.setState(LifecycleBase.java:336)
		at org.apache.catalina.core.ContainerBase.startInternal(ContainerBase.java:743)
		at org.apache.catalina.core.StandardHost.startInternal(StandardHost.java:771)
		at org.apache.catalina.util.LifecycleBase.start(LifecycleBase.java:164)
		at org.apache.catalina.core.ContainerBase$StartChild.call(ContainerBase.java:1170)
		at org.apache.catalina.core.ContainerBase$StartChild.call(ContainerBase.java:1160)
		at java.base/java.util.concurrent.FutureTask.run(FutureTask.java:317)
		at org.apache.tomcat.util.threads.InlineExecutorService.execute(InlineExecutorService.java:75)
		at java.base/java.util.concurrent.AbstractExecutorService.submit(AbstractExecutorService.java:145)
		at org.apache.catalina.core.ContainerBase.startInternal(ContainerBase.java:716)
		at org.apache.catalina.core.StandardEngine.startInternal(StandardEngine.java:203)
		at org.apache.catalina.util.LifecycleBase.start(LifecycleBase.java:164)
		at org.apache.catalina.core.StandardService.startInternal(StandardService.java:415)
		at org.apache.catalina.util.LifecycleBase.start(LifecycleBase.java:164)
		at org.apache.catalina.core.StandardServer.startInternal(StandardServer.java:866)
		at org.apache.catalina.util.LifecycleBase.start(LifecycleBase.java:164)
		at org.apache.catalina.startup.Catalina.start(Catalina.java:759)
		at java.base/jdk.internal.reflect.DirectMethodHandleAccessor.invoke(DirectMethodHandleAccessor.java:103)
		at java.base/java.lang.reflect.Method.invoke(Method.java:580)
		at org.apache.catalina.startup.Bootstrap.start(Bootstrap.java:342)
		at org.apache.catalina.startup.Bootstrap.main(Bootstrap.java:470)
10-Jan-2025 22:56:25.367 SEVERE [main] org.apache.tomcat.util.descriptor.web.WebXmlParser.parseWebXml Parse error in application web.xml file at [file:/home/serega/YandexPr/Middle/Final_Sprint_Tasks/Spring/apache-tomcat-11.0.2/webapps/try_spring-1.0-SNAPSHOT/WEB-INF/web.xml]
	org.xml.sax.SAXParseException; systemId: file:/home/serega/YandexPr/Middle/Final_Sprint_Tasks/Spring/apache-tomcat-11.0.2/webapps/try_spring-1.0-SNAPSHOT/WEB-INF/web.xml; lineNumber: 3; columnNumber: 6; The processing instruction target matching "[xX][mM][lL]" is not allowed.
		at java.xml/com.sun.org.apache.xerces.internal.util.ErrorHandlerWrapper.createSAXParseException(ErrorHandlerWrapper.java:204)
		at java.xml/com.sun.org.apache.xerces.internal.util.ErrorHandlerWrapper.fatalError(ErrorHandlerWrapper.java:178)
		at java.xml/com.sun.org.apache.xerces.internal.impl.XMLErrorReporter.reportError(XMLErrorReporter.java:400)
		at java.xml/com.sun.org.apache.xerces.internal.impl.XMLErrorReporter.reportError(XMLErrorReporter.java:327)
		at java.xml/com.sun.org.apache.xerces.internal.impl.XMLScanner.reportFatalError(XMLScanner.java:1465)
		at java.xml/com.sun.org.apache.xerces.internal.impl.XMLScanner.scanPIData(XMLScanner.java:745)
		at java.xml/com.sun.org.apache.xerces.internal.impl.XMLDocumentFragmentScannerImpl.scanPIData(XMLDocumentFragmentScannerImpl.java:1059)
		at java.xml/com.sun.org.apache.xerces.internal.impl.XMLScanner.scanPI(XMLScanner.java:713)
		at java.xml/com.sun.org.apache.xerces.internal.impl.XMLDocumentScannerImpl$PrologDriver.next(XMLDocumentScannerImpl.java:891)
		at java.xml/com.sun.org.apache.xerces.internal.impl.XMLDocumentScannerImpl.next(XMLDocumentScannerImpl.java:605)
		at java.xml/com.sun.org.apache.xerces.internal.impl.XMLDocumentFragmentScannerImpl.scanDocument(XMLDocumentFragmentScannerImpl.java:542)
		at java.xml/com.sun.org.apache.xerces.internal.parsers.XML11Configuration.parse(XML11Configuration.java:889)
		at java.xml/com.sun.org.apache.xerces.internal.parsers.XML11Configuration.parse(XML11Configuration.java:825)
		at java.xml/com.sun.org.apache.xerces.internal.parsers.XMLParser.parse(XMLParser.java:141)
		at java.xml/com.sun.org.apache.xerces.internal.parsers.AbstractSAXParser.parse(AbstractSAXParser.java:1224)
		at java.xml/com.sun.org.apache.xerces.internal.jaxp.SAXParserImpl$JAXPSAXParser.parse(SAXParserImpl.java:637)
		at org.apache.tomcat.util.digester.Digester.parse(Digester.java:1529)
		at org.apache.tomcat.util.descriptor.web.WebXmlParser.parseWebXml(WebXmlParser.java:119)
		at org.apache.catalina.startup.ContextConfig.webConfig(ContextConfig.java:1248)
		at org.apache.catalina.startup.ContextConfig.configureStart(ContextConfig.java:973)
		at org.apache.catalina.startup.ContextConfig.lifecycleEvent(ContextConfig.java:290)
		at org.apache.catalina.util.LifecycleBase.fireLifecycleEvent(LifecycleBase.java:109)
		at org.apache.catalina.core.StandardContext.startInternal(StandardContext.java:4311)
		at org.apache.catalina.util.LifecycleBase.start(LifecycleBase.java:164)
		at org.apache.catalina.core.ContainerBase.addChild(ContainerBase.java:566)
		at org.apache.catalina.core.StandardHost.addChild(StandardHost.java:653)
		at org.apache.catalina.startup.HostConfig.deployWAR(HostConfig.java:933)
		at org.apache.catalina.startup.HostConfig$DeployWar.run(HostConfig.java:1875)
		at java.base/java.util.concurrent.Executors$RunnableAdapter.call(Executors.java:572)
		at java.base/java.util.concurrent.FutureTask.run(FutureTask.java:317)
		at org.apache.tomcat.util.threads.InlineExecutorService.execute(InlineExecutorService.java:75)
		at java.base/java.util.concurrent.AbstractExecutorService.submit(AbstractExecutorService.java:123)
		at org.apache.catalina.startup.HostConfig.deployWARs(HostConfig.java:735)
		at org.apache.catalina.startup.HostConfig.deployApps(HostConfig.java:387)
		at org.apache.catalina.startup.HostConfig.start(HostConfig.java:1593)
		at org.apache.catalina.startup.HostConfig.lifecycleEvent(HostConfig.java:267)
		at org.apache.catalina.util.LifecycleBase.fireLifecycleEvent(LifecycleBase.java:109)
		at org.apache.catalina.util.LifecycleBase.setStateInternal(LifecycleBase.java:389)
		at org.apache.catalina.util.LifecycleBase.setState(LifecycleBase.java:336)
		at org.apache.catalina.core.ContainerBase.startInternal(ContainerBase.java:743)
		at org.apache.catalina.core.StandardHost.startInternal(StandardHost.java:771)
		at org.apache.catalina.util.LifecycleBase.start(LifecycleBase.java:164)
		at org.apache.catalina.core.ContainerBase$StartChild.call(ContainerBase.java:1170)
		at org.apache.catalina.core.ContainerBase$StartChild.call(ContainerBase.java:1160)
		at java.base/java.util.concurrent.FutureTask.run(FutureTask.java:317)
		at org.apache.tomcat.util.threads.InlineExecutorService.execute(InlineExecutorService.java:75)
		at java.base/java.util.concurrent.AbstractExecutorService.submit(AbstractExecutorService.java:145)
		at org.apache.catalina.core.ContainerBase.startInternal(ContainerBase.java:716)
		at org.apache.catalina.core.StandardEngine.startInternal(StandardEngine.java:203)
		at org.apache.catalina.util.LifecycleBase.start(LifecycleBase.java:164)
		at org.apache.catalina.core.StandardService.startInternal(StandardService.java:415)
		at org.apache.catalina.util.LifecycleBase.start(LifecycleBase.java:164)
		at org.apache.catalina.core.StandardServer.startInternal(StandardServer.java:866)
		at org.apache.catalina.util.LifecycleBase.start(LifecycleBase.java:164)
		at org.apache.catalina.startup.Catalina.start(Catalina.java:759)
		at java.base/jdk.internal.reflect.DirectMethodHandleAccessor.invoke(DirectMethodHandleAccessor.java:103)
		at java.base/java.lang.reflect.Method.invoke(Method.java:580)
		at org.apache.catalina.startup.Bootstrap.start(Bootstrap.java:342)
		at org.apache.catalina.startup.Bootstrap.main(Bootstrap.java:470)
10-Jan-2025 22:56:25.368 SEVERE [main] org.apache.tomcat.util.descriptor.web.WebXmlParser.parseWebXml Occurred at line [3] column [6]
10-Jan-2025 22:56:25.396 SEVERE [main] org.apache.catalina.startup.ContextConfig.configureStart Marking this application unavailable due to previous error(s)
10-Jan-2025 22:56:25.459 SEVERE [main] org.apache.catalina.core.StandardContext.startInternal One or more components marked the context as not correctly configured
10-Jan-2025 22:56:25.467 SEVERE [main] org.apache.catalina.core.StandardContext.startInternal Context [/try_spring-1.0-SNAPSHOT] startup failed due to previous errors
10-Jan-2025 22:56:25.483 INFO [main] org.apache.catalina.startup.HostConfig.deployWAR Deployment of web application archive [/home/serega/YandexPr/Middle/Final_Sprint_Tasks/Spring/apache-tomcat-11.0.2/webapps/try_spring-1.0-SNAPSHOT.war] has finished in [440] ms
10-Jan-2025 22:56:25.484 INFO [main] org.apache.catalina.startup.HostConfig.deployDirectory Установка веб приложения в папку [/home/serega/YandexPr/Middle/Final_Sprint_Tasks/Spring/apache-tomcat-11.0.2/webapps/docs]
10-Jan-2025 22:56:25.601 INFO [main] org.apache.catalina.startup.HostConfig.deployDirectory Deployment of web application directory [/home/serega/YandexPr/Middle/Final_Sprint_Tasks/Spring/apache-tomcat-11.0.2/webapps/docs] has finished in [116] ms
10-Jan-2025 22:56:25.601 INFO [main] org.apache.catalina.startup.HostConfig.deployDirectory Установка веб приложения в папку [/home/serega/YandexPr/Middle/Final_Sprint_Tasks/Spring/apache-tomcat-11.0.2/webapps/ROOT]
10-Jan-2025 22:56:25.641 INFO [main] org.apache.catalina.startup.HostConfig.deployDirectory Deployment of web application directory [/home/serega/YandexPr/Middle/Final_Sprint_Tasks/Spring/apache-tomcat-11.0.2/webapps/ROOT] has finished in [40] ms
10-Jan-2025 22:56:25.642 INFO [main] org.apache.catalina.startup.HostConfig.deployDirectory Установка веб приложения в папку [/home/serega/YandexPr/Middle/Final_Sprint_Tasks/Spring/apache-tomcat-11.0.2/webapps/examples]
10-Jan-2025 22:56:26.052 INFO [main] org.apache.catalina.startup.HostConfig.deployDirectory Deployment of web application directory [/home/serega/YandexPr/Middle/Final_Sprint_Tasks/Spring/apache-tomcat-11.0.2/webapps/examples] has finished in [409] ms
10-Jan-2025 22:56:26.052 INFO [main] org.apache.catalina.startup.HostConfig.deployDirectory Установка веб приложения в папку [/home/serega/YandexPr/Middle/Final_Sprint_Tasks/Spring/apache-tomcat-11.0.2/webapps/host-manager]
10-Jan-2025 22:56:26.077 INFO [main] org.apache.catalina.startup.HostConfig.deployDirectory Deployment of web application directory [/home/serega/YandexPr/Middle/Final_Sprint_Tasks/Spring/apache-tomcat-11.0.2/webapps/host-manager] has finished in [24] ms
10-Jan-2025 22:56:26.077 INFO [main] org.apache.catalina.startup.HostConfig.deployDirectory Установка веб приложения в папку [/home/serega/YandexPr/Middle/Final_Sprint_Tasks/Spring/apache-tomcat-11.0.2/webapps/manager]
10-Jan-2025 22:56:26.098 INFO [main] org.apache.catalina.startup.HostConfig.deployDirectory Deployment of web application directory [/home/serega/YandexPr/Middle/Final_Sprint_Tasks/Spring/apache-tomcat-11.0.2/webapps/manager] has finished in [21] ms
10-Jan-2025 22:56:26.103 INFO [main] org.apache.coyote.AbstractProtocol.start Starting ProtocolHandler ["http-nio-8080"]
10-Jan-2025 22:56:26.114 INFO [main] org.apache.catalina.startup.Catalina.start Server startup in [1132] milliseconds
10-Jan-2025 23:09:23.552 INFO [main] org.apache.catalina.startup.VersionLoggerListener.log Имя версии сервера:    Apache Tomcat/11.0.2
10-Jan-2025 23:09:23.556 INFO [main] org.apache.catalina.startup.VersionLoggerListener.log Сервер собран:         Dec 5 2024 15:19:37 UTC
10-Jan-2025 23:09:23.557 INFO [main] org.apache.catalina.startup.VersionLoggerListener.log Номер версии сервера:  11.0.2.0
10-Jan-2025 23:09:23.557 INFO [main] org.apache.catalina.startup.VersionLoggerListener.log OS Name:               Linux
10-Jan-2025 23:09:23.557 INFO [main] org.apache.catalina.startup.VersionLoggerListener.log Версия ОС:             6.8.0-51-generic
10-Jan-2025 23:09:23.557 INFO [main] org.apache.catalina.startup.VersionLoggerListener.log Архитектура:           amd64
10-Jan-2025 23:09:23.557 INFO [main] org.apache.catalina.startup.VersionLoggerListener.log Java Home:             /usr/lib/jvm/java-21-openjdk-amd64
10-Jan-2025 23:09:23.557 INFO [main] org.apache.catalina.startup.VersionLoggerListener.log Версия JVM:            21.0.5+11-Ubuntu-1ubuntu124.04
10-Jan-2025 23:09:23.558 INFO [main] org.apache.catalina.startup.VersionLoggerListener.log Производитель JVM:     Ubuntu
10-Jan-2025 23:09:23.558 INFO [main] org.apache.catalina.startup.VersionLoggerListener.log CATALINA_BASE:         /home/serega/YandexPr/Middle/Final_Sprint_Tasks/Spring/apache-tomcat-11.0.2
10-Jan-2025 23:09:23.558 INFO [main] org.apache.catalina.startup.VersionLoggerListener.log CATALINA_HOME:         /home/serega/YandexPr/Middle/Final_Sprint_Tasks/Spring/apache-tomcat-11.0.2
10-Jan-2025 23:09:23.570 INFO [main] org.apache.catalina.startup.VersionLoggerListener.log Command line argument: -Djava.util.logging.config.file=/home/serega/YandexPr/Middle/Final_Sprint_Tasks/Spring/apache-tomcat-11.0.2/conf/logging.properties
10-Jan-2025 23:09:23.570 INFO [main] org.apache.catalina.startup.VersionLoggerListener.log Command line argument: -Djava.util.logging.manager=org.apache.juli.ClassLoaderLogManager
10-Jan-2025 23:09:23.570 INFO [main] org.apache.catalina.startup.VersionLoggerListener.log Command line argument: -Djdk.tls.ephemeralDHKeySize=2048
10-Jan-2025 23:09:23.570 INFO [main] org.apache.catalina.startup.VersionLoggerListener.log Command line argument: -Dorg.apache.catalina.security.SecurityListener.UMASK=0027
10-Jan-2025 23:09:23.570 INFO [main] org.apache.catalina.startup.VersionLoggerListener.log Command line argument: --add-opens=java.base/java.lang=ALL-UNNAMED
10-Jan-2025 23:09:23.571 INFO [main] org.apache.catalina.startup.VersionLoggerListener.log Command line argument: --add-opens=java.base/java.io=ALL-UNNAMED
10-Jan-2025 23:09:23.571 INFO [main] org.apache.catalina.startup.VersionLoggerListener.log Command line argument: --add-opens=java.base/java.util=ALL-UNNAMED
10-Jan-2025 23:09:23.571 INFO [main] org.apache.catalina.startup.VersionLoggerListener.log Command line argument: --add-opens=java.base/java.util.concurrent=ALL-UNNAMED
10-Jan-2025 23:09:23.571 INFO [main] org.apache.catalina.startup.VersionLoggerListener.log Command line argument: --add-opens=java.rmi/sun.rmi.transport=ALL-UNNAMED
10-Jan-2025 23:09:23.571 INFO [main] org.apache.catalina.startup.VersionLoggerListener.log Command line argument: --enable-native-access=ALL-UNNAMED
10-Jan-2025 23:09:23.571 INFO [main] org.apache.catalina.startup.VersionLoggerListener.log Command line argument: -agentlib:jdwp=transport=dt_socket,address=localhost:8000,server=y,suspend=n
10-Jan-2025 23:09:23.571 INFO [main] org.apache.catalina.startup.VersionLoggerListener.log Command line argument: -Dcatalina.base=/home/serega/YandexPr/Middle/Final_Sprint_Tasks/Spring/apache-tomcat-11.0.2
10-Jan-2025 23:09:23.571 INFO [main] org.apache.catalina.startup.VersionLoggerListener.log Command line argument: -Dcatalina.home=/home/serega/YandexPr/Middle/Final_Sprint_Tasks/Spring/apache-tomcat-11.0.2
10-Jan-2025 23:09:23.572 INFO [main] org.apache.catalina.startup.VersionLoggerListener.log Command line argument: -Djava.io.tmpdir=/home/serega/YandexPr/Middle/Final_Sprint_Tasks/Spring/apache-tomcat-11.0.2/temp
10-Jan-2025 23:09:23.575 INFO [main] org.apache.catalina.core.AprLifecycleListener.lifecycleEvent The Apache Tomcat Native library which allows using OpenSSL was not found on the java.library.path: [/usr/java/packages/lib:/usr/lib/x86_64-linux-gnu/jni:/lib/x86_64-linux-gnu:/usr/lib/x86_64-linux-gnu:/usr/lib/jni:/lib:/usr/lib]
10-Jan-2025 23:09:24.049 INFO [main] org.apache.coyote.AbstractProtocol.init Инициализация ProtocolHandler ["http-nio-8080"]
10-Jan-2025 23:09:24.075 INFO [main] org.apache.catalina.startup.Catalina.load Server initialization in [737] milliseconds
10-Jan-2025 23:09:24.122 INFO [main] org.apache.catalina.core.StandardService.startInternal Starting service [Catalina]
10-Jan-2025 23:09:24.123 INFO [main] org.apache.catalina.core.StandardEngine.startInternal Starting Servlet engine: [Apache Tomcat/11.0.2]
10-Jan-2025 23:09:24.140 INFO [main] org.apache.catalina.startup.HostConfig.deployWAR Deploying web application archive [/home/serega/YandexPr/Middle/Final_Sprint_Tasks/Spring/apache-tomcat-11.0.2/webapps/try_spring-1.0-SNAPSHOT.war]
10-Jan-2025 23:09:24.463 SEVERE [main] org.apache.tomcat.util.digester.Digester.fatalError Parse fatal error at line [3] column [6]
	org.xml.sax.SAXParseException; systemId: file:/home/serega/YandexPr/Middle/Final_Sprint_Tasks/Spring/apache-tomcat-11.0.2/webapps/try_spring-1.0-SNAPSHOT/WEB-INF/web.xml; lineNumber: 3; columnNumber: 6; The processing instruction target matching "[xX][mM][lL]" is not allowed.
		at java.xml/com.sun.org.apache.xerces.internal.util.ErrorHandlerWrapper.createSAXParseException(ErrorHandlerWrapper.java:204)
		at java.xml/com.sun.org.apache.xerces.internal.util.ErrorHandlerWrapper.fatalError(ErrorHandlerWrapper.java:178)
		at java.xml/com.sun.org.apache.xerces.internal.impl.XMLErrorReporter.reportError(XMLErrorReporter.java:400)
		at java.xml/com.sun.org.apache.xerces.internal.impl.XMLErrorReporter.reportError(XMLErrorReporter.java:327)
		at java.xml/com.sun.org.apache.xerces.internal.impl.XMLScanner.reportFatalError(XMLScanner.java:1465)
		at java.xml/com.sun.org.apache.xerces.internal.impl.XMLScanner.scanPIData(XMLScanner.java:745)
		at java.xml/com.sun.org.apache.xerces.internal.impl.XMLDocumentFragmentScannerImpl.scanPIData(XMLDocumentFragmentScannerImpl.java:1059)
		at java.xml/com.sun.org.apache.xerces.internal.impl.XMLScanner.scanPI(XMLScanner.java:713)
		at java.xml/com.sun.org.apache.xerces.internal.impl.XMLDocumentScannerImpl$PrologDriver.next(XMLDocumentScannerImpl.java:891)
		at java.xml/com.sun.org.apache.xerces.internal.impl.XMLDocumentScannerImpl.next(XMLDocumentScannerImpl.java:605)
		at java.xml/com.sun.org.apache.xerces.internal.impl.XMLDocumentFragmentScannerImpl.scanDocument(XMLDocumentFragmentScannerImpl.java:542)
		at java.xml/com.sun.org.apache.xerces.internal.parsers.XML11Configuration.parse(XML11Configuration.java:889)
		at java.xml/com.sun.org.apache.xerces.internal.parsers.XML11Configuration.parse(XML11Configuration.java:825)
		at java.xml/com.sun.org.apache.xerces.internal.parsers.XMLParser.parse(XMLParser.java:141)
		at java.xml/com.sun.org.apache.xerces.internal.parsers.AbstractSAXParser.parse(AbstractSAXParser.java:1224)
		at java.xml/com.sun.org.apache.xerces.internal.jaxp.SAXParserImpl$JAXPSAXParser.parse(SAXParserImpl.java:637)
		at org.apache.tomcat.util.digester.Digester.parse(Digester.java:1529)
		at org.apache.tomcat.util.descriptor.web.WebXmlParser.parseWebXml(WebXmlParser.java:119)
		at org.apache.catalina.startup.ContextConfig.webConfig(ContextConfig.java:1248)
		at org.apache.catalina.startup.ContextConfig.configureStart(ContextConfig.java:973)
		at org.apache.catalina.startup.ContextConfig.lifecycleEvent(ContextConfig.java:290)
		at org.apache.catalina.util.LifecycleBase.fireLifecycleEvent(LifecycleBase.java:109)
		at org.apache.catalina.core.StandardContext.startInternal(StandardContext.java:4311)
		at org.apache.catalina.util.LifecycleBase.start(LifecycleBase.java:164)
		at org.apache.catalina.core.ContainerBase.addChild(ContainerBase.java:566)
		at org.apache.catalina.core.StandardHost.addChild(StandardHost.java:653)
		at org.apache.catalina.startup.HostConfig.deployWAR(HostConfig.java:933)
		at org.apache.catalina.startup.HostConfig$DeployWar.run(HostConfig.java:1875)
		at java.base/java.util.concurrent.Executors$RunnableAdapter.call(Executors.java:572)
		at java.base/java.util.concurrent.FutureTask.run(FutureTask.java:317)
		at org.apache.tomcat.util.threads.InlineExecutorService.execute(InlineExecutorService.java:75)
		at java.base/java.util.concurrent.AbstractExecutorService.submit(AbstractExecutorService.java:123)
		at org.apache.catalina.startup.HostConfig.deployWARs(HostConfig.java:735)
		at org.apache.catalina.startup.HostConfig.deployApps(HostConfig.java:387)
		at org.apache.catalina.startup.HostConfig.start(HostConfig.java:1593)
		at org.apache.catalina.startup.HostConfig.lifecycleEvent(HostConfig.java:267)
		at org.apache.catalina.util.LifecycleBase.fireLifecycleEvent(LifecycleBase.java:109)
		at org.apache.catalina.util.LifecycleBase.setStateInternal(LifecycleBase.java:389)
		at org.apache.catalina.util.LifecycleBase.setState(LifecycleBase.java:336)
		at org.apache.catalina.core.ContainerBase.startInternal(ContainerBase.java:743)
		at org.apache.catalina.core.StandardHost.startInternal(StandardHost.java:771)
		at org.apache.catalina.util.LifecycleBase.start(LifecycleBase.java:164)
		at org.apache.catalina.core.ContainerBase$StartChild.call(ContainerBase.java:1170)
		at org.apache.catalina.core.ContainerBase$StartChild.call(ContainerBase.java:1160)
		at java.base/java.util.concurrent.FutureTask.run(FutureTask.java:317)
		at org.apache.tomcat.util.threads.InlineExecutorService.execute(InlineExecutorService.java:75)
		at java.base/java.util.concurrent.AbstractExecutorService.submit(AbstractExecutorService.java:145)
		at org.apache.catalina.core.ContainerBase.startInternal(ContainerBase.java:716)
		at org.apache.catalina.core.StandardEngine.startInternal(StandardEngine.java:203)
		at org.apache.catalina.util.LifecycleBase.start(LifecycleBase.java:164)
		at org.apache.catalina.core.StandardService.startInternal(StandardService.java:415)
		at org.apache.catalina.util.LifecycleBase.start(LifecycleBase.java:164)
		at org.apache.catalina.core.StandardServer.startInternal(StandardServer.java:866)
		at org.apache.catalina.util.LifecycleBase.start(LifecycleBase.java:164)
		at org.apache.catalina.startup.Catalina.start(Catalina.java:759)
		at java.base/jdk.internal.reflect.DirectMethodHandleAccessor.invoke(DirectMethodHandleAccessor.java:103)
		at java.base/java.lang.reflect.Method.invoke(Method.java:580)
		at org.apache.catalina.startup.Bootstrap.start(Bootstrap.java:342)
		at org.apache.catalina.startup.Bootstrap.main(Bootstrap.java:470)
10-Jan-2025 23:09:24.465 SEVERE [main] org.apache.tomcat.util.descriptor.web.WebXmlParser.parseWebXml Parse error in application web.xml file at [file:/home/serega/YandexPr/Middle/Final_Sprint_Tasks/Spring/apache-tomcat-11.0.2/webapps/try_spring-1.0-SNAPSHOT/WEB-INF/web.xml]
	org.xml.sax.SAXParseException; systemId: file:/home/serega/YandexPr/Middle/Final_Sprint_Tasks/Spring/apache-tomcat-11.0.2/webapps/try_spring-1.0-SNAPSHOT/WEB-INF/web.xml; lineNumber: 3; columnNumber: 6; The processing instruction target matching "[xX][mM][lL]" is not allowed.
		at java.xml/com.sun.org.apache.xerces.internal.util.ErrorHandlerWrapper.createSAXParseException(ErrorHandlerWrapper.java:204)
		at java.xml/com.sun.org.apache.xerces.internal.util.ErrorHandlerWrapper.fatalError(ErrorHandlerWrapper.java:178)
		at java.xml/com.sun.org.apache.xerces.internal.impl.XMLErrorReporter.reportError(XMLErrorReporter.java:400)
		at java.xml/com.sun.org.apache.xerces.internal.impl.XMLErrorReporter.reportError(XMLErrorReporter.java:327)
		at java.xml/com.sun.org.apache.xerces.internal.impl.XMLScanner.reportFatalError(XMLScanner.java:1465)
		at java.xml/com.sun.org.apache.xerces.internal.impl.XMLScanner.scanPIData(XMLScanner.java:745)
		at java.xml/com.sun.org.apache.xerces.internal.impl.XMLDocumentFragmentScannerImpl.scanPIData(XMLDocumentFragmentScannerImpl.java:1059)
		at java.xml/com.sun.org.apache.xerces.internal.impl.XMLScanner.scanPI(XMLScanner.java:713)
		at java.xml/com.sun.org.apache.xerces.internal.impl.XMLDocumentScannerImpl$PrologDriver.next(XMLDocumentScannerImpl.java:891)
		at java.xml/com.sun.org.apache.xerces.internal.impl.XMLDocumentScannerImpl.next(XMLDocumentScannerImpl.java:605)
		at java.xml/com.sun.org.apache.xerces.internal.impl.XMLDocumentFragmentScannerImpl.scanDocument(XMLDocumentFragmentScannerImpl.java:542)
		at java.xml/com.sun.org.apache.xerces.internal.parsers.XML11Configuration.parse(XML11Configuration.java:889)
		at java.xml/com.sun.org.apache.xerces.internal.parsers.XML11Configuration.parse(XML11Configuration.java:825)
		at java.xml/com.sun.org.apache.xerces.internal.parsers.XMLParser.parse(XMLParser.java:141)
		at java.xml/com.sun.org.apache.xerces.internal.parsers.AbstractSAXParser.parse(AbstractSAXParser.java:1224)
		at java.xml/com.sun.org.apache.xerces.internal.jaxp.SAXParserImpl$JAXPSAXParser.parse(SAXParserImpl.java:637)
		at org.apache.tomcat.util.digester.Digester.parse(Digester.java:1529)
		at org.apache.tomcat.util.descriptor.web.WebXmlParser.parseWebXml(WebXmlParser.java:119)
		at org.apache.catalina.startup.ContextConfig.webConfig(ContextConfig.java:1248)
		at org.apache.catalina.startup.ContextConfig.configureStart(ContextConfig.java:973)
		at org.apache.catalina.startup.ContextConfig.lifecycleEvent(ContextConfig.java:290)
		at org.apache.catalina.util.LifecycleBase.fireLifecycleEvent(LifecycleBase.java:109)
		at org.apache.catalina.core.StandardContext.startInternal(StandardContext.java:4311)
		at org.apache.catalina.util.LifecycleBase.start(LifecycleBase.java:164)
		at org.apache.catalina.core.ContainerBase.addChild(ContainerBase.java:566)
		at org.apache.catalina.core.StandardHost.addChild(StandardHost.java:653)
		at org.apache.catalina.startup.HostConfig.deployWAR(HostConfig.java:933)
		at org.apache.catalina.startup.HostConfig$DeployWar.run(HostConfig.java:1875)
		at java.base/java.util.concurrent.Executors$RunnableAdapter.call(Executors.java:572)
		at java.base/java.util.concurrent.FutureTask.run(FutureTask.java:317)
		at org.apache.tomcat.util.threads.InlineExecutorService.execute(InlineExecutorService.java:75)
		at java.base/java.util.concurrent.AbstractExecutorService.submit(AbstractExecutorService.java:123)
		at org.apache.catalina.startup.HostConfig.deployWARs(HostConfig.java:735)
		at org.apache.catalina.startup.HostConfig.deployApps(HostConfig.java:387)
		at org.apache.catalina.startup.HostConfig.start(HostConfig.java:1593)
		at org.apache.catalina.startup.HostConfig.lifecycleEvent(HostConfig.java:267)
		at org.apache.catalina.util.LifecycleBase.fireLifecycleEvent(LifecycleBase.java:109)
		at org.apache.catalina.util.LifecycleBase.setStateInternal(LifecycleBase.java:389)
		at org.apache.catalina.util.LifecycleBase.setState(LifecycleBase.java:336)
		at org.apache.catalina.core.ContainerBase.startInternal(ContainerBase.java:743)
		at org.apache.catalina.core.StandardHost.startInternal(StandardHost.java:771)
		at org.apache.catalina.util.LifecycleBase.start(LifecycleBase.java:164)
		at org.apache.catalina.core.ContainerBase$StartChild.call(ContainerBase.java:1170)
		at org.apache.catalina.core.ContainerBase$StartChild.call(ContainerBase.java:1160)
		at java.base/java.util.concurrent.FutureTask.run(FutureTask.java:317)
		at org.apache.tomcat.util.threads.InlineExecutorService.execute(InlineExecutorService.java:75)
		at java.base/java.util.concurrent.AbstractExecutorService.submit(AbstractExecutorService.java:145)
		at org.apache.catalina.core.ContainerBase.startInternal(ContainerBase.java:716)
		at org.apache.catalina.core.StandardEngine.startInternal(StandardEngine.java:203)
		at org.apache.catalina.util.LifecycleBase.start(LifecycleBase.java:164)
		at org.apache.catalina.core.StandardService.startInternal(StandardService.java:415)
		at org.apache.catalina.util.LifecycleBase.start(LifecycleBase.java:164)
		at org.apache.catalina.core.StandardServer.startInternal(StandardServer.java:866)
		at org.apache.catalina.util.LifecycleBase.start(LifecycleBase.java:164)
		at org.apache.catalina.startup.Catalina.start(Catalina.java:759)
		at java.base/jdk.internal.reflect.DirectMethodHandleAccessor.invoke(DirectMethodHandleAccessor.java:103)
		at java.base/java.lang.reflect.Method.invoke(Method.java:580)
		at org.apache.catalina.startup.Bootstrap.start(Bootstrap.java:342)
		at org.apache.catalina.startup.Bootstrap.main(Bootstrap.java:470)
10-Jan-2025 23:09:24.466 SEVERE [main] org.apache.tomcat.util.descriptor.web.WebXmlParser.parseWebXml Occurred at line [3] column [6]
10-Jan-2025 23:09:24.490 SEVERE [main] org.apache.catalina.startup.ContextConfig.configureStart Marking this application unavailable due to previous error(s)
10-Jan-2025 23:09:24.544 SEVERE [main] org.apache.catalina.core.StandardContext.startInternal One or more components marked the context as not correctly configured
10-Jan-2025 23:09:24.552 SEVERE [main] org.apache.catalina.core.StandardContext.startInternal Context [/try_spring-1.0-SNAPSHOT] startup failed due to previous errors
10-Jan-2025 23:09:24.562 INFO [main] org.apache.catalina.startup.HostConfig.deployWAR Deployment of web application archive [/home/serega/YandexPr/Middle/Final_Sprint_Tasks/Spring/apache-tomcat-11.0.2/webapps/try_spring-1.0-SNAPSHOT.war] has finished in [422] ms
10-Jan-2025 23:09:24.563 INFO [main] org.apache.catalina.startup.HostConfig.deployDirectory Установка веб приложения в папку [/home/serega/YandexPr/Middle/Final_Sprint_Tasks/Spring/apache-tomcat-11.0.2/webapps/docs]
10-Jan-2025 23:09:24.663 INFO [main] org.apache.catalina.startup.HostConfig.deployDirectory Deployment of web application directory [/home/serega/YandexPr/Middle/Final_Sprint_Tasks/Spring/apache-tomcat-11.0.2/webapps/docs] has finished in [100] ms
10-Jan-2025 23:09:24.663 INFO [main] org.apache.catalina.startup.HostConfig.deployDirectory Установка веб приложения в папку [/home/serega/YandexPr/Middle/Final_Sprint_Tasks/Spring/apache-tomcat-11.0.2/webapps/ROOT]
10-Jan-2025 23:09:24.692 INFO [main] org.apache.catalina.startup.HostConfig.deployDirectory Deployment of web application directory [/home/serega/YandexPr/Middle/Final_Sprint_Tasks/Spring/apache-tomcat-11.0.2/webapps/ROOT] has finished in [29] ms
10-Jan-2025 23:09:24.692 INFO [main] org.apache.catalina.startup.HostConfig.deployDirectory Установка веб приложения в папку [/home/serega/YandexPr/Middle/Final_Sprint_Tasks/Spring/apache-tomcat-11.0.2/webapps/examples]
10-Jan-2025 23:09:25.017 INFO [main] org.apache.catalina.startup.HostConfig.deployDirectory Deployment of web application directory [/home/serega/YandexPr/Middle/Final_Sprint_Tasks/Spring/apache-tomcat-11.0.2/webapps/examples] has finished in [324] ms
10-Jan-2025 23:09:25.017 INFO [main] org.apache.catalina.startup.HostConfig.deployDirectory Установка веб приложения в папку [/home/serega/YandexPr/Middle/Final_Sprint_Tasks/Spring/apache-tomcat-11.0.2/webapps/host-manager]
10-Jan-2025 23:09:25.042 INFO [main] org.apache.catalina.startup.HostConfig.deployDirectory Deployment of web application directory [/home/serega/YandexPr/Middle/Final_Sprint_Tasks/Spring/apache-tomcat-11.0.2/webapps/host-manager] has finished in [25] ms
10-Jan-2025 23:09:25.042 INFO [main] org.apache.catalina.startup.HostConfig.deployDirectory Установка веб приложения в папку [/home/serega/YandexPr/Middle/Final_Sprint_Tasks/Spring/apache-tomcat-11.0.2/webapps/manager]
10-Jan-2025 23:09:25.065 INFO [main] org.apache.catalina.startup.HostConfig.deployDirectory Deployment of web application directory [/home/serega/YandexPr/Middle/Final_Sprint_Tasks/Spring/apache-tomcat-11.0.2/webapps/manager] has finished in [22] ms
10-Jan-2025 23:09:25.070 INFO [main] org.apache.coyote.AbstractProtocol.start Starting ProtocolHandler ["http-nio-8080"]
10-Jan-2025 23:09:25.080 INFO [main] org.apache.catalina.startup.Catalina.start Server startup in [1003] milliseconds
10-Jan-2025 23:12:35.867 INFO [main] org.apache.catalina.startup.VersionLoggerListener.log Имя версии сервера:    Apache Tomcat/11.0.2
10-Jan-2025 23:12:35.871 INFO [main] org.apache.catalina.startup.VersionLoggerListener.log Сервер собран:         Dec 5 2024 15:19:37 UTC
10-Jan-2025 23:12:35.871 INFO [main] org.apache.catalina.startup.VersionLoggerListener.log Номер версии сервера:  11.0.2.0
10-Jan-2025 23:12:35.871 INFO [main] org.apache.catalina.startup.VersionLoggerListener.log OS Name:               Linux
10-Jan-2025 23:12:35.871 INFO [main] org.apache.catalina.startup.VersionLoggerListener.log Версия ОС:             6.8.0-51-generic
10-Jan-2025 23:12:35.871 INFO [main] org.apache.catalina.startup.VersionLoggerListener.log Архитектура:           amd64
10-Jan-2025 23:12:35.872 INFO [main] org.apache.catalina.startup.VersionLoggerListener.log Java Home:             /usr/lib/jvm/java-21-openjdk-amd64
10-Jan-2025 23:12:35.872 INFO [main] org.apache.catalina.startup.VersionLoggerListener.log Версия JVM:            21.0.5+11-Ubuntu-1ubuntu124.04
10-Jan-2025 23:12:35.872 INFO [main] org.apache.catalina.startup.VersionLoggerListener.log Производитель JVM:     Ubuntu
10-Jan-2025 23:12:35.872 INFO [main] org.apache.catalina.startup.VersionLoggerListener.log CATALINA_BASE:         /home/serega/YandexPr/Middle/Final_Sprint_Tasks/Spring/apache-tomcat-11.0.2
10-Jan-2025 23:12:35.872 INFO [main] org.apache.catalina.startup.VersionLoggerListener.log CATALINA_HOME:         /home/serega/YandexPr/Middle/Final_Sprint_Tasks/Spring/apache-tomcat-11.0.2
10-Jan-2025 23:12:35.883 INFO [main] org.apache.catalina.startup.VersionLoggerListener.log Command line argument: -Djava.util.logging.config.file=/home/serega/YandexPr/Middle/Final_Sprint_Tasks/Spring/apache-tomcat-11.0.2/conf/logging.properties
10-Jan-2025 23:12:35.884 INFO [main] org.apache.catalina.startup.VersionLoggerListener.log Command line argument: -Djava.util.logging.manager=org.apache.juli.ClassLoaderLogManager
10-Jan-2025 23:12:35.884 INFO [main] org.apache.catalina.startup.VersionLoggerListener.log Command line argument: -Djdk.tls.ephemeralDHKeySize=2048
10-Jan-2025 23:12:35.884 INFO [main] org.apache.catalina.startup.VersionLoggerListener.log Command line argument: -Dorg.apache.catalina.security.SecurityListener.UMASK=0027
10-Jan-2025 23:12:35.884 INFO [main] org.apache.catalina.startup.VersionLoggerListener.log Command line argument: --add-opens=java.base/java.lang=ALL-UNNAMED
10-Jan-2025 23:12:35.884 INFO [main] org.apache.catalina.startup.VersionLoggerListener.log Command line argument: --add-opens=java.base/java.io=ALL-UNNAMED
10-Jan-2025 23:12:35.884 INFO [main] org.apache.catalina.startup.VersionLoggerListener.log Command line argument: --add-opens=java.base/java.util=ALL-UNNAMED
10-Jan-2025 23:12:35.884 INFO [main] org.apache.catalina.startup.VersionLoggerListener.log Command line argument: --add-opens=java.base/java.util.concurrent=ALL-UNNAMED
10-Jan-2025 23:12:35.884 INFO [main] org.apache.catalina.startup.VersionLoggerListener.log Command line argument: --add-opens=java.rmi/sun.rmi.transport=ALL-UNNAMED
10-Jan-2025 23:12:35.884 INFO [main] org.apache.catalina.startup.VersionLoggerListener.log Command line argument: --enable-native-access=ALL-UNNAMED
10-Jan-2025 23:12:35.884 INFO [main] org.apache.catalina.startup.VersionLoggerListener.log Command line argument: -agentlib:jdwp=transport=dt_socket,address=localhost:8000,server=y,suspend=n
10-Jan-2025 23:12:35.885 INFO [main] org.apache.catalina.startup.VersionLoggerListener.log Command line argument: -Dcatalina.base=/home/serega/YandexPr/Middle/Final_Sprint_Tasks/Spring/apache-tomcat-11.0.2
10-Jan-2025 23:12:35.885 INFO [main] org.apache.catalina.startup.VersionLoggerListener.log Command line argument: -Dcatalina.home=/home/serega/YandexPr/Middle/Final_Sprint_Tasks/Spring/apache-tomcat-11.0.2
10-Jan-2025 23:12:35.885 INFO [main] org.apache.catalina.startup.VersionLoggerListener.log Command line argument: -Djava.io.tmpdir=/home/serega/YandexPr/Middle/Final_Sprint_Tasks/Spring/apache-tomcat-11.0.2/temp
10-Jan-2025 23:12:35.887 INFO [main] org.apache.catalina.core.AprLifecycleListener.lifecycleEvent The Apache Tomcat Native library which allows using OpenSSL was not found on the java.library.path: [/usr/java/packages/lib:/usr/lib/x86_64-linux-gnu/jni:/lib/x86_64-linux-gnu:/usr/lib/x86_64-linux-gnu:/usr/lib/jni:/lib:/usr/lib]
10-Jan-2025 23:12:36.279 INFO [main] org.apache.coyote.AbstractProtocol.init Инициализация ProtocolHandler ["http-nio-8080"]
10-Jan-2025 23:12:36.305 INFO [main] org.apache.catalina.startup.Catalina.load Server initialization in [671] milliseconds
10-Jan-2025 23:12:36.351 INFO [main] org.apache.catalina.core.StandardService.startInternal Starting service [Catalina]
10-Jan-2025 23:12:36.351 INFO [main] org.apache.catalina.core.StandardEngine.startInternal Starting Servlet engine: [Apache Tomcat/11.0.2]
10-Jan-2025 23:12:36.368 INFO [main] org.apache.catalina.startup.HostConfig.deployWAR Deploying web application archive [/home/serega/YandexPr/Middle/Final_Sprint_Tasks/Spring/apache-tomcat-11.0.2/webapps/try_spring-1.0-SNAPSHOT.war]
10-Jan-2025 23:12:36.640 SEVERE [main] org.apache.tomcat.util.digester.Digester.fatalError Parse fatal error at line [3] column [6]
	org.xml.sax.SAXParseException; systemId: file:/home/serega/YandexPr/Middle/Final_Sprint_Tasks/Spring/apache-tomcat-11.0.2/webapps/try_spring-1.0-SNAPSHOT/WEB-INF/web.xml; lineNumber: 3; columnNumber: 6; The processing instruction target matching "[xX][mM][lL]" is not allowed.
		at java.xml/com.sun.org.apache.xerces.internal.util.ErrorHandlerWrapper.createSAXParseException(ErrorHandlerWrapper.java:204)
		at java.xml/com.sun.org.apache.xerces.internal.util.ErrorHandlerWrapper.fatalError(ErrorHandlerWrapper.java:178)
		at java.xml/com.sun.org.apache.xerces.internal.impl.XMLErrorReporter.reportError(XMLErrorReporter.java:400)
		at java.xml/com.sun.org.apache.xerces.internal.impl.XMLErrorReporter.reportError(XMLErrorReporter.java:327)
		at java.xml/com.sun.org.apache.xerces.internal.impl.XMLScanner.reportFatalError(XMLScanner.java:1465)
		at java.xml/com.sun.org.apache.xerces.internal.impl.XMLScanner.scanPIData(XMLScanner.java:745)
		at java.xml/com.sun.org.apache.xerces.internal.impl.XMLDocumentFragmentScannerImpl.scanPIData(XMLDocumentFragmentScannerImpl.java:1059)
		at java.xml/com.sun.org.apache.xerces.internal.impl.XMLScanner.scanPI(XMLScanner.java:713)
		at java.xml/com.sun.org.apache.xerces.internal.impl.XMLDocumentScannerImpl$PrologDriver.next(XMLDocumentScannerImpl.java:891)
		at java.xml/com.sun.org.apache.xerces.internal.impl.XMLDocumentScannerImpl.next(XMLDocumentScannerImpl.java:605)
		at java.xml/com.sun.org.apache.xerces.internal.impl.XMLDocumentFragmentScannerImpl.scanDocument(XMLDocumentFragmentScannerImpl.java:542)
		at java.xml/com.sun.org.apache.xerces.internal.parsers.XML11Configuration.parse(XML11Configuration.java:889)
		at java.xml/com.sun.org.apache.xerces.internal.parsers.XML11Configuration.parse(XML11Configuration.java:825)
		at java.xml/com.sun.org.apache.xerces.internal.parsers.XMLParser.parse(XMLParser.java:141)
		at java.xml/com.sun.org.apache.xerces.internal.parsers.AbstractSAXParser.parse(AbstractSAXParser.java:1224)
		at java.xml/com.sun.org.apache.xerces.internal.jaxp.SAXParserImpl$JAXPSAXParser.parse(SAXParserImpl.java:637)
		at org.apache.tomcat.util.digester.Digester.parse(Digester.java:1529)
		at org.apache.tomcat.util.descriptor.web.WebXmlParser.parseWebXml(WebXmlParser.java:119)
		at org.apache.catalina.startup.ContextConfig.webConfig(ContextConfig.java:1248)
		at org.apache.catalina.startup.ContextConfig.configureStart(ContextConfig.java:973)
		at org.apache.catalina.startup.ContextConfig.lifecycleEvent(ContextConfig.java:290)
		at org.apache.catalina.util.LifecycleBase.fireLifecycleEvent(LifecycleBase.java:109)
		at org.apache.catalina.core.StandardContext.startInternal(StandardContext.java:4311)
		at org.apache.catalina.util.LifecycleBase.start(LifecycleBase.java:164)
		at org.apache.catalina.core.ContainerBase.addChild(ContainerBase.java:566)
		at org.apache.catalina.core.StandardHost.addChild(StandardHost.java:653)
		at org.apache.catalina.startup.HostConfig.deployWAR(HostConfig.java:933)
		at org.apache.catalina.startup.HostConfig$DeployWar.run(HostConfig.java:1875)
		at java.base/java.util.concurrent.Executors$RunnableAdapter.call(Executors.java:572)
		at java.base/java.util.concurrent.FutureTask.run(FutureTask.java:317)
		at org.apache.tomcat.util.threads.InlineExecutorService.execute(InlineExecutorService.java:75)
		at java.base/java.util.concurrent.AbstractExecutorService.submit(AbstractExecutorService.java:123)
		at org.apache.catalina.startup.HostConfig.deployWARs(HostConfig.java:735)
		at org.apache.catalina.startup.HostConfig.deployApps(HostConfig.java:387)
		at org.apache.catalina.startup.HostConfig.start(HostConfig.java:1593)
		at org.apache.catalina.startup.HostConfig.lifecycleEvent(HostConfig.java:267)
		at org.apache.catalina.util.LifecycleBase.fireLifecycleEvent(LifecycleBase.java:109)
		at org.apache.catalina.util.LifecycleBase.setStateInternal(LifecycleBase.java:389)
		at org.apache.catalina.util.LifecycleBase.setState(LifecycleBase.java:336)
		at org.apache.catalina.core.ContainerBase.startInternal(ContainerBase.java:743)
		at org.apache.catalina.core.StandardHost.startInternal(StandardHost.java:771)
		at org.apache.catalina.util.LifecycleBase.start(LifecycleBase.java:164)
		at org.apache.catalina.core.ContainerBase$StartChild.call(ContainerBase.java:1170)
		at org.apache.catalina.core.ContainerBase$StartChild.call(ContainerBase.java:1160)
		at java.base/java.util.concurrent.FutureTask.run(FutureTask.java:317)
		at org.apache.tomcat.util.threads.InlineExecutorService.execute(InlineExecutorService.java:75)
		at java.base/java.util.concurrent.AbstractExecutorService.submit(AbstractExecutorService.java:145)
		at org.apache.catalina.core.ContainerBase.startInternal(ContainerBase.java:716)
		at org.apache.catalina.core.StandardEngine.startInternal(StandardEngine.java:203)
		at org.apache.catalina.util.LifecycleBase.start(LifecycleBase.java:164)
		at org.apache.catalina.core.StandardService.startInternal(StandardService.java:415)
		at org.apache.catalina.util.LifecycleBase.start(LifecycleBase.java:164)
		at org.apache.catalina.core.StandardServer.startInternal(StandardServer.java:866)
		at org.apache.catalina.util.LifecycleBase.start(LifecycleBase.java:164)
		at org.apache.catalina.startup.Catalina.start(Catalina.java:759)
		at java.base/jdk.internal.reflect.DirectMethodHandleAccessor.invoke(DirectMethodHandleAccessor.java:103)
		at java.base/java.lang.reflect.Method.invoke(Method.java:580)
		at org.apache.catalina.startup.Bootstrap.start(Bootstrap.java:342)
		at org.apache.catalina.startup.Bootstrap.main(Bootstrap.java:470)
10-Jan-2025 23:12:36.642 SEVERE [main] org.apache.tomcat.util.descriptor.web.WebXmlParser.parseWebXml Parse error in application web.xml file at [file:/home/serega/YandexPr/Middle/Final_Sprint_Tasks/Spring/apache-tomcat-11.0.2/webapps/try_spring-1.0-SNAPSHOT/WEB-INF/web.xml]
	org.xml.sax.SAXParseException; systemId: file:/home/serega/YandexPr/Middle/Final_Sprint_Tasks/Spring/apache-tomcat-11.0.2/webapps/try_spring-1.0-SNAPSHOT/WEB-INF/web.xml; lineNumber: 3; columnNumber: 6; The processing instruction target matching "[xX][mM][lL]" is not allowed.
		at java.xml/com.sun.org.apache.xerces.internal.util.ErrorHandlerWrapper.createSAXParseException(ErrorHandlerWrapper.java:204)
		at java.xml/com.sun.org.apache.xerces.internal.util.ErrorHandlerWrapper.fatalError(ErrorHandlerWrapper.java:178)
		at java.xml/com.sun.org.apache.xerces.internal.impl.XMLErrorReporter.reportError(XMLErrorReporter.java:400)
		at java.xml/com.sun.org.apache.xerces.internal.impl.XMLErrorReporter.reportError(XMLErrorReporter.java:327)
		at java.xml/com.sun.org.apache.xerces.internal.impl.XMLScanner.reportFatalError(XMLScanner.java:1465)
		at java.xml/com.sun.org.apache.xerces.internal.impl.XMLScanner.scanPIData(XMLScanner.java:745)
		at java.xml/com.sun.org.apache.xerces.internal.impl.XMLDocumentFragmentScannerImpl.scanPIData(XMLDocumentFragmentScannerImpl.java:1059)
		at java.xml/com.sun.org.apache.xerces.internal.impl.XMLScanner.scanPI(XMLScanner.java:713)
		at java.xml/com.sun.org.apache.xerces.internal.impl.XMLDocumentScannerImpl$PrologDriver.next(XMLDocumentScannerImpl.java:891)
		at java.xml/com.sun.org.apache.xerces.internal.impl.XMLDocumentScannerImpl.next(XMLDocumentScannerImpl.java:605)
		at java.xml/com.sun.org.apache.xerces.internal.impl.XMLDocumentFragmentScannerImpl.scanDocument(XMLDocumentFragmentScannerImpl.java:542)
		at java.xml/com.sun.org.apache.xerces.internal.parsers.XML11Configuration.parse(XML11Configuration.java:889)
		at java.xml/com.sun.org.apache.xerces.internal.parsers.XML11Configuration.parse(XML11Configuration.java:825)
		at java.xml/com.sun.org.apache.xerces.internal.parsers.XMLParser.parse(XMLParser.java:141)
		at java.xml/com.sun.org.apache.xerces.internal.parsers.AbstractSAXParser.parse(AbstractSAXParser.java:1224)
		at java.xml/com.sun.org.apache.xerces.internal.jaxp.SAXParserImpl$JAXPSAXParser.parse(SAXParserImpl.java:637)
		at org.apache.tomcat.util.digester.Digester.parse(Digester.java:1529)
		at org.apache.tomcat.util.descriptor.web.WebXmlParser.parseWebXml(WebXmlParser.java:119)
		at org.apache.catalina.startup.ContextConfig.webConfig(ContextConfig.java:1248)
		at org.apache.catalina.startup.ContextConfig.configureStart(ContextConfig.java:973)
		at org.apache.catalina.startup.ContextConfig.lifecycleEvent(ContextConfig.java:290)
		at org.apache.catalina.util.LifecycleBase.fireLifecycleEvent(LifecycleBase.java:109)
		at org.apache.catalina.core.StandardContext.startInternal(StandardContext.java:4311)
		at org.apache.catalina.util.LifecycleBase.start(LifecycleBase.java:164)
		at org.apache.catalina.core.ContainerBase.addChild(ContainerBase.java:566)
		at org.apache.catalina.core.StandardHost.addChild(StandardHost.java:653)
		at org.apache.catalina.startup.HostConfig.deployWAR(HostConfig.java:933)
		at org.apache.catalina.startup.HostConfig$DeployWar.run(HostConfig.java:1875)
		at java.base/java.util.concurrent.Executors$RunnableAdapter.call(Executors.java:572)
		at java.base/java.util.concurrent.FutureTask.run(FutureTask.java:317)
		at org.apache.tomcat.util.threads.InlineExecutorService.execute(InlineExecutorService.java:75)
		at java.base/java.util.concurrent.AbstractExecutorService.submit(AbstractExecutorService.java:123)
		at org.apache.catalina.startup.HostConfig.deployWARs(HostConfig.java:735)
		at org.apache.catalina.startup.HostConfig.deployApps(HostConfig.java:387)
		at org.apache.catalina.startup.HostConfig.start(HostConfig.java:1593)
		at org.apache.catalina.startup.HostConfig.lifecycleEvent(HostConfig.java:267)
		at org.apache.catalina.util.LifecycleBase.fireLifecycleEvent(LifecycleBase.java:109)
		at org.apache.catalina.util.LifecycleBase.setStateInternal(LifecycleBase.java:389)
		at org.apache.catalina.util.LifecycleBase.setState(LifecycleBase.java:336)
		at org.apache.catalina.core.ContainerBase.startInternal(ContainerBase.java:743)
		at org.apache.catalina.core.StandardHost.startInternal(StandardHost.java:771)
		at org.apache.catalina.util.LifecycleBase.start(LifecycleBase.java:164)
		at org.apache.catalina.core.ContainerBase$StartChild.call(ContainerBase.java:1170)
		at org.apache.catalina.core.ContainerBase$StartChild.call(ContainerBase.java:1160)
		at java.base/java.util.concurrent.FutureTask.run(FutureTask.java:317)
		at org.apache.tomcat.util.threads.InlineExecutorService.execute(InlineExecutorService.java:75)
		at java.base/java.util.concurrent.AbstractExecutorService.submit(AbstractExecutorService.java:145)
		at org.apache.catalina.core.ContainerBase.startInternal(ContainerBase.java:716)
		at org.apache.catalina.core.StandardEngine.startInternal(StandardEngine.java:203)
		at org.apache.catalina.util.LifecycleBase.start(LifecycleBase.java:164)
		at org.apache.catalina.core.StandardService.startInternal(StandardService.java:415)
		at org.apache.catalina.util.LifecycleBase.start(LifecycleBase.java:164)
		at org.apache.catalina.core.StandardServer.startInternal(StandardServer.java:866)
		at org.apache.catalina.util.LifecycleBase.start(LifecycleBase.java:164)
		at org.apache.catalina.startup.Catalina.start(Catalina.java:759)
		at java.base/jdk.internal.reflect.DirectMethodHandleAccessor.invoke(DirectMethodHandleAccessor.java:103)
		at java.base/java.lang.reflect.Method.invoke(Method.java:580)
		at org.apache.catalina.startup.Bootstrap.start(Bootstrap.java:342)
		at org.apache.catalina.startup.Bootstrap.main(Bootstrap.java:470)
10-Jan-2025 23:12:36.643 SEVERE [main] org.apache.tomcat.util.descriptor.web.WebXmlParser.parseWebXml Occurred at line [3] column [6]
10-Jan-2025 23:12:36.665 SEVERE [main] org.apache.catalina.startup.ContextConfig.configureStart Marking this application unavailable due to previous error(s)
10-Jan-2025 23:12:36.719 SEVERE [main] org.apache.catalina.core.StandardContext.startInternal One or more components marked the context as not correctly configured
10-Jan-2025 23:12:36.726 SEVERE [main] org.apache.catalina.core.StandardContext.startInternal Context [/try_spring-1.0-SNAPSHOT] startup failed due to previous errors
10-Jan-2025 23:12:36.735 INFO [main] org.apache.catalina.startup.HostConfig.deployWAR Deployment of web application archive [/home/serega/YandexPr/Middle/Final_Sprint_Tasks/Spring/apache-tomcat-11.0.2/webapps/try_spring-1.0-SNAPSHOT.war] has finished in [367] ms
10-Jan-2025 23:12:36.736 INFO [main] org.apache.catalina.startup.HostConfig.deployDirectory Установка веб приложения в папку [/home/serega/YandexPr/Middle/Final_Sprint_Tasks/Spring/apache-tomcat-11.0.2/webapps/docs]
10-Jan-2025 23:12:36.831 INFO [main] org.apache.catalina.startup.HostConfig.deployDirectory Deployment of web application directory [/home/serega/YandexPr/Middle/Final_Sprint_Tasks/Spring/apache-tomcat-11.0.2/webapps/docs] has finished in [95] ms
10-Jan-2025 23:12:36.832 INFO [main] org.apache.catalina.startup.HostConfig.deployDirectory Установка веб приложения в папку [/home/serega/YandexPr/Middle/Final_Sprint_Tasks/Spring/apache-tomcat-11.0.2/webapps/ROOT]
10-Jan-2025 23:12:36.856 INFO [main] org.apache.catalina.startup.HostConfig.deployDirectory Deployment of web application directory [/home/serega/YandexPr/Middle/Final_Sprint_Tasks/Spring/apache-tomcat-11.0.2/webapps/ROOT] has finished in [24] ms
10-Jan-2025 23:12:36.857 INFO [main] org.apache.catalina.startup.HostConfig.deployDirectory Установка веб приложения в папку [/home/serega/YandexPr/Middle/Final_Sprint_Tasks/Spring/apache-tomcat-11.0.2/webapps/examples]
10-Jan-2025 23:12:37.137 INFO [main] org.apache.catalina.startup.HostConfig.deployDirectory Deployment of web application directory [/home/serega/YandexPr/Middle/Final_Sprint_Tasks/Spring/apache-tomcat-11.0.2/webapps/examples] has finished in [280] ms
10-Jan-2025 23:12:37.138 INFO [main] org.apache.catalina.startup.HostConfig.deployDirectory Установка веб приложения в папку [/home/serega/YandexPr/Middle/Final_Sprint_Tasks/Spring/apache-tomcat-11.0.2/webapps/host-manager]
10-Jan-2025 23:12:37.161 INFO [main] org.apache.catalina.startup.HostConfig.deployDirectory Deployment of web application directory [/home/serega/YandexPr/Middle/Final_Sprint_Tasks/Spring/apache-tomcat-11.0.2/webapps/host-manager] has finished in [24] ms
10-Jan-2025 23:12:37.161 INFO [main] org.apache.catalina.startup.HostConfig.deployDirectory Установка веб приложения в папку [/home/serega/YandexPr/Middle/Final_Sprint_Tasks/Spring/apache-tomcat-11.0.2/webapps/manager]
10-Jan-2025 23:12:37.183 INFO [main] org.apache.catalina.startup.HostConfig.deployDirectory Deployment of web application directory [/home/serega/YandexPr/Middle/Final_Sprint_Tasks/Spring/apache-tomcat-11.0.2/webapps/manager] has finished in [22] ms
10-Jan-2025 23:12:37.188 INFO [main] org.apache.coyote.AbstractProtocol.start Starting ProtocolHandler ["http-nio-8080"]
10-Jan-2025 23:12:37.198 INFO [main] org.apache.catalina.startup.Catalina.start Server startup in [891] milliseconds
10-Jan-2025 23:14:29.923 INFO [main] org.apache.catalina.startup.VersionLoggerListener.log Имя версии сервера:    Apache Tomcat/11.0.2
10-Jan-2025 23:14:29.927 INFO [main] org.apache.catalina.startup.VersionLoggerListener.log Сервер собран:         Dec 5 2024 15:19:37 UTC
10-Jan-2025 23:14:29.928 INFO [main] org.apache.catalina.startup.VersionLoggerListener.log Номер версии сервера:  11.0.2.0
10-Jan-2025 23:14:29.928 INFO [main] org.apache.catalina.startup.VersionLoggerListener.log OS Name:               Linux
10-Jan-2025 23:14:29.928 INFO [main] org.apache.catalina.startup.VersionLoggerListener.log Версия ОС:             6.8.0-51-generic
10-Jan-2025 23:14:29.928 INFO [main] org.apache.catalina.startup.VersionLoggerListener.log Архитектура:           amd64
10-Jan-2025 23:14:29.928 INFO [main] org.apache.catalina.startup.VersionLoggerListener.log Java Home:             /usr/lib/jvm/java-21-openjdk-amd64
10-Jan-2025 23:14:29.928 INFO [main] org.apache.catalina.startup.VersionLoggerListener.log Версия JVM:            21.0.5+11-Ubuntu-1ubuntu124.04
10-Jan-2025 23:14:29.929 INFO [main] org.apache.catalina.startup.VersionLoggerListener.log Производитель JVM:     Ubuntu
10-Jan-2025 23:14:29.929 INFO [main] org.apache.catalina.startup.VersionLoggerListener.log CATALINA_BASE:         /home/serega/YandexPr/Middle/Final_Sprint_Tasks/Spring/apache-tomcat-11.0.2
10-Jan-2025 23:14:29.929 INFO [main] org.apache.catalina.startup.VersionLoggerListener.log CATALINA_HOME:         /home/serega/YandexPr/Middle/Final_Sprint_Tasks/Spring/apache-tomcat-11.0.2
10-Jan-2025 23:14:29.939 INFO [main] org.apache.catalina.startup.VersionLoggerListener.log Command line argument: -Djava.util.logging.config.file=/home/serega/YandexPr/Middle/Final_Sprint_Tasks/Spring/apache-tomcat-11.0.2/conf/logging.properties
10-Jan-2025 23:14:29.940 INFO [main] org.apache.catalina.startup.VersionLoggerListener.log Command line argument: -Djava.util.logging.manager=org.apache.juli.ClassLoaderLogManager
10-Jan-2025 23:14:29.940 INFO [main] org.apache.catalina.startup.VersionLoggerListener.log Command line argument: -Djdk.tls.ephemeralDHKeySize=2048
10-Jan-2025 23:14:29.940 INFO [main] org.apache.catalina.startup.VersionLoggerListener.log Command line argument: -Dorg.apache.catalina.security.SecurityListener.UMASK=0027
10-Jan-2025 23:14:29.940 INFO [main] org.apache.catalina.startup.VersionLoggerListener.log Command line argument: --add-opens=java.base/java.lang=ALL-UNNAMED
10-Jan-2025 23:14:29.940 INFO [main] org.apache.catalina.startup.VersionLoggerListener.log Command line argument: --add-opens=java.base/java.io=ALL-UNNAMED
10-Jan-2025 23:14:29.940 INFO [main] org.apache.catalina.startup.VersionLoggerListener.log Command line argument: --add-opens=java.base/java.util=ALL-UNNAMED
10-Jan-2025 23:14:29.940 INFO [main] org.apache.catalina.startup.VersionLoggerListener.log Command line argument: --add-opens=java.base/java.util.concurrent=ALL-UNNAMED
10-Jan-2025 23:14:29.940 INFO [main] org.apache.catalina.startup.VersionLoggerListener.log Command line argument: --add-opens=java.rmi/sun.rmi.transport=ALL-UNNAMED
10-Jan-2025 23:14:29.941 INFO [main] org.apache.catalina.startup.VersionLoggerListener.log Command line argument: --enable-native-access=ALL-UNNAMED
10-Jan-2025 23:14:29.941 INFO [main] org.apache.catalina.startup.VersionLoggerListener.log Command line argument: -agentlib:jdwp=transport=dt_socket,address=localhost:8000,server=y,suspend=n
10-Jan-2025 23:14:29.941 INFO [main] org.apache.catalina.startup.VersionLoggerListener.log Command line argument: -Dcatalina.base=/home/serega/YandexPr/Middle/Final_Sprint_Tasks/Spring/apache-tomcat-11.0.2
10-Jan-2025 23:14:29.941 INFO [main] org.apache.catalina.startup.VersionLoggerListener.log Command line argument: -Dcatalina.home=/home/serega/YandexPr/Middle/Final_Sprint_Tasks/Spring/apache-tomcat-11.0.2
10-Jan-2025 23:14:29.941 INFO [main] org.apache.catalina.startup.VersionLoggerListener.log Command line argument: -Djava.io.tmpdir=/home/serega/YandexPr/Middle/Final_Sprint_Tasks/Spring/apache-tomcat-11.0.2/temp
10-Jan-2025 23:14:29.943 INFO [main] org.apache.catalina.core.AprLifecycleListener.lifecycleEvent The Apache Tomcat Native library which allows using OpenSSL was not found on the java.library.path: [/usr/java/packages/lib:/usr/lib/x86_64-linux-gnu/jni:/lib/x86_64-linux-gnu:/usr/lib/x86_64-linux-gnu:/usr/lib/jni:/lib:/usr/lib]
10-Jan-2025 23:14:30.352 INFO [main] org.apache.coyote.AbstractProtocol.init Инициализация ProtocolHandler ["http-nio-8080"]
10-Jan-2025 23:14:30.377 INFO [main] org.apache.catalina.startup.Catalina.load Server initialization in [660] milliseconds
10-Jan-2025 23:14:30.421 INFO [main] org.apache.catalina.core.StandardService.startInternal Starting service [Catalina]
10-Jan-2025 23:14:30.422 INFO [main] org.apache.catalina.core.StandardEngine.startInternal Starting Servlet engine: [Apache Tomcat/11.0.2]
10-Jan-2025 23:14:30.438 INFO [main] org.apache.catalina.startup.HostConfig.deployWAR Deploying web application archive [/home/serega/YandexPr/Middle/Final_Sprint_Tasks/Spring/apache-tomcat-11.0.2/webapps/try_spring-1.0-SNAPSHOT.war]
10-Jan-2025 23:14:30.741 SEVERE [main] org.apache.tomcat.util.digester.Digester.fatalError Parse fatal error at line [3] column [6]
	org.xml.sax.SAXParseException; systemId: file:/home/serega/YandexPr/Middle/Final_Sprint_Tasks/Spring/apache-tomcat-11.0.2/webapps/try_spring-1.0-SNAPSHOT/WEB-INF/web.xml; lineNumber: 3; columnNumber: 6; The processing instruction target matching "[xX][mM][lL]" is not allowed.
		at java.xml/com.sun.org.apache.xerces.internal.util.ErrorHandlerWrapper.createSAXParseException(ErrorHandlerWrapper.java:204)
		at java.xml/com.sun.org.apache.xerces.internal.util.ErrorHandlerWrapper.fatalError(ErrorHandlerWrapper.java:178)
		at java.xml/com.sun.org.apache.xerces.internal.impl.XMLErrorReporter.reportError(XMLErrorReporter.java:400)
		at java.xml/com.sun.org.apache.xerces.internal.impl.XMLErrorReporter.reportError(XMLErrorReporter.java:327)
		at java.xml/com.sun.org.apache.xerces.internal.impl.XMLScanner.reportFatalError(XMLScanner.java:1465)
		at java.xml/com.sun.org.apache.xerces.internal.impl.XMLScanner.scanPIData(XMLScanner.java:745)
		at java.xml/com.sun.org.apache.xerces.internal.impl.XMLDocumentFragmentScannerImpl.scanPIData(XMLDocumentFragmentScannerImpl.java:1059)
		at java.xml/com.sun.org.apache.xerces.internal.impl.XMLScanner.scanPI(XMLScanner.java:713)
		at java.xml/com.sun.org.apache.xerces.internal.impl.XMLDocumentScannerImpl$PrologDriver.next(XMLDocumentScannerImpl.java:891)
		at java.xml/com.sun.org.apache.xerces.internal.impl.XMLDocumentScannerImpl.next(XMLDocumentScannerImpl.java:605)
		at java.xml/com.sun.org.apache.xerces.internal.impl.XMLDocumentFragmentScannerImpl.scanDocument(XMLDocumentFragmentScannerImpl.java:542)
		at java.xml/com.sun.org.apache.xerces.internal.parsers.XML11Configuration.parse(XML11Configuration.java:889)
		at java.xml/com.sun.org.apache.xerces.internal.parsers.XML11Configuration.parse(XML11Configuration.java:825)
		at java.xml/com.sun.org.apache.xerces.internal.parsers.XMLParser.parse(XMLParser.java:141)
		at java.xml/com.sun.org.apache.xerces.internal.parsers.AbstractSAXParser.parse(AbstractSAXParser.java:1224)
		at java.xml/com.sun.org.apache.xerces.internal.jaxp.SAXParserImpl$JAXPSAXParser.parse(SAXParserImpl.java:637)
		at org.apache.tomcat.util.digester.Digester.parse(Digester.java:1529)
		at org.apache.tomcat.util.descriptor.web.WebXmlParser.parseWebXml(WebXmlParser.java:119)
		at org.apache.catalina.startup.ContextConfig.webConfig(ContextConfig.java:1248)
		at org.apache.catalina.startup.ContextConfig.configureStart(ContextConfig.java:973)
		at org.apache.catalina.startup.ContextConfig.lifecycleEvent(ContextConfig.java:290)
		at org.apache.catalina.util.LifecycleBase.fireLifecycleEvent(LifecycleBase.java:109)
		at org.apache.catalina.core.StandardContext.startInternal(StandardContext.java:4311)
		at org.apache.catalina.util.LifecycleBase.start(LifecycleBase.java:164)
		at org.apache.catalina.core.ContainerBase.addChild(ContainerBase.java:566)
		at org.apache.catalina.core.StandardHost.addChild(StandardHost.java:653)
		at org.apache.catalina.startup.HostConfig.deployWAR(HostConfig.java:933)
		at org.apache.catalina.startup.HostConfig$DeployWar.run(HostConfig.java:1875)
		at java.base/java.util.concurrent.Executors$RunnableAdapter.call(Executors.java:572)
		at java.base/java.util.concurrent.FutureTask.run(FutureTask.java:317)
		at org.apache.tomcat.util.threads.InlineExecutorService.execute(InlineExecutorService.java:75)
		at java.base/java.util.concurrent.AbstractExecutorService.submit(AbstractExecutorService.java:123)
		at org.apache.catalina.startup.HostConfig.deployWARs(HostConfig.java:735)
		at org.apache.catalina.startup.HostConfig.deployApps(HostConfig.java:387)
		at org.apache.catalina.startup.HostConfig.start(HostConfig.java:1593)
		at org.apache.catalina.startup.HostConfig.lifecycleEvent(HostConfig.java:267)
		at org.apache.catalina.util.LifecycleBase.fireLifecycleEvent(LifecycleBase.java:109)
		at org.apache.catalina.util.LifecycleBase.setStateInternal(LifecycleBase.java:389)
		at org.apache.catalina.util.LifecycleBase.setState(LifecycleBase.java:336)
		at org.apache.catalina.core.ContainerBase.startInternal(ContainerBase.java:743)
		at org.apache.catalina.core.StandardHost.startInternal(StandardHost.java:771)
		at org.apache.catalina.util.LifecycleBase.start(LifecycleBase.java:164)
		at org.apache.catalina.core.ContainerBase$StartChild.call(ContainerBase.java:1170)
		at org.apache.catalina.core.ContainerBase$StartChild.call(ContainerBase.java:1160)
		at java.base/java.util.concurrent.FutureTask.run(FutureTask.java:317)
		at org.apache.tomcat.util.threads.InlineExecutorService.execute(InlineExecutorService.java:75)
		at java.base/java.util.concurrent.AbstractExecutorService.submit(AbstractExecutorService.java:145)
		at org.apache.catalina.core.ContainerBase.startInternal(ContainerBase.java:716)
		at org.apache.catalina.core.StandardEngine.startInternal(StandardEngine.java:203)
		at org.apache.catalina.util.LifecycleBase.start(LifecycleBase.java:164)
		at org.apache.catalina.core.StandardService.startInternal(StandardService.java:415)
		at org.apache.catalina.util.LifecycleBase.start(LifecycleBase.java:164)
		at org.apache.catalina.core.StandardServer.startInternal(StandardServer.java:866)
		at org.apache.catalina.util.LifecycleBase.start(LifecycleBase.java:164)
		at org.apache.catalina.startup.Catalina.start(Catalina.java:759)
		at java.base/jdk.internal.reflect.DirectMethodHandleAccessor.invoke(DirectMethodHandleAccessor.java:103)
		at java.base/java.lang.reflect.Method.invoke(Method.java:580)
		at org.apache.catalina.startup.Bootstrap.start(Bootstrap.java:342)
		at org.apache.catalina.startup.Bootstrap.main(Bootstrap.java:470)
10-Jan-2025 23:14:30.743 SEVERE [main] org.apache.tomcat.util.descriptor.web.WebXmlParser.parseWebXml Parse error in application web.xml file at [file:/home/serega/YandexPr/Middle/Final_Sprint_Tasks/Spring/apache-tomcat-11.0.2/webapps/try_spring-1.0-SNAPSHOT/WEB-INF/web.xml]
	org.xml.sax.SAXParseException; systemId: file:/home/serega/YandexPr/Middle/Final_Sprint_Tasks/Spring/apache-tomcat-11.0.2/webapps/try_spring-1.0-SNAPSHOT/WEB-INF/web.xml; lineNumber: 3; columnNumber: 6; The processing instruction target matching "[xX][mM][lL]" is not allowed.
		at java.xml/com.sun.org.apache.xerces.internal.util.ErrorHandlerWrapper.createSAXParseException(ErrorHandlerWrapper.java:204)
		at java.xml/com.sun.org.apache.xerces.internal.util.ErrorHandlerWrapper.fatalError(ErrorHandlerWrapper.java:178)
		at java.xml/com.sun.org.apache.xerces.internal.impl.XMLErrorReporter.reportError(XMLErrorReporter.java:400)
		at java.xml/com.sun.org.apache.xerces.internal.impl.XMLErrorReporter.reportError(XMLErrorReporter.java:327)
		at java.xml/com.sun.org.apache.xerces.internal.impl.XMLScanner.reportFatalError(XMLScanner.java:1465)
		at java.xml/com.sun.org.apache.xerces.internal.impl.XMLScanner.scanPIData(XMLScanner.java:745)
		at java.xml/com.sun.org.apache.xerces.internal.impl.XMLDocumentFragmentScannerImpl.scanPIData(XMLDocumentFragmentScannerImpl.java:1059)
		at java.xml/com.sun.org.apache.xerces.internal.impl.XMLScanner.scanPI(XMLScanner.java:713)
		at java.xml/com.sun.org.apache.xerces.internal.impl.XMLDocumentScannerImpl$PrologDriver.next(XMLDocumentScannerImpl.java:891)
		at java.xml/com.sun.org.apache.xerces.internal.impl.XMLDocumentScannerImpl.next(XMLDocumentScannerImpl.java:605)
		at java.xml/com.sun.org.apache.xerces.internal.impl.XMLDocumentFragmentScannerImpl.scanDocument(XMLDocumentFragmentScannerImpl.java:542)
		at java.xml/com.sun.org.apache.xerces.internal.parsers.XML11Configuration.parse(XML11Configuration.java:889)
		at java.xml/com.sun.org.apache.xerces.internal.parsers.XML11Configuration.parse(XML11Configuration.java:825)
		at java.xml/com.sun.org.apache.xerces.internal.parsers.XMLParser.parse(XMLParser.java:141)
		at java.xml/com.sun.org.apache.xerces.internal.parsers.AbstractSAXParser.parse(AbstractSAXParser.java:1224)
		at java.xml/com.sun.org.apache.xerces.internal.jaxp.SAXParserImpl$JAXPSAXParser.parse(SAXParserImpl.java:637)
		at org.apache.tomcat.util.digester.Digester.parse(Digester.java:1529)
		at org.apache.tomcat.util.descriptor.web.WebXmlParser.parseWebXml(WebXmlParser.java:119)
		at org.apache.catalina.startup.ContextConfig.webConfig(ContextConfig.java:1248)
		at org.apache.catalina.startup.ContextConfig.configureStart(ContextConfig.java:973)
		at org.apache.catalina.startup.ContextConfig.lifecycleEvent(ContextConfig.java:290)
		at org.apache.catalina.util.LifecycleBase.fireLifecycleEvent(LifecycleBase.java:109)
		at org.apache.catalina.core.StandardContext.startInternal(StandardContext.java:4311)
		at org.apache.catalina.util.LifecycleBase.start(LifecycleBase.java:164)
		at org.apache.catalina.core.ContainerBase.addChild(ContainerBase.java:566)
		at org.apache.catalina.core.StandardHost.addChild(StandardHost.java:653)
		at org.apache.catalina.startup.HostConfig.deployWAR(HostConfig.java:933)
		at org.apache.catalina.startup.HostConfig$DeployWar.run(HostConfig.java:1875)
		at java.base/java.util.concurrent.Executors$RunnableAdapter.call(Executors.java:572)
		at java.base/java.util.concurrent.FutureTask.run(FutureTask.java:317)
		at org.apache.tomcat.util.threads.InlineExecutorService.execute(InlineExecutorService.java:75)
		at java.base/java.util.concurrent.AbstractExecutorService.submit(AbstractExecutorService.java:123)
		at org.apache.catalina.startup.HostConfig.deployWARs(HostConfig.java:735)
		at org.apache.catalina.startup.HostConfig.deployApps(HostConfig.java:387)
		at org.apache.catalina.startup.HostConfig.start(HostConfig.java:1593)
		at org.apache.catalina.startup.HostConfig.lifecycleEvent(HostConfig.java:267)
		at org.apache.catalina.util.LifecycleBase.fireLifecycleEvent(LifecycleBase.java:109)
		at org.apache.catalina.util.LifecycleBase.setStateInternal(LifecycleBase.java:389)
		at org.apache.catalina.util.LifecycleBase.setState(LifecycleBase.java:336)
		at org.apache.catalina.core.ContainerBase.startInternal(ContainerBase.java:743)
		at org.apache.catalina.core.StandardHost.startInternal(StandardHost.java:771)
		at org.apache.catalina.util.LifecycleBase.start(LifecycleBase.java:164)
		at org.apache.catalina.core.ContainerBase$StartChild.call(ContainerBase.java:1170)
		at org.apache.catalina.core.ContainerBase$StartChild.call(ContainerBase.java:1160)
		at java.base/java.util.concurrent.FutureTask.run(FutureTask.java:317)
		at org.apache.tomcat.util.threads.InlineExecutorService.execute(InlineExecutorService.java:75)
		at java.base/java.util.concurrent.AbstractExecutorService.submit(AbstractExecutorService.java:145)
		at org.apache.catalina.core.ContainerBase.startInternal(ContainerBase.java:716)
		at org.apache.catalina.core.StandardEngine.startInternal(StandardEngine.java:203)
		at org.apache.catalina.util.LifecycleBase.start(LifecycleBase.java:164)
		at org.apache.catalina.core.StandardService.startInternal(StandardService.java:415)
		at org.apache.catalina.util.LifecycleBase.start(LifecycleBase.java:164)
		at org.apache.catalina.core.StandardServer.startInternal(StandardServer.java:866)
		at org.apache.catalina.util.LifecycleBase.start(LifecycleBase.java:164)
		at org.apache.catalina.startup.Catalina.start(Catalina.java:759)
		at java.base/jdk.internal.reflect.DirectMethodHandleAccessor.invoke(DirectMethodHandleAccessor.java:103)
		at java.base/java.lang.reflect.Method.invoke(Method.java:580)
		at org.apache.catalina.startup.Bootstrap.start(Bootstrap.java:342)
		at org.apache.catalina.startup.Bootstrap.main(Bootstrap.java:470)
10-Jan-2025 23:14:30.745 SEVERE [main] org.apache.tomcat.util.descriptor.web.WebXmlParser.parseWebXml Occurred at line [3] column [6]
10-Jan-2025 23:14:30.774 SEVERE [main] org.apache.catalina.startup.ContextConfig.configureStart Marking this application unavailable due to previous error(s)
10-Jan-2025 23:14:30.838 SEVERE [main] org.apache.catalina.core.StandardContext.startInternal One or more components marked the context as not correctly configured
10-Jan-2025 23:14:30.846 SEVERE [main] org.apache.catalina.core.StandardContext.startInternal Context [/try_spring-1.0-SNAPSHOT] startup failed due to previous errors
10-Jan-2025 23:14:30.857 INFO [main] org.apache.catalina.startup.HostConfig.deployWAR Deployment of web application archive [/home/serega/YandexPr/Middle/Final_Sprint_Tasks/Spring/apache-tomcat-11.0.2/webapps/try_spring-1.0-SNAPSHOT.war] has finished in [419] ms
10-Jan-2025 23:14:30.858 INFO [main] org.apache.catalina.startup.HostConfig.deployDirectory Установка веб приложения в папку [/home/serega/YandexPr/Middle/Final_Sprint_Tasks/Spring/apache-tomcat-11.0.2/webapps/docs]
10-Jan-2025 23:14:30.975 INFO [main] org.apache.catalina.startup.HostConfig.deployDirectory Deployment of web application directory [/home/serega/YandexPr/Middle/Final_Sprint_Tasks/Spring/apache-tomcat-11.0.2/webapps/docs] has finished in [117] ms
10-Jan-2025 23:14:30.975 INFO [main] org.apache.catalina.startup.HostConfig.deployDirectory Установка веб приложения в папку [/home/serega/YandexPr/Middle/Final_Sprint_Tasks/Spring/apache-tomcat-11.0.2/webapps/ROOT]
10-Jan-2025 23:14:31.010 INFO [main] org.apache.catalina.startup.HostConfig.deployDirectory Deployment of web application directory [/home/serega/YandexPr/Middle/Final_Sprint_Tasks/Spring/apache-tomcat-11.0.2/webapps/ROOT] has finished in [34] ms
10-Jan-2025 23:14:31.010 INFO [main] org.apache.catalina.startup.HostConfig.deployDirectory Установка веб приложения в папку [/home/serega/YandexPr/Middle/Final_Sprint_Tasks/Spring/apache-tomcat-11.0.2/webapps/examples]
10-Jan-2025 23:14:31.322 INFO [main] org.apache.catalina.startup.HostConfig.deployDirectory Deployment of web application directory [/home/serega/YandexPr/Middle/Final_Sprint_Tasks/Spring/apache-tomcat-11.0.2/webapps/examples] has finished in [312] ms
10-Jan-2025 23:14:31.323 INFO [main] org.apache.catalina.startup.HostConfig.deployDirectory Установка веб приложения в папку [/home/serega/YandexPr/Middle/Final_Sprint_Tasks/Spring/apache-tomcat-11.0.2/webapps/host-manager]
10-Jan-2025 23:14:31.346 INFO [main] org.apache.catalina.startup.HostConfig.deployDirectory Deployment of web application directory [/home/serega/YandexPr/Middle/Final_Sprint_Tasks/Spring/apache-tomcat-11.0.2/webapps/host-manager] has finished in [23] ms
10-Jan-2025 23:14:31.346 INFO [main] org.apache.catalina.startup.HostConfig.deployDirectory Установка веб приложения в папку [/home/serega/YandexPr/Middle/Final_Sprint_Tasks/Spring/apache-tomcat-11.0.2/webapps/manager]
10-Jan-2025 23:14:31.369 INFO [main] org.apache.catalina.startup.HostConfig.deployDirectory Deployment of web application directory [/home/serega/YandexPr/Middle/Final_Sprint_Tasks/Spring/apache-tomcat-11.0.2/webapps/manager] has finished in [22] ms
10-Jan-2025 23:14:31.373 INFO [main] org.apache.coyote.AbstractProtocol.start Starting ProtocolHandler ["http-nio-8080"]
10-Jan-2025 23:14:31.383 INFO [main] org.apache.catalina.startup.Catalina.start Server startup in [1004] milliseconds
10-Jan-2025 23:23:01.530 INFO [Catalina-utility-1] org.apache.catalina.startup.HostConfig.undeploy Undeploying context [/try_spring-1.0-SNAPSHOT]
10-Jan-2025 23:23:01.542 INFO [Catalina-utility-1] org.apache.catalina.startup.HostConfig.deployWAR Deploying web application archive [/home/serega/YandexPr/Middle/Final_Sprint_Tasks/Spring/apache-tomcat-11.0.2/webapps/try_spring-1.0-SNAPSHOT.war]
10-Jan-2025 23:23:01.664 SEVERE [Catalina-utility-1] org.apache.tomcat.util.digester.Digester.fatalError Parse fatal error at line [3] column [6]
	org.xml.sax.SAXParseException; systemId: file:/home/serega/YandexPr/Middle/Final_Sprint_Tasks/Spring/apache-tomcat-11.0.2/webapps/try_spring-1.0-SNAPSHOT/WEB-INF/web.xml; lineNumber: 3; columnNumber: 6; The processing instruction target matching "[xX][mM][lL]" is not allowed.
		at java.xml/com.sun.org.apache.xerces.internal.util.ErrorHandlerWrapper.createSAXParseException(ErrorHandlerWrapper.java:204)
		at java.xml/com.sun.org.apache.xerces.internal.util.ErrorHandlerWrapper.fatalError(ErrorHandlerWrapper.java:178)
		at java.xml/com.sun.org.apache.xerces.internal.impl.XMLErrorReporter.reportError(XMLErrorReporter.java:400)
		at java.xml/com.sun.org.apache.xerces.internal.impl.XMLErrorReporter.reportError(XMLErrorReporter.java:327)
		at java.xml/com.sun.org.apache.xerces.internal.impl.XMLScanner.reportFatalError(XMLScanner.java:1465)
		at java.xml/com.sun.org.apache.xerces.internal.impl.XMLScanner.scanPIData(XMLScanner.java:745)
		at java.xml/com.sun.org.apache.xerces.internal.impl.XMLDocumentFragmentScannerImpl.scanPIData(XMLDocumentFragmentScannerImpl.java:1059)
		at java.xml/com.sun.org.apache.xerces.internal.impl.XMLScanner.scanPI(XMLScanner.java:713)
		at java.xml/com.sun.org.apache.xerces.internal.impl.XMLDocumentScannerImpl$PrologDriver.next(XMLDocumentScannerImpl.java:891)
		at java.xml/com.sun.org.apache.xerces.internal.impl.XMLDocumentScannerImpl.next(XMLDocumentScannerImpl.java:605)
		at java.xml/com.sun.org.apache.xerces.internal.impl.XMLDocumentFragmentScannerImpl.scanDocument(XMLDocumentFragmentScannerImpl.java:542)
		at java.xml/com.sun.org.apache.xerces.internal.parsers.XML11Configuration.parse(XML11Configuration.java:889)
		at java.xml/com.sun.org.apache.xerces.internal.parsers.XML11Configuration.parse(XML11Configuration.java:825)
		at java.xml/com.sun.org.apache.xerces.internal.parsers.XMLParser.parse(XMLParser.java:141)
		at java.xml/com.sun.org.apache.xerces.internal.parsers.AbstractSAXParser.parse(AbstractSAXParser.java:1224)
		at java.xml/com.sun.org.apache.xerces.internal.jaxp.SAXParserImpl$JAXPSAXParser.parse(SAXParserImpl.java:637)
		at org.apache.tomcat.util.digester.Digester.parse(Digester.java:1529)
		at org.apache.tomcat.util.descriptor.web.WebXmlParser.parseWebXml(WebXmlParser.java:119)
		at org.apache.catalina.startup.ContextConfig.webConfig(ContextConfig.java:1248)
		at org.apache.catalina.startup.ContextConfig.configureStart(ContextConfig.java:973)
		at org.apache.catalina.startup.ContextConfig.lifecycleEvent(ContextConfig.java:290)
		at org.apache.catalina.util.LifecycleBase.fireLifecycleEvent(LifecycleBase.java:109)
		at org.apache.catalina.core.StandardContext.startInternal(StandardContext.java:4311)
		at org.apache.catalina.util.LifecycleBase.start(LifecycleBase.java:164)
		at org.apache.catalina.core.ContainerBase.addChild(ContainerBase.java:566)
		at org.apache.catalina.core.StandardHost.addChild(StandardHost.java:653)
		at org.apache.catalina.startup.HostConfig.deployWAR(HostConfig.java:933)
		at org.apache.catalina.startup.HostConfig$DeployWar.run(HostConfig.java:1875)
		at java.base/java.util.concurrent.Executors$RunnableAdapter.call(Executors.java:572)
		at java.base/java.util.concurrent.FutureTask.run(FutureTask.java:317)
		at org.apache.tomcat.util.threads.InlineExecutorService.execute(InlineExecutorService.java:75)
		at java.base/java.util.concurrent.AbstractExecutorService.submit(AbstractExecutorService.java:123)
		at org.apache.catalina.startup.HostConfig.deployWARs(HostConfig.java:735)
		at org.apache.catalina.startup.HostConfig.deployApps(HostConfig.java:387)
		at org.apache.catalina.startup.HostConfig.check(HostConfig.java:1642)
		at org.apache.catalina.startup.HostConfig.lifecycleEvent(HostConfig.java:263)
		at org.apache.catalina.util.LifecycleBase.fireLifecycleEvent(LifecycleBase.java:109)
		at org.apache.catalina.core.ContainerBase.backgroundProcess(ContainerBase.java:940)
		at org.apache.catalina.core.ContainerBase$ContainerBackgroundProcessor.processChildren(ContainerBase.java:1139)
		at org.apache.catalina.core.ContainerBase$ContainerBackgroundProcessor.processChildren(ContainerBase.java:1143)
		at org.apache.catalina.core.ContainerBase$ContainerBackgroundProcessor.run(ContainerBase.java:1121)
		at java.base/java.util.concurrent.Executors$RunnableAdapter.call(Executors.java:572)
		at java.base/java.util.concurrent.FutureTask.runAndReset(FutureTask.java:358)
		at java.base/java.util.concurrent.ScheduledThreadPoolExecutor$ScheduledFutureTask.run(ScheduledThreadPoolExecutor.java:305)
		at java.base/java.util.concurrent.ThreadPoolExecutor.runWorker(ThreadPoolExecutor.java:1144)
		at java.base/java.util.concurrent.ThreadPoolExecutor$Worker.run(ThreadPoolExecutor.java:642)
		at org.apache.tomcat.util.threads.TaskThread$WrappingRunnable.run(TaskThread.java:63)
		at java.base/java.lang.Thread.run(Thread.java:1583)
10-Jan-2025 23:23:01.664 SEVERE [Catalina-utility-1] org.apache.tomcat.util.descriptor.web.WebXmlParser.parseWebXml Parse error in application web.xml file at [file:/home/serega/YandexPr/Middle/Final_Sprint_Tasks/Spring/apache-tomcat-11.0.2/webapps/try_spring-1.0-SNAPSHOT/WEB-INF/web.xml]
	org.xml.sax.SAXParseException; systemId: file:/home/serega/YandexPr/Middle/Final_Sprint_Tasks/Spring/apache-tomcat-11.0.2/webapps/try_spring-1.0-SNAPSHOT/WEB-INF/web.xml; lineNumber: 3; columnNumber: 6; The processing instruction target matching "[xX][mM][lL]" is not allowed.
		at java.xml/com.sun.org.apache.xerces.internal.util.ErrorHandlerWrapper.createSAXParseException(ErrorHandlerWrapper.java:204)
		at java.xml/com.sun.org.apache.xerces.internal.util.ErrorHandlerWrapper.fatalError(ErrorHandlerWrapper.java:178)
		at java.xml/com.sun.org.apache.xerces.internal.impl.XMLErrorReporter.reportError(XMLErrorReporter.java:400)
		at java.xml/com.sun.org.apache.xerces.internal.impl.XMLErrorReporter.reportError(XMLErrorReporter.java:327)
		at java.xml/com.sun.org.apache.xerces.internal.impl.XMLScanner.reportFatalError(XMLScanner.java:1465)
		at java.xml/com.sun.org.apache.xerces.internal.impl.XMLScanner.scanPIData(XMLScanner.java:745)
		at java.xml/com.sun.org.apache.xerces.internal.impl.XMLDocumentFragmentScannerImpl.scanPIData(XMLDocumentFragmentScannerImpl.java:1059)
		at java.xml/com.sun.org.apache.xerces.internal.impl.XMLScanner.scanPI(XMLScanner.java:713)
		at java.xml/com.sun.org.apache.xerces.internal.impl.XMLDocumentScannerImpl$PrologDriver.next(XMLDocumentScannerImpl.java:891)
		at java.xml/com.sun.org.apache.xerces.internal.impl.XMLDocumentScannerImpl.next(XMLDocumentScannerImpl.java:605)
		at java.xml/com.sun.org.apache.xerces.internal.impl.XMLDocumentFragmentScannerImpl.scanDocument(XMLDocumentFragmentScannerImpl.java:542)
		at java.xml/com.sun.org.apache.xerces.internal.parsers.XML11Configuration.parse(XML11Configuration.java:889)
		at java.xml/com.sun.org.apache.xerces.internal.parsers.XML11Configuration.parse(XML11Configuration.java:825)
		at java.xml/com.sun.org.apache.xerces.internal.parsers.XMLParser.parse(XMLParser.java:141)
		at java.xml/com.sun.org.apache.xerces.internal.parsers.AbstractSAXParser.parse(AbstractSAXParser.java:1224)
		at java.xml/com.sun.org.apache.xerces.internal.jaxp.SAXParserImpl$JAXPSAXParser.parse(SAXParserImpl.java:637)
		at org.apache.tomcat.util.digester.Digester.parse(Digester.java:1529)
		at org.apache.tomcat.util.descriptor.web.WebXmlParser.parseWebXml(WebXmlParser.java:119)
		at org.apache.catalina.startup.ContextConfig.webConfig(ContextConfig.java:1248)
		at org.apache.catalina.startup.ContextConfig.configureStart(ContextConfig.java:973)
		at org.apache.catalina.startup.ContextConfig.lifecycleEvent(ContextConfig.java:290)
		at org.apache.catalina.util.LifecycleBase.fireLifecycleEvent(LifecycleBase.java:109)
		at org.apache.catalina.core.StandardContext.startInternal(StandardContext.java:4311)
		at org.apache.catalina.util.LifecycleBase.start(LifecycleBase.java:164)
		at org.apache.catalina.core.ContainerBase.addChild(ContainerBase.java:566)
		at org.apache.catalina.core.StandardHost.addChild(StandardHost.java:653)
		at org.apache.catalina.startup.HostConfig.deployWAR(HostConfig.java:933)
		at org.apache.catalina.startup.HostConfig$DeployWar.run(HostConfig.java:1875)
		at java.base/java.util.concurrent.Executors$RunnableAdapter.call(Executors.java:572)
		at java.base/java.util.concurrent.FutureTask.run(FutureTask.java:317)
		at org.apache.tomcat.util.threads.InlineExecutorService.execute(InlineExecutorService.java:75)
		at java.base/java.util.concurrent.AbstractExecutorService.submit(AbstractExecutorService.java:123)
		at org.apache.catalina.startup.HostConfig.deployWARs(HostConfig.java:735)
		at org.apache.catalina.startup.HostConfig.deployApps(HostConfig.java:387)
		at org.apache.catalina.startup.HostConfig.check(HostConfig.java:1642)
		at org.apache.catalina.startup.HostConfig.lifecycleEvent(HostConfig.java:263)
		at org.apache.catalina.util.LifecycleBase.fireLifecycleEvent(LifecycleBase.java:109)
		at org.apache.catalina.core.ContainerBase.backgroundProcess(ContainerBase.java:940)
		at org.apache.catalina.core.ContainerBase$ContainerBackgroundProcessor.processChildren(ContainerBase.java:1139)
		at org.apache.catalina.core.ContainerBase$ContainerBackgroundProcessor.processChildren(ContainerBase.java:1143)
		at org.apache.catalina.core.ContainerBase$ContainerBackgroundProcessor.run(ContainerBase.java:1121)
		at java.base/java.util.concurrent.Executors$RunnableAdapter.call(Executors.java:572)
		at java.base/java.util.concurrent.FutureTask.runAndReset(FutureTask.java:358)
		at java.base/java.util.concurrent.ScheduledThreadPoolExecutor$ScheduledFutureTask.run(ScheduledThreadPoolExecutor.java:305)
		at java.base/java.util.concurrent.ThreadPoolExecutor.runWorker(ThreadPoolExecutor.java:1144)
		at java.base/java.util.concurrent.ThreadPoolExecutor$Worker.run(ThreadPoolExecutor.java:642)
		at org.apache.tomcat.util.threads.TaskThread$WrappingRunnable.run(TaskThread.java:63)
		at java.base/java.lang.Thread.run(Thread.java:1583)
10-Jan-2025 23:23:01.665 SEVERE [Catalina-utility-1] org.apache.tomcat.util.descriptor.web.WebXmlParser.parseWebXml Occurred at line [3] column [6]
10-Jan-2025 23:23:01.673 SEVERE [Catalina-utility-1] org.apache.catalina.startup.ContextConfig.configureStart Marking this application unavailable due to previous error(s)
10-Jan-2025 23:23:01.674 SEVERE [Catalina-utility-1] org.apache.catalina.core.StandardContext.startInternal One or more components marked the context as not correctly configured
10-Jan-2025 23:23:01.675 SEVERE [Catalina-utility-1] org.apache.catalina.core.StandardContext.startInternal Context [/try_spring-1.0-SNAPSHOT] startup failed due to previous errors
10-Jan-2025 23:23:01.679 INFO [Catalina-utility-1] org.apache.catalina.startup.HostConfig.deployWAR Deployment of web application archive [/home/serega/YandexPr/Middle/Final_Sprint_Tasks/Spring/apache-tomcat-11.0.2/webapps/try_spring-1.0-SNAPSHOT.war] has finished in [137] ms
10-Jan-2025 23:24:21.703 INFO [Catalina-utility-2] org.apache.catalina.startup.HostConfig.undeploy Undeploying context [/try_spring-1.0-SNAPSHOT]
10-Jan-2025 23:24:21.706 INFO [Catalina-utility-2] org.apache.catalina.startup.HostConfig.deployWAR Deploying web application archive [/home/serega/YandexPr/Middle/Final_Sprint_Tasks/Spring/apache-tomcat-11.0.2/webapps/try_spring-1.0-SNAPSHOT.war]
10-Jan-2025 23:24:21.851 SEVERE [Catalina-utility-2] org.apache.tomcat.util.digester.Digester.fatalError Parse fatal error at line [3] column [6]
	org.xml.sax.SAXParseException; systemId: file:/home/serega/YandexPr/Middle/Final_Sprint_Tasks/Spring/apache-tomcat-11.0.2/webapps/try_spring-1.0-SNAPSHOT/WEB-INF/web.xml; lineNumber: 3; columnNumber: 6; The processing instruction target matching "[xX][mM][lL]" is not allowed.
		at java.xml/com.sun.org.apache.xerces.internal.util.ErrorHandlerWrapper.createSAXParseException(ErrorHandlerWrapper.java:204)
		at java.xml/com.sun.org.apache.xerces.internal.util.ErrorHandlerWrapper.fatalError(ErrorHandlerWrapper.java:178)
		at java.xml/com.sun.org.apache.xerces.internal.impl.XMLErrorReporter.reportError(XMLErrorReporter.java:400)
		at java.xml/com.sun.org.apache.xerces.internal.impl.XMLErrorReporter.reportError(XMLErrorReporter.java:327)
		at java.xml/com.sun.org.apache.xerces.internal.impl.XMLScanner.reportFatalError(XMLScanner.java:1465)
		at java.xml/com.sun.org.apache.xerces.internal.impl.XMLScanner.scanPIData(XMLScanner.java:745)
		at java.xml/com.sun.org.apache.xerces.internal.impl.XMLDocumentFragmentScannerImpl.scanPIData(XMLDocumentFragmentScannerImpl.java:1059)
		at java.xml/com.sun.org.apache.xerces.internal.impl.XMLScanner.scanPI(XMLScanner.java:713)
		at java.xml/com.sun.org.apache.xerces.internal.impl.XMLDocumentScannerImpl$PrologDriver.next(XMLDocumentScannerImpl.java:891)
		at java.xml/com.sun.org.apache.xerces.internal.impl.XMLDocumentScannerImpl.next(XMLDocumentScannerImpl.java:605)
		at java.xml/com.sun.org.apache.xerces.internal.impl.XMLDocumentFragmentScannerImpl.scanDocument(XMLDocumentFragmentScannerImpl.java:542)
		at java.xml/com.sun.org.apache.xerces.internal.parsers.XML11Configuration.parse(XML11Configuration.java:889)
		at java.xml/com.sun.org.apache.xerces.internal.parsers.XML11Configuration.parse(XML11Configuration.java:825)
		at java.xml/com.sun.org.apache.xerces.internal.parsers.XMLParser.parse(XMLParser.java:141)
		at java.xml/com.sun.org.apache.xerces.internal.parsers.AbstractSAXParser.parse(AbstractSAXParser.java:1224)
		at java.xml/com.sun.org.apache.xerces.internal.jaxp.SAXParserImpl$JAXPSAXParser.parse(SAXParserImpl.java:637)
		at org.apache.tomcat.util.digester.Digester.parse(Digester.java:1529)
		at org.apache.tomcat.util.descriptor.web.WebXmlParser.parseWebXml(WebXmlParser.java:119)
		at org.apache.catalina.startup.ContextConfig.webConfig(ContextConfig.java:1248)
		at org.apache.catalina.startup.ContextConfig.configureStart(ContextConfig.java:973)
		at org.apache.catalina.startup.ContextConfig.lifecycleEvent(ContextConfig.java:290)
		at org.apache.catalina.util.LifecycleBase.fireLifecycleEvent(LifecycleBase.java:109)
		at org.apache.catalina.core.StandardContext.startInternal(StandardContext.java:4311)
		at org.apache.catalina.util.LifecycleBase.start(LifecycleBase.java:164)
		at org.apache.catalina.core.ContainerBase.addChild(ContainerBase.java:566)
		at org.apache.catalina.core.StandardHost.addChild(StandardHost.java:653)
		at org.apache.catalina.startup.HostConfig.deployWAR(HostConfig.java:933)
		at org.apache.catalina.startup.HostConfig$DeployWar.run(HostConfig.java:1875)
		at java.base/java.util.concurrent.Executors$RunnableAdapter.call(Executors.java:572)
		at java.base/java.util.concurrent.FutureTask.run(FutureTask.java:317)
		at org.apache.tomcat.util.threads.InlineExecutorService.execute(InlineExecutorService.java:75)
		at java.base/java.util.concurrent.AbstractExecutorService.submit(AbstractExecutorService.java:123)
		at org.apache.catalina.startup.HostConfig.deployWARs(HostConfig.java:735)
		at org.apache.catalina.startup.HostConfig.deployApps(HostConfig.java:387)
		at org.apache.catalina.startup.HostConfig.check(HostConfig.java:1642)
		at org.apache.catalina.startup.HostConfig.lifecycleEvent(HostConfig.java:263)
		at org.apache.catalina.util.LifecycleBase.fireLifecycleEvent(LifecycleBase.java:109)
		at org.apache.catalina.core.ContainerBase.backgroundProcess(ContainerBase.java:940)
		at org.apache.catalina.core.ContainerBase$ContainerBackgroundProcessor.processChildren(ContainerBase.java:1139)
		at org.apache.catalina.core.ContainerBase$ContainerBackgroundProcessor.processChildren(ContainerBase.java:1143)
		at org.apache.catalina.core.ContainerBase$ContainerBackgroundProcessor.run(ContainerBase.java:1121)
		at java.base/java.util.concurrent.Executors$RunnableAdapter.call(Executors.java:572)
		at java.base/java.util.concurrent.FutureTask.runAndReset(FutureTask.java:358)
		at java.base/java.util.concurrent.ScheduledThreadPoolExecutor$ScheduledFutureTask.run(ScheduledThreadPoolExecutor.java:305)
		at java.base/java.util.concurrent.ThreadPoolExecutor.runWorker(ThreadPoolExecutor.java:1144)
		at java.base/java.util.concurrent.ThreadPoolExecutor$Worker.run(ThreadPoolExecutor.java:642)
		at org.apache.tomcat.util.threads.TaskThread$WrappingRunnable.run(TaskThread.java:63)
		at java.base/java.lang.Thread.run(Thread.java:1583)
10-Jan-2025 23:24:21.852 SEVERE [Catalina-utility-2] org.apache.tomcat.util.descriptor.web.WebXmlParser.parseWebXml Parse error in application web.xml file at [file:/home/serega/YandexPr/Middle/Final_Sprint_Tasks/Spring/apache-tomcat-11.0.2/webapps/try_spring-1.0-SNAPSHOT/WEB-INF/web.xml]
	org.xml.sax.SAXParseException; systemId: file:/home/serega/YandexPr/Middle/Final_Sprint_Tasks/Spring/apache-tomcat-11.0.2/webapps/try_spring-1.0-SNAPSHOT/WEB-INF/web.xml; lineNumber: 3; columnNumber: 6; The processing instruction target matching "[xX][mM][lL]" is not allowed.
		at java.xml/com.sun.org.apache.xerces.internal.util.ErrorHandlerWrapper.createSAXParseException(ErrorHandlerWrapper.java:204)
		at java.xml/com.sun.org.apache.xerces.internal.util.ErrorHandlerWrapper.fatalError(ErrorHandlerWrapper.java:178)
		at java.xml/com.sun.org.apache.xerces.internal.impl.XMLErrorReporter.reportError(XMLErrorReporter.java:400)
		at java.xml/com.sun.org.apache.xerces.internal.impl.XMLErrorReporter.reportError(XMLErrorReporter.java:327)
		at java.xml/com.sun.org.apache.xerces.internal.impl.XMLScanner.reportFatalError(XMLScanner.java:1465)
		at java.xml/com.sun.org.apache.xerces.internal.impl.XMLScanner.scanPIData(XMLScanner.java:745)
		at java.xml/com.sun.org.apache.xerces.internal.impl.XMLDocumentFragmentScannerImpl.scanPIData(XMLDocumentFragmentScannerImpl.java:1059)
		at java.xml/com.sun.org.apache.xerces.internal.impl.XMLScanner.scanPI(XMLScanner.java:713)
		at java.xml/com.sun.org.apache.xerces.internal.impl.XMLDocumentScannerImpl$PrologDriver.next(XMLDocumentScannerImpl.java:891)
		at java.xml/com.sun.org.apache.xerces.internal.impl.XMLDocumentScannerImpl.next(XMLDocumentScannerImpl.java:605)
		at java.xml/com.sun.org.apache.xerces.internal.impl.XMLDocumentFragmentScannerImpl.scanDocument(XMLDocumentFragmentScannerImpl.java:542)
		at java.xml/com.sun.org.apache.xerces.internal.parsers.XML11Configuration.parse(XML11Configuration.java:889)
		at java.xml/com.sun.org.apache.xerces.internal.parsers.XML11Configuration.parse(XML11Configuration.java:825)
		at java.xml/com.sun.org.apache.xerces.internal.parsers.XMLParser.parse(XMLParser.java:141)
		at java.xml/com.sun.org.apache.xerces.internal.parsers.AbstractSAXParser.parse(AbstractSAXParser.java:1224)
		at java.xml/com.sun.org.apache.xerces.internal.jaxp.SAXParserImpl$JAXPSAXParser.parse(SAXParserImpl.java:637)
		at org.apache.tomcat.util.digester.Digester.parse(Digester.java:1529)
		at org.apache.tomcat.util.descriptor.web.WebXmlParser.parseWebXml(WebXmlParser.java:119)
		at org.apache.catalina.startup.ContextConfig.webConfig(ContextConfig.java:1248)
		at org.apache.catalina.startup.ContextConfig.configureStart(ContextConfig.java:973)
		at org.apache.catalina.startup.ContextConfig.lifecycleEvent(ContextConfig.java:290)
		at org.apache.catalina.util.LifecycleBase.fireLifecycleEvent(LifecycleBase.java:109)
		at org.apache.catalina.core.StandardContext.startInternal(StandardContext.java:4311)
		at org.apache.catalina.util.LifecycleBase.start(LifecycleBase.java:164)
		at org.apache.catalina.core.ContainerBase.addChild(ContainerBase.java:566)
		at org.apache.catalina.core.StandardHost.addChild(StandardHost.java:653)
		at org.apache.catalina.startup.HostConfig.deployWAR(HostConfig.java:933)
		at org.apache.catalina.startup.HostConfig$DeployWar.run(HostConfig.java:1875)
		at java.base/java.util.concurrent.Executors$RunnableAdapter.call(Executors.java:572)
		at java.base/java.util.concurrent.FutureTask.run(FutureTask.java:317)
		at org.apache.tomcat.util.threads.InlineExecutorService.execute(InlineExecutorService.java:75)
		at java.base/java.util.concurrent.AbstractExecutorService.submit(AbstractExecutorService.java:123)
		at org.apache.catalina.startup.HostConfig.deployWARs(HostConfig.java:735)
		at org.apache.catalina.startup.HostConfig.deployApps(HostConfig.java:387)
		at org.apache.catalina.startup.HostConfig.check(HostConfig.java:1642)
		at org.apache.catalina.startup.HostConfig.lifecycleEvent(HostConfig.java:263)
		at org.apache.catalina.util.LifecycleBase.fireLifecycleEvent(LifecycleBase.java:109)
		at org.apache.catalina.core.ContainerBase.backgroundProcess(ContainerBase.java:940)
		at org.apache.catalina.core.ContainerBase$ContainerBackgroundProcessor.processChildren(ContainerBase.java:1139)
		at org.apache.catalina.core.ContainerBase$ContainerBackgroundProcessor.processChildren(ContainerBase.java:1143)
		at org.apache.catalina.core.ContainerBase$ContainerBackgroundProcessor.run(ContainerBase.java:1121)
		at java.base/java.util.concurrent.Executors$RunnableAdapter.call(Executors.java:572)
		at java.base/java.util.concurrent.FutureTask.runAndReset(FutureTask.java:358)
		at java.base/java.util.concurrent.ScheduledThreadPoolExecutor$ScheduledFutureTask.run(ScheduledThreadPoolExecutor.java:305)
		at java.base/java.util.concurrent.ThreadPoolExecutor.runWorker(ThreadPoolExecutor.java:1144)
		at java.base/java.util.concurrent.ThreadPoolExecutor$Worker.run(ThreadPoolExecutor.java:642)
		at org.apache.tomcat.util.threads.TaskThread$WrappingRunnable.run(TaskThread.java:63)
		at java.base/java.lang.Thread.run(Thread.java:1583)
10-Jan-2025 23:24:21.852 SEVERE [Catalina-utility-2] org.apache.tomcat.util.descriptor.web.WebXmlParser.parseWebXml Occurred at line [3] column [6]
10-Jan-2025 23:24:21.860 SEVERE [Catalina-utility-2] org.apache.catalina.startup.ContextConfig.configureStart Marking this application unavailable due to previous error(s)
10-Jan-2025 23:24:21.861 SEVERE [Catalina-utility-2] org.apache.catalina.core.StandardContext.startInternal One or more components marked the context as not correctly configured
10-Jan-2025 23:24:21.862 SEVERE [Catalina-utility-2] org.apache.catalina.core.StandardContext.startInternal Context [/try_spring-1.0-SNAPSHOT] startup failed due to previous errors
10-Jan-2025 23:24:21.866 INFO [Catalina-utility-2] org.apache.catalina.startup.HostConfig.deployWAR Deployment of web application archive [/home/serega/YandexPr/Middle/Final_Sprint_Tasks/Spring/apache-tomcat-11.0.2/webapps/try_spring-1.0-SNAPSHOT.war] has finished in [159] ms
10-Jan-2025 23:24:51.554 INFO [main] org.apache.catalina.startup.VersionLoggerListener.log Имя версии сервера:    Apache Tomcat/11.0.2
10-Jan-2025 23:24:51.559 INFO [main] org.apache.catalina.startup.VersionLoggerListener.log Сервер собран:         Dec 5 2024 15:19:37 UTC
10-Jan-2025 23:24:51.560 INFO [main] org.apache.catalina.startup.VersionLoggerListener.log Номер версии сервера:  11.0.2.0
10-Jan-2025 23:24:51.560 INFO [main] org.apache.catalina.startup.VersionLoggerListener.log OS Name:               Linux
10-Jan-2025 23:24:51.560 INFO [main] org.apache.catalina.startup.VersionLoggerListener.log Версия ОС:             6.8.0-51-generic
10-Jan-2025 23:24:51.560 INFO [main] org.apache.catalina.startup.VersionLoggerListener.log Архитектура:           amd64
10-Jan-2025 23:24:51.560 INFO [main] org.apache.catalina.startup.VersionLoggerListener.log Java Home:             /usr/lib/jvm/java-21-openjdk-amd64
10-Jan-2025 23:24:51.560 INFO [main] org.apache.catalina.startup.VersionLoggerListener.log Версия JVM:            21.0.5+11-Ubuntu-1ubuntu124.04
10-Jan-2025 23:24:51.561 INFO [main] org.apache.catalina.startup.VersionLoggerListener.log Производитель JVM:     Ubuntu
10-Jan-2025 23:24:51.561 INFO [main] org.apache.catalina.startup.VersionLoggerListener.log CATALINA_BASE:         /home/serega/YandexPr/Middle/Final_Sprint_Tasks/Spring/apache-tomcat-11.0.2
10-Jan-2025 23:24:51.561 INFO [main] org.apache.catalina.startup.VersionLoggerListener.log CATALINA_HOME:         /home/serega/YandexPr/Middle/Final_Sprint_Tasks/Spring/apache-tomcat-11.0.2
10-Jan-2025 23:24:51.578 INFO [main] org.apache.catalina.startup.VersionLoggerListener.log Command line argument: -Djava.util.logging.config.file=/home/serega/YandexPr/Middle/Final_Sprint_Tasks/Spring/apache-tomcat-11.0.2/conf/logging.properties
10-Jan-2025 23:24:51.578 INFO [main] org.apache.catalina.startup.VersionLoggerListener.log Command line argument: -Djava.util.logging.manager=org.apache.juli.ClassLoaderLogManager
10-Jan-2025 23:24:51.578 INFO [main] org.apache.catalina.startup.VersionLoggerListener.log Command line argument: -Djdk.tls.ephemeralDHKeySize=2048
10-Jan-2025 23:24:51.578 INFO [main] org.apache.catalina.startup.VersionLoggerListener.log Command line argument: -Dorg.apache.catalina.security.SecurityListener.UMASK=0027
10-Jan-2025 23:24:51.578 INFO [main] org.apache.catalina.startup.VersionLoggerListener.log Command line argument: --add-opens=java.base/java.lang=ALL-UNNAMED
10-Jan-2025 23:24:51.579 INFO [main] org.apache.catalina.startup.VersionLoggerListener.log Command line argument: --add-opens=java.base/java.io=ALL-UNNAMED
10-Jan-2025 23:24:51.579 INFO [main] org.apache.catalina.startup.VersionLoggerListener.log Command line argument: --add-opens=java.base/java.util=ALL-UNNAMED
10-Jan-2025 23:24:51.579 INFO [main] org.apache.catalina.startup.VersionLoggerListener.log Command line argument: --add-opens=java.base/java.util.concurrent=ALL-UNNAMED
10-Jan-2025 23:24:51.579 INFO [main] org.apache.catalina.startup.VersionLoggerListener.log Command line argument: --add-opens=java.rmi/sun.rmi.transport=ALL-UNNAMED
10-Jan-2025 23:24:51.579 INFO [main] org.apache.catalina.startup.VersionLoggerListener.log Command line argument: --enable-native-access=ALL-UNNAMED
10-Jan-2025 23:24:51.579 INFO [main] org.apache.catalina.startup.VersionLoggerListener.log Command line argument: -agentlib:jdwp=transport=dt_socket,address=localhost:8000,server=y,suspend=n
10-Jan-2025 23:24:51.579 INFO [main] org.apache.catalina.startup.VersionLoggerListener.log Command line argument: -Dcatalina.base=/home/serega/YandexPr/Middle/Final_Sprint_Tasks/Spring/apache-tomcat-11.0.2
10-Jan-2025 23:24:51.579 INFO [main] org.apache.catalina.startup.VersionLoggerListener.log Command line argument: -Dcatalina.home=/home/serega/YandexPr/Middle/Final_Sprint_Tasks/Spring/apache-tomcat-11.0.2
10-Jan-2025 23:24:51.579 INFO [main] org.apache.catalina.startup.VersionLoggerListener.log Command line argument: -Djava.io.tmpdir=/home/serega/YandexPr/Middle/Final_Sprint_Tasks/Spring/apache-tomcat-11.0.2/temp
10-Jan-2025 23:24:51.582 INFO [main] org.apache.catalina.core.AprLifecycleListener.lifecycleEvent The Apache Tomcat Native library which allows using OpenSSL was not found on the java.library.path: [/usr/java/packages/lib:/usr/lib/x86_64-linux-gnu/jni:/lib/x86_64-linux-gnu:/usr/lib/x86_64-linux-gnu:/usr/lib/jni:/lib:/usr/lib]
10-Jan-2025 23:24:52.043 INFO [main] org.apache.coyote.AbstractProtocol.init Инициализация ProtocolHandler ["http-nio-8080"]
10-Jan-2025 23:24:52.080 INFO [main] org.apache.catalina.startup.Catalina.load Server initialization in [773] milliseconds
10-Jan-2025 23:24:52.161 INFO [main] org.apache.catalina.core.StandardService.startInternal Starting service [Catalina]
10-Jan-2025 23:24:52.162 INFO [main] org.apache.catalina.core.StandardEngine.startInternal Starting Servlet engine: [Apache Tomcat/11.0.2]
10-Jan-2025 23:24:52.182 INFO [main] org.apache.catalina.startup.HostConfig.deployWAR Deploying web application archive [/home/serega/YandexPr/Middle/Final_Sprint_Tasks/Spring/apache-tomcat-11.0.2/webapps/try_spring-1.0-SNAPSHOT.war]
10-Jan-2025 23:24:52.390 SEVERE [main] org.apache.tomcat.util.digester.Digester.fatalError Parse fatal error at line [3] column [6]
	org.xml.sax.SAXParseException; systemId: file:/home/serega/YandexPr/Middle/Final_Sprint_Tasks/Spring/apache-tomcat-11.0.2/webapps/try_spring-1.0-SNAPSHOT/WEB-INF/web.xml; lineNumber: 3; columnNumber: 6; The processing instruction target matching "[xX][mM][lL]" is not allowed.
		at java.xml/com.sun.org.apache.xerces.internal.util.ErrorHandlerWrapper.createSAXParseException(ErrorHandlerWrapper.java:204)
		at java.xml/com.sun.org.apache.xerces.internal.util.ErrorHandlerWrapper.fatalError(ErrorHandlerWrapper.java:178)
		at java.xml/com.sun.org.apache.xerces.internal.impl.XMLErrorReporter.reportError(XMLErrorReporter.java:400)
		at java.xml/com.sun.org.apache.xerces.internal.impl.XMLErrorReporter.reportError(XMLErrorReporter.java:327)
		at java.xml/com.sun.org.apache.xerces.internal.impl.XMLScanner.reportFatalError(XMLScanner.java:1465)
		at java.xml/com.sun.org.apache.xerces.internal.impl.XMLScanner.scanPIData(XMLScanner.java:745)
		at java.xml/com.sun.org.apache.xerces.internal.impl.XMLDocumentFragmentScannerImpl.scanPIData(XMLDocumentFragmentScannerImpl.java:1059)
		at java.xml/com.sun.org.apache.xerces.internal.impl.XMLScanner.scanPI(XMLScanner.java:713)
		at java.xml/com.sun.org.apache.xerces.internal.impl.XMLDocumentScannerImpl$PrologDriver.next(XMLDocumentScannerImpl.java:891)
		at java.xml/com.sun.org.apache.xerces.internal.impl.XMLDocumentScannerImpl.next(XMLDocumentScannerImpl.java:605)
		at java.xml/com.sun.org.apache.xerces.internal.impl.XMLDocumentFragmentScannerImpl.scanDocument(XMLDocumentFragmentScannerImpl.java:542)
		at java.xml/com.sun.org.apache.xerces.internal.parsers.XML11Configuration.parse(XML11Configuration.java:889)
		at java.xml/com.sun.org.apache.xerces.internal.parsers.XML11Configuration.parse(XML11Configuration.java:825)
		at java.xml/com.sun.org.apache.xerces.internal.parsers.XMLParser.parse(XMLParser.java:141)
		at java.xml/com.sun.org.apache.xerces.internal.parsers.AbstractSAXParser.parse(AbstractSAXParser.java:1224)
		at java.xml/com.sun.org.apache.xerces.internal.jaxp.SAXParserImpl$JAXPSAXParser.parse(SAXParserImpl.java:637)
		at org.apache.tomcat.util.digester.Digester.parse(Digester.java:1529)
		at org.apache.tomcat.util.descriptor.web.WebXmlParser.parseWebXml(WebXmlParser.java:119)
		at org.apache.catalina.startup.ContextConfig.webConfig(ContextConfig.java:1248)
		at org.apache.catalina.startup.ContextConfig.configureStart(ContextConfig.java:973)
		at org.apache.catalina.startup.ContextConfig.lifecycleEvent(ContextConfig.java:290)
		at org.apache.catalina.util.LifecycleBase.fireLifecycleEvent(LifecycleBase.java:109)
		at org.apache.catalina.core.StandardContext.startInternal(StandardContext.java:4311)
		at org.apache.catalina.util.LifecycleBase.start(LifecycleBase.java:164)
		at org.apache.catalina.core.ContainerBase.addChild(ContainerBase.java:566)
		at org.apache.catalina.core.StandardHost.addChild(StandardHost.java:653)
		at org.apache.catalina.startup.HostConfig.deployWAR(HostConfig.java:933)
		at org.apache.catalina.startup.HostConfig$DeployWar.run(HostConfig.java:1875)
		at java.base/java.util.concurrent.Executors$RunnableAdapter.call(Executors.java:572)
		at java.base/java.util.concurrent.FutureTask.run(FutureTask.java:317)
		at org.apache.tomcat.util.threads.InlineExecutorService.execute(InlineExecutorService.java:75)
		at java.base/java.util.concurrent.AbstractExecutorService.submit(AbstractExecutorService.java:123)
		at org.apache.catalina.startup.HostConfig.deployWARs(HostConfig.java:735)
		at org.apache.catalina.startup.HostConfig.deployApps(HostConfig.java:387)
		at org.apache.catalina.startup.HostConfig.start(HostConfig.java:1593)
		at org.apache.catalina.startup.HostConfig.lifecycleEvent(HostConfig.java:267)
		at org.apache.catalina.util.LifecycleBase.fireLifecycleEvent(LifecycleBase.java:109)
		at org.apache.catalina.util.LifecycleBase.setStateInternal(LifecycleBase.java:389)
		at org.apache.catalina.util.LifecycleBase.setState(LifecycleBase.java:336)
		at org.apache.catalina.core.ContainerBase.startInternal(ContainerBase.java:743)
		at org.apache.catalina.core.StandardHost.startInternal(StandardHost.java:771)
		at org.apache.catalina.util.LifecycleBase.start(LifecycleBase.java:164)
		at org.apache.catalina.core.ContainerBase$StartChild.call(ContainerBase.java:1170)
		at org.apache.catalina.core.ContainerBase$StartChild.call(ContainerBase.java:1160)
		at java.base/java.util.concurrent.FutureTask.run(FutureTask.java:317)
		at org.apache.tomcat.util.threads.InlineExecutorService.execute(InlineExecutorService.java:75)
		at java.base/java.util.concurrent.AbstractExecutorService.submit(AbstractExecutorService.java:145)
		at org.apache.catalina.core.ContainerBase.startInternal(ContainerBase.java:716)
		at org.apache.catalina.core.StandardEngine.startInternal(StandardEngine.java:203)
		at org.apache.catalina.util.LifecycleBase.start(LifecycleBase.java:164)
		at org.apache.catalina.core.StandardService.startInternal(StandardService.java:415)
		at org.apache.catalina.util.LifecycleBase.start(LifecycleBase.java:164)
		at org.apache.catalina.core.StandardServer.startInternal(StandardServer.java:866)
		at org.apache.catalina.util.LifecycleBase.start(LifecycleBase.java:164)
		at org.apache.catalina.startup.Catalina.start(Catalina.java:759)
		at java.base/jdk.internal.reflect.DirectMethodHandleAccessor.invoke(DirectMethodHandleAccessor.java:103)
		at java.base/java.lang.reflect.Method.invoke(Method.java:580)
		at org.apache.catalina.startup.Bootstrap.start(Bootstrap.java:342)
		at org.apache.catalina.startup.Bootstrap.main(Bootstrap.java:470)
10-Jan-2025 23:24:52.392 SEVERE [main] org.apache.tomcat.util.descriptor.web.WebXmlParser.parseWebXml Parse error in application web.xml file at [file:/home/serega/YandexPr/Middle/Final_Sprint_Tasks/Spring/apache-tomcat-11.0.2/webapps/try_spring-1.0-SNAPSHOT/WEB-INF/web.xml]
	org.xml.sax.SAXParseException; systemId: file:/home/serega/YandexPr/Middle/Final_Sprint_Tasks/Spring/apache-tomcat-11.0.2/webapps/try_spring-1.0-SNAPSHOT/WEB-INF/web.xml; lineNumber: 3; columnNumber: 6; The processing instruction target matching "[xX][mM][lL]" is not allowed.
		at java.xml/com.sun.org.apache.xerces.internal.util.ErrorHandlerWrapper.createSAXParseException(ErrorHandlerWrapper.java:204)
		at java.xml/com.sun.org.apache.xerces.internal.util.ErrorHandlerWrapper.fatalError(ErrorHandlerWrapper.java:178)
		at java.xml/com.sun.org.apache.xerces.internal.impl.XMLErrorReporter.reportError(XMLErrorReporter.java:400)
		at java.xml/com.sun.org.apache.xerces.internal.impl.XMLErrorReporter.reportError(XMLErrorReporter.java:327)
		at java.xml/com.sun.org.apache.xerces.internal.impl.XMLScanner.reportFatalError(XMLScanner.java:1465)
		at java.xml/com.sun.org.apache.xerces.internal.impl.XMLScanner.scanPIData(XMLScanner.java:745)
		at java.xml/com.sun.org.apache.xerces.internal.impl.XMLDocumentFragmentScannerImpl.scanPIData(XMLDocumentFragmentScannerImpl.java:1059)
		at java.xml/com.sun.org.apache.xerces.internal.impl.XMLScanner.scanPI(XMLScanner.java:713)
		at java.xml/com.sun.org.apache.xerces.internal.impl.XMLDocumentScannerImpl$PrologDriver.next(XMLDocumentScannerImpl.java:891)
		at java.xml/com.sun.org.apache.xerces.internal.impl.XMLDocumentScannerImpl.next(XMLDocumentScannerImpl.java:605)
		at java.xml/com.sun.org.apache.xerces.internal.impl.XMLDocumentFragmentScannerImpl.scanDocument(XMLDocumentFragmentScannerImpl.java:542)
		at java.xml/com.sun.org.apache.xerces.internal.parsers.XML11Configuration.parse(XML11Configuration.java:889)
		at java.xml/com.sun.org.apache.xerces.internal.parsers.XML11Configuration.parse(XML11Configuration.java:825)
		at java.xml/com.sun.org.apache.xerces.internal.parsers.XMLParser.parse(XMLParser.java:141)
		at java.xml/com.sun.org.apache.xerces.internal.parsers.AbstractSAXParser.parse(AbstractSAXParser.java:1224)
		at java.xml/com.sun.org.apache.xerces.internal.jaxp.SAXParserImpl$JAXPSAXParser.parse(SAXParserImpl.java:637)
		at org.apache.tomcat.util.digester.Digester.parse(Digester.java:1529)
		at org.apache.tomcat.util.descriptor.web.WebXmlParser.parseWebXml(WebXmlParser.java:119)
		at org.apache.catalina.startup.ContextConfig.webConfig(ContextConfig.java:1248)
		at org.apache.catalina.startup.ContextConfig.configureStart(ContextConfig.java:973)
		at org.apache.catalina.startup.ContextConfig.lifecycleEvent(ContextConfig.java:290)
		at org.apache.catalina.util.LifecycleBase.fireLifecycleEvent(LifecycleBase.java:109)
		at org.apache.catalina.core.StandardContext.startInternal(StandardContext.java:4311)
		at org.apache.catalina.util.LifecycleBase.start(LifecycleBase.java:164)
		at org.apache.catalina.core.ContainerBase.addChild(ContainerBase.java:566)
		at org.apache.catalina.core.StandardHost.addChild(StandardHost.java:653)
		at org.apache.catalina.startup.HostConfig.deployWAR(HostConfig.java:933)
		at org.apache.catalina.startup.HostConfig$DeployWar.run(HostConfig.java:1875)
		at java.base/java.util.concurrent.Executors$RunnableAdapter.call(Executors.java:572)
		at java.base/java.util.concurrent.FutureTask.run(FutureTask.java:317)
		at org.apache.tomcat.util.threads.InlineExecutorService.execute(InlineExecutorService.java:75)
		at java.base/java.util.concurrent.AbstractExecutorService.submit(AbstractExecutorService.java:123)
		at org.apache.catalina.startup.HostConfig.deployWARs(HostConfig.java:735)
		at org.apache.catalina.startup.HostConfig.deployApps(HostConfig.java:387)
		at org.apache.catalina.startup.HostConfig.start(HostConfig.java:1593)
		at org.apache.catalina.startup.HostConfig.lifecycleEvent(HostConfig.java:267)
		at org.apache.catalina.util.LifecycleBase.fireLifecycleEvent(LifecycleBase.java:109)
		at org.apache.catalina.util.LifecycleBase.setStateInternal(LifecycleBase.java:389)
		at org.apache.catalina.util.LifecycleBase.setState(LifecycleBase.java:336)
		at org.apache.catalina.core.ContainerBase.startInternal(ContainerBase.java:743)
		at org.apache.catalina.core.StandardHost.startInternal(StandardHost.java:771)
		at org.apache.catalina.util.LifecycleBase.start(LifecycleBase.java:164)
		at org.apache.catalina.core.ContainerBase$StartChild.call(ContainerBase.java:1170)
		at org.apache.catalina.core.ContainerBase$StartChild.call(ContainerBase.java:1160)
		at java.base/java.util.concurrent.FutureTask.run(FutureTask.java:317)
		at org.apache.tomcat.util.threads.InlineExecutorService.execute(InlineExecutorService.java:75)
		at java.base/java.util.concurrent.AbstractExecutorService.submit(AbstractExecutorService.java:145)
		at org.apache.catalina.core.ContainerBase.startInternal(ContainerBase.java:716)
		at org.apache.catalina.core.StandardEngine.startInternal(StandardEngine.java:203)
		at org.apache.catalina.util.LifecycleBase.start(LifecycleBase.java:164)
		at org.apache.catalina.core.StandardService.startInternal(StandardService.java:415)
		at org.apache.catalina.util.LifecycleBase.start(LifecycleBase.java:164)
		at org.apache.catalina.core.StandardServer.startInternal(StandardServer.java:866)
		at org.apache.catalina.util.LifecycleBase.start(LifecycleBase.java:164)
		at org.apache.catalina.startup.Catalina.start(Catalina.java:759)
		at java.base/jdk.internal.reflect.DirectMethodHandleAccessor.invoke(DirectMethodHandleAccessor.java:103)
		at java.base/java.lang.reflect.Method.invoke(Method.java:580)
		at org.apache.catalina.startup.Bootstrap.start(Bootstrap.java:342)
		at org.apache.catalina.startup.Bootstrap.main(Bootstrap.java:470)
10-Jan-2025 23:24:52.394 SEVERE [main] org.apache.tomcat.util.descriptor.web.WebXmlParser.parseWebXml Occurred at line [3] column [6]
10-Jan-2025 23:24:52.417 SEVERE [main] org.apache.catalina.startup.ContextConfig.configureStart Marking this application unavailable due to previous error(s)
10-Jan-2025 23:24:52.483 SEVERE [main] org.apache.catalina.core.StandardContext.startInternal One or more components marked the context as not correctly configured
10-Jan-2025 23:24:52.493 SEVERE [main] org.apache.catalina.core.StandardContext.startInternal Context [/try_spring-1.0-SNAPSHOT] startup failed due to previous errors
10-Jan-2025 23:24:52.503 INFO [main] org.apache.catalina.startup.HostConfig.deployWAR Deployment of web application archive [/home/serega/YandexPr/Middle/Final_Sprint_Tasks/Spring/apache-tomcat-11.0.2/webapps/try_spring-1.0-SNAPSHOT.war] has finished in [321] ms
10-Jan-2025 23:24:52.504 INFO [main] org.apache.catalina.startup.HostConfig.deployDirectory Установка веб приложения в папку [/home/serega/YandexPr/Middle/Final_Sprint_Tasks/Spring/apache-tomcat-11.0.2/webapps/docs]
10-Jan-2025 23:24:52.616 INFO [main] org.apache.catalina.startup.HostConfig.deployDirectory Deployment of web application directory [/home/serega/YandexPr/Middle/Final_Sprint_Tasks/Spring/apache-tomcat-11.0.2/webapps/docs] has finished in [111] ms
10-Jan-2025 23:24:52.616 INFO [main] org.apache.catalina.startup.HostConfig.deployDirectory Установка веб приложения в папку [/home/serega/YandexPr/Middle/Final_Sprint_Tasks/Spring/apache-tomcat-11.0.2/webapps/ROOT]
10-Jan-2025 23:24:52.653 INFO [main] org.apache.catalina.startup.HostConfig.deployDirectory Deployment of web application directory [/home/serega/YandexPr/Middle/Final_Sprint_Tasks/Spring/apache-tomcat-11.0.2/webapps/ROOT] has finished in [37] ms
10-Jan-2025 23:24:52.653 INFO [main] org.apache.catalina.startup.HostConfig.deployDirectory Установка веб приложения в папку [/home/serega/YandexPr/Middle/Final_Sprint_Tasks/Spring/apache-tomcat-11.0.2/webapps/examples]
10-Jan-2025 23:24:52.969 INFO [main] org.apache.catalina.startup.HostConfig.deployDirectory Deployment of web application directory [/home/serega/YandexPr/Middle/Final_Sprint_Tasks/Spring/apache-tomcat-11.0.2/webapps/examples] has finished in [316] ms
10-Jan-2025 23:24:52.970 INFO [main] org.apache.catalina.startup.HostConfig.deployDirectory Установка веб приложения в папку [/home/serega/YandexPr/Middle/Final_Sprint_Tasks/Spring/apache-tomcat-11.0.2/webapps/host-manager]
10-Jan-2025 23:24:53.001 INFO [main] org.apache.catalina.startup.HostConfig.deployDirectory Deployment of web application directory [/home/serega/YandexPr/Middle/Final_Sprint_Tasks/Spring/apache-tomcat-11.0.2/webapps/host-manager] has finished in [32] ms
10-Jan-2025 23:24:53.002 INFO [main] org.apache.catalina.startup.HostConfig.deployDirectory Установка веб приложения в папку [/home/serega/YandexPr/Middle/Final_Sprint_Tasks/Spring/apache-tomcat-11.0.2/webapps/manager]
10-Jan-2025 23:24:53.026 INFO [main] org.apache.catalina.startup.HostConfig.deployDirectory Deployment of web application directory [/home/serega/YandexPr/Middle/Final_Sprint_Tasks/Spring/apache-tomcat-11.0.2/webapps/manager] has finished in [24] ms
10-Jan-2025 23:24:53.032 INFO [main] org.apache.coyote.AbstractProtocol.start Starting ProtocolHandler ["http-nio-8080"]
10-Jan-2025 23:24:53.049 INFO [main] org.apache.catalina.startup.Catalina.start Server startup in [967] milliseconds
10-Jan-2025 23:30:33.080 INFO [main] org.apache.catalina.startup.VersionLoggerListener.log Имя версии сервера:    Apache Tomcat/11.0.2
10-Jan-2025 23:30:33.086 INFO [main] org.apache.catalina.startup.VersionLoggerListener.log Сервер собран:         Dec 5 2024 15:19:37 UTC
10-Jan-2025 23:30:33.086 INFO [main] org.apache.catalina.startup.VersionLoggerListener.log Номер версии сервера:  11.0.2.0
10-Jan-2025 23:30:33.086 INFO [main] org.apache.catalina.startup.VersionLoggerListener.log OS Name:               Linux
10-Jan-2025 23:30:33.087 INFO [main] org.apache.catalina.startup.VersionLoggerListener.log Версия ОС:             6.8.0-51-generic
10-Jan-2025 23:30:33.087 INFO [main] org.apache.catalina.startup.VersionLoggerListener.log Архитектура:           amd64
10-Jan-2025 23:30:33.087 INFO [main] org.apache.catalina.startup.VersionLoggerListener.log Java Home:             /usr/lib/jvm/java-21-openjdk-amd64
10-Jan-2025 23:30:33.087 INFO [main] org.apache.catalina.startup.VersionLoggerListener.log Версия JVM:            21.0.5+11-Ubuntu-1ubuntu124.04
10-Jan-2025 23:30:33.087 INFO [main] org.apache.catalina.startup.VersionLoggerListener.log Производитель JVM:     Ubuntu
10-Jan-2025 23:30:33.088 INFO [main] org.apache.catalina.startup.VersionLoggerListener.log CATALINA_BASE:         /home/serega/YandexPr/Middle/Final_Sprint_Tasks/Spring/apache-tomcat-11.0.2
10-Jan-2025 23:30:33.088 INFO [main] org.apache.catalina.startup.VersionLoggerListener.log CATALINA_HOME:         /home/serega/YandexPr/Middle/Final_Sprint_Tasks/Spring/apache-tomcat-11.0.2
10-Jan-2025 23:30:33.101 INFO [main] org.apache.catalina.startup.VersionLoggerListener.log Command line argument: -Djava.util.logging.config.file=/home/serega/YandexPr/Middle/Final_Sprint_Tasks/Spring/apache-tomcat-11.0.2/conf/logging.properties
10-Jan-2025 23:30:33.102 INFO [main] org.apache.catalina.startup.VersionLoggerListener.log Command line argument: -Djava.util.logging.manager=org.apache.juli.ClassLoaderLogManager
10-Jan-2025 23:30:33.102 INFO [main] org.apache.catalina.startup.VersionLoggerListener.log Command line argument: -Djdk.tls.ephemeralDHKeySize=2048
10-Jan-2025 23:30:33.102 INFO [main] org.apache.catalina.startup.VersionLoggerListener.log Command line argument: -Dorg.apache.catalina.security.SecurityListener.UMASK=0027
10-Jan-2025 23:30:33.102 INFO [main] org.apache.catalina.startup.VersionLoggerListener.log Command line argument: --add-opens=java.base/java.lang=ALL-UNNAMED
10-Jan-2025 23:30:33.102 INFO [main] org.apache.catalina.startup.VersionLoggerListener.log Command line argument: --add-opens=java.base/java.io=ALL-UNNAMED
10-Jan-2025 23:30:33.103 INFO [main] org.apache.catalina.startup.VersionLoggerListener.log Command line argument: --add-opens=java.base/java.util=ALL-UNNAMED
10-Jan-2025 23:30:33.103 INFO [main] org.apache.catalina.startup.VersionLoggerListener.log Command line argument: --add-opens=java.base/java.util.concurrent=ALL-UNNAMED
10-Jan-2025 23:30:33.103 INFO [main] org.apache.catalina.startup.VersionLoggerListener.log Command line argument: --add-opens=java.rmi/sun.rmi.transport=ALL-UNNAMED
10-Jan-2025 23:30:33.103 INFO [main] org.apache.catalina.startup.VersionLoggerListener.log Command line argument: --enable-native-access=ALL-UNNAMED
10-Jan-2025 23:30:33.103 INFO [main] org.apache.catalina.startup.VersionLoggerListener.log Command line argument: -agentlib:jdwp=transport=dt_socket,address=localhost:8000,server=y,suspend=n
10-Jan-2025 23:30:33.103 INFO [main] org.apache.catalina.startup.VersionLoggerListener.log Command line argument: -Dcatalina.base=/home/serega/YandexPr/Middle/Final_Sprint_Tasks/Spring/apache-tomcat-11.0.2
10-Jan-2025 23:30:33.104 INFO [main] org.apache.catalina.startup.VersionLoggerListener.log Command line argument: -Dcatalina.home=/home/serega/YandexPr/Middle/Final_Sprint_Tasks/Spring/apache-tomcat-11.0.2
10-Jan-2025 23:30:33.104 INFO [main] org.apache.catalina.startup.VersionLoggerListener.log Command line argument: -Djava.io.tmpdir=/home/serega/YandexPr/Middle/Final_Sprint_Tasks/Spring/apache-tomcat-11.0.2/temp
10-Jan-2025 23:30:33.107 INFO [main] org.apache.catalina.core.AprLifecycleListener.lifecycleEvent The Apache Tomcat Native library which allows using OpenSSL was not found on the java.library.path: [/usr/java/packages/lib:/usr/lib/x86_64-linux-gnu/jni:/lib/x86_64-linux-gnu:/usr/lib/x86_64-linux-gnu:/usr/lib/jni:/lib:/usr/lib]
10-Jan-2025 23:30:33.552 INFO [main] org.apache.coyote.AbstractProtocol.init Инициализация ProtocolHandler ["http-nio-8080"]
10-Jan-2025 23:30:33.581 INFO [main] org.apache.catalina.startup.Catalina.load Server initialization in [776] milliseconds
10-Jan-2025 23:30:33.631 INFO [main] org.apache.catalina.core.StandardService.startInternal Starting service [Catalina]
10-Jan-2025 23:30:33.632 INFO [main] org.apache.catalina.core.StandardEngine.startInternal Starting Servlet engine: [Apache Tomcat/11.0.2]
10-Jan-2025 23:30:33.652 INFO [main] org.apache.catalina.startup.HostConfig.deployWAR Deploying web application archive [/home/serega/YandexPr/Middle/Final_Sprint_Tasks/Spring/apache-tomcat-11.0.2/webapps/try_spring-1.0-SNAPSHOT.war]
10-Jan-2025 23:30:33.888 SEVERE [main] org.apache.tomcat.util.digester.Digester.fatalError Parse fatal error at line [3] column [6]
	org.xml.sax.SAXParseException; systemId: file:/home/serega/YandexPr/Middle/Final_Sprint_Tasks/Spring/apache-tomcat-11.0.2/webapps/try_spring-1.0-SNAPSHOT/WEB-INF/web.xml; lineNumber: 3; columnNumber: 6; The processing instruction target matching "[xX][mM][lL]" is not allowed.
		at java.xml/com.sun.org.apache.xerces.internal.util.ErrorHandlerWrapper.createSAXParseException(ErrorHandlerWrapper.java:204)
		at java.xml/com.sun.org.apache.xerces.internal.util.ErrorHandlerWrapper.fatalError(ErrorHandlerWrapper.java:178)
		at java.xml/com.sun.org.apache.xerces.internal.impl.XMLErrorReporter.reportError(XMLErrorReporter.java:400)
		at java.xml/com.sun.org.apache.xerces.internal.impl.XMLErrorReporter.reportError(XMLErrorReporter.java:327)
		at java.xml/com.sun.org.apache.xerces.internal.impl.XMLScanner.reportFatalError(XMLScanner.java:1465)
		at java.xml/com.sun.org.apache.xerces.internal.impl.XMLScanner.scanPIData(XMLScanner.java:745)
		at java.xml/com.sun.org.apache.xerces.internal.impl.XMLDocumentFragmentScannerImpl.scanPIData(XMLDocumentFragmentScannerImpl.java:1059)
		at java.xml/com.sun.org.apache.xerces.internal.impl.XMLScanner.scanPI(XMLScanner.java:713)
		at java.xml/com.sun.org.apache.xerces.internal.impl.XMLDocumentScannerImpl$PrologDriver.next(XMLDocumentScannerImpl.java:891)
		at java.xml/com.sun.org.apache.xerces.internal.impl.XMLDocumentScannerImpl.next(XMLDocumentScannerImpl.java:605)
		at java.xml/com.sun.org.apache.xerces.internal.impl.XMLDocumentFragmentScannerImpl.scanDocument(XMLDocumentFragmentScannerImpl.java:542)
		at java.xml/com.sun.org.apache.xerces.internal.parsers.XML11Configuration.parse(XML11Configuration.java:889)
		at java.xml/com.sun.org.apache.xerces.internal.parsers.XML11Configuration.parse(XML11Configuration.java:825)
		at java.xml/com.sun.org.apache.xerces.internal.parsers.XMLParser.parse(XMLParser.java:141)
		at java.xml/com.sun.org.apache.xerces.internal.parsers.AbstractSAXParser.parse(AbstractSAXParser.java:1224)
		at java.xml/com.sun.org.apache.xerces.internal.jaxp.SAXParserImpl$JAXPSAXParser.parse(SAXParserImpl.java:637)
		at org.apache.tomcat.util.digester.Digester.parse(Digester.java:1529)
		at org.apache.tomcat.util.descriptor.web.WebXmlParser.parseWebXml(WebXmlParser.java:119)
		at org.apache.catalina.startup.ContextConfig.webConfig(ContextConfig.java:1248)
		at org.apache.catalina.startup.ContextConfig.configureStart(ContextConfig.java:973)
		at org.apache.catalina.startup.ContextConfig.lifecycleEvent(ContextConfig.java:290)
		at org.apache.catalina.util.LifecycleBase.fireLifecycleEvent(LifecycleBase.java:109)
		at org.apache.catalina.core.StandardContext.startInternal(StandardContext.java:4311)
		at org.apache.catalina.util.LifecycleBase.start(LifecycleBase.java:164)
		at org.apache.catalina.core.ContainerBase.addChild(ContainerBase.java:566)
		at org.apache.catalina.core.StandardHost.addChild(StandardHost.java:653)
		at org.apache.catalina.startup.HostConfig.deployWAR(HostConfig.java:933)
		at org.apache.catalina.startup.HostConfig$DeployWar.run(HostConfig.java:1875)
		at java.base/java.util.concurrent.Executors$RunnableAdapter.call(Executors.java:572)
		at java.base/java.util.concurrent.FutureTask.run(FutureTask.java:317)
		at org.apache.tomcat.util.threads.InlineExecutorService.execute(InlineExecutorService.java:75)
		at java.base/java.util.concurrent.AbstractExecutorService.submit(AbstractExecutorService.java:123)
		at org.apache.catalina.startup.HostConfig.deployWARs(HostConfig.java:735)
		at org.apache.catalina.startup.HostConfig.deployApps(HostConfig.java:387)
		at org.apache.catalina.startup.HostConfig.start(HostConfig.java:1593)
		at org.apache.catalina.startup.HostConfig.lifecycleEvent(HostConfig.java:267)
		at org.apache.catalina.util.LifecycleBase.fireLifecycleEvent(LifecycleBase.java:109)
		at org.apache.catalina.util.LifecycleBase.setStateInternal(LifecycleBase.java:389)
		at org.apache.catalina.util.LifecycleBase.setState(LifecycleBase.java:336)
		at org.apache.catalina.core.ContainerBase.startInternal(ContainerBase.java:743)
		at org.apache.catalina.core.StandardHost.startInternal(StandardHost.java:771)
		at org.apache.catalina.util.LifecycleBase.start(LifecycleBase.java:164)
		at org.apache.catalina.core.ContainerBase$StartChild.call(ContainerBase.java:1170)
		at org.apache.catalina.core.ContainerBase$StartChild.call(ContainerBase.java:1160)
		at java.base/java.util.concurrent.FutureTask.run(FutureTask.java:317)
		at org.apache.tomcat.util.threads.InlineExecutorService.execute(InlineExecutorService.java:75)
		at java.base/java.util.concurrent.AbstractExecutorService.submit(AbstractExecutorService.java:145)
		at org.apache.catalina.core.ContainerBase.startInternal(ContainerBase.java:716)
		at org.apache.catalina.core.StandardEngine.startInternal(StandardEngine.java:203)
		at org.apache.catalina.util.LifecycleBase.start(LifecycleBase.java:164)
		at org.apache.catalina.core.StandardService.startInternal(StandardService.java:415)
		at org.apache.catalina.util.LifecycleBase.start(LifecycleBase.java:164)
		at org.apache.catalina.core.StandardServer.startInternal(StandardServer.java:866)
		at org.apache.catalina.util.LifecycleBase.start(LifecycleBase.java:164)
		at org.apache.catalina.startup.Catalina.start(Catalina.java:759)
		at java.base/jdk.internal.reflect.DirectMethodHandleAccessor.invoke(DirectMethodHandleAccessor.java:103)
		at java.base/java.lang.reflect.Method.invoke(Method.java:580)
		at org.apache.catalina.startup.Bootstrap.start(Bootstrap.java:342)
		at org.apache.catalina.startup.Bootstrap.main(Bootstrap.java:470)
10-Jan-2025 23:30:33.890 SEVERE [main] org.apache.tomcat.util.descriptor.web.WebXmlParser.parseWebXml Parse error in application web.xml file at [file:/home/serega/YandexPr/Middle/Final_Sprint_Tasks/Spring/apache-tomcat-11.0.2/webapps/try_spring-1.0-SNAPSHOT/WEB-INF/web.xml]
	org.xml.sax.SAXParseException; systemId: file:/home/serega/YandexPr/Middle/Final_Sprint_Tasks/Spring/apache-tomcat-11.0.2/webapps/try_spring-1.0-SNAPSHOT/WEB-INF/web.xml; lineNumber: 3; columnNumber: 6; The processing instruction target matching "[xX][mM][lL]" is not allowed.
		at java.xml/com.sun.org.apache.xerces.internal.util.ErrorHandlerWrapper.createSAXParseException(ErrorHandlerWrapper.java:204)
		at java.xml/com.sun.org.apache.xerces.internal.util.ErrorHandlerWrapper.fatalError(ErrorHandlerWrapper.java:178)
		at java.xml/com.sun.org.apache.xerces.internal.impl.XMLErrorReporter.reportError(XMLErrorReporter.java:400)
		at java.xml/com.sun.org.apache.xerces.internal.impl.XMLErrorReporter.reportError(XMLErrorReporter.java:327)
		at java.xml/com.sun.org.apache.xerces.internal.impl.XMLScanner.reportFatalError(XMLScanner.java:1465)
		at java.xml/com.sun.org.apache.xerces.internal.impl.XMLScanner.scanPIData(XMLScanner.java:745)
		at java.xml/com.sun.org.apache.xerces.internal.impl.XMLDocumentFragmentScannerImpl.scanPIData(XMLDocumentFragmentScannerImpl.java:1059)
		at java.xml/com.sun.org.apache.xerces.internal.impl.XMLScanner.scanPI(XMLScanner.java:713)
		at java.xml/com.sun.org.apache.xerces.internal.impl.XMLDocumentScannerImpl$PrologDriver.next(XMLDocumentScannerImpl.java:891)
		at java.xml/com.sun.org.apache.xerces.internal.impl.XMLDocumentScannerImpl.next(XMLDocumentScannerImpl.java:605)
		at java.xml/com.sun.org.apache.xerces.internal.impl.XMLDocumentFragmentScannerImpl.scanDocument(XMLDocumentFragmentScannerImpl.java:542)
		at java.xml/com.sun.org.apache.xerces.internal.parsers.XML11Configuration.parse(XML11Configuration.java:889)
		at java.xml/com.sun.org.apache.xerces.internal.parsers.XML11Configuration.parse(XML11Configuration.java:825)
		at java.xml/com.sun.org.apache.xerces.internal.parsers.XMLParser.parse(XMLParser.java:141)
		at java.xml/com.sun.org.apache.xerces.internal.parsers.AbstractSAXParser.parse(AbstractSAXParser.java:1224)
		at java.xml/com.sun.org.apache.xerces.internal.jaxp.SAXParserImpl$JAXPSAXParser.parse(SAXParserImpl.java:637)
		at org.apache.tomcat.util.digester.Digester.parse(Digester.java:1529)
		at org.apache.tomcat.util.descriptor.web.WebXmlParser.parseWebXml(WebXmlParser.java:119)
		at org.apache.catalina.startup.ContextConfig.webConfig(ContextConfig.java:1248)
		at org.apache.catalina.startup.ContextConfig.configureStart(ContextConfig.java:973)
		at org.apache.catalina.startup.ContextConfig.lifecycleEvent(ContextConfig.java:290)
		at org.apache.catalina.util.LifecycleBase.fireLifecycleEvent(LifecycleBase.java:109)
		at org.apache.catalina.core.StandardContext.startInternal(StandardContext.java:4311)
		at org.apache.catalina.util.LifecycleBase.start(LifecycleBase.java:164)
		at org.apache.catalina.core.ContainerBase.addChild(ContainerBase.java:566)
		at org.apache.catalina.core.StandardHost.addChild(StandardHost.java:653)
		at org.apache.catalina.startup.HostConfig.deployWAR(HostConfig.java:933)
		at org.apache.catalina.startup.HostConfig$DeployWar.run(HostConfig.java:1875)
		at java.base/java.util.concurrent.Executors$RunnableAdapter.call(Executors.java:572)
		at java.base/java.util.concurrent.FutureTask.run(FutureTask.java:317)
		at org.apache.tomcat.util.threads.InlineExecutorService.execute(InlineExecutorService.java:75)
		at java.base/java.util.concurrent.AbstractExecutorService.submit(AbstractExecutorService.java:123)
		at org.apache.catalina.startup.HostConfig.deployWARs(HostConfig.java:735)
		at org.apache.catalina.startup.HostConfig.deployApps(HostConfig.java:387)
		at org.apache.catalina.startup.HostConfig.start(HostConfig.java:1593)
		at org.apache.catalina.startup.HostConfig.lifecycleEvent(HostConfig.java:267)
		at org.apache.catalina.util.LifecycleBase.fireLifecycleEvent(LifecycleBase.java:109)
		at org.apache.catalina.util.LifecycleBase.setStateInternal(LifecycleBase.java:389)
		at org.apache.catalina.util.LifecycleBase.setState(LifecycleBase.java:336)
		at org.apache.catalina.core.ContainerBase.startInternal(ContainerBase.java:743)
		at org.apache.catalina.core.StandardHost.startInternal(StandardHost.java:771)
		at org.apache.catalina.util.LifecycleBase.start(LifecycleBase.java:164)
		at org.apache.catalina.core.ContainerBase$StartChild.call(ContainerBase.java:1170)
		at org.apache.catalina.core.ContainerBase$StartChild.call(ContainerBase.java:1160)
		at java.base/java.util.concurrent.FutureTask.run(FutureTask.java:317)
		at org.apache.tomcat.util.threads.InlineExecutorService.execute(InlineExecutorService.java:75)
		at java.base/java.util.concurrent.AbstractExecutorService.submit(AbstractExecutorService.java:145)
		at org.apache.catalina.core.ContainerBase.startInternal(ContainerBase.java:716)
		at org.apache.catalina.core.StandardEngine.startInternal(StandardEngine.java:203)
		at org.apache.catalina.util.LifecycleBase.start(LifecycleBase.java:164)
		at org.apache.catalina.core.StandardService.startInternal(StandardService.java:415)
		at org.apache.catalina.util.LifecycleBase.start(LifecycleBase.java:164)
		at org.apache.catalina.core.StandardServer.startInternal(StandardServer.java:866)
		at org.apache.catalina.util.LifecycleBase.start(LifecycleBase.java:164)
		at org.apache.catalina.startup.Catalina.start(Catalina.java:759)
		at java.base/jdk.internal.reflect.DirectMethodHandleAccessor.invoke(DirectMethodHandleAccessor.java:103)
		at java.base/java.lang.reflect.Method.invoke(Method.java:580)
		at org.apache.catalina.startup.Bootstrap.start(Bootstrap.java:342)
		at org.apache.catalina.startup.Bootstrap.main(Bootstrap.java:470)
10-Jan-2025 23:30:33.892 SEVERE [main] org.apache.tomcat.util.descriptor.web.WebXmlParser.parseWebXml Occurred at line [3] column [6]
10-Jan-2025 23:30:33.926 SEVERE [main] org.apache.catalina.startup.ContextConfig.configureStart Marking this application unavailable due to previous error(s)
10-Jan-2025 23:30:33.996 SEVERE [main] org.apache.catalina.core.StandardContext.startInternal One or more components marked the context as not correctly configured
10-Jan-2025 23:30:34.006 SEVERE [main] org.apache.catalina.core.StandardContext.startInternal Context [/try_spring-1.0-SNAPSHOT] startup failed due to previous errors
10-Jan-2025 23:30:34.017 INFO [main] org.apache.catalina.startup.HostConfig.deployWAR Deployment of web application archive [/home/serega/YandexPr/Middle/Final_Sprint_Tasks/Spring/apache-tomcat-11.0.2/webapps/try_spring-1.0-SNAPSHOT.war] has finished in [365] ms
10-Jan-2025 23:30:34.018 INFO [main] org.apache.catalina.startup.HostConfig.deployDirectory Установка веб приложения в папку [/home/serega/YandexPr/Middle/Final_Sprint_Tasks/Spring/apache-tomcat-11.0.2/webapps/docs]
10-Jan-2025 23:30:34.165 INFO [main] org.apache.catalina.startup.HostConfig.deployDirectory Deployment of web application directory [/home/serega/YandexPr/Middle/Final_Sprint_Tasks/Spring/apache-tomcat-11.0.2/webapps/docs] has finished in [147] ms
10-Jan-2025 23:30:34.166 INFO [main] org.apache.catalina.startup.HostConfig.deployDirectory Установка веб приложения в папку [/home/serega/YandexPr/Middle/Final_Sprint_Tasks/Spring/apache-tomcat-11.0.2/webapps/ROOT]
10-Jan-2025 23:30:34.199 INFO [main] org.apache.catalina.startup.HostConfig.deployDirectory Deployment of web application directory [/home/serega/YandexPr/Middle/Final_Sprint_Tasks/Spring/apache-tomcat-11.0.2/webapps/ROOT] has finished in [33] ms
10-Jan-2025 23:30:34.199 INFO [main] org.apache.catalina.startup.HostConfig.deployDirectory Установка веб приложения в папку [/home/serega/YandexPr/Middle/Final_Sprint_Tasks/Spring/apache-tomcat-11.0.2/webapps/examples]
10-Jan-2025 23:30:34.586 INFO [main] org.apache.catalina.startup.HostConfig.deployDirectory Deployment of web application directory [/home/serega/YandexPr/Middle/Final_Sprint_Tasks/Spring/apache-tomcat-11.0.2/webapps/examples] has finished in [387] ms
10-Jan-2025 23:30:34.587 INFO [main] org.apache.catalina.startup.HostConfig.deployDirectory Установка веб приложения в папку [/home/serega/YandexPr/Middle/Final_Sprint_Tasks/Spring/apache-tomcat-11.0.2/webapps/host-manager]
10-Jan-2025 23:30:34.622 INFO [main] org.apache.catalina.startup.HostConfig.deployDirectory Deployment of web application directory [/home/serega/YandexPr/Middle/Final_Sprint_Tasks/Spring/apache-tomcat-11.0.2/webapps/host-manager] has finished in [34] ms
10-Jan-2025 23:30:34.622 INFO [main] org.apache.catalina.startup.HostConfig.deployDirectory Установка веб приложения в папку [/home/serega/YandexPr/Middle/Final_Sprint_Tasks/Spring/apache-tomcat-11.0.2/webapps/manager]
10-Jan-2025 23:30:34.656 INFO [main] org.apache.catalina.startup.HostConfig.deployDirectory Deployment of web application directory [/home/serega/YandexPr/Middle/Final_Sprint_Tasks/Spring/apache-tomcat-11.0.2/webapps/manager] has finished in [34] ms
10-Jan-2025 23:30:34.663 INFO [main] org.apache.coyote.AbstractProtocol.start Starting ProtocolHandler ["http-nio-8080"]
10-Jan-2025 23:30:34.676 INFO [main] org.apache.catalina.startup.Catalina.start Server startup in [1094] milliseconds
10-Jan-2025 23:34:45.019 INFO [main] org.apache.catalina.startup.VersionLoggerListener.log Имя версии сервера:    Apache Tomcat/11.0.2
10-Jan-2025 23:34:45.024 INFO [main] org.apache.catalina.startup.VersionLoggerListener.log Сервер собран:         Dec 5 2024 15:19:37 UTC
10-Jan-2025 23:34:45.024 INFO [main] org.apache.catalina.startup.VersionLoggerListener.log Номер версии сервера:  11.0.2.0
10-Jan-2025 23:34:45.024 INFO [main] org.apache.catalina.startup.VersionLoggerListener.log OS Name:               Linux
10-Jan-2025 23:34:45.024 INFO [main] org.apache.catalina.startup.VersionLoggerListener.log Версия ОС:             6.8.0-51-generic
10-Jan-2025 23:34:45.024 INFO [main] org.apache.catalina.startup.VersionLoggerListener.log Архитектура:           amd64
10-Jan-2025 23:34:45.024 INFO [main] org.apache.catalina.startup.VersionLoggerListener.log Java Home:             /usr/lib/jvm/java-21-openjdk-amd64
10-Jan-2025 23:34:45.025 INFO [main] org.apache.catalina.startup.VersionLoggerListener.log Версия JVM:            21.0.5+11-Ubuntu-1ubuntu124.04
10-Jan-2025 23:34:45.025 INFO [main] org.apache.catalina.startup.VersionLoggerListener.log Производитель JVM:     Ubuntu
10-Jan-2025 23:34:45.025 INFO [main] org.apache.catalina.startup.VersionLoggerListener.log CATALINA_BASE:         /home/serega/YandexPr/Middle/Final_Sprint_Tasks/Spring/apache-tomcat-11.0.2
10-Jan-2025 23:34:45.025 INFO [main] org.apache.catalina.startup.VersionLoggerListener.log CATALINA_HOME:         /home/serega/YandexPr/Middle/Final_Sprint_Tasks/Spring/apache-tomcat-11.0.2
10-Jan-2025 23:34:45.036 INFO [main] org.apache.catalina.startup.VersionLoggerListener.log Command line argument: -Djava.util.logging.config.file=/home/serega/YandexPr/Middle/Final_Sprint_Tasks/Spring/apache-tomcat-11.0.2/conf/logging.properties
10-Jan-2025 23:34:45.036 INFO [main] org.apache.catalina.startup.VersionLoggerListener.log Command line argument: -Djava.util.logging.manager=org.apache.juli.ClassLoaderLogManager
10-Jan-2025 23:34:45.036 INFO [main] org.apache.catalina.startup.VersionLoggerListener.log Command line argument: -Djdk.tls.ephemeralDHKeySize=2048
10-Jan-2025 23:34:45.036 INFO [main] org.apache.catalina.startup.VersionLoggerListener.log Command line argument: -Dorg.apache.catalina.security.SecurityListener.UMASK=0027
10-Jan-2025 23:34:45.036 INFO [main] org.apache.catalina.startup.VersionLoggerListener.log Command line argument: --add-opens=java.base/java.lang=ALL-UNNAMED
10-Jan-2025 23:34:45.036 INFO [main] org.apache.catalina.startup.VersionLoggerListener.log Command line argument: --add-opens=java.base/java.io=ALL-UNNAMED
10-Jan-2025 23:34:45.036 INFO [main] org.apache.catalina.startup.VersionLoggerListener.log Command line argument: --add-opens=java.base/java.util=ALL-UNNAMED
10-Jan-2025 23:34:45.036 INFO [main] org.apache.catalina.startup.VersionLoggerListener.log Command line argument: --add-opens=java.base/java.util.concurrent=ALL-UNNAMED
10-Jan-2025 23:34:45.037 INFO [main] org.apache.catalina.startup.VersionLoggerListener.log Command line argument: --add-opens=java.rmi/sun.rmi.transport=ALL-UNNAMED
10-Jan-2025 23:34:45.037 INFO [main] org.apache.catalina.startup.VersionLoggerListener.log Command line argument: --enable-native-access=ALL-UNNAMED
10-Jan-2025 23:34:45.037 INFO [main] org.apache.catalina.startup.VersionLoggerListener.log Command line argument: -agentlib:jdwp=transport=dt_socket,address=localhost:8000,server=y,suspend=n
10-Jan-2025 23:34:45.037 INFO [main] org.apache.catalina.startup.VersionLoggerListener.log Command line argument: -Dcatalina.base=/home/serega/YandexPr/Middle/Final_Sprint_Tasks/Spring/apache-tomcat-11.0.2
10-Jan-2025 23:34:45.037 INFO [main] org.apache.catalina.startup.VersionLoggerListener.log Command line argument: -Dcatalina.home=/home/serega/YandexPr/Middle/Final_Sprint_Tasks/Spring/apache-tomcat-11.0.2
10-Jan-2025 23:34:45.037 INFO [main] org.apache.catalina.startup.VersionLoggerListener.log Command line argument: -Djava.io.tmpdir=/home/serega/YandexPr/Middle/Final_Sprint_Tasks/Spring/apache-tomcat-11.0.2/temp
10-Jan-2025 23:34:45.039 INFO [main] org.apache.catalina.core.AprLifecycleListener.lifecycleEvent The Apache Tomcat Native library which allows using OpenSSL was not found on the java.library.path: [/usr/java/packages/lib:/usr/lib/x86_64-linux-gnu/jni:/lib/x86_64-linux-gnu:/usr/lib/x86_64-linux-gnu:/usr/lib/jni:/lib:/usr/lib]
10-Jan-2025 23:34:45.522 INFO [main] org.apache.coyote.AbstractProtocol.init Инициализация ProtocolHandler ["http-nio-8080"]
10-Jan-2025 23:34:45.558 INFO [main] org.apache.catalina.startup.Catalina.load Server initialization in [753] milliseconds
10-Jan-2025 23:34:45.615 INFO [main] org.apache.catalina.core.StandardService.startInternal Starting service [Catalina]
10-Jan-2025 23:34:45.615 INFO [main] org.apache.catalina.core.StandardEngine.startInternal Starting Servlet engine: [Apache Tomcat/11.0.2]
10-Jan-2025 23:34:45.632 INFO [main] org.apache.catalina.startup.HostConfig.deployWAR Deploying web application archive [/home/serega/YandexPr/Middle/Final_Sprint_Tasks/Spring/apache-tomcat-11.0.2/webapps/try_spring-1.0-SNAPSHOT.war]
10-Jan-2025 23:34:45.853 SEVERE [main] org.apache.tomcat.util.digester.Digester.fatalError Parse fatal error at line [3] column [6]
	org.xml.sax.SAXParseException; systemId: file:/home/serega/YandexPr/Middle/Final_Sprint_Tasks/Spring/apache-tomcat-11.0.2/webapps/try_spring-1.0-SNAPSHOT/WEB-INF/web.xml; lineNumber: 3; columnNumber: 6; The processing instruction target matching "[xX][mM][lL]" is not allowed.
		at java.xml/com.sun.org.apache.xerces.internal.util.ErrorHandlerWrapper.createSAXParseException(ErrorHandlerWrapper.java:204)
		at java.xml/com.sun.org.apache.xerces.internal.util.ErrorHandlerWrapper.fatalError(ErrorHandlerWrapper.java:178)
		at java.xml/com.sun.org.apache.xerces.internal.impl.XMLErrorReporter.reportError(XMLErrorReporter.java:400)
		at java.xml/com.sun.org.apache.xerces.internal.impl.XMLErrorReporter.reportError(XMLErrorReporter.java:327)
		at java.xml/com.sun.org.apache.xerces.internal.impl.XMLScanner.reportFatalError(XMLScanner.java:1465)
		at java.xml/com.sun.org.apache.xerces.internal.impl.XMLScanner.scanPIData(XMLScanner.java:745)
		at java.xml/com.sun.org.apache.xerces.internal.impl.XMLDocumentFragmentScannerImpl.scanPIData(XMLDocumentFragmentScannerImpl.java:1059)
		at java.xml/com.sun.org.apache.xerces.internal.impl.XMLScanner.scanPI(XMLScanner.java:713)
		at java.xml/com.sun.org.apache.xerces.internal.impl.XMLDocumentScannerImpl$PrologDriver.next(XMLDocumentScannerImpl.java:891)
		at java.xml/com.sun.org.apache.xerces.internal.impl.XMLDocumentScannerImpl.next(XMLDocumentScannerImpl.java:605)
		at java.xml/com.sun.org.apache.xerces.internal.impl.XMLDocumentFragmentScannerImpl.scanDocument(XMLDocumentFragmentScannerImpl.java:542)
		at java.xml/com.sun.org.apache.xerces.internal.parsers.XML11Configuration.parse(XML11Configuration.java:889)
		at java.xml/com.sun.org.apache.xerces.internal.parsers.XML11Configuration.parse(XML11Configuration.java:825)
		at java.xml/com.sun.org.apache.xerces.internal.parsers.XMLParser.parse(XMLParser.java:141)
		at java.xml/com.sun.org.apache.xerces.internal.parsers.AbstractSAXParser.parse(AbstractSAXParser.java:1224)
		at java.xml/com.sun.org.apache.xerces.internal.jaxp.SAXParserImpl$JAXPSAXParser.parse(SAXParserImpl.java:637)
		at org.apache.tomcat.util.digester.Digester.parse(Digester.java:1529)
		at org.apache.tomcat.util.descriptor.web.WebXmlParser.parseWebXml(WebXmlParser.java:119)
		at org.apache.catalina.startup.ContextConfig.webConfig(ContextConfig.java:1248)
		at org.apache.catalina.startup.ContextConfig.configureStart(ContextConfig.java:973)
		at org.apache.catalina.startup.ContextConfig.lifecycleEvent(ContextConfig.java:290)
		at org.apache.catalina.util.LifecycleBase.fireLifecycleEvent(LifecycleBase.java:109)
		at org.apache.catalina.core.StandardContext.startInternal(StandardContext.java:4311)
		at org.apache.catalina.util.LifecycleBase.start(LifecycleBase.java:164)
		at org.apache.catalina.core.ContainerBase.addChild(ContainerBase.java:566)
		at org.apache.catalina.core.StandardHost.addChild(StandardHost.java:653)
		at org.apache.catalina.startup.HostConfig.deployWAR(HostConfig.java:933)
		at org.apache.catalina.startup.HostConfig$DeployWar.run(HostConfig.java:1875)
		at java.base/java.util.concurrent.Executors$RunnableAdapter.call(Executors.java:572)
		at java.base/java.util.concurrent.FutureTask.run(FutureTask.java:317)
		at org.apache.tomcat.util.threads.InlineExecutorService.execute(InlineExecutorService.java:75)
		at java.base/java.util.concurrent.AbstractExecutorService.submit(AbstractExecutorService.java:123)
		at org.apache.catalina.startup.HostConfig.deployWARs(HostConfig.java:735)
		at org.apache.catalina.startup.HostConfig.deployApps(HostConfig.java:387)
		at org.apache.catalina.startup.HostConfig.start(HostConfig.java:1593)
		at org.apache.catalina.startup.HostConfig.lifecycleEvent(HostConfig.java:267)
		at org.apache.catalina.util.LifecycleBase.fireLifecycleEvent(LifecycleBase.java:109)
		at org.apache.catalina.util.LifecycleBase.setStateInternal(LifecycleBase.java:389)
		at org.apache.catalina.util.LifecycleBase.setState(LifecycleBase.java:336)
		at org.apache.catalina.core.ContainerBase.startInternal(ContainerBase.java:743)
		at org.apache.catalina.core.StandardHost.startInternal(StandardHost.java:771)
		at org.apache.catalina.util.LifecycleBase.start(LifecycleBase.java:164)
		at org.apache.catalina.core.ContainerBase$StartChild.call(ContainerBase.java:1170)
		at org.apache.catalina.core.ContainerBase$StartChild.call(ContainerBase.java:1160)
		at java.base/java.util.concurrent.FutureTask.run(FutureTask.java:317)
		at org.apache.tomcat.util.threads.InlineExecutorService.execute(InlineExecutorService.java:75)
		at java.base/java.util.concurrent.AbstractExecutorService.submit(AbstractExecutorService.java:145)
		at org.apache.catalina.core.ContainerBase.startInternal(ContainerBase.java:716)
		at org.apache.catalina.core.StandardEngine.startInternal(StandardEngine.java:203)
		at org.apache.catalina.util.LifecycleBase.start(LifecycleBase.java:164)
		at org.apache.catalina.core.StandardService.startInternal(StandardService.java:415)
		at org.apache.catalina.util.LifecycleBase.start(LifecycleBase.java:164)
		at org.apache.catalina.core.StandardServer.startInternal(StandardServer.java:866)
		at org.apache.catalina.util.LifecycleBase.start(LifecycleBase.java:164)
		at org.apache.catalina.startup.Catalina.start(Catalina.java:759)
		at java.base/jdk.internal.reflect.DirectMethodHandleAccessor.invoke(DirectMethodHandleAccessor.java:103)
		at java.base/java.lang.reflect.Method.invoke(Method.java:580)
		at org.apache.catalina.startup.Bootstrap.start(Bootstrap.java:342)
		at org.apache.catalina.startup.Bootstrap.main(Bootstrap.java:470)
10-Jan-2025 23:34:45.856 SEVERE [main] org.apache.tomcat.util.descriptor.web.WebXmlParser.parseWebXml Parse error in application web.xml file at [file:/home/serega/YandexPr/Middle/Final_Sprint_Tasks/Spring/apache-tomcat-11.0.2/webapps/try_spring-1.0-SNAPSHOT/WEB-INF/web.xml]
	org.xml.sax.SAXParseException; systemId: file:/home/serega/YandexPr/Middle/Final_Sprint_Tasks/Spring/apache-tomcat-11.0.2/webapps/try_spring-1.0-SNAPSHOT/WEB-INF/web.xml; lineNumber: 3; columnNumber: 6; The processing instruction target matching "[xX][mM][lL]" is not allowed.
		at java.xml/com.sun.org.apache.xerces.internal.util.ErrorHandlerWrapper.createSAXParseException(ErrorHandlerWrapper.java:204)
		at java.xml/com.sun.org.apache.xerces.internal.util.ErrorHandlerWrapper.fatalError(ErrorHandlerWrapper.java:178)
		at java.xml/com.sun.org.apache.xerces.internal.impl.XMLErrorReporter.reportError(XMLErrorReporter.java:400)
		at java.xml/com.sun.org.apache.xerces.internal.impl.XMLErrorReporter.reportError(XMLErrorReporter.java:327)
		at java.xml/com.sun.org.apache.xerces.internal.impl.XMLScanner.reportFatalError(XMLScanner.java:1465)
		at java.xml/com.sun.org.apache.xerces.internal.impl.XMLScanner.scanPIData(XMLScanner.java:745)
		at java.xml/com.sun.org.apache.xerces.internal.impl.XMLDocumentFragmentScannerImpl.scanPIData(XMLDocumentFragmentScannerImpl.java:1059)
		at java.xml/com.sun.org.apache.xerces.internal.impl.XMLScanner.scanPI(XMLScanner.java:713)
		at java.xml/com.sun.org.apache.xerces.internal.impl.XMLDocumentScannerImpl$PrologDriver.next(XMLDocumentScannerImpl.java:891)
		at java.xml/com.sun.org.apache.xerces.internal.impl.XMLDocumentScannerImpl.next(XMLDocumentScannerImpl.java:605)
		at java.xml/com.sun.org.apache.xerces.internal.impl.XMLDocumentFragmentScannerImpl.scanDocument(XMLDocumentFragmentScannerImpl.java:542)
		at java.xml/com.sun.org.apache.xerces.internal.parsers.XML11Configuration.parse(XML11Configuration.java:889)
		at java.xml/com.sun.org.apache.xerces.internal.parsers.XML11Configuration.parse(XML11Configuration.java:825)
		at java.xml/com.sun.org.apache.xerces.internal.parsers.XMLParser.parse(XMLParser.java:141)
		at java.xml/com.sun.org.apache.xerces.internal.parsers.AbstractSAXParser.parse(AbstractSAXParser.java:1224)
		at java.xml/com.sun.org.apache.xerces.internal.jaxp.SAXParserImpl$JAXPSAXParser.parse(SAXParserImpl.java:637)
		at org.apache.tomcat.util.digester.Digester.parse(Digester.java:1529)
		at org.apache.tomcat.util.descriptor.web.WebXmlParser.parseWebXml(WebXmlParser.java:119)
		at org.apache.catalina.startup.ContextConfig.webConfig(ContextConfig.java:1248)
		at org.apache.catalina.startup.ContextConfig.configureStart(ContextConfig.java:973)
		at org.apache.catalina.startup.ContextConfig.lifecycleEvent(ContextConfig.java:290)
		at org.apache.catalina.util.LifecycleBase.fireLifecycleEvent(LifecycleBase.java:109)
		at org.apache.catalina.core.StandardContext.startInternal(StandardContext.java:4311)
		at org.apache.catalina.util.LifecycleBase.start(LifecycleBase.java:164)
		at org.apache.catalina.core.ContainerBase.addChild(ContainerBase.java:566)
		at org.apache.catalina.core.StandardHost.addChild(StandardHost.java:653)
		at org.apache.catalina.startup.HostConfig.deployWAR(HostConfig.java:933)
		at org.apache.catalina.startup.HostConfig$DeployWar.run(HostConfig.java:1875)
		at java.base/java.util.concurrent.Executors$RunnableAdapter.call(Executors.java:572)
		at java.base/java.util.concurrent.FutureTask.run(FutureTask.java:317)
		at org.apache.tomcat.util.threads.InlineExecutorService.execute(InlineExecutorService.java:75)
		at java.base/java.util.concurrent.AbstractExecutorService.submit(AbstractExecutorService.java:123)
		at org.apache.catalina.startup.HostConfig.deployWARs(HostConfig.java:735)
		at org.apache.catalina.startup.HostConfig.deployApps(HostConfig.java:387)
		at org.apache.catalina.startup.HostConfig.start(HostConfig.java:1593)
		at org.apache.catalina.startup.HostConfig.lifecycleEvent(HostConfig.java:267)
		at org.apache.catalina.util.LifecycleBase.fireLifecycleEvent(LifecycleBase.java:109)
		at org.apache.catalina.util.LifecycleBase.setStateInternal(LifecycleBase.java:389)
		at org.apache.catalina.util.LifecycleBase.setState(LifecycleBase.java:336)
		at org.apache.catalina.core.ContainerBase.startInternal(ContainerBase.java:743)
		at org.apache.catalina.core.StandardHost.startInternal(StandardHost.java:771)
		at org.apache.catalina.util.LifecycleBase.start(LifecycleBase.java:164)
		at org.apache.catalina.core.ContainerBase$StartChild.call(ContainerBase.java:1170)
		at org.apache.catalina.core.ContainerBase$StartChild.call(ContainerBase.java:1160)
		at java.base/java.util.concurrent.FutureTask.run(FutureTask.java:317)
		at org.apache.tomcat.util.threads.InlineExecutorService.execute(InlineExecutorService.java:75)
		at java.base/java.util.concurrent.AbstractExecutorService.submit(AbstractExecutorService.java:145)
		at org.apache.catalina.core.ContainerBase.startInternal(ContainerBase.java:716)
		at org.apache.catalina.core.StandardEngine.startInternal(StandardEngine.java:203)
		at org.apache.catalina.util.LifecycleBase.start(LifecycleBase.java:164)
		at org.apache.catalina.core.StandardService.startInternal(StandardService.java:415)
		at org.apache.catalina.util.LifecycleBase.start(LifecycleBase.java:164)
		at org.apache.catalina.core.StandardServer.startInternal(StandardServer.java:866)
		at org.apache.catalina.util.LifecycleBase.start(LifecycleBase.java:164)
		at org.apache.catalina.startup.Catalina.start(Catalina.java:759)
		at java.base/jdk.internal.reflect.DirectMethodHandleAccessor.invoke(DirectMethodHandleAccessor.java:103)
		at java.base/java.lang.reflect.Method.invoke(Method.java:580)
		at org.apache.catalina.startup.Bootstrap.start(Bootstrap.java:342)
		at org.apache.catalina.startup.Bootstrap.main(Bootstrap.java:470)
10-Jan-2025 23:34:45.857 SEVERE [main] org.apache.tomcat.util.descriptor.web.WebXmlParser.parseWebXml Occurred at line [3] column [6]
10-Jan-2025 23:34:45.889 SEVERE [main] org.apache.catalina.startup.ContextConfig.configureStart Marking this application unavailable due to previous error(s)
10-Jan-2025 23:34:45.962 SEVERE [main] org.apache.catalina.core.StandardContext.startInternal One or more components marked the context as not correctly configured
10-Jan-2025 23:34:45.970 SEVERE [main] org.apache.catalina.core.StandardContext.startInternal Context [/try_spring-1.0-SNAPSHOT] startup failed due to previous errors
10-Jan-2025 23:34:45.982 INFO [main] org.apache.catalina.startup.HostConfig.deployWAR Deployment of web application archive [/home/serega/YandexPr/Middle/Final_Sprint_Tasks/Spring/apache-tomcat-11.0.2/webapps/try_spring-1.0-SNAPSHOT.war] has finished in [350] ms
10-Jan-2025 23:34:45.983 INFO [main] org.apache.catalina.startup.HostConfig.deployDirectory Установка веб приложения в папку [/home/serega/YandexPr/Middle/Final_Sprint_Tasks/Spring/apache-tomcat-11.0.2/webapps/docs]
10-Jan-2025 23:34:46.110 INFO [main] org.apache.catalina.startup.HostConfig.deployDirectory Deployment of web application directory [/home/serega/YandexPr/Middle/Final_Sprint_Tasks/Spring/apache-tomcat-11.0.2/webapps/docs] has finished in [127] ms
10-Jan-2025 23:34:46.110 INFO [main] org.apache.catalina.startup.HostConfig.deployDirectory Установка веб приложения в папку [/home/serega/YandexPr/Middle/Final_Sprint_Tasks/Spring/apache-tomcat-11.0.2/webapps/ROOT]
10-Jan-2025 23:34:46.149 INFO [main] org.apache.catalina.startup.HostConfig.deployDirectory Deployment of web application directory [/home/serega/YandexPr/Middle/Final_Sprint_Tasks/Spring/apache-tomcat-11.0.2/webapps/ROOT] has finished in [39] ms
10-Jan-2025 23:34:46.149 INFO [main] org.apache.catalina.startup.HostConfig.deployDirectory Установка веб приложения в папку [/home/serega/YandexPr/Middle/Final_Sprint_Tasks/Spring/apache-tomcat-11.0.2/webapps/examples]
10-Jan-2025 23:34:46.509 INFO [main] org.apache.catalina.startup.HostConfig.deployDirectory Deployment of web application directory [/home/serega/YandexPr/Middle/Final_Sprint_Tasks/Spring/apache-tomcat-11.0.2/webapps/examples] has finished in [360] ms
10-Jan-2025 23:34:46.509 INFO [main] org.apache.catalina.startup.HostConfig.deployDirectory Установка веб приложения в папку [/home/serega/YandexPr/Middle/Final_Sprint_Tasks/Spring/apache-tomcat-11.0.2/webapps/host-manager]
10-Jan-2025 23:34:46.542 INFO [main] org.apache.catalina.startup.HostConfig.deployDirectory Deployment of web application directory [/home/serega/YandexPr/Middle/Final_Sprint_Tasks/Spring/apache-tomcat-11.0.2/webapps/host-manager] has finished in [32] ms
10-Jan-2025 23:34:46.542 INFO [main] org.apache.catalina.startup.HostConfig.deployDirectory Установка веб приложения в папку [/home/serega/YandexPr/Middle/Final_Sprint_Tasks/Spring/apache-tomcat-11.0.2/webapps/manager]
10-Jan-2025 23:34:46.573 INFO [main] org.apache.catalina.startup.HostConfig.deployDirectory Deployment of web application directory [/home/serega/YandexPr/Middle/Final_Sprint_Tasks/Spring/apache-tomcat-11.0.2/webapps/manager] has finished in [31] ms
10-Jan-2025 23:34:46.580 INFO [main] org.apache.coyote.AbstractProtocol.start Starting ProtocolHandler ["http-nio-8080"]
10-Jan-2025 23:34:46.592 INFO [main] org.apache.catalina.startup.Catalina.start Server startup in [1032] milliseconds
10-Jan-2025 23:36:52.137 INFO [main] org.apache.catalina.startup.VersionLoggerListener.log Имя версии сервера:    Apache Tomcat/11.0.2
10-Jan-2025 23:36:52.142 INFO [main] org.apache.catalina.startup.VersionLoggerListener.log Сервер собран:         Dec 5 2024 15:19:37 UTC
10-Jan-2025 23:36:52.143 INFO [main] org.apache.catalina.startup.VersionLoggerListener.log Номер версии сервера:  11.0.2.0
10-Jan-2025 23:36:52.143 INFO [main] org.apache.catalina.startup.VersionLoggerListener.log OS Name:               Linux
10-Jan-2025 23:36:52.143 INFO [main] org.apache.catalina.startup.VersionLoggerListener.log Версия ОС:             6.8.0-51-generic
10-Jan-2025 23:36:52.143 INFO [main] org.apache.catalina.startup.VersionLoggerListener.log Архитектура:           amd64
10-Jan-2025 23:36:52.144 INFO [main] org.apache.catalina.startup.VersionLoggerListener.log Java Home:             /usr/lib/jvm/java-21-openjdk-amd64
10-Jan-2025 23:36:52.144 INFO [main] org.apache.catalina.startup.VersionLoggerListener.log Версия JVM:            21.0.5+11-Ubuntu-1ubuntu124.04
10-Jan-2025 23:36:52.144 INFO [main] org.apache.catalina.startup.VersionLoggerListener.log Производитель JVM:     Ubuntu
10-Jan-2025 23:36:52.144 INFO [main] org.apache.catalina.startup.VersionLoggerListener.log CATALINA_BASE:         /home/serega/YandexPr/Middle/Final_Sprint_Tasks/Spring/apache-tomcat-11.0.2
10-Jan-2025 23:36:52.144 INFO [main] org.apache.catalina.startup.VersionLoggerListener.log CATALINA_HOME:         /home/serega/YandexPr/Middle/Final_Sprint_Tasks/Spring/apache-tomcat-11.0.2
10-Jan-2025 23:36:52.155 INFO [main] org.apache.catalina.startup.VersionLoggerListener.log Command line argument: -Djava.util.logging.config.file=/home/serega/YandexPr/Middle/Final_Sprint_Tasks/Spring/apache-tomcat-11.0.2/conf/logging.properties
10-Jan-2025 23:36:52.155 INFO [main] org.apache.catalina.startup.VersionLoggerListener.log Command line argument: -Djava.util.logging.manager=org.apache.juli.ClassLoaderLogManager
10-Jan-2025 23:36:52.155 INFO [main] org.apache.catalina.startup.VersionLoggerListener.log Command line argument: -Djdk.tls.ephemeralDHKeySize=2048
10-Jan-2025 23:36:52.156 INFO [main] org.apache.catalina.startup.VersionLoggerListener.log Command line argument: -Dorg.apache.catalina.security.SecurityListener.UMASK=0027
10-Jan-2025 23:36:52.156 INFO [main] org.apache.catalina.startup.VersionLoggerListener.log Command line argument: --add-opens=java.base/java.lang=ALL-UNNAMED
10-Jan-2025 23:36:52.156 INFO [main] org.apache.catalina.startup.VersionLoggerListener.log Command line argument: --add-opens=java.base/java.io=ALL-UNNAMED
10-Jan-2025 23:36:52.156 INFO [main] org.apache.catalina.startup.VersionLoggerListener.log Command line argument: --add-opens=java.base/java.util=ALL-UNNAMED
10-Jan-2025 23:36:52.156 INFO [main] org.apache.catalina.startup.VersionLoggerListener.log Command line argument: --add-opens=java.base/java.util.concurrent=ALL-UNNAMED
10-Jan-2025 23:36:52.156 INFO [main] org.apache.catalina.startup.VersionLoggerListener.log Command line argument: --add-opens=java.rmi/sun.rmi.transport=ALL-UNNAMED
10-Jan-2025 23:36:52.156 INFO [main] org.apache.catalina.startup.VersionLoggerListener.log Command line argument: --enable-native-access=ALL-UNNAMED
10-Jan-2025 23:36:52.156 INFO [main] org.apache.catalina.startup.VersionLoggerListener.log Command line argument: -agentlib:jdwp=transport=dt_socket,address=localhost:8000,server=y,suspend=n
10-Jan-2025 23:36:52.156 INFO [main] org.apache.catalina.startup.VersionLoggerListener.log Command line argument: -Dcatalina.base=/home/serega/YandexPr/Middle/Final_Sprint_Tasks/Spring/apache-tomcat-11.0.2
10-Jan-2025 23:36:52.156 INFO [main] org.apache.catalina.startup.VersionLoggerListener.log Command line argument: -Dcatalina.home=/home/serega/YandexPr/Middle/Final_Sprint_Tasks/Spring/apache-tomcat-11.0.2
10-Jan-2025 23:36:52.157 INFO [main] org.apache.catalina.startup.VersionLoggerListener.log Command line argument: -Djava.io.tmpdir=/home/serega/YandexPr/Middle/Final_Sprint_Tasks/Spring/apache-tomcat-11.0.2/temp
10-Jan-2025 23:36:52.158 INFO [main] org.apache.catalina.core.AprLifecycleListener.lifecycleEvent The Apache Tomcat Native library which allows using OpenSSL was not found on the java.library.path: [/usr/java/packages/lib:/usr/lib/x86_64-linux-gnu/jni:/lib/x86_64-linux-gnu:/usr/lib/x86_64-linux-gnu:/usr/lib/jni:/lib:/usr/lib]
10-Jan-2025 23:36:52.586 INFO [main] org.apache.coyote.AbstractProtocol.init Инициализация ProtocolHandler ["http-nio-8080"]
10-Jan-2025 23:36:52.612 INFO [main] org.apache.catalina.startup.Catalina.load Server initialization in [749] milliseconds
10-Jan-2025 23:36:52.664 INFO [main] org.apache.catalina.core.StandardService.startInternal Starting service [Catalina]
10-Jan-2025 23:36:52.664 INFO [main] org.apache.catalina.core.StandardEngine.startInternal Starting Servlet engine: [Apache Tomcat/11.0.2]
10-Jan-2025 23:36:52.685 INFO [main] org.apache.catalina.startup.HostConfig.deployWAR Deploying web application archive [/home/serega/YandexPr/Middle/Final_Sprint_Tasks/Spring/apache-tomcat-11.0.2/webapps/try_spring-1.0-SNAPSHOT.war]
10-Jan-2025 23:36:53.011 SEVERE [main] org.apache.tomcat.util.digester.Digester.fatalError Parse fatal error at line [3] column [6]
	org.xml.sax.SAXParseException; systemId: file:/home/serega/YandexPr/Middle/Final_Sprint_Tasks/Spring/apache-tomcat-11.0.2/webapps/try_spring-1.0-SNAPSHOT/WEB-INF/web.xml; lineNumber: 3; columnNumber: 6; The processing instruction target matching "[xX][mM][lL]" is not allowed.
		at java.xml/com.sun.org.apache.xerces.internal.util.ErrorHandlerWrapper.createSAXParseException(ErrorHandlerWrapper.java:204)
		at java.xml/com.sun.org.apache.xerces.internal.util.ErrorHandlerWrapper.fatalError(ErrorHandlerWrapper.java:178)
		at java.xml/com.sun.org.apache.xerces.internal.impl.XMLErrorReporter.reportError(XMLErrorReporter.java:400)
		at java.xml/com.sun.org.apache.xerces.internal.impl.XMLErrorReporter.reportError(XMLErrorReporter.java:327)
		at java.xml/com.sun.org.apache.xerces.internal.impl.XMLScanner.reportFatalError(XMLScanner.java:1465)
		at java.xml/com.sun.org.apache.xerces.internal.impl.XMLScanner.scanPIData(XMLScanner.java:745)
		at java.xml/com.sun.org.apache.xerces.internal.impl.XMLDocumentFragmentScannerImpl.scanPIData(XMLDocumentFragmentScannerImpl.java:1059)
		at java.xml/com.sun.org.apache.xerces.internal.impl.XMLScanner.scanPI(XMLScanner.java:713)
		at java.xml/com.sun.org.apache.xerces.internal.impl.XMLDocumentScannerImpl$PrologDriver.next(XMLDocumentScannerImpl.java:891)
		at java.xml/com.sun.org.apache.xerces.internal.impl.XMLDocumentScannerImpl.next(XMLDocumentScannerImpl.java:605)
		at java.xml/com.sun.org.apache.xerces.internal.impl.XMLDocumentFragmentScannerImpl.scanDocument(XMLDocumentFragmentScannerImpl.java:542)
		at java.xml/com.sun.org.apache.xerces.internal.parsers.XML11Configuration.parse(XML11Configuration.java:889)
		at java.xml/com.sun.org.apache.xerces.internal.parsers.XML11Configuration.parse(XML11Configuration.java:825)
		at java.xml/com.sun.org.apache.xerces.internal.parsers.XMLParser.parse(XMLParser.java:141)
		at java.xml/com.sun.org.apache.xerces.internal.parsers.AbstractSAXParser.parse(AbstractSAXParser.java:1224)
		at java.xml/com.sun.org.apache.xerces.internal.jaxp.SAXParserImpl$JAXPSAXParser.parse(SAXParserImpl.java:637)
		at org.apache.tomcat.util.digester.Digester.parse(Digester.java:1529)
		at org.apache.tomcat.util.descriptor.web.WebXmlParser.parseWebXml(WebXmlParser.java:119)
		at org.apache.catalina.startup.ContextConfig.webConfig(ContextConfig.java:1248)
		at org.apache.catalina.startup.ContextConfig.configureStart(ContextConfig.java:973)
		at org.apache.catalina.startup.ContextConfig.lifecycleEvent(ContextConfig.java:290)
		at org.apache.catalina.util.LifecycleBase.fireLifecycleEvent(LifecycleBase.java:109)
		at org.apache.catalina.core.StandardContext.startInternal(StandardContext.java:4311)
		at org.apache.catalina.util.LifecycleBase.start(LifecycleBase.java:164)
		at org.apache.catalina.core.ContainerBase.addChild(ContainerBase.java:566)
		at org.apache.catalina.core.StandardHost.addChild(StandardHost.java:653)
		at org.apache.catalina.startup.HostConfig.deployWAR(HostConfig.java:933)
		at org.apache.catalina.startup.HostConfig$DeployWar.run(HostConfig.java:1875)
		at java.base/java.util.concurrent.Executors$RunnableAdapter.call(Executors.java:572)
		at java.base/java.util.concurrent.FutureTask.run(FutureTask.java:317)
		at org.apache.tomcat.util.threads.InlineExecutorService.execute(InlineExecutorService.java:75)
		at java.base/java.util.concurrent.AbstractExecutorService.submit(AbstractExecutorService.java:123)
		at org.apache.catalina.startup.HostConfig.deployWARs(HostConfig.java:735)
		at org.apache.catalina.startup.HostConfig.deployApps(HostConfig.java:387)
		at org.apache.catalina.startup.HostConfig.start(HostConfig.java:1593)
		at org.apache.catalina.startup.HostConfig.lifecycleEvent(HostConfig.java:267)
		at org.apache.catalina.util.LifecycleBase.fireLifecycleEvent(LifecycleBase.java:109)
		at org.apache.catalina.util.LifecycleBase.setStateInternal(LifecycleBase.java:389)
		at org.apache.catalina.util.LifecycleBase.setState(LifecycleBase.java:336)
		at org.apache.catalina.core.ContainerBase.startInternal(ContainerBase.java:743)
		at org.apache.catalina.core.StandardHost.startInternal(StandardHost.java:771)
		at org.apache.catalina.util.LifecycleBase.start(LifecycleBase.java:164)
		at org.apache.catalina.core.ContainerBase$StartChild.call(ContainerBase.java:1170)
		at org.apache.catalina.core.ContainerBase$StartChild.call(ContainerBase.java:1160)
		at java.base/java.util.concurrent.FutureTask.run(FutureTask.java:317)
		at org.apache.tomcat.util.threads.InlineExecutorService.execute(InlineExecutorService.java:75)
		at java.base/java.util.concurrent.AbstractExecutorService.submit(AbstractExecutorService.java:145)
		at org.apache.catalina.core.ContainerBase.startInternal(ContainerBase.java:716)
		at org.apache.catalina.core.StandardEngine.startInternal(StandardEngine.java:203)
		at org.apache.catalina.util.LifecycleBase.start(LifecycleBase.java:164)
		at org.apache.catalina.core.StandardService.startInternal(StandardService.java:415)
		at org.apache.catalina.util.LifecycleBase.start(LifecycleBase.java:164)
		at org.apache.catalina.core.StandardServer.startInternal(StandardServer.java:866)
		at org.apache.catalina.util.LifecycleBase.start(LifecycleBase.java:164)
		at org.apache.catalina.startup.Catalina.start(Catalina.java:759)
		at java.base/jdk.internal.reflect.DirectMethodHandleAccessor.invoke(DirectMethodHandleAccessor.java:103)
		at java.base/java.lang.reflect.Method.invoke(Method.java:580)
		at org.apache.catalina.startup.Bootstrap.start(Bootstrap.java:342)
		at org.apache.catalina.startup.Bootstrap.main(Bootstrap.java:470)
10-Jan-2025 23:36:53.013 SEVERE [main] org.apache.tomcat.util.descriptor.web.WebXmlParser.parseWebXml Parse error in application web.xml file at [file:/home/serega/YandexPr/Middle/Final_Sprint_Tasks/Spring/apache-tomcat-11.0.2/webapps/try_spring-1.0-SNAPSHOT/WEB-INF/web.xml]
	org.xml.sax.SAXParseException; systemId: file:/home/serega/YandexPr/Middle/Final_Sprint_Tasks/Spring/apache-tomcat-11.0.2/webapps/try_spring-1.0-SNAPSHOT/WEB-INF/web.xml; lineNumber: 3; columnNumber: 6; The processing instruction target matching "[xX][mM][lL]" is not allowed.
		at java.xml/com.sun.org.apache.xerces.internal.util.ErrorHandlerWrapper.createSAXParseException(ErrorHandlerWrapper.java:204)
		at java.xml/com.sun.org.apache.xerces.internal.util.ErrorHandlerWrapper.fatalError(ErrorHandlerWrapper.java:178)
		at java.xml/com.sun.org.apache.xerces.internal.impl.XMLErrorReporter.reportError(XMLErrorReporter.java:400)
		at java.xml/com.sun.org.apache.xerces.internal.impl.XMLErrorReporter.reportError(XMLErrorReporter.java:327)
		at java.xml/com.sun.org.apache.xerces.internal.impl.XMLScanner.reportFatalError(XMLScanner.java:1465)
		at java.xml/com.sun.org.apache.xerces.internal.impl.XMLScanner.scanPIData(XMLScanner.java:745)
		at java.xml/com.sun.org.apache.xerces.internal.impl.XMLDocumentFragmentScannerImpl.scanPIData(XMLDocumentFragmentScannerImpl.java:1059)
		at java.xml/com.sun.org.apache.xerces.internal.impl.XMLScanner.scanPI(XMLScanner.java:713)
		at java.xml/com.sun.org.apache.xerces.internal.impl.XMLDocumentScannerImpl$PrologDriver.next(XMLDocumentScannerImpl.java:891)
		at java.xml/com.sun.org.apache.xerces.internal.impl.XMLDocumentScannerImpl.next(XMLDocumentScannerImpl.java:605)
		at java.xml/com.sun.org.apache.xerces.internal.impl.XMLDocumentFragmentScannerImpl.scanDocument(XMLDocumentFragmentScannerImpl.java:542)
		at java.xml/com.sun.org.apache.xerces.internal.parsers.XML11Configuration.parse(XML11Configuration.java:889)
		at java.xml/com.sun.org.apache.xerces.internal.parsers.XML11Configuration.parse(XML11Configuration.java:825)
		at java.xml/com.sun.org.apache.xerces.internal.parsers.XMLParser.parse(XMLParser.java:141)
		at java.xml/com.sun.org.apache.xerces.internal.parsers.AbstractSAXParser.parse(AbstractSAXParser.java:1224)
		at java.xml/com.sun.org.apache.xerces.internal.jaxp.SAXParserImpl$JAXPSAXParser.parse(SAXParserImpl.java:637)
		at org.apache.tomcat.util.digester.Digester.parse(Digester.java:1529)
		at org.apache.tomcat.util.descriptor.web.WebXmlParser.parseWebXml(WebXmlParser.java:119)
		at org.apache.catalina.startup.ContextConfig.webConfig(ContextConfig.java:1248)
		at org.apache.catalina.startup.ContextConfig.configureStart(ContextConfig.java:973)
		at org.apache.catalina.startup.ContextConfig.lifecycleEvent(ContextConfig.java:290)
		at org.apache.catalina.util.LifecycleBase.fireLifecycleEvent(LifecycleBase.java:109)
		at org.apache.catalina.core.StandardContext.startInternal(StandardContext.java:4311)
		at org.apache.catalina.util.LifecycleBase.start(LifecycleBase.java:164)
		at org.apache.catalina.core.ContainerBase.addChild(ContainerBase.java:566)
		at org.apache.catalina.core.StandardHost.addChild(StandardHost.java:653)
		at org.apache.catalina.startup.HostConfig.deployWAR(HostConfig.java:933)
		at org.apache.catalina.startup.HostConfig$DeployWar.run(HostConfig.java:1875)
		at java.base/java.util.concurrent.Executors$RunnableAdapter.call(Executors.java:572)
		at java.base/java.util.concurrent.FutureTask.run(FutureTask.java:317)
		at org.apache.tomcat.util.threads.InlineExecutorService.execute(InlineExecutorService.java:75)
		at java.base/java.util.concurrent.AbstractExecutorService.submit(AbstractExecutorService.java:123)
		at org.apache.catalina.startup.HostConfig.deployWARs(HostConfig.java:735)
		at org.apache.catalina.startup.HostConfig.deployApps(HostConfig.java:387)
		at org.apache.catalina.startup.HostConfig.start(HostConfig.java:1593)
		at org.apache.catalina.startup.HostConfig.lifecycleEvent(HostConfig.java:267)
		at org.apache.catalina.util.LifecycleBase.fireLifecycleEvent(LifecycleBase.java:109)
		at org.apache.catalina.util.LifecycleBase.setStateInternal(LifecycleBase.java:389)
		at org.apache.catalina.util.LifecycleBase.setState(LifecycleBase.java:336)
		at org.apache.catalina.core.ContainerBase.startInternal(ContainerBase.java:743)
		at org.apache.catalina.core.StandardHost.startInternal(StandardHost.java:771)
		at org.apache.catalina.util.LifecycleBase.start(LifecycleBase.java:164)
		at org.apache.catalina.core.ContainerBase$StartChild.call(ContainerBase.java:1170)
		at org.apache.catalina.core.ContainerBase$StartChild.call(ContainerBase.java:1160)
		at java.base/java.util.concurrent.FutureTask.run(FutureTask.java:317)
		at org.apache.tomcat.util.threads.InlineExecutorService.execute(InlineExecutorService.java:75)
		at java.base/java.util.concurrent.AbstractExecutorService.submit(AbstractExecutorService.java:145)
		at org.apache.catalina.core.ContainerBase.startInternal(ContainerBase.java:716)
		at org.apache.catalina.core.StandardEngine.startInternal(StandardEngine.java:203)
		at org.apache.catalina.util.LifecycleBase.start(LifecycleBase.java:164)
		at org.apache.catalina.core.StandardService.startInternal(StandardService.java:415)
		at org.apache.catalina.util.LifecycleBase.start(LifecycleBase.java:164)
		at org.apache.catalina.core.StandardServer.startInternal(StandardServer.java:866)
		at org.apache.catalina.util.LifecycleBase.start(LifecycleBase.java:164)
		at org.apache.catalina.startup.Catalina.start(Catalina.java:759)
		at java.base/jdk.internal.reflect.DirectMethodHandleAccessor.invoke(DirectMethodHandleAccessor.java:103)
		at java.base/java.lang.reflect.Method.invoke(Method.java:580)
		at org.apache.catalina.startup.Bootstrap.start(Bootstrap.java:342)
		at org.apache.catalina.startup.Bootstrap.main(Bootstrap.java:470)
10-Jan-2025 23:36:53.014 SEVERE [main] org.apache.tomcat.util.descriptor.web.WebXmlParser.parseWebXml Occurred at line [3] column [6]
10-Jan-2025 23:36:53.038 SEVERE [main] org.apache.catalina.startup.ContextConfig.configureStart Marking this application unavailable due to previous error(s)
10-Jan-2025 23:36:53.095 SEVERE [main] org.apache.catalina.core.StandardContext.startInternal One or more components marked the context as not correctly configured
10-Jan-2025 23:36:53.102 SEVERE [main] org.apache.catalina.core.StandardContext.startInternal Context [/try_spring-1.0-SNAPSHOT] startup failed due to previous errors
10-Jan-2025 23:36:53.112 INFO [main] org.apache.catalina.startup.HostConfig.deployWAR Deployment of web application archive [/home/serega/YandexPr/Middle/Final_Sprint_Tasks/Spring/apache-tomcat-11.0.2/webapps/try_spring-1.0-SNAPSHOT.war] has finished in [426] ms
10-Jan-2025 23:36:53.112 INFO [main] org.apache.catalina.startup.HostConfig.deployDirectory Установка веб приложения в папку [/home/serega/YandexPr/Middle/Final_Sprint_Tasks/Spring/apache-tomcat-11.0.2/webapps/docs]
10-Jan-2025 23:36:53.225 INFO [main] org.apache.catalina.startup.HostConfig.deployDirectory Deployment of web application directory [/home/serega/YandexPr/Middle/Final_Sprint_Tasks/Spring/apache-tomcat-11.0.2/webapps/docs] has finished in [113] ms
10-Jan-2025 23:36:53.226 INFO [main] org.apache.catalina.startup.HostConfig.deployDirectory Установка веб приложения в папку [/home/serega/YandexPr/Middle/Final_Sprint_Tasks/Spring/apache-tomcat-11.0.2/webapps/ROOT]
10-Jan-2025 23:36:53.270 INFO [main] org.apache.catalina.startup.HostConfig.deployDirectory Deployment of web application directory [/home/serega/YandexPr/Middle/Final_Sprint_Tasks/Spring/apache-tomcat-11.0.2/webapps/ROOT] has finished in [44] ms
10-Jan-2025 23:36:53.271 INFO [main] org.apache.catalina.startup.HostConfig.deployDirectory Установка веб приложения в папку [/home/serega/YandexPr/Middle/Final_Sprint_Tasks/Spring/apache-tomcat-11.0.2/webapps/examples]
10-Jan-2025 23:36:53.606 INFO [main] org.apache.catalina.startup.HostConfig.deployDirectory Deployment of web application directory [/home/serega/YandexPr/Middle/Final_Sprint_Tasks/Spring/apache-tomcat-11.0.2/webapps/examples] has finished in [335] ms
10-Jan-2025 23:36:53.606 INFO [main] org.apache.catalina.startup.HostConfig.deployDirectory Установка веб приложения в папку [/home/serega/YandexPr/Middle/Final_Sprint_Tasks/Spring/apache-tomcat-11.0.2/webapps/host-manager]
10-Jan-2025 23:36:53.633 INFO [main] org.apache.catalina.startup.HostConfig.deployDirectory Deployment of web application directory [/home/serega/YandexPr/Middle/Final_Sprint_Tasks/Spring/apache-tomcat-11.0.2/webapps/host-manager] has finished in [26] ms
10-Jan-2025 23:36:53.633 INFO [main] org.apache.catalina.startup.HostConfig.deployDirectory Установка веб приложения в папку [/home/serega/YandexPr/Middle/Final_Sprint_Tasks/Spring/apache-tomcat-11.0.2/webapps/manager]
10-Jan-2025 23:36:53.656 INFO [main] org.apache.catalina.startup.HostConfig.deployDirectory Deployment of web application directory [/home/serega/YandexPr/Middle/Final_Sprint_Tasks/Spring/apache-tomcat-11.0.2/webapps/manager] has finished in [23] ms
10-Jan-2025 23:36:53.662 INFO [main] org.apache.coyote.AbstractProtocol.start Starting ProtocolHandler ["http-nio-8080"]
10-Jan-2025 23:36:53.674 INFO [main] org.apache.catalina.startup.Catalina.start Server startup in [1061] milliseconds
10-Jan-2025 23:48:06.736 INFO [main] org.apache.catalina.startup.VersionLoggerListener.log Имя версии сервера:    Apache Tomcat/11.0.2
10-Jan-2025 23:48:06.745 INFO [main] org.apache.catalina.startup.VersionLoggerListener.log Сервер собран:         Dec 5 2024 15:19:37 UTC
10-Jan-2025 23:48:06.746 INFO [main] org.apache.catalina.startup.VersionLoggerListener.log Номер версии сервера:  11.0.2.0
10-Jan-2025 23:48:06.746 INFO [main] org.apache.catalina.startup.VersionLoggerListener.log OS Name:               Linux
10-Jan-2025 23:48:06.746 INFO [main] org.apache.catalina.startup.VersionLoggerListener.log Версия ОС:             6.8.0-51-generic
10-Jan-2025 23:48:06.746 INFO [main] org.apache.catalina.startup.VersionLoggerListener.log Архитектура:           amd64
10-Jan-2025 23:48:06.746 INFO [main] org.apache.catalina.startup.VersionLoggerListener.log Java Home:             /usr/lib/jvm/java-21-openjdk-amd64
10-Jan-2025 23:48:06.746 INFO [main] org.apache.catalina.startup.VersionLoggerListener.log Версия JVM:            21.0.5+11-Ubuntu-1ubuntu124.04
10-Jan-2025 23:48:06.747 INFO [main] org.apache.catalina.startup.VersionLoggerListener.log Производитель JVM:     Ubuntu
10-Jan-2025 23:48:06.747 INFO [main] org.apache.catalina.startup.VersionLoggerListener.log CATALINA_BASE:         /home/serega/YandexPr/Middle/Final_Sprint_Tasks/Spring/apache-tomcat-11.0.2
10-Jan-2025 23:48:06.747 INFO [main] org.apache.catalina.startup.VersionLoggerListener.log CATALINA_HOME:         /home/serega/YandexPr/Middle/Final_Sprint_Tasks/Spring/apache-tomcat-11.0.2
10-Jan-2025 23:48:06.753 INFO [main] org.apache.catalina.startup.VersionLoggerListener.log Command line argument: -Djava.util.logging.config.file=/home/serega/YandexPr/Middle/Final_Sprint_Tasks/Spring/apache-tomcat-11.0.2/conf/logging.properties
10-Jan-2025 23:48:06.753 INFO [main] org.apache.catalina.startup.VersionLoggerListener.log Command line argument: -Djava.util.logging.manager=org.apache.juli.ClassLoaderLogManager
10-Jan-2025 23:48:06.754 INFO [main] org.apache.catalina.startup.VersionLoggerListener.log Command line argument: -Djdk.tls.ephemeralDHKeySize=2048
10-Jan-2025 23:48:06.754 INFO [main] org.apache.catalina.startup.VersionLoggerListener.log Command line argument: -Dorg.apache.catalina.security.SecurityListener.UMASK=0027
10-Jan-2025 23:48:06.754 INFO [main] org.apache.catalina.startup.VersionLoggerListener.log Command line argument: --add-opens=java.base/java.lang=ALL-UNNAMED
10-Jan-2025 23:48:06.754 INFO [main] org.apache.catalina.startup.VersionLoggerListener.log Command line argument: --add-opens=java.base/java.io=ALL-UNNAMED
10-Jan-2025 23:48:06.754 INFO [main] org.apache.catalina.startup.VersionLoggerListener.log Command line argument: --add-opens=java.base/java.util=ALL-UNNAMED
10-Jan-2025 23:48:06.754 INFO [main] org.apache.catalina.startup.VersionLoggerListener.log Command line argument: --add-opens=java.base/java.util.concurrent=ALL-UNNAMED
10-Jan-2025 23:48:06.754 INFO [main] org.apache.catalina.startup.VersionLoggerListener.log Command line argument: --add-opens=java.rmi/sun.rmi.transport=ALL-UNNAMED
10-Jan-2025 23:48:06.754 INFO [main] org.apache.catalina.startup.VersionLoggerListener.log Command line argument: --enable-native-access=ALL-UNNAMED
10-Jan-2025 23:48:06.754 INFO [main] org.apache.catalina.startup.VersionLoggerListener.log Command line argument: -Dcatalina.base=/home/serega/YandexPr/Middle/Final_Sprint_Tasks/Spring/apache-tomcat-11.0.2
10-Jan-2025 23:48:06.754 INFO [main] org.apache.catalina.startup.VersionLoggerListener.log Command line argument: -Dcatalina.home=/home/serega/YandexPr/Middle/Final_Sprint_Tasks/Spring/apache-tomcat-11.0.2
10-Jan-2025 23:48:06.754 INFO [main] org.apache.catalina.startup.VersionLoggerListener.log Command line argument: -Djava.io.tmpdir=/home/serega/YandexPr/Middle/Final_Sprint_Tasks/Spring/apache-tomcat-11.0.2/temp
10-Jan-2025 23:48:06.756 INFO [main] org.apache.catalina.core.AprLifecycleListener.lifecycleEvent The Apache Tomcat Native library which allows using OpenSSL was not found on the java.library.path: [/usr/java/packages/lib:/usr/lib/x86_64-linux-gnu/jni:/lib/x86_64-linux-gnu:/usr/lib/x86_64-linux-gnu:/usr/lib/jni:/lib:/usr/lib]
10-Jan-2025 23:48:07.117 INFO [main] org.apache.coyote.AbstractProtocol.init Инициализация ProtocolHandler ["http-nio-8080"]
10-Jan-2025 23:48:07.142 INFO [main] org.apache.catalina.startup.Catalina.load Server initialization in [591] milliseconds
10-Jan-2025 23:48:07.195 INFO [main] org.apache.catalina.core.StandardService.startInternal Starting service [Catalina]
10-Jan-2025 23:48:07.195 INFO [main] org.apache.catalina.core.StandardEngine.startInternal Starting Servlet engine: [Apache Tomcat/11.0.2]
10-Jan-2025 23:48:07.214 INFO [main] org.apache.catalina.startup.HostConfig.deployWAR Deploying web application archive [/home/serega/YandexPr/Middle/Final_Sprint_Tasks/Spring/apache-tomcat-11.0.2/webapps/try_spring-1.0-SNAPSHOT.war]
10-Jan-2025 23:48:07.417 SEVERE [main] org.apache.tomcat.util.digester.Digester.fatalError Parse fatal error at line [3] column [6]
	org.xml.sax.SAXParseException; systemId: file:/home/serega/YandexPr/Middle/Final_Sprint_Tasks/Spring/apache-tomcat-11.0.2/webapps/try_spring-1.0-SNAPSHOT/WEB-INF/web.xml; lineNumber: 3; columnNumber: 6; The processing instruction target matching "[xX][mM][lL]" is not allowed.
		at java.xml/com.sun.org.apache.xerces.internal.util.ErrorHandlerWrapper.createSAXParseException(ErrorHandlerWrapper.java:204)
		at java.xml/com.sun.org.apache.xerces.internal.util.ErrorHandlerWrapper.fatalError(ErrorHandlerWrapper.java:178)
		at java.xml/com.sun.org.apache.xerces.internal.impl.XMLErrorReporter.reportError(XMLErrorReporter.java:400)
		at java.xml/com.sun.org.apache.xerces.internal.impl.XMLErrorReporter.reportError(XMLErrorReporter.java:327)
		at java.xml/com.sun.org.apache.xerces.internal.impl.XMLScanner.reportFatalError(XMLScanner.java:1465)
		at java.xml/com.sun.org.apache.xerces.internal.impl.XMLScanner.scanPIData(XMLScanner.java:745)
		at java.xml/com.sun.org.apache.xerces.internal.impl.XMLDocumentFragmentScannerImpl.scanPIData(XMLDocumentFragmentScannerImpl.java:1059)
		at java.xml/com.sun.org.apache.xerces.internal.impl.XMLScanner.scanPI(XMLScanner.java:713)
		at java.xml/com.sun.org.apache.xerces.internal.impl.XMLDocumentScannerImpl$PrologDriver.next(XMLDocumentScannerImpl.java:891)
		at java.xml/com.sun.org.apache.xerces.internal.impl.XMLDocumentScannerImpl.next(XMLDocumentScannerImpl.java:605)
		at java.xml/com.sun.org.apache.xerces.internal.impl.XMLDocumentFragmentScannerImpl.scanDocument(XMLDocumentFragmentScannerImpl.java:542)
		at java.xml/com.sun.org.apache.xerces.internal.parsers.XML11Configuration.parse(XML11Configuration.java:889)
		at java.xml/com.sun.org.apache.xerces.internal.parsers.XML11Configuration.parse(XML11Configuration.java:825)
		at java.xml/com.sun.org.apache.xerces.internal.parsers.XMLParser.parse(XMLParser.java:141)
		at java.xml/com.sun.org.apache.xerces.internal.parsers.AbstractSAXParser.parse(AbstractSAXParser.java:1224)
		at java.xml/com.sun.org.apache.xerces.internal.jaxp.SAXParserImpl$JAXPSAXParser.parse(SAXParserImpl.java:637)
		at org.apache.tomcat.util.digester.Digester.parse(Digester.java:1529)
		at org.apache.tomcat.util.descriptor.web.WebXmlParser.parseWebXml(WebXmlParser.java:119)
		at org.apache.catalina.startup.ContextConfig.webConfig(ContextConfig.java:1248)
		at org.apache.catalina.startup.ContextConfig.configureStart(ContextConfig.java:973)
		at org.apache.catalina.startup.ContextConfig.lifecycleEvent(ContextConfig.java:290)
		at org.apache.catalina.util.LifecycleBase.fireLifecycleEvent(LifecycleBase.java:109)
		at org.apache.catalina.core.StandardContext.startInternal(StandardContext.java:4311)
		at org.apache.catalina.util.LifecycleBase.start(LifecycleBase.java:164)
		at org.apache.catalina.core.ContainerBase.addChild(ContainerBase.java:566)
		at org.apache.catalina.core.StandardHost.addChild(StandardHost.java:653)
		at org.apache.catalina.startup.HostConfig.deployWAR(HostConfig.java:933)
		at org.apache.catalina.startup.HostConfig$DeployWar.run(HostConfig.java:1875)
		at java.base/java.util.concurrent.Executors$RunnableAdapter.call(Executors.java:572)
		at java.base/java.util.concurrent.FutureTask.run(FutureTask.java:317)
		at org.apache.tomcat.util.threads.InlineExecutorService.execute(InlineExecutorService.java:75)
		at java.base/java.util.concurrent.AbstractExecutorService.submit(AbstractExecutorService.java:123)
		at org.apache.catalina.startup.HostConfig.deployWARs(HostConfig.java:735)
		at org.apache.catalina.startup.HostConfig.deployApps(HostConfig.java:387)
		at org.apache.catalina.startup.HostConfig.start(HostConfig.java:1593)
		at org.apache.catalina.startup.HostConfig.lifecycleEvent(HostConfig.java:267)
		at org.apache.catalina.util.LifecycleBase.fireLifecycleEvent(LifecycleBase.java:109)
		at org.apache.catalina.util.LifecycleBase.setStateInternal(LifecycleBase.java:389)
		at org.apache.catalina.util.LifecycleBase.setState(LifecycleBase.java:336)
		at org.apache.catalina.core.ContainerBase.startInternal(ContainerBase.java:743)
		at org.apache.catalina.core.StandardHost.startInternal(StandardHost.java:771)
		at org.apache.catalina.util.LifecycleBase.start(LifecycleBase.java:164)
		at org.apache.catalina.core.ContainerBase$StartChild.call(ContainerBase.java:1170)
		at org.apache.catalina.core.ContainerBase$StartChild.call(ContainerBase.java:1160)
		at java.base/java.util.concurrent.FutureTask.run(FutureTask.java:317)
		at org.apache.tomcat.util.threads.InlineExecutorService.execute(InlineExecutorService.java:75)
		at java.base/java.util.concurrent.AbstractExecutorService.submit(AbstractExecutorService.java:145)
		at org.apache.catalina.core.ContainerBase.startInternal(ContainerBase.java:716)
		at org.apache.catalina.core.StandardEngine.startInternal(StandardEngine.java:203)
		at org.apache.catalina.util.LifecycleBase.start(LifecycleBase.java:164)
		at org.apache.catalina.core.StandardService.startInternal(StandardService.java:415)
		at org.apache.catalina.util.LifecycleBase.start(LifecycleBase.java:164)
		at org.apache.catalina.core.StandardServer.startInternal(StandardServer.java:866)
		at org.apache.catalina.util.LifecycleBase.start(LifecycleBase.java:164)
		at org.apache.catalina.startup.Catalina.start(Catalina.java:759)
		at java.base/jdk.internal.reflect.DirectMethodHandleAccessor.invoke(DirectMethodHandleAccessor.java:103)
		at java.base/java.lang.reflect.Method.invoke(Method.java:580)
		at org.apache.catalina.startup.Bootstrap.start(Bootstrap.java:342)
		at org.apache.catalina.startup.Bootstrap.main(Bootstrap.java:470)
10-Jan-2025 23:48:07.419 SEVERE [main] org.apache.tomcat.util.descriptor.web.WebXmlParser.parseWebXml Parse error in application web.xml file at [file:/home/serega/YandexPr/Middle/Final_Sprint_Tasks/Spring/apache-tomcat-11.0.2/webapps/try_spring-1.0-SNAPSHOT/WEB-INF/web.xml]
	org.xml.sax.SAXParseException; systemId: file:/home/serega/YandexPr/Middle/Final_Sprint_Tasks/Spring/apache-tomcat-11.0.2/webapps/try_spring-1.0-SNAPSHOT/WEB-INF/web.xml; lineNumber: 3; columnNumber: 6; The processing instruction target matching "[xX][mM][lL]" is not allowed.
		at java.xml/com.sun.org.apache.xerces.internal.util.ErrorHandlerWrapper.createSAXParseException(ErrorHandlerWrapper.java:204)
		at java.xml/com.sun.org.apache.xerces.internal.util.ErrorHandlerWrapper.fatalError(ErrorHandlerWrapper.java:178)
		at java.xml/com.sun.org.apache.xerces.internal.impl.XMLErrorReporter.reportError(XMLErrorReporter.java:400)
		at java.xml/com.sun.org.apache.xerces.internal.impl.XMLErrorReporter.reportError(XMLErrorReporter.java:327)
		at java.xml/com.sun.org.apache.xerces.internal.impl.XMLScanner.reportFatalError(XMLScanner.java:1465)
		at java.xml/com.sun.org.apache.xerces.internal.impl.XMLScanner.scanPIData(XMLScanner.java:745)
		at java.xml/com.sun.org.apache.xerces.internal.impl.XMLDocumentFragmentScannerImpl.scanPIData(XMLDocumentFragmentScannerImpl.java:1059)
		at java.xml/com.sun.org.apache.xerces.internal.impl.XMLScanner.scanPI(XMLScanner.java:713)
		at java.xml/com.sun.org.apache.xerces.internal.impl.XMLDocumentScannerImpl$PrologDriver.next(XMLDocumentScannerImpl.java:891)
		at java.xml/com.sun.org.apache.xerces.internal.impl.XMLDocumentScannerImpl.next(XMLDocumentScannerImpl.java:605)
		at java.xml/com.sun.org.apache.xerces.internal.impl.XMLDocumentFragmentScannerImpl.scanDocument(XMLDocumentFragmentScannerImpl.java:542)
		at java.xml/com.sun.org.apache.xerces.internal.parsers.XML11Configuration.parse(XML11Configuration.java:889)
		at java.xml/com.sun.org.apache.xerces.internal.parsers.XML11Configuration.parse(XML11Configuration.java:825)
		at java.xml/com.sun.org.apache.xerces.internal.parsers.XMLParser.parse(XMLParser.java:141)
		at java.xml/com.sun.org.apache.xerces.internal.parsers.AbstractSAXParser.parse(AbstractSAXParser.java:1224)
		at java.xml/com.sun.org.apache.xerces.internal.jaxp.SAXParserImpl$JAXPSAXParser.parse(SAXParserImpl.java:637)
		at org.apache.tomcat.util.digester.Digester.parse(Digester.java:1529)
		at org.apache.tomcat.util.descriptor.web.WebXmlParser.parseWebXml(WebXmlParser.java:119)
		at org.apache.catalina.startup.ContextConfig.webConfig(ContextConfig.java:1248)
		at org.apache.catalina.startup.ContextConfig.configureStart(ContextConfig.java:973)
		at org.apache.catalina.startup.ContextConfig.lifecycleEvent(ContextConfig.java:290)
		at org.apache.catalina.util.LifecycleBase.fireLifecycleEvent(LifecycleBase.java:109)
		at org.apache.catalina.core.StandardContext.startInternal(StandardContext.java:4311)
		at org.apache.catalina.util.LifecycleBase.start(LifecycleBase.java:164)
		at org.apache.catalina.core.ContainerBase.addChild(ContainerBase.java:566)
		at org.apache.catalina.core.StandardHost.addChild(StandardHost.java:653)
		at org.apache.catalina.startup.HostConfig.deployWAR(HostConfig.java:933)
		at org.apache.catalina.startup.HostConfig$DeployWar.run(HostConfig.java:1875)
		at java.base/java.util.concurrent.Executors$RunnableAdapter.call(Executors.java:572)
		at java.base/java.util.concurrent.FutureTask.run(FutureTask.java:317)
		at org.apache.tomcat.util.threads.InlineExecutorService.execute(InlineExecutorService.java:75)
		at java.base/java.util.concurrent.AbstractExecutorService.submit(AbstractExecutorService.java:123)
		at org.apache.catalina.startup.HostConfig.deployWARs(HostConfig.java:735)
		at org.apache.catalina.startup.HostConfig.deployApps(HostConfig.java:387)
		at org.apache.catalina.startup.HostConfig.start(HostConfig.java:1593)
		at org.apache.catalina.startup.HostConfig.lifecycleEvent(HostConfig.java:267)
		at org.apache.catalina.util.LifecycleBase.fireLifecycleEvent(LifecycleBase.java:109)
		at org.apache.catalina.util.LifecycleBase.setStateInternal(LifecycleBase.java:389)
		at org.apache.catalina.util.LifecycleBase.setState(LifecycleBase.java:336)
		at org.apache.catalina.core.ContainerBase.startInternal(ContainerBase.java:743)
		at org.apache.catalina.core.StandardHost.startInternal(StandardHost.java:771)
		at org.apache.catalina.util.LifecycleBase.start(LifecycleBase.java:164)
		at org.apache.catalina.core.ContainerBase$StartChild.call(ContainerBase.java:1170)
		at org.apache.catalina.core.ContainerBase$StartChild.call(ContainerBase.java:1160)
		at java.base/java.util.concurrent.FutureTask.run(FutureTask.java:317)
		at org.apache.tomcat.util.threads.InlineExecutorService.execute(InlineExecutorService.java:75)
		at java.base/java.util.concurrent.AbstractExecutorService.submit(AbstractExecutorService.java:145)
		at org.apache.catalina.core.ContainerBase.startInternal(ContainerBase.java:716)
		at org.apache.catalina.core.StandardEngine.startInternal(StandardEngine.java:203)
		at org.apache.catalina.util.LifecycleBase.start(LifecycleBase.java:164)
		at org.apache.catalina.core.StandardService.startInternal(StandardService.java:415)
		at org.apache.catalina.util.LifecycleBase.start(LifecycleBase.java:164)
		at org.apache.catalina.core.StandardServer.startInternal(StandardServer.java:866)
		at org.apache.catalina.util.LifecycleBase.start(LifecycleBase.java:164)
		at org.apache.catalina.startup.Catalina.start(Catalina.java:759)
		at java.base/jdk.internal.reflect.DirectMethodHandleAccessor.invoke(DirectMethodHandleAccessor.java:103)
		at java.base/java.lang.reflect.Method.invoke(Method.java:580)
		at org.apache.catalina.startup.Bootstrap.start(Bootstrap.java:342)
		at org.apache.catalina.startup.Bootstrap.main(Bootstrap.java:470)
10-Jan-2025 23:48:07.420 SEVERE [main] org.apache.tomcat.util.descriptor.web.WebXmlParser.parseWebXml Occurred at line [3] column [6]
10-Jan-2025 23:48:07.442 SEVERE [main] org.apache.catalina.startup.ContextConfig.configureStart Marking this application unavailable due to previous error(s)
10-Jan-2025 23:48:07.496 SEVERE [main] org.apache.catalina.core.StandardContext.startInternal One or more components marked the context as not correctly configured
10-Jan-2025 23:48:07.503 SEVERE [main] org.apache.catalina.core.StandardContext.startInternal Context [/try_spring-1.0-SNAPSHOT] startup failed due to previous errors
10-Jan-2025 23:48:07.512 INFO [main] org.apache.catalina.startup.HostConfig.deployWAR Deployment of web application archive [/home/serega/YandexPr/Middle/Final_Sprint_Tasks/Spring/apache-tomcat-11.0.2/webapps/try_spring-1.0-SNAPSHOT.war] has finished in [297] ms
10-Jan-2025 23:48:07.512 INFO [main] org.apache.catalina.startup.HostConfig.deployDirectory Установка веб приложения в папку [/home/serega/YandexPr/Middle/Final_Sprint_Tasks/Spring/apache-tomcat-11.0.2/webapps/docs]
10-Jan-2025 23:48:07.604 INFO [main] org.apache.catalina.startup.HostConfig.deployDirectory Deployment of web application directory [/home/serega/YandexPr/Middle/Final_Sprint_Tasks/Spring/apache-tomcat-11.0.2/webapps/docs] has finished in [92] ms
10-Jan-2025 23:48:07.605 INFO [main] org.apache.catalina.startup.HostConfig.deployDirectory Установка веб приложения в папку [/home/serega/YandexPr/Middle/Final_Sprint_Tasks/Spring/apache-tomcat-11.0.2/webapps/ROOT]
10-Jan-2025 23:48:07.627 INFO [main] org.apache.catalina.startup.HostConfig.deployDirectory Deployment of web application directory [/home/serega/YandexPr/Middle/Final_Sprint_Tasks/Spring/apache-tomcat-11.0.2/webapps/ROOT] has finished in [22] ms
10-Jan-2025 23:48:07.628 INFO [main] org.apache.catalina.startup.HostConfig.deployDirectory Установка веб приложения в папку [/home/serega/YandexPr/Middle/Final_Sprint_Tasks/Spring/apache-tomcat-11.0.2/webapps/examples]
10-Jan-2025 23:48:07.895 INFO [main] org.apache.catalina.startup.HostConfig.deployDirectory Deployment of web application directory [/home/serega/YandexPr/Middle/Final_Sprint_Tasks/Spring/apache-tomcat-11.0.2/webapps/examples] has finished in [268] ms
10-Jan-2025 23:48:07.896 INFO [main] org.apache.catalina.startup.HostConfig.deployDirectory Установка веб приложения в папку [/home/serega/YandexPr/Middle/Final_Sprint_Tasks/Spring/apache-tomcat-11.0.2/webapps/host-manager]
10-Jan-2025 23:48:07.928 INFO [main] org.apache.catalina.startup.HostConfig.deployDirectory Deployment of web application directory [/home/serega/YandexPr/Middle/Final_Sprint_Tasks/Spring/apache-tomcat-11.0.2/webapps/host-manager] has finished in [33] ms
10-Jan-2025 23:48:07.928 INFO [main] org.apache.catalina.startup.HostConfig.deployDirectory Установка веб приложения в папку [/home/serega/YandexPr/Middle/Final_Sprint_Tasks/Spring/apache-tomcat-11.0.2/webapps/manager]
10-Jan-2025 23:48:07.953 INFO [main] org.apache.catalina.startup.HostConfig.deployDirectory Deployment of web application directory [/home/serega/YandexPr/Middle/Final_Sprint_Tasks/Spring/apache-tomcat-11.0.2/webapps/manager] has finished in [25] ms
10-Jan-2025 23:48:07.959 INFO [main] org.apache.coyote.AbstractProtocol.start Starting ProtocolHandler ["http-nio-8080"]
10-Jan-2025 23:48:07.969 INFO [main] org.apache.catalina.startup.Catalina.start Server startup in [825] milliseconds
