14-Jan-2025 00:00:09.887 INFO [main] org.apache.catalina.core.ApplicationContext.log Destroying Spring FrameworkServlet 'dispatcher'
14-Jan-2025 00:00:09.899 INFO [main] org.apache.catalina.core.ApplicationContext.log SessionListener: contextDestroyed()
14-Jan-2025 00:00:09.899 INFO [main] org.apache.catalina.core.ApplicationContext.log ContextListener: contextDestroyed()
14-Jan-2025 00:00:38.943 INFO [main] org.apache.catalina.core.ApplicationContext.log No Spring WebApplicationInitializer types detected on classpath
14-Jan-2025 00:00:39.118 INFO [main] org.apache.catalina.core.ApplicationContext.log Initializing Spring DispatcherServlet 'dispatcher'
14-Jan-2025 00:00:40.217 INFO [main] org.apache.catalina.core.ApplicationContext.log ContextListener: contextInitialized()
14-Jan-2025 00:00:40.218 INFO [main] org.apache.catalina.core.ApplicationContext.log SessionListener: contextInitialized()
14-Jan-2025 00:00:40.219 INFO [main] org.apache.catalina.core.ApplicationContext.log ContextListener: attributeAdded('StockTicker', 'async.Stockticker@46d51d5e')
14-Jan-2025 00:40:08.052 INFO [main] org.apache.catalina.core.ApplicationContext.log Destroying Spring FrameworkServlet 'dispatcher'
14-Jan-2025 00:40:08.086 INFO [main] org.apache.catalina.core.ApplicationContext.log SessionListener: contextDestroyed()
14-Jan-2025 00:40:08.086 INFO [main] org.apache.catalina.core.ApplicationContext.log ContextListener: contextDestroyed()
14-Jan-2025 00:40:21.147 INFO [main] org.apache.catalina.core.ApplicationContext.log No Spring WebApplicationInitializer types detected on classpath
14-Jan-2025 00:40:21.319 INFO [main] org.apache.catalina.core.ApplicationContext.log Initializing Spring DispatcherServlet 'dispatcher'
14-Jan-2025 00:40:22.528 INFO [main] org.apache.catalina.core.ApplicationContext.log ContextListener: contextInitialized()
14-Jan-2025 00:40:22.528 INFO [main] org.apache.catalina.core.ApplicationContext.log SessionListener: contextInitialized()
14-Jan-2025 00:40:22.530 INFO [main] org.apache.catalina.core.ApplicationContext.log ContextListener: attributeAdded('StockTicker', 'async.Stockticker@5dac6bc3')
14-Jan-2025 00:51:07.500 INFO [main] org.apache.catalina.core.ApplicationContext.log Destroying Spring FrameworkServlet 'dispatcher'
14-Jan-2025 00:51:07.508 INFO [main] org.apache.catalina.core.ApplicationContext.log SessionListener: contextDestroyed()
14-Jan-2025 00:51:07.508 INFO [main] org.apache.catalina.core.ApplicationContext.log ContextListener: contextDestroyed()
14-Jan-2025 00:51:26.182 INFO [main] org.apache.catalina.core.ApplicationContext.log No Spring WebApplicationInitializer types detected on classpath
14-Jan-2025 00:51:26.337 INFO [main] org.apache.catalina.core.ApplicationContext.log Initializing Spring DispatcherServlet 'dispatcher'
14-Jan-2025 00:51:27.419 INFO [main] org.apache.catalina.core.ApplicationContext.log ContextListener: contextInitialized()
14-Jan-2025 00:51:27.419 INFO [main] org.apache.catalina.core.ApplicationContext.log SessionListener: contextInitialized()
14-Jan-2025 00:51:27.420 INFO [main] org.apache.catalina.core.ApplicationContext.log ContextListener: attributeAdded('StockTicker', 'async.Stockticker@31dd0e2e')
14-Jan-2025 00:51:40.507 SEVERE [http-nio-8080-exec-1] org.apache.catalina.core.StandardWrapperValve.invoke Servlet.service() для сервлета [dispatcher] в контексте с путем [/study] выбросил исключение [Request processing failed: org.thymeleaf.exceptions.TemplateInputException: An error happened during template parsing (template: "templates/users.js")] с первопричиной
	java.io.FileNotFoundException: ClassLoader resource "templates/users.js" could not be resolved
		at org.thymeleaf.templateresource.ClassLoaderTemplateResource.reader(ClassLoaderTemplateResource.java:130)
		at org.thymeleaf.templateparser.text.AbstractTextTemplateParser.parse(AbstractTextTemplateParser.java:156)
		at org.thymeleaf.templateparser.text.AbstractTextTemplateParser.parseStandalone(AbstractTextTemplateParser.java:92)
		at org.thymeleaf.engine.TemplateManager.parseAndProcess(TemplateManager.java:649)
		at org.thymeleaf.TemplateEngine.process(TemplateEngine.java:1103)
		at org.thymeleaf.TemplateEngine.process(TemplateEngine.java:1077)
		at org.thymeleaf.spring6.view.ThymeleafView.renderFragment(ThymeleafView.java:372)
		at org.thymeleaf.spring6.view.ThymeleafView.render(ThymeleafView.java:192)
		at org.springframework.web.servlet.DispatcherServlet.render(DispatcherServlet.java:1435)
		at org.springframework.web.servlet.DispatcherServlet.processDispatchResult(DispatcherServlet.java:1167)
		at org.springframework.web.servlet.DispatcherServlet.doDispatch(DispatcherServlet.java:1105)
		at org.springframework.web.servlet.DispatcherServlet.doService(DispatcherServlet.java:978)
		at org.springframework.web.servlet.FrameworkServlet.processRequest(FrameworkServlet.java:1014)
		at org.springframework.web.servlet.FrameworkServlet.doGet(FrameworkServlet.java:903)
		at jakarta.servlet.http.HttpServlet.service(HttpServlet.java:619)
		at org.springframework.web.servlet.FrameworkServlet.service(FrameworkServlet.java:885)
		at jakarta.servlet.http.HttpServlet.service(HttpServlet.java:716)
		at org.apache.catalina.core.ApplicationFilterChain.doFilter(ApplicationFilterChain.java:130)
		at org.apache.tomcat.websocket.server.WsFilter.doFilter(WsFilter.java:51)
		at org.apache.catalina.core.ApplicationFilterChain.doFilter(ApplicationFilterChain.java:109)
		at org.apache.catalina.core.StandardWrapperValve.invoke(StandardWrapperValve.java:167)
		at org.apache.catalina.core.StandardContextValve.invoke(StandardContextValve.java:79)
		at org.apache.catalina.authenticator.AuthenticatorBase.invoke(AuthenticatorBase.java:483)
		at org.apache.catalina.core.StandardHostValve.invoke(StandardHostValve.java:115)
		at org.apache.catalina.valves.ErrorReportValve.invoke(ErrorReportValve.java:93)
		at org.apache.catalina.valves.AbstractAccessLogValve.invoke(AbstractAccessLogValve.java:663)
		at org.apache.catalina.core.StandardEngineValve.invoke(StandardEngineValve.java:74)
		at org.apache.catalina.connector.CoyoteAdapter.service(CoyoteAdapter.java:342)
		at org.apache.coyote.http11.Http11Processor.service(Http11Processor.java:395)
		at org.apache.coyote.AbstractProcessorLight.process(AbstractProcessorLight.java:63)
		at org.apache.coyote.AbstractProtocol$ConnectionHandler.process(AbstractProtocol.java:905)
		at org.apache.tomcat.util.net.NioEndpoint$SocketProcessor.doRun(NioEndpoint.java:1746)
		at org.apache.tomcat.util.net.SocketProcessorBase.run(SocketProcessorBase.java:52)
		at org.apache.tomcat.util.threads.ThreadPoolExecutor.runWorker(ThreadPoolExecutor.java:1148)
		at org.apache.tomcat.util.threads.ThreadPoolExecutor$Worker.run(ThreadPoolExecutor.java:636)
		at org.apache.tomcat.util.threads.TaskThread$WrappingRunnable.run(TaskThread.java:63)
		at java.base/java.lang.Thread.run(Thread.java:1583)
14-Jan-2025 00:53:02.372 INFO [main] org.apache.catalina.core.ApplicationContext.log Destroying Spring FrameworkServlet 'dispatcher'
14-Jan-2025 00:53:02.378 INFO [main] org.apache.catalina.core.ApplicationContext.log SessionListener: contextDestroyed()
14-Jan-2025 00:53:02.378 INFO [main] org.apache.catalina.core.ApplicationContext.log ContextListener: contextDestroyed()
14-Jan-2025 00:53:14.159 INFO [main] org.apache.catalina.core.ApplicationContext.log No Spring WebApplicationInitializer types detected on classpath
14-Jan-2025 00:53:14.309 INFO [main] org.apache.catalina.core.ApplicationContext.log Initializing Spring DispatcherServlet 'dispatcher'
14-Jan-2025 00:53:15.411 INFO [main] org.apache.catalina.core.ApplicationContext.log ContextListener: contextInitialized()
14-Jan-2025 00:53:15.412 INFO [main] org.apache.catalina.core.ApplicationContext.log SessionListener: contextInitialized()
14-Jan-2025 00:53:15.413 INFO [main] org.apache.catalina.core.ApplicationContext.log ContextListener: attributeAdded('StockTicker', 'async.Stockticker@5d202dc4')
14-Jan-2025 00:54:52.774 INFO [main] org.apache.catalina.core.ApplicationContext.log Destroying Spring FrameworkServlet 'dispatcher'
14-Jan-2025 00:54:52.782 INFO [main] org.apache.catalina.core.ApplicationContext.log SessionListener: contextDestroyed()
14-Jan-2025 00:54:52.782 INFO [main] org.apache.catalina.core.ApplicationContext.log ContextListener: contextDestroyed()
14-Jan-2025 00:55:08.039 INFO [main] org.apache.catalina.core.ApplicationContext.log No Spring WebApplicationInitializer types detected on classpath
14-Jan-2025 00:55:08.182 INFO [main] org.apache.catalina.core.ApplicationContext.log Initializing Spring DispatcherServlet 'dispatcher'
14-Jan-2025 00:55:09.337 INFO [main] org.apache.catalina.core.ApplicationContext.log ContextListener: contextInitialized()
14-Jan-2025 00:55:09.338 INFO [main] org.apache.catalina.core.ApplicationContext.log SessionListener: contextInitialized()
14-Jan-2025 00:55:09.339 INFO [main] org.apache.catalina.core.ApplicationContext.log ContextListener: attributeAdded('StockTicker', 'async.Stockticker@31dd0e2e')
14-Jan-2025 00:58:48.603 INFO [main] org.apache.catalina.core.ApplicationContext.log Destroying Spring FrameworkServlet 'dispatcher'
14-Jan-2025 00:58:48.609 INFO [main] org.apache.catalina.core.ApplicationContext.log SessionListener: contextDestroyed()
14-Jan-2025 00:58:48.609 INFO [main] org.apache.catalina.core.ApplicationContext.log ContextListener: contextDestroyed()
14-Jan-2025 00:58:58.909 INFO [main] org.apache.catalina.core.ApplicationContext.log No Spring WebApplicationInitializer types detected on classpath
14-Jan-2025 00:58:59.068 INFO [main] org.apache.catalina.core.ApplicationContext.log Initializing Spring DispatcherServlet 'dispatcher'
14-Jan-2025 00:59:00.230 INFO [main] org.apache.catalina.core.ApplicationContext.log ContextListener: contextInitialized()
14-Jan-2025 00:59:00.231 INFO [main] org.apache.catalina.core.ApplicationContext.log SessionListener: contextInitialized()
14-Jan-2025 00:59:00.232 INFO [main] org.apache.catalina.core.ApplicationContext.log ContextListener: attributeAdded('StockTicker', 'async.Stockticker@5dac6bc3')
14-Jan-2025 01:07:17.414 INFO [main] org.apache.catalina.core.ApplicationContext.log Destroying Spring FrameworkServlet 'dispatcher'
14-Jan-2025 01:07:17.421 INFO [main] org.apache.catalina.core.ApplicationContext.log SessionListener: contextDestroyed()
14-Jan-2025 01:07:17.421 INFO [main] org.apache.catalina.core.ApplicationContext.log ContextListener: contextDestroyed()
14-Jan-2025 01:07:27.430 INFO [main] org.apache.catalina.core.ApplicationContext.log No Spring WebApplicationInitializer types detected on classpath
14-Jan-2025 01:07:27.599 INFO [main] org.apache.catalina.core.ApplicationContext.log Initializing Spring DispatcherServlet 'dispatcher'
14-Jan-2025 01:07:28.832 INFO [main] org.apache.catalina.core.ApplicationContext.log ContextListener: contextInitialized()
14-Jan-2025 01:07:28.832 INFO [main] org.apache.catalina.core.ApplicationContext.log SessionListener: contextInitialized()
14-Jan-2025 01:07:28.833 INFO [main] org.apache.catalina.core.ApplicationContext.log ContextListener: attributeAdded('StockTicker', 'async.Stockticker@700202fa')
14-Jan-2025 01:10:29.563 INFO [main] org.apache.catalina.core.ApplicationContext.log Destroying Spring FrameworkServlet 'dispatcher'
14-Jan-2025 01:10:29.570 INFO [main] org.apache.catalina.core.ApplicationContext.log SessionListener: contextDestroyed()
14-Jan-2025 01:10:29.570 INFO [main] org.apache.catalina.core.ApplicationContext.log ContextListener: contextDestroyed()
14-Jan-2025 01:10:39.676 INFO [main] org.apache.catalina.core.ApplicationContext.log No Spring WebApplicationInitializer types detected on classpath
14-Jan-2025 01:10:39.817 INFO [main] org.apache.catalina.core.ApplicationContext.log Initializing Spring DispatcherServlet 'dispatcher'
14-Jan-2025 01:10:40.946 INFO [main] org.apache.catalina.core.ApplicationContext.log ContextListener: contextInitialized()
14-Jan-2025 01:10:40.946 INFO [main] org.apache.catalina.core.ApplicationContext.log SessionListener: contextInitialized()
14-Jan-2025 01:10:40.947 INFO [main] org.apache.catalina.core.ApplicationContext.log ContextListener: attributeAdded('StockTicker', 'async.Stockticker@525b9df4')
14-Jan-2025 01:13:07.146 INFO [main] org.apache.catalina.core.ApplicationContext.log Destroying Spring FrameworkServlet 'dispatcher'
14-Jan-2025 01:13:07.152 INFO [main] org.apache.catalina.core.ApplicationContext.log SessionListener: contextDestroyed()
14-Jan-2025 01:13:07.152 INFO [main] org.apache.catalina.core.ApplicationContext.log ContextListener: contextDestroyed()
14-Jan-2025 01:13:16.982 INFO [main] org.apache.catalina.core.ApplicationContext.log No Spring WebApplicationInitializer types detected on classpath
14-Jan-2025 01:13:17.143 INFO [main] org.apache.catalina.core.ApplicationContext.log Initializing Spring DispatcherServlet 'dispatcher'
14-Jan-2025 01:13:18.196 INFO [main] org.apache.catalina.core.ApplicationContext.log ContextListener: contextInitialized()
14-Jan-2025 01:13:18.196 INFO [main] org.apache.catalina.core.ApplicationContext.log SessionListener: contextInitialized()
14-Jan-2025 01:13:18.197 INFO [main] org.apache.catalina.core.ApplicationContext.log ContextListener: attributeAdded('StockTicker', 'async.Stockticker@525b9df4')
14-Jan-2025 01:13:31.437 INFO [main] org.apache.catalina.core.ApplicationContext.log Destroying Spring FrameworkServlet 'dispatcher'
14-Jan-2025 01:13:31.448 INFO [main] org.apache.catalina.core.ApplicationContext.log SessionListener: contextDestroyed()
14-Jan-2025 01:13:31.449 INFO [main] org.apache.catalina.core.ApplicationContext.log ContextListener: contextDestroyed()
14-Jan-2025 01:14:53.788 INFO [main] org.apache.catalina.core.ApplicationContext.log No Spring WebApplicationInitializer types detected on classpath
14-Jan-2025 01:14:53.927 INFO [main] org.apache.catalina.core.ApplicationContext.log Initializing Spring DispatcherServlet 'dispatcher'
14-Jan-2025 01:14:54.945 INFO [main] org.apache.catalina.core.ApplicationContext.log ContextListener: contextInitialized()
14-Jan-2025 01:14:54.945 INFO [main] org.apache.catalina.core.ApplicationContext.log SessionListener: contextInitialized()
14-Jan-2025 01:14:54.946 INFO [main] org.apache.catalina.core.ApplicationContext.log ContextListener: attributeAdded('StockTicker', 'async.Stockticker@31028e45')
14-Jan-2025 01:15:03.504 INFO [main] org.apache.catalina.core.ApplicationContext.log No Spring WebApplicationInitializer types detected on classpath
14-Jan-2025 01:15:03.689 INFO [main] org.apache.catalina.core.ApplicationContext.log Initializing Spring DispatcherServlet 'dispatcher'
14-Jan-2025 01:15:03.723 INFO [main] org.apache.catalina.core.ApplicationContext.log Destroying Spring FrameworkServlet 'dispatcher'
14-Jan-2025 01:15:03.729 INFO [main] org.apache.catalina.core.ApplicationContext.log SessionListener: contextDestroyed()
14-Jan-2025 01:15:03.729 INFO [main] org.apache.catalina.core.ApplicationContext.log ContextListener: contextDestroyed()
14-Jan-2025 01:15:04.763 INFO [main] org.apache.catalina.core.ApplicationContext.log ContextListener: contextInitialized()
14-Jan-2025 01:15:04.763 INFO [main] org.apache.catalina.core.ApplicationContext.log SessionListener: contextInitialized()
14-Jan-2025 01:15:04.764 INFO [main] org.apache.catalina.core.ApplicationContext.log ContextListener: attributeAdded('StockTicker', 'async.Stockticker@3892802b')
14-Jan-2025 01:15:14.835 INFO [Catalina-utility-2] org.apache.catalina.core.ApplicationContext.log Destroying Spring FrameworkServlet 'dispatcher'
14-Jan-2025 01:15:55.662 INFO [Catalina-utility-2] org.apache.catalina.core.ApplicationContext.log No Spring WebApplicationInitializer types detected on classpath
14-Jan-2025 01:15:55.760 INFO [Catalina-utility-2] org.apache.catalina.core.ApplicationContext.log Initializing Spring DispatcherServlet 'dispatcher'
14-Jan-2025 01:16:03.939 INFO [main] org.apache.catalina.core.ApplicationContext.log No Spring WebApplicationInitializer types detected on classpath
14-Jan-2025 01:16:04.071 INFO [main] org.apache.catalina.core.ApplicationContext.log Initializing Spring DispatcherServlet 'dispatcher'
14-Jan-2025 01:16:05.077 INFO [main] org.apache.catalina.core.ApplicationContext.log ContextListener: contextInitialized()
14-Jan-2025 01:16:05.078 INFO [main] org.apache.catalina.core.ApplicationContext.log SessionListener: contextInitialized()
14-Jan-2025 01:16:05.078 INFO [main] org.apache.catalina.core.ApplicationContext.log ContextListener: attributeAdded('StockTicker', 'async.Stockticker@4088702d')
14-Jan-2025 01:16:05.173 INFO [main] org.apache.catalina.core.ApplicationContext.log Destroying Spring FrameworkServlet 'dispatcher'
14-Jan-2025 01:16:05.178 INFO [main] org.apache.catalina.core.ApplicationContext.log SessionListener: contextDestroyed()
14-Jan-2025 01:16:05.178 INFO [main] org.apache.catalina.core.ApplicationContext.log ContextListener: contextDestroyed()
14-Jan-2025 01:17:13.649 INFO [main] org.apache.catalina.core.ApplicationContext.log Destroying Spring FrameworkServlet 'dispatcher'
14-Jan-2025 01:17:13.653 INFO [main] org.apache.catalina.core.ApplicationContext.log SessionListener: contextDestroyed()
14-Jan-2025 01:17:13.653 INFO [main] org.apache.catalina.core.ApplicationContext.log ContextListener: contextDestroyed()
14-Jan-2025 01:17:24.719 INFO [main] org.apache.catalina.core.ApplicationContext.log No Spring WebApplicationInitializer types detected on classpath
14-Jan-2025 01:17:24.880 INFO [main] org.apache.catalina.core.ApplicationContext.log Initializing Spring DispatcherServlet 'dispatcher'
14-Jan-2025 01:17:26.067 INFO [main] org.apache.catalina.core.ApplicationContext.log ContextListener: contextInitialized()
14-Jan-2025 01:17:26.068 INFO [main] org.apache.catalina.core.ApplicationContext.log SessionListener: contextInitialized()
14-Jan-2025 01:17:26.069 INFO [main] org.apache.catalina.core.ApplicationContext.log ContextListener: attributeAdded('StockTicker', 'async.Stockticker@525b9df4')
14-Jan-2025 01:25:02.402 INFO [main] org.apache.catalina.core.ApplicationContext.log Destroying Spring FrameworkServlet 'dispatcher'
14-Jan-2025 01:25:02.411 INFO [main] org.apache.catalina.core.ApplicationContext.log SessionListener: contextDestroyed()
14-Jan-2025 01:25:02.411 INFO [main] org.apache.catalina.core.ApplicationContext.log ContextListener: contextDestroyed()
14-Jan-2025 10:40:18.817 INFO [main] org.apache.catalina.core.ApplicationContext.log No Spring WebApplicationInitializer types detected on classpath
14-Jan-2025 10:40:18.961 INFO [main] org.apache.catalina.core.ApplicationContext.log Initializing Spring DispatcherServlet 'dispatcher'
14-Jan-2025 10:40:20.036 INFO [main] org.apache.catalina.core.ApplicationContext.log ContextListener: contextInitialized()
14-Jan-2025 10:40:20.036 INFO [main] org.apache.catalina.core.ApplicationContext.log SessionListener: contextInitialized()
14-Jan-2025 10:40:20.037 INFO [main] org.apache.catalina.core.ApplicationContext.log ContextListener: attributeAdded('StockTicker', 'async.Stockticker@35dc849b')
14-Jan-2025 10:50:35.184 INFO [main] org.apache.catalina.core.ApplicationContext.log Destroying Spring FrameworkServlet 'dispatcher'
14-Jan-2025 10:50:35.193 INFO [main] org.apache.catalina.core.ApplicationContext.log SessionListener: contextDestroyed()
14-Jan-2025 10:50:35.193 INFO [main] org.apache.catalina.core.ApplicationContext.log ContextListener: contextDestroyed()
14-Jan-2025 10:50:47.159 INFO [main] org.apache.catalina.core.ApplicationContext.log No Spring WebApplicationInitializer types detected on classpath
14-Jan-2025 10:50:47.356 INFO [main] org.apache.catalina.core.ApplicationContext.log Initializing Spring DispatcherServlet 'dispatcher'
14-Jan-2025 10:50:48.766 INFO [main] org.apache.catalina.core.ApplicationContext.log ContextListener: contextInitialized()
14-Jan-2025 10:50:48.766 INFO [main] org.apache.catalina.core.ApplicationContext.log SessionListener: contextInitialized()
14-Jan-2025 10:50:48.767 INFO [main] org.apache.catalina.core.ApplicationContext.log ContextListener: attributeAdded('StockTicker', 'async.Stockticker@525b9df4')
14-Jan-2025 10:52:09.727 INFO [main] org.apache.catalina.core.ApplicationContext.log Destroying Spring FrameworkServlet 'dispatcher'
14-Jan-2025 10:52:09.733 INFO [main] org.apache.catalina.core.ApplicationContext.log SessionListener: contextDestroyed()
14-Jan-2025 10:52:09.733 INFO [main] org.apache.catalina.core.ApplicationContext.log ContextListener: contextDestroyed()
14-Jan-2025 10:52:20.644 INFO [main] org.apache.catalina.core.ApplicationContext.log No Spring WebApplicationInitializer types detected on classpath
14-Jan-2025 10:52:20.788 INFO [main] org.apache.catalina.core.ApplicationContext.log Initializing Spring DispatcherServlet 'dispatcher'
14-Jan-2025 10:52:21.993 INFO [main] org.apache.catalina.core.ApplicationContext.log ContextListener: contextInitialized()
14-Jan-2025 10:52:21.994 INFO [main] org.apache.catalina.core.ApplicationContext.log SessionListener: contextInitialized()
14-Jan-2025 10:52:21.995 INFO [main] org.apache.catalina.core.ApplicationContext.log ContextListener: attributeAdded('StockTicker', 'async.Stockticker@5e72c82a')
14-Jan-2025 11:03:37.566 INFO [main] org.apache.catalina.core.ApplicationContext.log Destroying Spring FrameworkServlet 'dispatcher'
14-Jan-2025 11:03:37.572 INFO [main] org.apache.catalina.core.ApplicationContext.log SessionListener: contextDestroyed()
14-Jan-2025 11:03:37.572 INFO [main] org.apache.catalina.core.ApplicationContext.log ContextListener: contextDestroyed()
14-Jan-2025 11:03:48.554 INFO [main] org.apache.catalina.core.ApplicationContext.log No Spring WebApplicationInitializer types detected on classpath
14-Jan-2025 11:03:48.726 INFO [main] org.apache.catalina.core.ApplicationContext.log Initializing Spring DispatcherServlet 'dispatcher'
14-Jan-2025 11:03:49.819 INFO [main] org.apache.catalina.core.ApplicationContext.log ContextListener: contextInitialized()
14-Jan-2025 11:03:49.819 INFO [main] org.apache.catalina.core.ApplicationContext.log SessionListener: contextInitialized()
14-Jan-2025 11:03:49.820 INFO [main] org.apache.catalina.core.ApplicationContext.log ContextListener: attributeAdded('StockTicker', 'async.Stockticker@14c18a6a')
14-Jan-2025 11:53:39.656 INFO [main] org.apache.catalina.core.ApplicationContext.log Destroying Spring FrameworkServlet 'dispatcher'
14-Jan-2025 11:53:39.661 INFO [main] org.apache.catalina.core.ApplicationContext.log SessionListener: contextDestroyed()
14-Jan-2025 11:53:39.661 INFO [main] org.apache.catalina.core.ApplicationContext.log ContextListener: contextDestroyed()
14-Jan-2025 11:53:49.462 INFO [main] org.apache.catalina.core.ApplicationContext.log No Spring WebApplicationInitializer types detected on classpath
14-Jan-2025 11:53:49.616 INFO [main] org.apache.catalina.core.ApplicationContext.log Initializing Spring DispatcherServlet 'dispatcher'
14-Jan-2025 11:53:50.604 SEVERE [main] org.apache.catalina.core.ApplicationContext.log Servlet.init() для сервлета [dispatcher] выбросил исключение
	org.springframework.jdbc.datasource.init.UncategorizedScriptException: Failed to execute database script
		at org.springframework.jdbc.datasource.init.DatabasePopulatorUtils.execute(DatabasePopulatorUtils.java:67)
		at org.springframework.jdbc.datasource.init.ResourceDatabasePopulator.execute(ResourceDatabasePopulator.java:269)
		at ru.yandex.practicum.configuration.DataSourceConfiguration.populate(DataSourceConfiguration.java:49)
		at java.base/jdk.internal.reflect.DirectMethodHandleAccessor.invoke(DirectMethodHandleAccessor.java:103)
		at java.base/java.lang.reflect.Method.invoke(Method.java:580)
		at org.springframework.context.event.ApplicationListenerMethodAdapter.doInvoke(ApplicationListenerMethodAdapter.java:382)
		at org.springframework.context.event.ApplicationListenerMethodAdapter.processEvent(ApplicationListenerMethodAdapter.java:254)
		at org.springframework.context.event.ApplicationListenerMethodAdapter.onApplicationEvent(ApplicationListenerMethodAdapter.java:173)
		at org.springframework.context.event.SimpleApplicationEventMulticaster.doInvokeListener(SimpleApplicationEventMulticaster.java:185)
		at org.springframework.context.event.SimpleApplicationEventMulticaster.invokeListener(SimpleApplicationEventMulticaster.java:178)
		at org.springframework.context.event.SimpleApplicationEventMulticaster.multicastEvent(SimpleApplicationEventMulticaster.java:156)
		at org.springframework.context.support.AbstractApplicationContext.publishEvent(AbstractApplicationContext.java:454)
		at org.springframework.context.support.AbstractApplicationContext.publishEvent(AbstractApplicationContext.java:387)
		at org.springframework.context.support.AbstractApplicationContext.finishRefresh(AbstractApplicationContext.java:1009)
		at org.springframework.context.support.AbstractApplicationContext.refresh(AbstractApplicationContext.java:630)
		at org.springframework.web.servlet.FrameworkServlet.configureAndRefreshWebApplicationContext(FrameworkServlet.java:706)
		at org.springframework.web.servlet.FrameworkServlet.createWebApplicationContext(FrameworkServlet.java:672)
		at org.springframework.web.servlet.FrameworkServlet.createWebApplicationContext(FrameworkServlet.java:720)
		at org.springframework.web.servlet.FrameworkServlet.initWebApplicationContext(FrameworkServlet.java:595)
		at org.springframework.web.servlet.FrameworkServlet.initServletBean(FrameworkServlet.java:537)
		at org.springframework.web.servlet.HttpServletBean.init(HttpServletBean.java:169)
		at jakarta.servlet.GenericServlet.init(GenericServlet.java:143)
		at jakarta.servlet.http.HttpServlet.init(HttpServlet.java:122)
		at org.apache.catalina.core.StandardWrapper.initServlet(StandardWrapper.java:817)
		at org.apache.catalina.core.StandardWrapper.loadServlet(StandardWrapper.java:787)
		at org.apache.catalina.core.StandardWrapper.load(StandardWrapper.java:691)
		at org.apache.catalina.core.StandardContext.loadOnStartup(StandardContext.java:4153)
		at org.apache.catalina.core.StandardContext.startInternal(StandardContext.java:4437)
		at org.apache.catalina.util.LifecycleBase.start(LifecycleBase.java:164)
		at org.apache.catalina.core.ContainerBase.addChild(ContainerBase.java:566)
		at org.apache.catalina.core.StandardHost.addChild(StandardHost.java:653)
		at org.apache.catalina.startup.HostConfig.deployWAR(HostConfig.java:933)
		at org.apache.catalina.startup.HostConfig$DeployWar.run(HostConfig.java:1875)
		at java.base/java.util.concurrent.Executors$RunnableAdapter.call(Executors.java:572)
		at java.base/java.util.concurrent.FutureTask.run(FutureTask.java:317)
		at org.apache.tomcat.util.threads.InlineExecutorService.execute(InlineExecutorService.java:75)
		at java.base/java.util.concurrent.AbstractExecutorService.submit(AbstractExecutorService.java:123)
		at org.apache.catalina.startup.HostConfig.deployWARs(HostConfig.java:735)
		at org.apache.catalina.startup.HostConfig.deployApps(HostConfig.java:387)
		at org.apache.catalina.startup.HostConfig.start(HostConfig.java:1593)
		at org.apache.catalina.startup.HostConfig.lifecycleEvent(HostConfig.java:267)
		at org.apache.catalina.util.LifecycleBase.fireLifecycleEvent(LifecycleBase.java:109)
		at org.apache.catalina.util.LifecycleBase.setStateInternal(LifecycleBase.java:389)
		at org.apache.catalina.util.LifecycleBase.setState(LifecycleBase.java:336)
		at org.apache.catalina.core.ContainerBase.startInternal(ContainerBase.java:743)
		at org.apache.catalina.core.StandardHost.startInternal(StandardHost.java:771)
		at org.apache.catalina.util.LifecycleBase.start(LifecycleBase.java:164)
		at org.apache.catalina.core.ContainerBase$StartChild.call(ContainerBase.java:1170)
		at org.apache.catalina.core.ContainerBase$StartChild.call(ContainerBase.java:1160)
		at java.base/java.util.concurrent.FutureTask.run(FutureTask.java:317)
		at org.apache.tomcat.util.threads.InlineExecutorService.execute(InlineExecutorService.java:75)
		at java.base/java.util.concurrent.AbstractExecutorService.submit(AbstractExecutorService.java:145)
		at org.apache.catalina.core.ContainerBase.startInternal(ContainerBase.java:716)
		at org.apache.catalina.core.StandardEngine.startInternal(StandardEngine.java:203)
		at org.apache.catalina.util.LifecycleBase.start(LifecycleBase.java:164)
		at org.apache.catalina.core.StandardService.startInternal(StandardService.java:415)
		at org.apache.catalina.util.LifecycleBase.start(LifecycleBase.java:164)
		at org.apache.catalina.core.StandardServer.startInternal(StandardServer.java:866)
		at org.apache.catalina.util.LifecycleBase.start(LifecycleBase.java:164)
		at org.apache.catalina.startup.Catalina.start(Catalina.java:759)
		at java.base/jdk.internal.reflect.DirectMethodHandleAccessor.invoke(DirectMethodHandleAccessor.java:103)
		at java.base/java.lang.reflect.Method.invoke(Method.java:580)
		at org.apache.catalina.startup.Bootstrap.start(Bootstrap.java:342)
		at org.apache.catalina.startup.Bootstrap.main(Bootstrap.java:470)
	Caused by: org.springframework.jdbc.CannotGetJdbcConnectionException: Failed to obtain JDBC Connection
		at org.springframework.jdbc.datasource.DataSourceUtils.getConnection(DataSourceUtils.java:84)
		at org.springframework.jdbc.datasource.init.DatabasePopulatorUtils.execute(DatabasePopulatorUtils.java:52)
		... 63 more
	Caused by: java.sql.SQLException: No suitable driver found for ${spring.datasource.url}
		at java.sql/java.sql.DriverManager.getConnection(DriverManager.java:708)
		at java.sql/java.sql.DriverManager.getConnection(DriverManager.java:191)
		at org.springframework.jdbc.datasource.DriverManagerDataSource.getConnectionFromDriverManager(DriverManagerDataSource.java:155)
		at org.springframework.jdbc.datasource.DriverManagerDataSource.getConnectionFromDriver(DriverManagerDataSource.java:146)
		at org.springframework.jdbc.datasource.AbstractDriverBasedDataSource.getConnectionFromDriver(AbstractDriverBasedDataSource.java:205)
		at org.springframework.jdbc.datasource.AbstractDriverBasedDataSource.getConnection(AbstractDriverBasedDataSource.java:169)
		at org.springframework.jdbc.datasource.DataSourceUtils.fetchConnection(DataSourceUtils.java:160)
		at org.springframework.jdbc.datasource.DataSourceUtils.doGetConnection(DataSourceUtils.java:118)
		at org.springframework.jdbc.datasource.DataSourceUtils.getConnection(DataSourceUtils.java:81)
		... 64 more
14-Jan-2025 11:53:50.604 SEVERE [main] org.apache.catalina.core.StandardContext.loadOnStartup Servlet [dispatcher] in web application [/study] threw load() exception
	java.sql.SQLException: No suitable driver found for ${spring.datasource.url}
		at java.sql/java.sql.DriverManager.getConnection(DriverManager.java:708)
		at java.sql/java.sql.DriverManager.getConnection(DriverManager.java:191)
		at org.springframework.jdbc.datasource.DriverManagerDataSource.getConnectionFromDriverManager(DriverManagerDataSource.java:155)
		at org.springframework.jdbc.datasource.DriverManagerDataSource.getConnectionFromDriver(DriverManagerDataSource.java:146)
		at org.springframework.jdbc.datasource.AbstractDriverBasedDataSource.getConnectionFromDriver(AbstractDriverBasedDataSource.java:205)
		at org.springframework.jdbc.datasource.AbstractDriverBasedDataSource.getConnection(AbstractDriverBasedDataSource.java:169)
		at org.springframework.jdbc.datasource.DataSourceUtils.fetchConnection(DataSourceUtils.java:160)
		at org.springframework.jdbc.datasource.DataSourceUtils.doGetConnection(DataSourceUtils.java:118)
		at org.springframework.jdbc.datasource.DataSourceUtils.getConnection(DataSourceUtils.java:81)
		at org.springframework.jdbc.datasource.init.DatabasePopulatorUtils.execute(DatabasePopulatorUtils.java:52)
		at org.springframework.jdbc.datasource.init.ResourceDatabasePopulator.execute(ResourceDatabasePopulator.java:269)
		at ru.yandex.practicum.configuration.DataSourceConfiguration.populate(DataSourceConfiguration.java:49)
		at java.base/jdk.internal.reflect.DirectMethodHandleAccessor.invoke(DirectMethodHandleAccessor.java:103)
		at java.base/java.lang.reflect.Method.invoke(Method.java:580)
		at org.springframework.context.event.ApplicationListenerMethodAdapter.doInvoke(ApplicationListenerMethodAdapter.java:382)
		at org.springframework.context.event.ApplicationListenerMethodAdapter.processEvent(ApplicationListenerMethodAdapter.java:254)
		at org.springframework.context.event.ApplicationListenerMethodAdapter.onApplicationEvent(ApplicationListenerMethodAdapter.java:173)
		at org.springframework.context.event.SimpleApplicationEventMulticaster.doInvokeListener(SimpleApplicationEventMulticaster.java:185)
		at org.springframework.context.event.SimpleApplicationEventMulticaster.invokeListener(SimpleApplicationEventMulticaster.java:178)
		at org.springframework.context.event.SimpleApplicationEventMulticaster.multicastEvent(SimpleApplicationEventMulticaster.java:156)
		at org.springframework.context.support.AbstractApplicationContext.publishEvent(AbstractApplicationContext.java:454)
		at org.springframework.context.support.AbstractApplicationContext.publishEvent(AbstractApplicationContext.java:387)
		at org.springframework.context.support.AbstractApplicationContext.finishRefresh(AbstractApplicationContext.java:1009)
		at org.springframework.context.support.AbstractApplicationContext.refresh(AbstractApplicationContext.java:630)
		at org.springframework.web.servlet.FrameworkServlet.configureAndRefreshWebApplicationContext(FrameworkServlet.java:706)
		at org.springframework.web.servlet.FrameworkServlet.createWebApplicationContext(FrameworkServlet.java:672)
		at org.springframework.web.servlet.FrameworkServlet.createWebApplicationContext(FrameworkServlet.java:720)
		at org.springframework.web.servlet.FrameworkServlet.initWebApplicationContext(FrameworkServlet.java:595)
		at org.springframework.web.servlet.FrameworkServlet.initServletBean(FrameworkServlet.java:537)
		at org.springframework.web.servlet.HttpServletBean.init(HttpServletBean.java:169)
		at jakarta.servlet.GenericServlet.init(GenericServlet.java:143)
		at jakarta.servlet.http.HttpServlet.init(HttpServlet.java:122)
		at org.apache.catalina.core.StandardWrapper.initServlet(StandardWrapper.java:817)
		at org.apache.catalina.core.StandardWrapper.loadServlet(StandardWrapper.java:787)
		at org.apache.catalina.core.StandardWrapper.load(StandardWrapper.java:691)
		at org.apache.catalina.core.StandardContext.loadOnStartup(StandardContext.java:4153)
		at org.apache.catalina.core.StandardContext.startInternal(StandardContext.java:4437)
		at org.apache.catalina.util.LifecycleBase.start(LifecycleBase.java:164)
		at org.apache.catalina.core.ContainerBase.addChild(ContainerBase.java:566)
		at org.apache.catalina.core.StandardHost.addChild(StandardHost.java:653)
		at org.apache.catalina.startup.HostConfig.deployWAR(HostConfig.java:933)
		at org.apache.catalina.startup.HostConfig$DeployWar.run(HostConfig.java:1875)
		at java.base/java.util.concurrent.Executors$RunnableAdapter.call(Executors.java:572)
		at java.base/java.util.concurrent.FutureTask.run(FutureTask.java:317)
		at org.apache.tomcat.util.threads.InlineExecutorService.execute(InlineExecutorService.java:75)
		at java.base/java.util.concurrent.AbstractExecutorService.submit(AbstractExecutorService.java:123)
		at org.apache.catalina.startup.HostConfig.deployWARs(HostConfig.java:735)
		at org.apache.catalina.startup.HostConfig.deployApps(HostConfig.java:387)
		at org.apache.catalina.startup.HostConfig.start(HostConfig.java:1593)
		at org.apache.catalina.startup.HostConfig.lifecycleEvent(HostConfig.java:267)
		at org.apache.catalina.util.LifecycleBase.fireLifecycleEvent(LifecycleBase.java:109)
		at org.apache.catalina.util.LifecycleBase.setStateInternal(LifecycleBase.java:389)
		at org.apache.catalina.util.LifecycleBase.setState(LifecycleBase.java:336)
		at org.apache.catalina.core.ContainerBase.startInternal(ContainerBase.java:743)
		at org.apache.catalina.core.StandardHost.startInternal(StandardHost.java:771)
		at org.apache.catalina.util.LifecycleBase.start(LifecycleBase.java:164)
		at org.apache.catalina.core.ContainerBase$StartChild.call(ContainerBase.java:1170)
		at org.apache.catalina.core.ContainerBase$StartChild.call(ContainerBase.java:1160)
		at java.base/java.util.concurrent.FutureTask.run(FutureTask.java:317)
		at org.apache.tomcat.util.threads.InlineExecutorService.execute(InlineExecutorService.java:75)
		at java.base/java.util.concurrent.AbstractExecutorService.submit(AbstractExecutorService.java:145)
		at org.apache.catalina.core.ContainerBase.startInternal(ContainerBase.java:716)
		at org.apache.catalina.core.StandardEngine.startInternal(StandardEngine.java:203)
		at org.apache.catalina.util.LifecycleBase.start(LifecycleBase.java:164)
		at org.apache.catalina.core.StandardService.startInternal(StandardService.java:415)
		at org.apache.catalina.util.LifecycleBase.start(LifecycleBase.java:164)
		at org.apache.catalina.core.StandardServer.startInternal(StandardServer.java:866)
		at org.apache.catalina.util.LifecycleBase.start(LifecycleBase.java:164)
		at org.apache.catalina.startup.Catalina.start(Catalina.java:759)
		at java.base/jdk.internal.reflect.DirectMethodHandleAccessor.invoke(DirectMethodHandleAccessor.java:103)
		at java.base/java.lang.reflect.Method.invoke(Method.java:580)
		at org.apache.catalina.startup.Bootstrap.start(Bootstrap.java:342)
		at org.apache.catalina.startup.Bootstrap.main(Bootstrap.java:470)
14-Jan-2025 11:53:50.865 INFO [main] org.apache.catalina.core.ApplicationContext.log ContextListener: contextInitialized()
14-Jan-2025 11:53:50.865 INFO [main] org.apache.catalina.core.ApplicationContext.log SessionListener: contextInitialized()
14-Jan-2025 11:53:50.866 INFO [main] org.apache.catalina.core.ApplicationContext.log ContextListener: attributeAdded('StockTicker', 'async.Stockticker@4a937d43')
14-Jan-2025 11:53:53.400 INFO [http-nio-8080-exec-1] org.apache.catalina.core.ApplicationContext.log Initializing Spring DispatcherServlet 'dispatcher'
14-Jan-2025 11:53:53.481 SEVERE [http-nio-8080-exec-1] org.apache.catalina.core.ApplicationContext.log Servlet.init() для сервлета [dispatcher] выбросил исключение
	org.springframework.jdbc.datasource.init.UncategorizedScriptException: Failed to execute database script
		at org.springframework.jdbc.datasource.init.DatabasePopulatorUtils.execute(DatabasePopulatorUtils.java:67)
		at org.springframework.jdbc.datasource.init.ResourceDatabasePopulator.execute(ResourceDatabasePopulator.java:269)
		at ru.yandex.practicum.configuration.DataSourceConfiguration.populate(DataSourceConfiguration.java:49)
		at java.base/jdk.internal.reflect.DirectMethodHandleAccessor.invoke(DirectMethodHandleAccessor.java:103)
		at java.base/java.lang.reflect.Method.invoke(Method.java:580)
		at org.springframework.context.event.ApplicationListenerMethodAdapter.doInvoke(ApplicationListenerMethodAdapter.java:382)
		at org.springframework.context.event.ApplicationListenerMethodAdapter.processEvent(ApplicationListenerMethodAdapter.java:254)
		at org.springframework.context.event.ApplicationListenerMethodAdapter.onApplicationEvent(ApplicationListenerMethodAdapter.java:173)
		at org.springframework.context.event.SimpleApplicationEventMulticaster.doInvokeListener(SimpleApplicationEventMulticaster.java:185)
		at org.springframework.context.event.SimpleApplicationEventMulticaster.invokeListener(SimpleApplicationEventMulticaster.java:178)
		at org.springframework.context.event.SimpleApplicationEventMulticaster.multicastEvent(SimpleApplicationEventMulticaster.java:156)
		at org.springframework.context.support.AbstractApplicationContext.publishEvent(AbstractApplicationContext.java:454)
		at org.springframework.context.support.AbstractApplicationContext.publishEvent(AbstractApplicationContext.java:387)
		at org.springframework.context.support.AbstractApplicationContext.finishRefresh(AbstractApplicationContext.java:1009)
		at org.springframework.context.support.AbstractApplicationContext.refresh(AbstractApplicationContext.java:630)
		at org.springframework.web.servlet.FrameworkServlet.configureAndRefreshWebApplicationContext(FrameworkServlet.java:706)
		at org.springframework.web.servlet.FrameworkServlet.createWebApplicationContext(FrameworkServlet.java:672)
		at org.springframework.web.servlet.FrameworkServlet.createWebApplicationContext(FrameworkServlet.java:720)
		at org.springframework.web.servlet.FrameworkServlet.initWebApplicationContext(FrameworkServlet.java:595)
		at org.springframework.web.servlet.FrameworkServlet.initServletBean(FrameworkServlet.java:537)
		at org.springframework.web.servlet.HttpServletBean.init(HttpServletBean.java:169)
		at jakarta.servlet.GenericServlet.init(GenericServlet.java:143)
		at jakarta.servlet.http.HttpServlet.init(HttpServlet.java:122)
		at org.apache.catalina.core.StandardWrapper.initServlet(StandardWrapper.java:817)
		at org.apache.catalina.core.StandardWrapper.loadServlet(StandardWrapper.java:787)
		at org.apache.catalina.core.StandardWrapper.allocate(StandardWrapper.java:568)
		at org.apache.catalina.core.StandardWrapperValve.invoke(StandardWrapperValve.java:115)
		at org.apache.catalina.core.StandardContextValve.invoke(StandardContextValve.java:79)
		at org.apache.catalina.authenticator.AuthenticatorBase.invoke(AuthenticatorBase.java:483)
		at org.apache.catalina.core.StandardHostValve.invoke(StandardHostValve.java:115)
		at org.apache.catalina.valves.ErrorReportValve.invoke(ErrorReportValve.java:93)
		at org.apache.catalina.valves.AbstractAccessLogValve.invoke(AbstractAccessLogValve.java:663)
		at org.apache.catalina.core.StandardEngineValve.invoke(StandardEngineValve.java:74)
		at org.apache.catalina.connector.CoyoteAdapter.service(CoyoteAdapter.java:342)
		at org.apache.coyote.http11.Http11Processor.service(Http11Processor.java:395)
		at org.apache.coyote.AbstractProcessorLight.process(AbstractProcessorLight.java:63)
		at org.apache.coyote.AbstractProtocol$ConnectionHandler.process(AbstractProtocol.java:905)
		at org.apache.tomcat.util.net.NioEndpoint$SocketProcessor.doRun(NioEndpoint.java:1746)
		at org.apache.tomcat.util.net.SocketProcessorBase.run(SocketProcessorBase.java:52)
		at org.apache.tomcat.util.threads.ThreadPoolExecutor.runWorker(ThreadPoolExecutor.java:1148)
		at org.apache.tomcat.util.threads.ThreadPoolExecutor$Worker.run(ThreadPoolExecutor.java:636)
		at org.apache.tomcat.util.threads.TaskThread$WrappingRunnable.run(TaskThread.java:63)
		at java.base/java.lang.Thread.run(Thread.java:1583)
	Caused by: org.springframework.jdbc.CannotGetJdbcConnectionException: Failed to obtain JDBC Connection
		at org.springframework.jdbc.datasource.DataSourceUtils.getConnection(DataSourceUtils.java:84)
		at org.springframework.jdbc.datasource.init.DatabasePopulatorUtils.execute(DatabasePopulatorUtils.java:52)
		... 42 more
	Caused by: java.sql.SQLException: No suitable driver found for ${spring.datasource.url}
		at java.sql/java.sql.DriverManager.getConnection(DriverManager.java:708)
		at java.sql/java.sql.DriverManager.getConnection(DriverManager.java:191)
		at org.springframework.jdbc.datasource.DriverManagerDataSource.getConnectionFromDriverManager(DriverManagerDataSource.java:155)
		at org.springframework.jdbc.datasource.DriverManagerDataSource.getConnectionFromDriver(DriverManagerDataSource.java:146)
		at org.springframework.jdbc.datasource.AbstractDriverBasedDataSource.getConnectionFromDriver(AbstractDriverBasedDataSource.java:205)
		at org.springframework.jdbc.datasource.AbstractDriverBasedDataSource.getConnection(AbstractDriverBasedDataSource.java:169)
		at org.springframework.jdbc.datasource.DataSourceUtils.fetchConnection(DataSourceUtils.java:160)
		at org.springframework.jdbc.datasource.DataSourceUtils.doGetConnection(DataSourceUtils.java:118)
		at org.springframework.jdbc.datasource.DataSourceUtils.getConnection(DataSourceUtils.java:81)
		... 43 more
14-Jan-2025 11:53:53.481 SEVERE [http-nio-8080-exec-1] org.apache.catalina.core.StandardWrapperValve.invoke Ошибка выделения для сервлета [dispatcher]
	java.sql.SQLException: No suitable driver found for ${spring.datasource.url}
		at java.sql/java.sql.DriverManager.getConnection(DriverManager.java:708)
		at java.sql/java.sql.DriverManager.getConnection(DriverManager.java:191)
		at org.springframework.jdbc.datasource.DriverManagerDataSource.getConnectionFromDriverManager(DriverManagerDataSource.java:155)
		at org.springframework.jdbc.datasource.DriverManagerDataSource.getConnectionFromDriver(DriverManagerDataSource.java:146)
		at org.springframework.jdbc.datasource.AbstractDriverBasedDataSource.getConnectionFromDriver(AbstractDriverBasedDataSource.java:205)
		at org.springframework.jdbc.datasource.AbstractDriverBasedDataSource.getConnection(AbstractDriverBasedDataSource.java:169)
		at org.springframework.jdbc.datasource.DataSourceUtils.fetchConnection(DataSourceUtils.java:160)
		at org.springframework.jdbc.datasource.DataSourceUtils.doGetConnection(DataSourceUtils.java:118)
		at org.springframework.jdbc.datasource.DataSourceUtils.getConnection(DataSourceUtils.java:81)
		at org.springframework.jdbc.datasource.init.DatabasePopulatorUtils.execute(DatabasePopulatorUtils.java:52)
		at org.springframework.jdbc.datasource.init.ResourceDatabasePopulator.execute(ResourceDatabasePopulator.java:269)
		at ru.yandex.practicum.configuration.DataSourceConfiguration.populate(DataSourceConfiguration.java:49)
		at java.base/jdk.internal.reflect.DirectMethodHandleAccessor.invoke(DirectMethodHandleAccessor.java:103)
		at java.base/java.lang.reflect.Method.invoke(Method.java:580)
		at org.springframework.context.event.ApplicationListenerMethodAdapter.doInvoke(ApplicationListenerMethodAdapter.java:382)
		at org.springframework.context.event.ApplicationListenerMethodAdapter.processEvent(ApplicationListenerMethodAdapter.java:254)
		at org.springframework.context.event.ApplicationListenerMethodAdapter.onApplicationEvent(ApplicationListenerMethodAdapter.java:173)
		at org.springframework.context.event.SimpleApplicationEventMulticaster.doInvokeListener(SimpleApplicationEventMulticaster.java:185)
		at org.springframework.context.event.SimpleApplicationEventMulticaster.invokeListener(SimpleApplicationEventMulticaster.java:178)
		at org.springframework.context.event.SimpleApplicationEventMulticaster.multicastEvent(SimpleApplicationEventMulticaster.java:156)
		at org.springframework.context.support.AbstractApplicationContext.publishEvent(AbstractApplicationContext.java:454)
		at org.springframework.context.support.AbstractApplicationContext.publishEvent(AbstractApplicationContext.java:387)
		at org.springframework.context.support.AbstractApplicationContext.finishRefresh(AbstractApplicationContext.java:1009)
		at org.springframework.context.support.AbstractApplicationContext.refresh(AbstractApplicationContext.java:630)
		at org.springframework.web.servlet.FrameworkServlet.configureAndRefreshWebApplicationContext(FrameworkServlet.java:706)
		at org.springframework.web.servlet.FrameworkServlet.createWebApplicationContext(FrameworkServlet.java:672)
		at org.springframework.web.servlet.FrameworkServlet.createWebApplicationContext(FrameworkServlet.java:720)
		at org.springframework.web.servlet.FrameworkServlet.initWebApplicationContext(FrameworkServlet.java:595)
		at org.springframework.web.servlet.FrameworkServlet.initServletBean(FrameworkServlet.java:537)
		at org.springframework.web.servlet.HttpServletBean.init(HttpServletBean.java:169)
		at jakarta.servlet.GenericServlet.init(GenericServlet.java:143)
		at jakarta.servlet.http.HttpServlet.init(HttpServlet.java:122)
		at org.apache.catalina.core.StandardWrapper.initServlet(StandardWrapper.java:817)
		at org.apache.catalina.core.StandardWrapper.loadServlet(StandardWrapper.java:787)
		at org.apache.catalina.core.StandardWrapper.allocate(StandardWrapper.java:568)
		at org.apache.catalina.core.StandardWrapperValve.invoke(StandardWrapperValve.java:115)
		at org.apache.catalina.core.StandardContextValve.invoke(StandardContextValve.java:79)
		at org.apache.catalina.authenticator.AuthenticatorBase.invoke(AuthenticatorBase.java:483)
		at org.apache.catalina.core.StandardHostValve.invoke(StandardHostValve.java:115)
		at org.apache.catalina.valves.ErrorReportValve.invoke(ErrorReportValve.java:93)
		at org.apache.catalina.valves.AbstractAccessLogValve.invoke(AbstractAccessLogValve.java:663)
		at org.apache.catalina.core.StandardEngineValve.invoke(StandardEngineValve.java:74)
		at org.apache.catalina.connector.CoyoteAdapter.service(CoyoteAdapter.java:342)
		at org.apache.coyote.http11.Http11Processor.service(Http11Processor.java:395)
		at org.apache.coyote.AbstractProcessorLight.process(AbstractProcessorLight.java:63)
		at org.apache.coyote.AbstractProtocol$ConnectionHandler.process(AbstractProtocol.java:905)
		at org.apache.tomcat.util.net.NioEndpoint$SocketProcessor.doRun(NioEndpoint.java:1746)
		at org.apache.tomcat.util.net.SocketProcessorBase.run(SocketProcessorBase.java:52)
		at org.apache.tomcat.util.threads.ThreadPoolExecutor.runWorker(ThreadPoolExecutor.java:1148)
		at org.apache.tomcat.util.threads.ThreadPoolExecutor$Worker.run(ThreadPoolExecutor.java:636)
		at org.apache.tomcat.util.threads.TaskThread$WrappingRunnable.run(TaskThread.java:63)
		at java.base/java.lang.Thread.run(Thread.java:1583)
14-Jan-2025 11:57:51.267 INFO [main] org.apache.catalina.core.ApplicationContext.log SessionListener: contextDestroyed()
14-Jan-2025 11:57:51.268 INFO [main] org.apache.catalina.core.ApplicationContext.log ContextListener: contextDestroyed()
14-Jan-2025 11:58:01.198 INFO [main] org.apache.catalina.core.ApplicationContext.log No Spring WebApplicationInitializer types detected on classpath
14-Jan-2025 11:58:01.368 INFO [main] org.apache.catalina.core.ApplicationContext.log Initializing Spring DispatcherServlet 'dispatcher'
14-Jan-2025 11:58:02.258 SEVERE [main] org.apache.catalina.core.ApplicationContext.log Servlet.init() для сервлета [dispatcher] выбросил исключение
	org.springframework.jdbc.datasource.init.UncategorizedScriptException: Failed to execute database script
		at org.springframework.jdbc.datasource.init.DatabasePopulatorUtils.execute(DatabasePopulatorUtils.java:67)
		at org.springframework.jdbc.datasource.init.ResourceDatabasePopulator.execute(ResourceDatabasePopulator.java:269)
		at ru.yandex.practicum.configuration.DataSourceConfiguration.populate(DataSourceConfiguration.java:49)
		at java.base/jdk.internal.reflect.DirectMethodHandleAccessor.invoke(DirectMethodHandleAccessor.java:103)
		at java.base/java.lang.reflect.Method.invoke(Method.java:580)
		at org.springframework.context.event.ApplicationListenerMethodAdapter.doInvoke(ApplicationListenerMethodAdapter.java:382)
		at org.springframework.context.event.ApplicationListenerMethodAdapter.processEvent(ApplicationListenerMethodAdapter.java:254)
		at org.springframework.context.event.ApplicationListenerMethodAdapter.onApplicationEvent(ApplicationListenerMethodAdapter.java:173)
		at org.springframework.context.event.SimpleApplicationEventMulticaster.doInvokeListener(SimpleApplicationEventMulticaster.java:185)
		at org.springframework.context.event.SimpleApplicationEventMulticaster.invokeListener(SimpleApplicationEventMulticaster.java:178)
		at org.springframework.context.event.SimpleApplicationEventMulticaster.multicastEvent(SimpleApplicationEventMulticaster.java:156)
		at org.springframework.context.support.AbstractApplicationContext.publishEvent(AbstractApplicationContext.java:454)
		at org.springframework.context.support.AbstractApplicationContext.publishEvent(AbstractApplicationContext.java:387)
		at org.springframework.context.support.AbstractApplicationContext.finishRefresh(AbstractApplicationContext.java:1009)
		at org.springframework.context.support.AbstractApplicationContext.refresh(AbstractApplicationContext.java:630)
		at org.springframework.web.servlet.FrameworkServlet.configureAndRefreshWebApplicationContext(FrameworkServlet.java:706)
		at org.springframework.web.servlet.FrameworkServlet.createWebApplicationContext(FrameworkServlet.java:672)
		at org.springframework.web.servlet.FrameworkServlet.createWebApplicationContext(FrameworkServlet.java:720)
		at org.springframework.web.servlet.FrameworkServlet.initWebApplicationContext(FrameworkServlet.java:595)
		at org.springframework.web.servlet.FrameworkServlet.initServletBean(FrameworkServlet.java:537)
		at org.springframework.web.servlet.HttpServletBean.init(HttpServletBean.java:169)
		at jakarta.servlet.GenericServlet.init(GenericServlet.java:143)
		at jakarta.servlet.http.HttpServlet.init(HttpServlet.java:122)
		at org.apache.catalina.core.StandardWrapper.initServlet(StandardWrapper.java:817)
		at org.apache.catalina.core.StandardWrapper.loadServlet(StandardWrapper.java:787)
		at org.apache.catalina.core.StandardWrapper.load(StandardWrapper.java:691)
		at org.apache.catalina.core.StandardContext.loadOnStartup(StandardContext.java:4153)
		at org.apache.catalina.core.StandardContext.startInternal(StandardContext.java:4437)
		at org.apache.catalina.util.LifecycleBase.start(LifecycleBase.java:164)
		at org.apache.catalina.core.ContainerBase.addChild(ContainerBase.java:566)
		at org.apache.catalina.core.StandardHost.addChild(StandardHost.java:653)
		at org.apache.catalina.startup.HostConfig.deployWAR(HostConfig.java:933)
		at org.apache.catalina.startup.HostConfig$DeployWar.run(HostConfig.java:1875)
		at java.base/java.util.concurrent.Executors$RunnableAdapter.call(Executors.java:572)
		at java.base/java.util.concurrent.FutureTask.run(FutureTask.java:317)
		at org.apache.tomcat.util.threads.InlineExecutorService.execute(InlineExecutorService.java:75)
		at java.base/java.util.concurrent.AbstractExecutorService.submit(AbstractExecutorService.java:123)
		at org.apache.catalina.startup.HostConfig.deployWARs(HostConfig.java:735)
		at org.apache.catalina.startup.HostConfig.deployApps(HostConfig.java:387)
		at org.apache.catalina.startup.HostConfig.start(HostConfig.java:1593)
		at org.apache.catalina.startup.HostConfig.lifecycleEvent(HostConfig.java:267)
		at org.apache.catalina.util.LifecycleBase.fireLifecycleEvent(LifecycleBase.java:109)
		at org.apache.catalina.util.LifecycleBase.setStateInternal(LifecycleBase.java:389)
		at org.apache.catalina.util.LifecycleBase.setState(LifecycleBase.java:336)
		at org.apache.catalina.core.ContainerBase.startInternal(ContainerBase.java:743)
		at org.apache.catalina.core.StandardHost.startInternal(StandardHost.java:771)
		at org.apache.catalina.util.LifecycleBase.start(LifecycleBase.java:164)
		at org.apache.catalina.core.ContainerBase$StartChild.call(ContainerBase.java:1170)
		at org.apache.catalina.core.ContainerBase$StartChild.call(ContainerBase.java:1160)
		at java.base/java.util.concurrent.FutureTask.run(FutureTask.java:317)
		at org.apache.tomcat.util.threads.InlineExecutorService.execute(InlineExecutorService.java:75)
		at java.base/java.util.concurrent.AbstractExecutorService.submit(AbstractExecutorService.java:145)
		at org.apache.catalina.core.ContainerBase.startInternal(ContainerBase.java:716)
		at org.apache.catalina.core.StandardEngine.startInternal(StandardEngine.java:203)
		at org.apache.catalina.util.LifecycleBase.start(LifecycleBase.java:164)
		at org.apache.catalina.core.StandardService.startInternal(StandardService.java:415)
		at org.apache.catalina.util.LifecycleBase.start(LifecycleBase.java:164)
		at org.apache.catalina.core.StandardServer.startInternal(StandardServer.java:866)
		at org.apache.catalina.util.LifecycleBase.start(LifecycleBase.java:164)
		at org.apache.catalina.startup.Catalina.start(Catalina.java:759)
		at java.base/jdk.internal.reflect.DirectMethodHandleAccessor.invoke(DirectMethodHandleAccessor.java:103)
		at java.base/java.lang.reflect.Method.invoke(Method.java:580)
		at org.apache.catalina.startup.Bootstrap.start(Bootstrap.java:342)
		at org.apache.catalina.startup.Bootstrap.main(Bootstrap.java:470)
	Caused by: org.springframework.jdbc.CannotGetJdbcConnectionException: Failed to obtain JDBC Connection
		at org.springframework.jdbc.datasource.DataSourceUtils.getConnection(DataSourceUtils.java:84)
		at org.springframework.jdbc.datasource.init.DatabasePopulatorUtils.execute(DatabasePopulatorUtils.java:52)
		... 63 more
	Caused by: java.sql.SQLException: No suitable driver found for ${spring.datasource.url}
		at java.sql/java.sql.DriverManager.getConnection(DriverManager.java:708)
		at java.sql/java.sql.DriverManager.getConnection(DriverManager.java:191)
		at org.springframework.jdbc.datasource.DriverManagerDataSource.getConnectionFromDriverManager(DriverManagerDataSource.java:155)
		at org.springframework.jdbc.datasource.DriverManagerDataSource.getConnectionFromDriver(DriverManagerDataSource.java:146)
		at org.springframework.jdbc.datasource.AbstractDriverBasedDataSource.getConnectionFromDriver(AbstractDriverBasedDataSource.java:205)
		at org.springframework.jdbc.datasource.AbstractDriverBasedDataSource.getConnection(AbstractDriverBasedDataSource.java:169)
		at org.springframework.jdbc.datasource.DataSourceUtils.fetchConnection(DataSourceUtils.java:160)
		at org.springframework.jdbc.datasource.DataSourceUtils.doGetConnection(DataSourceUtils.java:118)
		at org.springframework.jdbc.datasource.DataSourceUtils.getConnection(DataSourceUtils.java:81)
		... 64 more
14-Jan-2025 11:58:02.258 SEVERE [main] org.apache.catalina.core.StandardContext.loadOnStartup Servlet [dispatcher] in web application [/study] threw load() exception
	java.sql.SQLException: No suitable driver found for ${spring.datasource.url}
		at java.sql/java.sql.DriverManager.getConnection(DriverManager.java:708)
		at java.sql/java.sql.DriverManager.getConnection(DriverManager.java:191)
		at org.springframework.jdbc.datasource.DriverManagerDataSource.getConnectionFromDriverManager(DriverManagerDataSource.java:155)
		at org.springframework.jdbc.datasource.DriverManagerDataSource.getConnectionFromDriver(DriverManagerDataSource.java:146)
		at org.springframework.jdbc.datasource.AbstractDriverBasedDataSource.getConnectionFromDriver(AbstractDriverBasedDataSource.java:205)
		at org.springframework.jdbc.datasource.AbstractDriverBasedDataSource.getConnection(AbstractDriverBasedDataSource.java:169)
		at org.springframework.jdbc.datasource.DataSourceUtils.fetchConnection(DataSourceUtils.java:160)
		at org.springframework.jdbc.datasource.DataSourceUtils.doGetConnection(DataSourceUtils.java:118)
		at org.springframework.jdbc.datasource.DataSourceUtils.getConnection(DataSourceUtils.java:81)
		at org.springframework.jdbc.datasource.init.DatabasePopulatorUtils.execute(DatabasePopulatorUtils.java:52)
		at org.springframework.jdbc.datasource.init.ResourceDatabasePopulator.execute(ResourceDatabasePopulator.java:269)
		at ru.yandex.practicum.configuration.DataSourceConfiguration.populate(DataSourceConfiguration.java:49)
		at java.base/jdk.internal.reflect.DirectMethodHandleAccessor.invoke(DirectMethodHandleAccessor.java:103)
		at java.base/java.lang.reflect.Method.invoke(Method.java:580)
		at org.springframework.context.event.ApplicationListenerMethodAdapter.doInvoke(ApplicationListenerMethodAdapter.java:382)
		at org.springframework.context.event.ApplicationListenerMethodAdapter.processEvent(ApplicationListenerMethodAdapter.java:254)
		at org.springframework.context.event.ApplicationListenerMethodAdapter.onApplicationEvent(ApplicationListenerMethodAdapter.java:173)
		at org.springframework.context.event.SimpleApplicationEventMulticaster.doInvokeListener(SimpleApplicationEventMulticaster.java:185)
		at org.springframework.context.event.SimpleApplicationEventMulticaster.invokeListener(SimpleApplicationEventMulticaster.java:178)
		at org.springframework.context.event.SimpleApplicationEventMulticaster.multicastEvent(SimpleApplicationEventMulticaster.java:156)
		at org.springframework.context.support.AbstractApplicationContext.publishEvent(AbstractApplicationContext.java:454)
		at org.springframework.context.support.AbstractApplicationContext.publishEvent(AbstractApplicationContext.java:387)
		at org.springframework.context.support.AbstractApplicationContext.finishRefresh(AbstractApplicationContext.java:1009)
		at org.springframework.context.support.AbstractApplicationContext.refresh(AbstractApplicationContext.java:630)
		at org.springframework.web.servlet.FrameworkServlet.configureAndRefreshWebApplicationContext(FrameworkServlet.java:706)
		at org.springframework.web.servlet.FrameworkServlet.createWebApplicationContext(FrameworkServlet.java:672)
		at org.springframework.web.servlet.FrameworkServlet.createWebApplicationContext(FrameworkServlet.java:720)
		at org.springframework.web.servlet.FrameworkServlet.initWebApplicationContext(FrameworkServlet.java:595)
		at org.springframework.web.servlet.FrameworkServlet.initServletBean(FrameworkServlet.java:537)
		at org.springframework.web.servlet.HttpServletBean.init(HttpServletBean.java:169)
		at jakarta.servlet.GenericServlet.init(GenericServlet.java:143)
		at jakarta.servlet.http.HttpServlet.init(HttpServlet.java:122)
		at org.apache.catalina.core.StandardWrapper.initServlet(StandardWrapper.java:817)
		at org.apache.catalina.core.StandardWrapper.loadServlet(StandardWrapper.java:787)
		at org.apache.catalina.core.StandardWrapper.load(StandardWrapper.java:691)
		at org.apache.catalina.core.StandardContext.loadOnStartup(StandardContext.java:4153)
		at org.apache.catalina.core.StandardContext.startInternal(StandardContext.java:4437)
		at org.apache.catalina.util.LifecycleBase.start(LifecycleBase.java:164)
		at org.apache.catalina.core.ContainerBase.addChild(ContainerBase.java:566)
		at org.apache.catalina.core.StandardHost.addChild(StandardHost.java:653)
		at org.apache.catalina.startup.HostConfig.deployWAR(HostConfig.java:933)
		at org.apache.catalina.startup.HostConfig$DeployWar.run(HostConfig.java:1875)
		at java.base/java.util.concurrent.Executors$RunnableAdapter.call(Executors.java:572)
		at java.base/java.util.concurrent.FutureTask.run(FutureTask.java:317)
		at org.apache.tomcat.util.threads.InlineExecutorService.execute(InlineExecutorService.java:75)
		at java.base/java.util.concurrent.AbstractExecutorService.submit(AbstractExecutorService.java:123)
		at org.apache.catalina.startup.HostConfig.deployWARs(HostConfig.java:735)
		at org.apache.catalina.startup.HostConfig.deployApps(HostConfig.java:387)
		at org.apache.catalina.startup.HostConfig.start(HostConfig.java:1593)
		at org.apache.catalina.startup.HostConfig.lifecycleEvent(HostConfig.java:267)
		at org.apache.catalina.util.LifecycleBase.fireLifecycleEvent(LifecycleBase.java:109)
		at org.apache.catalina.util.LifecycleBase.setStateInternal(LifecycleBase.java:389)
		at org.apache.catalina.util.LifecycleBase.setState(LifecycleBase.java:336)
		at org.apache.catalina.core.ContainerBase.startInternal(ContainerBase.java:743)
		at org.apache.catalina.core.StandardHost.startInternal(StandardHost.java:771)
		at org.apache.catalina.util.LifecycleBase.start(LifecycleBase.java:164)
		at org.apache.catalina.core.ContainerBase$StartChild.call(ContainerBase.java:1170)
		at org.apache.catalina.core.ContainerBase$StartChild.call(ContainerBase.java:1160)
		at java.base/java.util.concurrent.FutureTask.run(FutureTask.java:317)
		at org.apache.tomcat.util.threads.InlineExecutorService.execute(InlineExecutorService.java:75)
		at java.base/java.util.concurrent.AbstractExecutorService.submit(AbstractExecutorService.java:145)
		at org.apache.catalina.core.ContainerBase.startInternal(ContainerBase.java:716)
		at org.apache.catalina.core.StandardEngine.startInternal(StandardEngine.java:203)
		at org.apache.catalina.util.LifecycleBase.start(LifecycleBase.java:164)
		at org.apache.catalina.core.StandardService.startInternal(StandardService.java:415)
		at org.apache.catalina.util.LifecycleBase.start(LifecycleBase.java:164)
		at org.apache.catalina.core.StandardServer.startInternal(StandardServer.java:866)
		at org.apache.catalina.util.LifecycleBase.start(LifecycleBase.java:164)
		at org.apache.catalina.startup.Catalina.start(Catalina.java:759)
		at java.base/jdk.internal.reflect.DirectMethodHandleAccessor.invoke(DirectMethodHandleAccessor.java:103)
		at java.base/java.lang.reflect.Method.invoke(Method.java:580)
		at org.apache.catalina.startup.Bootstrap.start(Bootstrap.java:342)
		at org.apache.catalina.startup.Bootstrap.main(Bootstrap.java:470)
14-Jan-2025 11:58:02.566 INFO [main] org.apache.catalina.core.ApplicationContext.log ContextListener: contextInitialized()
14-Jan-2025 11:58:02.567 INFO [main] org.apache.catalina.core.ApplicationContext.log SessionListener: contextInitialized()
14-Jan-2025 11:58:02.568 INFO [main] org.apache.catalina.core.ApplicationContext.log ContextListener: attributeAdded('StockTicker', 'async.Stockticker@2b8b5d9e')
14-Jan-2025 11:58:04.753 INFO [http-nio-8080-exec-1] org.apache.catalina.core.ApplicationContext.log Initializing Spring DispatcherServlet 'dispatcher'
14-Jan-2025 11:58:04.833 SEVERE [http-nio-8080-exec-1] org.apache.catalina.core.ApplicationContext.log Servlet.init() для сервлета [dispatcher] выбросил исключение
	org.springframework.jdbc.datasource.init.UncategorizedScriptException: Failed to execute database script
		at org.springframework.jdbc.datasource.init.DatabasePopulatorUtils.execute(DatabasePopulatorUtils.java:67)
		at org.springframework.jdbc.datasource.init.ResourceDatabasePopulator.execute(ResourceDatabasePopulator.java:269)
		at ru.yandex.practicum.configuration.DataSourceConfiguration.populate(DataSourceConfiguration.java:49)
		at java.base/jdk.internal.reflect.DirectMethodHandleAccessor.invoke(DirectMethodHandleAccessor.java:103)
		at java.base/java.lang.reflect.Method.invoke(Method.java:580)
		at org.springframework.context.event.ApplicationListenerMethodAdapter.doInvoke(ApplicationListenerMethodAdapter.java:382)
		at org.springframework.context.event.ApplicationListenerMethodAdapter.processEvent(ApplicationListenerMethodAdapter.java:254)
		at org.springframework.context.event.ApplicationListenerMethodAdapter.onApplicationEvent(ApplicationListenerMethodAdapter.java:173)
		at org.springframework.context.event.SimpleApplicationEventMulticaster.doInvokeListener(SimpleApplicationEventMulticaster.java:185)
		at org.springframework.context.event.SimpleApplicationEventMulticaster.invokeListener(SimpleApplicationEventMulticaster.java:178)
		at org.springframework.context.event.SimpleApplicationEventMulticaster.multicastEvent(SimpleApplicationEventMulticaster.java:156)
		at org.springframework.context.support.AbstractApplicationContext.publishEvent(AbstractApplicationContext.java:454)
		at org.springframework.context.support.AbstractApplicationContext.publishEvent(AbstractApplicationContext.java:387)
		at org.springframework.context.support.AbstractApplicationContext.finishRefresh(AbstractApplicationContext.java:1009)
		at org.springframework.context.support.AbstractApplicationContext.refresh(AbstractApplicationContext.java:630)
		at org.springframework.web.servlet.FrameworkServlet.configureAndRefreshWebApplicationContext(FrameworkServlet.java:706)
		at org.springframework.web.servlet.FrameworkServlet.createWebApplicationContext(FrameworkServlet.java:672)
		at org.springframework.web.servlet.FrameworkServlet.createWebApplicationContext(FrameworkServlet.java:720)
		at org.springframework.web.servlet.FrameworkServlet.initWebApplicationContext(FrameworkServlet.java:595)
		at org.springframework.web.servlet.FrameworkServlet.initServletBean(FrameworkServlet.java:537)
		at org.springframework.web.servlet.HttpServletBean.init(HttpServletBean.java:169)
		at jakarta.servlet.GenericServlet.init(GenericServlet.java:143)
		at jakarta.servlet.http.HttpServlet.init(HttpServlet.java:122)
		at org.apache.catalina.core.StandardWrapper.initServlet(StandardWrapper.java:817)
		at org.apache.catalina.core.StandardWrapper.loadServlet(StandardWrapper.java:787)
		at org.apache.catalina.core.StandardWrapper.allocate(StandardWrapper.java:568)
		at org.apache.catalina.core.StandardWrapperValve.invoke(StandardWrapperValve.java:115)
		at org.apache.catalina.core.StandardContextValve.invoke(StandardContextValve.java:79)
		at org.apache.catalina.authenticator.AuthenticatorBase.invoke(AuthenticatorBase.java:483)
		at org.apache.catalina.core.StandardHostValve.invoke(StandardHostValve.java:115)
		at org.apache.catalina.valves.ErrorReportValve.invoke(ErrorReportValve.java:93)
		at org.apache.catalina.valves.AbstractAccessLogValve.invoke(AbstractAccessLogValve.java:663)
		at org.apache.catalina.core.StandardEngineValve.invoke(StandardEngineValve.java:74)
		at org.apache.catalina.connector.CoyoteAdapter.service(CoyoteAdapter.java:342)
		at org.apache.coyote.http11.Http11Processor.service(Http11Processor.java:395)
		at org.apache.coyote.AbstractProcessorLight.process(AbstractProcessorLight.java:63)
		at org.apache.coyote.AbstractProtocol$ConnectionHandler.process(AbstractProtocol.java:905)
		at org.apache.tomcat.util.net.NioEndpoint$SocketProcessor.doRun(NioEndpoint.java:1746)
		at org.apache.tomcat.util.net.SocketProcessorBase.run(SocketProcessorBase.java:52)
		at org.apache.tomcat.util.threads.ThreadPoolExecutor.runWorker(ThreadPoolExecutor.java:1148)
		at org.apache.tomcat.util.threads.ThreadPoolExecutor$Worker.run(ThreadPoolExecutor.java:636)
		at org.apache.tomcat.util.threads.TaskThread$WrappingRunnable.run(TaskThread.java:63)
		at java.base/java.lang.Thread.run(Thread.java:1583)
	Caused by: org.springframework.jdbc.CannotGetJdbcConnectionException: Failed to obtain JDBC Connection
		at org.springframework.jdbc.datasource.DataSourceUtils.getConnection(DataSourceUtils.java:84)
		at org.springframework.jdbc.datasource.init.DatabasePopulatorUtils.execute(DatabasePopulatorUtils.java:52)
		... 42 more
	Caused by: java.sql.SQLException: No suitable driver found for ${spring.datasource.url}
		at java.sql/java.sql.DriverManager.getConnection(DriverManager.java:708)
		at java.sql/java.sql.DriverManager.getConnection(DriverManager.java:191)
		at org.springframework.jdbc.datasource.DriverManagerDataSource.getConnectionFromDriverManager(DriverManagerDataSource.java:155)
		at org.springframework.jdbc.datasource.DriverManagerDataSource.getConnectionFromDriver(DriverManagerDataSource.java:146)
		at org.springframework.jdbc.datasource.AbstractDriverBasedDataSource.getConnectionFromDriver(AbstractDriverBasedDataSource.java:205)
		at org.springframework.jdbc.datasource.AbstractDriverBasedDataSource.getConnection(AbstractDriverBasedDataSource.java:169)
		at org.springframework.jdbc.datasource.DataSourceUtils.fetchConnection(DataSourceUtils.java:160)
		at org.springframework.jdbc.datasource.DataSourceUtils.doGetConnection(DataSourceUtils.java:118)
		at org.springframework.jdbc.datasource.DataSourceUtils.getConnection(DataSourceUtils.java:81)
		... 43 more
14-Jan-2025 11:58:04.834 SEVERE [http-nio-8080-exec-1] org.apache.catalina.core.StandardWrapperValve.invoke Ошибка выделения для сервлета [dispatcher]
	java.sql.SQLException: No suitable driver found for ${spring.datasource.url}
		at java.sql/java.sql.DriverManager.getConnection(DriverManager.java:708)
		at java.sql/java.sql.DriverManager.getConnection(DriverManager.java:191)
		at org.springframework.jdbc.datasource.DriverManagerDataSource.getConnectionFromDriverManager(DriverManagerDataSource.java:155)
		at org.springframework.jdbc.datasource.DriverManagerDataSource.getConnectionFromDriver(DriverManagerDataSource.java:146)
		at org.springframework.jdbc.datasource.AbstractDriverBasedDataSource.getConnectionFromDriver(AbstractDriverBasedDataSource.java:205)
		at org.springframework.jdbc.datasource.AbstractDriverBasedDataSource.getConnection(AbstractDriverBasedDataSource.java:169)
		at org.springframework.jdbc.datasource.DataSourceUtils.fetchConnection(DataSourceUtils.java:160)
		at org.springframework.jdbc.datasource.DataSourceUtils.doGetConnection(DataSourceUtils.java:118)
		at org.springframework.jdbc.datasource.DataSourceUtils.getConnection(DataSourceUtils.java:81)
		at org.springframework.jdbc.datasource.init.DatabasePopulatorUtils.execute(DatabasePopulatorUtils.java:52)
		at org.springframework.jdbc.datasource.init.ResourceDatabasePopulator.execute(ResourceDatabasePopulator.java:269)
		at ru.yandex.practicum.configuration.DataSourceConfiguration.populate(DataSourceConfiguration.java:49)
		at java.base/jdk.internal.reflect.DirectMethodHandleAccessor.invoke(DirectMethodHandleAccessor.java:103)
		at java.base/java.lang.reflect.Method.invoke(Method.java:580)
		at org.springframework.context.event.ApplicationListenerMethodAdapter.doInvoke(ApplicationListenerMethodAdapter.java:382)
		at org.springframework.context.event.ApplicationListenerMethodAdapter.processEvent(ApplicationListenerMethodAdapter.java:254)
		at org.springframework.context.event.ApplicationListenerMethodAdapter.onApplicationEvent(ApplicationListenerMethodAdapter.java:173)
		at org.springframework.context.event.SimpleApplicationEventMulticaster.doInvokeListener(SimpleApplicationEventMulticaster.java:185)
		at org.springframework.context.event.SimpleApplicationEventMulticaster.invokeListener(SimpleApplicationEventMulticaster.java:178)
		at org.springframework.context.event.SimpleApplicationEventMulticaster.multicastEvent(SimpleApplicationEventMulticaster.java:156)
		at org.springframework.context.support.AbstractApplicationContext.publishEvent(AbstractApplicationContext.java:454)
		at org.springframework.context.support.AbstractApplicationContext.publishEvent(AbstractApplicationContext.java:387)
		at org.springframework.context.support.AbstractApplicationContext.finishRefresh(AbstractApplicationContext.java:1009)
		at org.springframework.context.support.AbstractApplicationContext.refresh(AbstractApplicationContext.java:630)
		at org.springframework.web.servlet.FrameworkServlet.configureAndRefreshWebApplicationContext(FrameworkServlet.java:706)
		at org.springframework.web.servlet.FrameworkServlet.createWebApplicationContext(FrameworkServlet.java:672)
		at org.springframework.web.servlet.FrameworkServlet.createWebApplicationContext(FrameworkServlet.java:720)
		at org.springframework.web.servlet.FrameworkServlet.initWebApplicationContext(FrameworkServlet.java:595)
		at org.springframework.web.servlet.FrameworkServlet.initServletBean(FrameworkServlet.java:537)
		at org.springframework.web.servlet.HttpServletBean.init(HttpServletBean.java:169)
		at jakarta.servlet.GenericServlet.init(GenericServlet.java:143)
		at jakarta.servlet.http.HttpServlet.init(HttpServlet.java:122)
		at org.apache.catalina.core.StandardWrapper.initServlet(StandardWrapper.java:817)
		at org.apache.catalina.core.StandardWrapper.loadServlet(StandardWrapper.java:787)
		at org.apache.catalina.core.StandardWrapper.allocate(StandardWrapper.java:568)
		at org.apache.catalina.core.StandardWrapperValve.invoke(StandardWrapperValve.java:115)
		at org.apache.catalina.core.StandardContextValve.invoke(StandardContextValve.java:79)
		at org.apache.catalina.authenticator.AuthenticatorBase.invoke(AuthenticatorBase.java:483)
		at org.apache.catalina.core.StandardHostValve.invoke(StandardHostValve.java:115)
		at org.apache.catalina.valves.ErrorReportValve.invoke(ErrorReportValve.java:93)
		at org.apache.catalina.valves.AbstractAccessLogValve.invoke(AbstractAccessLogValve.java:663)
		at org.apache.catalina.core.StandardEngineValve.invoke(StandardEngineValve.java:74)
		at org.apache.catalina.connector.CoyoteAdapter.service(CoyoteAdapter.java:342)
		at org.apache.coyote.http11.Http11Processor.service(Http11Processor.java:395)
		at org.apache.coyote.AbstractProcessorLight.process(AbstractProcessorLight.java:63)
		at org.apache.coyote.AbstractProtocol$ConnectionHandler.process(AbstractProtocol.java:905)
		at org.apache.tomcat.util.net.NioEndpoint$SocketProcessor.doRun(NioEndpoint.java:1746)
		at org.apache.tomcat.util.net.SocketProcessorBase.run(SocketProcessorBase.java:52)
		at org.apache.tomcat.util.threads.ThreadPoolExecutor.runWorker(ThreadPoolExecutor.java:1148)
		at org.apache.tomcat.util.threads.ThreadPoolExecutor$Worker.run(ThreadPoolExecutor.java:636)
		at org.apache.tomcat.util.threads.TaskThread$WrappingRunnable.run(TaskThread.java:63)
		at java.base/java.lang.Thread.run(Thread.java:1583)
14-Jan-2025 11:58:06.122 INFO [http-nio-8080-exec-2] org.apache.catalina.core.ApplicationContext.log Initializing Spring DispatcherServlet 'dispatcher'
14-Jan-2025 11:58:06.220 SEVERE [http-nio-8080-exec-2] org.apache.catalina.core.ApplicationContext.log Servlet.init() для сервлета [dispatcher] выбросил исключение
	org.springframework.jdbc.datasource.init.UncategorizedScriptException: Failed to execute database script
		at org.springframework.jdbc.datasource.init.DatabasePopulatorUtils.execute(DatabasePopulatorUtils.java:67)
		at org.springframework.jdbc.datasource.init.ResourceDatabasePopulator.execute(ResourceDatabasePopulator.java:269)
		at ru.yandex.practicum.configuration.DataSourceConfiguration.populate(DataSourceConfiguration.java:49)
		at java.base/jdk.internal.reflect.DirectMethodHandleAccessor.invoke(DirectMethodHandleAccessor.java:103)
		at java.base/java.lang.reflect.Method.invoke(Method.java:580)
		at org.springframework.context.event.ApplicationListenerMethodAdapter.doInvoke(ApplicationListenerMethodAdapter.java:382)
		at org.springframework.context.event.ApplicationListenerMethodAdapter.processEvent(ApplicationListenerMethodAdapter.java:254)
		at org.springframework.context.event.ApplicationListenerMethodAdapter.onApplicationEvent(ApplicationListenerMethodAdapter.java:173)
		at org.springframework.context.event.SimpleApplicationEventMulticaster.doInvokeListener(SimpleApplicationEventMulticaster.java:185)
		at org.springframework.context.event.SimpleApplicationEventMulticaster.invokeListener(SimpleApplicationEventMulticaster.java:178)
		at org.springframework.context.event.SimpleApplicationEventMulticaster.multicastEvent(SimpleApplicationEventMulticaster.java:156)
		at org.springframework.context.support.AbstractApplicationContext.publishEvent(AbstractApplicationContext.java:454)
		at org.springframework.context.support.AbstractApplicationContext.publishEvent(AbstractApplicationContext.java:387)
		at org.springframework.context.support.AbstractApplicationContext.finishRefresh(AbstractApplicationContext.java:1009)
		at org.springframework.context.support.AbstractApplicationContext.refresh(AbstractApplicationContext.java:630)
		at org.springframework.web.servlet.FrameworkServlet.configureAndRefreshWebApplicationContext(FrameworkServlet.java:706)
		at org.springframework.web.servlet.FrameworkServlet.createWebApplicationContext(FrameworkServlet.java:672)
		at org.springframework.web.servlet.FrameworkServlet.createWebApplicationContext(FrameworkServlet.java:720)
		at org.springframework.web.servlet.FrameworkServlet.initWebApplicationContext(FrameworkServlet.java:595)
		at org.springframework.web.servlet.FrameworkServlet.initServletBean(FrameworkServlet.java:537)
		at org.springframework.web.servlet.HttpServletBean.init(HttpServletBean.java:169)
		at jakarta.servlet.GenericServlet.init(GenericServlet.java:143)
		at jakarta.servlet.http.HttpServlet.init(HttpServlet.java:122)
		at org.apache.catalina.core.StandardWrapper.initServlet(StandardWrapper.java:817)
		at org.apache.catalina.core.StandardWrapper.loadServlet(StandardWrapper.java:787)
		at org.apache.catalina.core.StandardWrapper.allocate(StandardWrapper.java:568)
		at org.apache.catalina.core.StandardWrapperValve.invoke(StandardWrapperValve.java:115)
		at org.apache.catalina.core.StandardContextValve.invoke(StandardContextValve.java:79)
		at org.apache.catalina.authenticator.AuthenticatorBase.invoke(AuthenticatorBase.java:483)
		at org.apache.catalina.core.StandardHostValve.invoke(StandardHostValve.java:115)
		at org.apache.catalina.valves.ErrorReportValve.invoke(ErrorReportValve.java:93)
		at org.apache.catalina.valves.AbstractAccessLogValve.invoke(AbstractAccessLogValve.java:663)
		at org.apache.catalina.core.StandardEngineValve.invoke(StandardEngineValve.java:74)
		at org.apache.catalina.connector.CoyoteAdapter.service(CoyoteAdapter.java:342)
		at org.apache.coyote.http11.Http11Processor.service(Http11Processor.java:395)
		at org.apache.coyote.AbstractProcessorLight.process(AbstractProcessorLight.java:63)
		at org.apache.coyote.AbstractProtocol$ConnectionHandler.process(AbstractProtocol.java:905)
		at org.apache.tomcat.util.net.NioEndpoint$SocketProcessor.doRun(NioEndpoint.java:1746)
		at org.apache.tomcat.util.net.SocketProcessorBase.run(SocketProcessorBase.java:52)
		at org.apache.tomcat.util.threads.ThreadPoolExecutor.runWorker(ThreadPoolExecutor.java:1148)
		at org.apache.tomcat.util.threads.ThreadPoolExecutor$Worker.run(ThreadPoolExecutor.java:636)
		at org.apache.tomcat.util.threads.TaskThread$WrappingRunnable.run(TaskThread.java:63)
		at java.base/java.lang.Thread.run(Thread.java:1583)
	Caused by: org.springframework.jdbc.CannotGetJdbcConnectionException: Failed to obtain JDBC Connection
		at org.springframework.jdbc.datasource.DataSourceUtils.getConnection(DataSourceUtils.java:84)
		at org.springframework.jdbc.datasource.init.DatabasePopulatorUtils.execute(DatabasePopulatorUtils.java:52)
		... 42 more
	Caused by: java.sql.SQLException: No suitable driver found for ${spring.datasource.url}
		at java.sql/java.sql.DriverManager.getConnection(DriverManager.java:708)
		at java.sql/java.sql.DriverManager.getConnection(DriverManager.java:191)
		at org.springframework.jdbc.datasource.DriverManagerDataSource.getConnectionFromDriverManager(DriverManagerDataSource.java:155)
		at org.springframework.jdbc.datasource.DriverManagerDataSource.getConnectionFromDriver(DriverManagerDataSource.java:146)
		at org.springframework.jdbc.datasource.AbstractDriverBasedDataSource.getConnectionFromDriver(AbstractDriverBasedDataSource.java:205)
		at org.springframework.jdbc.datasource.AbstractDriverBasedDataSource.getConnection(AbstractDriverBasedDataSource.java:169)
		at org.springframework.jdbc.datasource.DataSourceUtils.fetchConnection(DataSourceUtils.java:160)
		at org.springframework.jdbc.datasource.DataSourceUtils.doGetConnection(DataSourceUtils.java:118)
		at org.springframework.jdbc.datasource.DataSourceUtils.getConnection(DataSourceUtils.java:81)
		... 43 more
14-Jan-2025 11:58:06.220 SEVERE [http-nio-8080-exec-2] org.apache.catalina.core.StandardWrapperValve.invoke Ошибка выделения для сервлета [dispatcher]
	java.sql.SQLException: No suitable driver found for ${spring.datasource.url}
		at java.sql/java.sql.DriverManager.getConnection(DriverManager.java:708)
		at java.sql/java.sql.DriverManager.getConnection(DriverManager.java:191)
		at org.springframework.jdbc.datasource.DriverManagerDataSource.getConnectionFromDriverManager(DriverManagerDataSource.java:155)
		at org.springframework.jdbc.datasource.DriverManagerDataSource.getConnectionFromDriver(DriverManagerDataSource.java:146)
		at org.springframework.jdbc.datasource.AbstractDriverBasedDataSource.getConnectionFromDriver(AbstractDriverBasedDataSource.java:205)
		at org.springframework.jdbc.datasource.AbstractDriverBasedDataSource.getConnection(AbstractDriverBasedDataSource.java:169)
		at org.springframework.jdbc.datasource.DataSourceUtils.fetchConnection(DataSourceUtils.java:160)
		at org.springframework.jdbc.datasource.DataSourceUtils.doGetConnection(DataSourceUtils.java:118)
		at org.springframework.jdbc.datasource.DataSourceUtils.getConnection(DataSourceUtils.java:81)
		at org.springframework.jdbc.datasource.init.DatabasePopulatorUtils.execute(DatabasePopulatorUtils.java:52)
		at org.springframework.jdbc.datasource.init.ResourceDatabasePopulator.execute(ResourceDatabasePopulator.java:269)
		at ru.yandex.practicum.configuration.DataSourceConfiguration.populate(DataSourceConfiguration.java:49)
		at java.base/jdk.internal.reflect.DirectMethodHandleAccessor.invoke(DirectMethodHandleAccessor.java:103)
		at java.base/java.lang.reflect.Method.invoke(Method.java:580)
		at org.springframework.context.event.ApplicationListenerMethodAdapter.doInvoke(ApplicationListenerMethodAdapter.java:382)
		at org.springframework.context.event.ApplicationListenerMethodAdapter.processEvent(ApplicationListenerMethodAdapter.java:254)
		at org.springframework.context.event.ApplicationListenerMethodAdapter.onApplicationEvent(ApplicationListenerMethodAdapter.java:173)
		at org.springframework.context.event.SimpleApplicationEventMulticaster.doInvokeListener(SimpleApplicationEventMulticaster.java:185)
		at org.springframework.context.event.SimpleApplicationEventMulticaster.invokeListener(SimpleApplicationEventMulticaster.java:178)
		at org.springframework.context.event.SimpleApplicationEventMulticaster.multicastEvent(SimpleApplicationEventMulticaster.java:156)
		at org.springframework.context.support.AbstractApplicationContext.publishEvent(AbstractApplicationContext.java:454)
		at org.springframework.context.support.AbstractApplicationContext.publishEvent(AbstractApplicationContext.java:387)
		at org.springframework.context.support.AbstractApplicationContext.finishRefresh(AbstractApplicationContext.java:1009)
		at org.springframework.context.support.AbstractApplicationContext.refresh(AbstractApplicationContext.java:630)
		at org.springframework.web.servlet.FrameworkServlet.configureAndRefreshWebApplicationContext(FrameworkServlet.java:706)
		at org.springframework.web.servlet.FrameworkServlet.createWebApplicationContext(FrameworkServlet.java:672)
		at org.springframework.web.servlet.FrameworkServlet.createWebApplicationContext(FrameworkServlet.java:720)
		at org.springframework.web.servlet.FrameworkServlet.initWebApplicationContext(FrameworkServlet.java:595)
		at org.springframework.web.servlet.FrameworkServlet.initServletBean(FrameworkServlet.java:537)
		at org.springframework.web.servlet.HttpServletBean.init(HttpServletBean.java:169)
		at jakarta.servlet.GenericServlet.init(GenericServlet.java:143)
		at jakarta.servlet.http.HttpServlet.init(HttpServlet.java:122)
		at org.apache.catalina.core.StandardWrapper.initServlet(StandardWrapper.java:817)
		at org.apache.catalina.core.StandardWrapper.loadServlet(StandardWrapper.java:787)
		at org.apache.catalina.core.StandardWrapper.allocate(StandardWrapper.java:568)
		at org.apache.catalina.core.StandardWrapperValve.invoke(StandardWrapperValve.java:115)
		at org.apache.catalina.core.StandardContextValve.invoke(StandardContextValve.java:79)
		at org.apache.catalina.authenticator.AuthenticatorBase.invoke(AuthenticatorBase.java:483)
		at org.apache.catalina.core.StandardHostValve.invoke(StandardHostValve.java:115)
		at org.apache.catalina.valves.ErrorReportValve.invoke(ErrorReportValve.java:93)
		at org.apache.catalina.valves.AbstractAccessLogValve.invoke(AbstractAccessLogValve.java:663)
		at org.apache.catalina.core.StandardEngineValve.invoke(StandardEngineValve.java:74)
		at org.apache.catalina.connector.CoyoteAdapter.service(CoyoteAdapter.java:342)
		at org.apache.coyote.http11.Http11Processor.service(Http11Processor.java:395)
		at org.apache.coyote.AbstractProcessorLight.process(AbstractProcessorLight.java:63)
		at org.apache.coyote.AbstractProtocol$ConnectionHandler.process(AbstractProtocol.java:905)
		at org.apache.tomcat.util.net.NioEndpoint$SocketProcessor.doRun(NioEndpoint.java:1746)
		at org.apache.tomcat.util.net.SocketProcessorBase.run(SocketProcessorBase.java:52)
		at org.apache.tomcat.util.threads.ThreadPoolExecutor.runWorker(ThreadPoolExecutor.java:1148)
		at org.apache.tomcat.util.threads.ThreadPoolExecutor$Worker.run(ThreadPoolExecutor.java:636)
		at org.apache.tomcat.util.threads.TaskThread$WrappingRunnable.run(TaskThread.java:63)
		at java.base/java.lang.Thread.run(Thread.java:1583)
14-Jan-2025 11:59:24.317 INFO [main] org.apache.catalina.core.ApplicationContext.log SessionListener: contextDestroyed()
14-Jan-2025 11:59:24.318 INFO [main] org.apache.catalina.core.ApplicationContext.log ContextListener: contextDestroyed()
14-Jan-2025 11:59:33.634 INFO [main] org.apache.catalina.core.ApplicationContext.log No Spring WebApplicationInitializer types detected on classpath
14-Jan-2025 11:59:33.785 INFO [main] org.apache.catalina.core.ApplicationContext.log Initializing Spring DispatcherServlet 'dispatcher'
14-Jan-2025 11:59:34.609 SEVERE [main] org.apache.catalina.core.ApplicationContext.log Servlet.init() для сервлета [dispatcher] выбросил исключение
	org.springframework.jdbc.datasource.init.UncategorizedScriptException: Failed to execute database script
		at org.springframework.jdbc.datasource.init.DatabasePopulatorUtils.execute(DatabasePopulatorUtils.java:67)
		at org.springframework.jdbc.datasource.init.ResourceDatabasePopulator.execute(ResourceDatabasePopulator.java:269)
		at ru.yandex.practicum.configuration.DataSourceConfiguration.populate(DataSourceConfiguration.java:49)
		at java.base/jdk.internal.reflect.DirectMethodHandleAccessor.invoke(DirectMethodHandleAccessor.java:103)
		at java.base/java.lang.reflect.Method.invoke(Method.java:580)
		at org.springframework.context.event.ApplicationListenerMethodAdapter.doInvoke(ApplicationListenerMethodAdapter.java:382)
		at org.springframework.context.event.ApplicationListenerMethodAdapter.processEvent(ApplicationListenerMethodAdapter.java:254)
		at org.springframework.context.event.ApplicationListenerMethodAdapter.onApplicationEvent(ApplicationListenerMethodAdapter.java:173)
		at org.springframework.context.event.SimpleApplicationEventMulticaster.doInvokeListener(SimpleApplicationEventMulticaster.java:185)
		at org.springframework.context.event.SimpleApplicationEventMulticaster.invokeListener(SimpleApplicationEventMulticaster.java:178)
		at org.springframework.context.event.SimpleApplicationEventMulticaster.multicastEvent(SimpleApplicationEventMulticaster.java:156)
		at org.springframework.context.support.AbstractApplicationContext.publishEvent(AbstractApplicationContext.java:454)
		at org.springframework.context.support.AbstractApplicationContext.publishEvent(AbstractApplicationContext.java:387)
		at org.springframework.context.support.AbstractApplicationContext.finishRefresh(AbstractApplicationContext.java:1009)
		at org.springframework.context.support.AbstractApplicationContext.refresh(AbstractApplicationContext.java:630)
		at org.springframework.web.servlet.FrameworkServlet.configureAndRefreshWebApplicationContext(FrameworkServlet.java:706)
		at org.springframework.web.servlet.FrameworkServlet.createWebApplicationContext(FrameworkServlet.java:672)
		at org.springframework.web.servlet.FrameworkServlet.createWebApplicationContext(FrameworkServlet.java:720)
		at org.springframework.web.servlet.FrameworkServlet.initWebApplicationContext(FrameworkServlet.java:595)
		at org.springframework.web.servlet.FrameworkServlet.initServletBean(FrameworkServlet.java:537)
		at org.springframework.web.servlet.HttpServletBean.init(HttpServletBean.java:169)
		at jakarta.servlet.GenericServlet.init(GenericServlet.java:143)
		at jakarta.servlet.http.HttpServlet.init(HttpServlet.java:122)
		at org.apache.catalina.core.StandardWrapper.initServlet(StandardWrapper.java:817)
		at org.apache.catalina.core.StandardWrapper.loadServlet(StandardWrapper.java:787)
		at org.apache.catalina.core.StandardWrapper.load(StandardWrapper.java:691)
		at org.apache.catalina.core.StandardContext.loadOnStartup(StandardContext.java:4153)
		at org.apache.catalina.core.StandardContext.startInternal(StandardContext.java:4437)
		at org.apache.catalina.util.LifecycleBase.start(LifecycleBase.java:164)
		at org.apache.catalina.core.ContainerBase.addChild(ContainerBase.java:566)
		at org.apache.catalina.core.StandardHost.addChild(StandardHost.java:653)
		at org.apache.catalina.startup.HostConfig.deployWAR(HostConfig.java:933)
		at org.apache.catalina.startup.HostConfig$DeployWar.run(HostConfig.java:1875)
		at java.base/java.util.concurrent.Executors$RunnableAdapter.call(Executors.java:572)
		at java.base/java.util.concurrent.FutureTask.run(FutureTask.java:317)
		at org.apache.tomcat.util.threads.InlineExecutorService.execute(InlineExecutorService.java:75)
		at java.base/java.util.concurrent.AbstractExecutorService.submit(AbstractExecutorService.java:123)
		at org.apache.catalina.startup.HostConfig.deployWARs(HostConfig.java:735)
		at org.apache.catalina.startup.HostConfig.deployApps(HostConfig.java:387)
		at org.apache.catalina.startup.HostConfig.start(HostConfig.java:1593)
		at org.apache.catalina.startup.HostConfig.lifecycleEvent(HostConfig.java:267)
		at org.apache.catalina.util.LifecycleBase.fireLifecycleEvent(LifecycleBase.java:109)
		at org.apache.catalina.util.LifecycleBase.setStateInternal(LifecycleBase.java:389)
		at org.apache.catalina.util.LifecycleBase.setState(LifecycleBase.java:336)
		at org.apache.catalina.core.ContainerBase.startInternal(ContainerBase.java:743)
		at org.apache.catalina.core.StandardHost.startInternal(StandardHost.java:771)
		at org.apache.catalina.util.LifecycleBase.start(LifecycleBase.java:164)
		at org.apache.catalina.core.ContainerBase$StartChild.call(ContainerBase.java:1170)
		at org.apache.catalina.core.ContainerBase$StartChild.call(ContainerBase.java:1160)
		at java.base/java.util.concurrent.FutureTask.run(FutureTask.java:317)
		at org.apache.tomcat.util.threads.InlineExecutorService.execute(InlineExecutorService.java:75)
		at java.base/java.util.concurrent.AbstractExecutorService.submit(AbstractExecutorService.java:145)
		at org.apache.catalina.core.ContainerBase.startInternal(ContainerBase.java:716)
		at org.apache.catalina.core.StandardEngine.startInternal(StandardEngine.java:203)
		at org.apache.catalina.util.LifecycleBase.start(LifecycleBase.java:164)
		at org.apache.catalina.core.StandardService.startInternal(StandardService.java:415)
		at org.apache.catalina.util.LifecycleBase.start(LifecycleBase.java:164)
		at org.apache.catalina.core.StandardServer.startInternal(StandardServer.java:866)
		at org.apache.catalina.util.LifecycleBase.start(LifecycleBase.java:164)
		at org.apache.catalina.startup.Catalina.start(Catalina.java:759)
		at java.base/jdk.internal.reflect.DirectMethodHandleAccessor.invoke(DirectMethodHandleAccessor.java:103)
		at java.base/java.lang.reflect.Method.invoke(Method.java:580)
		at org.apache.catalina.startup.Bootstrap.start(Bootstrap.java:342)
		at org.apache.catalina.startup.Bootstrap.main(Bootstrap.java:470)
	Caused by: org.springframework.jdbc.CannotGetJdbcConnectionException: Failed to obtain JDBC Connection
		at org.springframework.jdbc.datasource.DataSourceUtils.getConnection(DataSourceUtils.java:84)
		at org.springframework.jdbc.datasource.init.DatabasePopulatorUtils.execute(DatabasePopulatorUtils.java:52)
		... 63 more
	Caused by: java.sql.SQLException: No suitable driver found for ${spring.datasource.url}
		at java.sql/java.sql.DriverManager.getConnection(DriverManager.java:708)
		at java.sql/java.sql.DriverManager.getConnection(DriverManager.java:191)
		at org.springframework.jdbc.datasource.DriverManagerDataSource.getConnectionFromDriverManager(DriverManagerDataSource.java:155)
		at org.springframework.jdbc.datasource.DriverManagerDataSource.getConnectionFromDriver(DriverManagerDataSource.java:146)
		at org.springframework.jdbc.datasource.AbstractDriverBasedDataSource.getConnectionFromDriver(AbstractDriverBasedDataSource.java:205)
		at org.springframework.jdbc.datasource.AbstractDriverBasedDataSource.getConnection(AbstractDriverBasedDataSource.java:169)
		at org.springframework.jdbc.datasource.DataSourceUtils.fetchConnection(DataSourceUtils.java:160)
		at org.springframework.jdbc.datasource.DataSourceUtils.doGetConnection(DataSourceUtils.java:118)
		at org.springframework.jdbc.datasource.DataSourceUtils.getConnection(DataSourceUtils.java:81)
		... 64 more
14-Jan-2025 11:59:34.610 SEVERE [main] org.apache.catalina.core.StandardContext.loadOnStartup Servlet [dispatcher] in web application [/study] threw load() exception
	java.sql.SQLException: No suitable driver found for ${spring.datasource.url}
		at java.sql/java.sql.DriverManager.getConnection(DriverManager.java:708)
		at java.sql/java.sql.DriverManager.getConnection(DriverManager.java:191)
		at org.springframework.jdbc.datasource.DriverManagerDataSource.getConnectionFromDriverManager(DriverManagerDataSource.java:155)
		at org.springframework.jdbc.datasource.DriverManagerDataSource.getConnectionFromDriver(DriverManagerDataSource.java:146)
		at org.springframework.jdbc.datasource.AbstractDriverBasedDataSource.getConnectionFromDriver(AbstractDriverBasedDataSource.java:205)
		at org.springframework.jdbc.datasource.AbstractDriverBasedDataSource.getConnection(AbstractDriverBasedDataSource.java:169)
		at org.springframework.jdbc.datasource.DataSourceUtils.fetchConnection(DataSourceUtils.java:160)
		at org.springframework.jdbc.datasource.DataSourceUtils.doGetConnection(DataSourceUtils.java:118)
		at org.springframework.jdbc.datasource.DataSourceUtils.getConnection(DataSourceUtils.java:81)
		at org.springframework.jdbc.datasource.init.DatabasePopulatorUtils.execute(DatabasePopulatorUtils.java:52)
		at org.springframework.jdbc.datasource.init.ResourceDatabasePopulator.execute(ResourceDatabasePopulator.java:269)
		at ru.yandex.practicum.configuration.DataSourceConfiguration.populate(DataSourceConfiguration.java:49)
		at java.base/jdk.internal.reflect.DirectMethodHandleAccessor.invoke(DirectMethodHandleAccessor.java:103)
		at java.base/java.lang.reflect.Method.invoke(Method.java:580)
		at org.springframework.context.event.ApplicationListenerMethodAdapter.doInvoke(ApplicationListenerMethodAdapter.java:382)
		at org.springframework.context.event.ApplicationListenerMethodAdapter.processEvent(ApplicationListenerMethodAdapter.java:254)
		at org.springframework.context.event.ApplicationListenerMethodAdapter.onApplicationEvent(ApplicationListenerMethodAdapter.java:173)
		at org.springframework.context.event.SimpleApplicationEventMulticaster.doInvokeListener(SimpleApplicationEventMulticaster.java:185)
		at org.springframework.context.event.SimpleApplicationEventMulticaster.invokeListener(SimpleApplicationEventMulticaster.java:178)
		at org.springframework.context.event.SimpleApplicationEventMulticaster.multicastEvent(SimpleApplicationEventMulticaster.java:156)
		at org.springframework.context.support.AbstractApplicationContext.publishEvent(AbstractApplicationContext.java:454)
		at org.springframework.context.support.AbstractApplicationContext.publishEvent(AbstractApplicationContext.java:387)
		at org.springframework.context.support.AbstractApplicationContext.finishRefresh(AbstractApplicationContext.java:1009)
		at org.springframework.context.support.AbstractApplicationContext.refresh(AbstractApplicationContext.java:630)
		at org.springframework.web.servlet.FrameworkServlet.configureAndRefreshWebApplicationContext(FrameworkServlet.java:706)
		at org.springframework.web.servlet.FrameworkServlet.createWebApplicationContext(FrameworkServlet.java:672)
		at org.springframework.web.servlet.FrameworkServlet.createWebApplicationContext(FrameworkServlet.java:720)
		at org.springframework.web.servlet.FrameworkServlet.initWebApplicationContext(FrameworkServlet.java:595)
		at org.springframework.web.servlet.FrameworkServlet.initServletBean(FrameworkServlet.java:537)
		at org.springframework.web.servlet.HttpServletBean.init(HttpServletBean.java:169)
		at jakarta.servlet.GenericServlet.init(GenericServlet.java:143)
		at jakarta.servlet.http.HttpServlet.init(HttpServlet.java:122)
		at org.apache.catalina.core.StandardWrapper.initServlet(StandardWrapper.java:817)
		at org.apache.catalina.core.StandardWrapper.loadServlet(StandardWrapper.java:787)
		at org.apache.catalina.core.StandardWrapper.load(StandardWrapper.java:691)
		at org.apache.catalina.core.StandardContext.loadOnStartup(StandardContext.java:4153)
		at org.apache.catalina.core.StandardContext.startInternal(StandardContext.java:4437)
		at org.apache.catalina.util.LifecycleBase.start(LifecycleBase.java:164)
		at org.apache.catalina.core.ContainerBase.addChild(ContainerBase.java:566)
		at org.apache.catalina.core.StandardHost.addChild(StandardHost.java:653)
		at org.apache.catalina.startup.HostConfig.deployWAR(HostConfig.java:933)
		at org.apache.catalina.startup.HostConfig$DeployWar.run(HostConfig.java:1875)
		at java.base/java.util.concurrent.Executors$RunnableAdapter.call(Executors.java:572)
		at java.base/java.util.concurrent.FutureTask.run(FutureTask.java:317)
		at org.apache.tomcat.util.threads.InlineExecutorService.execute(InlineExecutorService.java:75)
		at java.base/java.util.concurrent.AbstractExecutorService.submit(AbstractExecutorService.java:123)
		at org.apache.catalina.startup.HostConfig.deployWARs(HostConfig.java:735)
		at org.apache.catalina.startup.HostConfig.deployApps(HostConfig.java:387)
		at org.apache.catalina.startup.HostConfig.start(HostConfig.java:1593)
		at org.apache.catalina.startup.HostConfig.lifecycleEvent(HostConfig.java:267)
		at org.apache.catalina.util.LifecycleBase.fireLifecycleEvent(LifecycleBase.java:109)
		at org.apache.catalina.util.LifecycleBase.setStateInternal(LifecycleBase.java:389)
		at org.apache.catalina.util.LifecycleBase.setState(LifecycleBase.java:336)
		at org.apache.catalina.core.ContainerBase.startInternal(ContainerBase.java:743)
		at org.apache.catalina.core.StandardHost.startInternal(StandardHost.java:771)
		at org.apache.catalina.util.LifecycleBase.start(LifecycleBase.java:164)
		at org.apache.catalina.core.ContainerBase$StartChild.call(ContainerBase.java:1170)
		at org.apache.catalina.core.ContainerBase$StartChild.call(ContainerBase.java:1160)
		at java.base/java.util.concurrent.FutureTask.run(FutureTask.java:317)
		at org.apache.tomcat.util.threads.InlineExecutorService.execute(InlineExecutorService.java:75)
		at java.base/java.util.concurrent.AbstractExecutorService.submit(AbstractExecutorService.java:145)
		at org.apache.catalina.core.ContainerBase.startInternal(ContainerBase.java:716)
		at org.apache.catalina.core.StandardEngine.startInternal(StandardEngine.java:203)
		at org.apache.catalina.util.LifecycleBase.start(LifecycleBase.java:164)
		at org.apache.catalina.core.StandardService.startInternal(StandardService.java:415)
		at org.apache.catalina.util.LifecycleBase.start(LifecycleBase.java:164)
		at org.apache.catalina.core.StandardServer.startInternal(StandardServer.java:866)
		at org.apache.catalina.util.LifecycleBase.start(LifecycleBase.java:164)
		at org.apache.catalina.startup.Catalina.start(Catalina.java:759)
		at java.base/jdk.internal.reflect.DirectMethodHandleAccessor.invoke(DirectMethodHandleAccessor.java:103)
		at java.base/java.lang.reflect.Method.invoke(Method.java:580)
		at org.apache.catalina.startup.Bootstrap.start(Bootstrap.java:342)
		at org.apache.catalina.startup.Bootstrap.main(Bootstrap.java:470)
14-Jan-2025 11:59:34.855 INFO [main] org.apache.catalina.core.ApplicationContext.log ContextListener: contextInitialized()
14-Jan-2025 11:59:34.856 INFO [main] org.apache.catalina.core.ApplicationContext.log SessionListener: contextInitialized()
14-Jan-2025 11:59:34.857 INFO [main] org.apache.catalina.core.ApplicationContext.log ContextListener: attributeAdded('StockTicker', 'async.Stockticker@3c130cb2')
14-Jan-2025 11:59:38.401 INFO [http-nio-8080-exec-1] org.apache.catalina.core.ApplicationContext.log Initializing Spring DispatcherServlet 'dispatcher'
14-Jan-2025 11:59:38.475 SEVERE [http-nio-8080-exec-1] org.apache.catalina.core.ApplicationContext.log Servlet.init() для сервлета [dispatcher] выбросил исключение
	org.springframework.jdbc.datasource.init.UncategorizedScriptException: Failed to execute database script
		at org.springframework.jdbc.datasource.init.DatabasePopulatorUtils.execute(DatabasePopulatorUtils.java:67)
		at org.springframework.jdbc.datasource.init.ResourceDatabasePopulator.execute(ResourceDatabasePopulator.java:269)
		at ru.yandex.practicum.configuration.DataSourceConfiguration.populate(DataSourceConfiguration.java:49)
		at java.base/jdk.internal.reflect.DirectMethodHandleAccessor.invoke(DirectMethodHandleAccessor.java:103)
		at java.base/java.lang.reflect.Method.invoke(Method.java:580)
		at org.springframework.context.event.ApplicationListenerMethodAdapter.doInvoke(ApplicationListenerMethodAdapter.java:382)
		at org.springframework.context.event.ApplicationListenerMethodAdapter.processEvent(ApplicationListenerMethodAdapter.java:254)
		at org.springframework.context.event.ApplicationListenerMethodAdapter.onApplicationEvent(ApplicationListenerMethodAdapter.java:173)
		at org.springframework.context.event.SimpleApplicationEventMulticaster.doInvokeListener(SimpleApplicationEventMulticaster.java:185)
		at org.springframework.context.event.SimpleApplicationEventMulticaster.invokeListener(SimpleApplicationEventMulticaster.java:178)
		at org.springframework.context.event.SimpleApplicationEventMulticaster.multicastEvent(SimpleApplicationEventMulticaster.java:156)
		at org.springframework.context.support.AbstractApplicationContext.publishEvent(AbstractApplicationContext.java:454)
		at org.springframework.context.support.AbstractApplicationContext.publishEvent(AbstractApplicationContext.java:387)
		at org.springframework.context.support.AbstractApplicationContext.finishRefresh(AbstractApplicationContext.java:1009)
		at org.springframework.context.support.AbstractApplicationContext.refresh(AbstractApplicationContext.java:630)
		at org.springframework.web.servlet.FrameworkServlet.configureAndRefreshWebApplicationContext(FrameworkServlet.java:706)
		at org.springframework.web.servlet.FrameworkServlet.createWebApplicationContext(FrameworkServlet.java:672)
		at org.springframework.web.servlet.FrameworkServlet.createWebApplicationContext(FrameworkServlet.java:720)
		at org.springframework.web.servlet.FrameworkServlet.initWebApplicationContext(FrameworkServlet.java:595)
		at org.springframework.web.servlet.FrameworkServlet.initServletBean(FrameworkServlet.java:537)
		at org.springframework.web.servlet.HttpServletBean.init(HttpServletBean.java:169)
		at jakarta.servlet.GenericServlet.init(GenericServlet.java:143)
		at jakarta.servlet.http.HttpServlet.init(HttpServlet.java:122)
		at org.apache.catalina.core.StandardWrapper.initServlet(StandardWrapper.java:817)
		at org.apache.catalina.core.StandardWrapper.loadServlet(StandardWrapper.java:787)
		at org.apache.catalina.core.StandardWrapper.allocate(StandardWrapper.java:568)
		at org.apache.catalina.core.StandardWrapperValve.invoke(StandardWrapperValve.java:115)
		at org.apache.catalina.core.StandardContextValve.invoke(StandardContextValve.java:79)
		at org.apache.catalina.authenticator.AuthenticatorBase.invoke(AuthenticatorBase.java:483)
		at org.apache.catalina.core.StandardHostValve.invoke(StandardHostValve.java:115)
		at org.apache.catalina.valves.ErrorReportValve.invoke(ErrorReportValve.java:93)
		at org.apache.catalina.valves.AbstractAccessLogValve.invoke(AbstractAccessLogValve.java:663)
		at org.apache.catalina.core.StandardEngineValve.invoke(StandardEngineValve.java:74)
		at org.apache.catalina.connector.CoyoteAdapter.service(CoyoteAdapter.java:342)
		at org.apache.coyote.http11.Http11Processor.service(Http11Processor.java:395)
		at org.apache.coyote.AbstractProcessorLight.process(AbstractProcessorLight.java:63)
		at org.apache.coyote.AbstractProtocol$ConnectionHandler.process(AbstractProtocol.java:905)
		at org.apache.tomcat.util.net.NioEndpoint$SocketProcessor.doRun(NioEndpoint.java:1746)
		at org.apache.tomcat.util.net.SocketProcessorBase.run(SocketProcessorBase.java:52)
		at org.apache.tomcat.util.threads.ThreadPoolExecutor.runWorker(ThreadPoolExecutor.java:1148)
		at org.apache.tomcat.util.threads.ThreadPoolExecutor$Worker.run(ThreadPoolExecutor.java:636)
		at org.apache.tomcat.util.threads.TaskThread$WrappingRunnable.run(TaskThread.java:63)
		at java.base/java.lang.Thread.run(Thread.java:1583)
	Caused by: org.springframework.jdbc.CannotGetJdbcConnectionException: Failed to obtain JDBC Connection
		at org.springframework.jdbc.datasource.DataSourceUtils.getConnection(DataSourceUtils.java:84)
		at org.springframework.jdbc.datasource.init.DatabasePopulatorUtils.execute(DatabasePopulatorUtils.java:52)
		... 42 more
	Caused by: java.sql.SQLException: No suitable driver found for ${spring.datasource.url}
		at java.sql/java.sql.DriverManager.getConnection(DriverManager.java:708)
		at java.sql/java.sql.DriverManager.getConnection(DriverManager.java:191)
		at org.springframework.jdbc.datasource.DriverManagerDataSource.getConnectionFromDriverManager(DriverManagerDataSource.java:155)
		at org.springframework.jdbc.datasource.DriverManagerDataSource.getConnectionFromDriver(DriverManagerDataSource.java:146)
		at org.springframework.jdbc.datasource.AbstractDriverBasedDataSource.getConnectionFromDriver(AbstractDriverBasedDataSource.java:205)
		at org.springframework.jdbc.datasource.AbstractDriverBasedDataSource.getConnection(AbstractDriverBasedDataSource.java:169)
		at org.springframework.jdbc.datasource.DataSourceUtils.fetchConnection(DataSourceUtils.java:160)
		at org.springframework.jdbc.datasource.DataSourceUtils.doGetConnection(DataSourceUtils.java:118)
		at org.springframework.jdbc.datasource.DataSourceUtils.getConnection(DataSourceUtils.java:81)
		... 43 more
14-Jan-2025 11:59:38.475 SEVERE [http-nio-8080-exec-1] org.apache.catalina.core.StandardWrapperValve.invoke Ошибка выделения для сервлета [dispatcher]
	java.sql.SQLException: No suitable driver found for ${spring.datasource.url}
		at java.sql/java.sql.DriverManager.getConnection(DriverManager.java:708)
		at java.sql/java.sql.DriverManager.getConnection(DriverManager.java:191)
		at org.springframework.jdbc.datasource.DriverManagerDataSource.getConnectionFromDriverManager(DriverManagerDataSource.java:155)
		at org.springframework.jdbc.datasource.DriverManagerDataSource.getConnectionFromDriver(DriverManagerDataSource.java:146)
		at org.springframework.jdbc.datasource.AbstractDriverBasedDataSource.getConnectionFromDriver(AbstractDriverBasedDataSource.java:205)
		at org.springframework.jdbc.datasource.AbstractDriverBasedDataSource.getConnection(AbstractDriverBasedDataSource.java:169)
		at org.springframework.jdbc.datasource.DataSourceUtils.fetchConnection(DataSourceUtils.java:160)
		at org.springframework.jdbc.datasource.DataSourceUtils.doGetConnection(DataSourceUtils.java:118)
		at org.springframework.jdbc.datasource.DataSourceUtils.getConnection(DataSourceUtils.java:81)
		at org.springframework.jdbc.datasource.init.DatabasePopulatorUtils.execute(DatabasePopulatorUtils.java:52)
		at org.springframework.jdbc.datasource.init.ResourceDatabasePopulator.execute(ResourceDatabasePopulator.java:269)
		at ru.yandex.practicum.configuration.DataSourceConfiguration.populate(DataSourceConfiguration.java:49)
		at java.base/jdk.internal.reflect.DirectMethodHandleAccessor.invoke(DirectMethodHandleAccessor.java:103)
		at java.base/java.lang.reflect.Method.invoke(Method.java:580)
		at org.springframework.context.event.ApplicationListenerMethodAdapter.doInvoke(ApplicationListenerMethodAdapter.java:382)
		at org.springframework.context.event.ApplicationListenerMethodAdapter.processEvent(ApplicationListenerMethodAdapter.java:254)
		at org.springframework.context.event.ApplicationListenerMethodAdapter.onApplicationEvent(ApplicationListenerMethodAdapter.java:173)
		at org.springframework.context.event.SimpleApplicationEventMulticaster.doInvokeListener(SimpleApplicationEventMulticaster.java:185)
		at org.springframework.context.event.SimpleApplicationEventMulticaster.invokeListener(SimpleApplicationEventMulticaster.java:178)
		at org.springframework.context.event.SimpleApplicationEventMulticaster.multicastEvent(SimpleApplicationEventMulticaster.java:156)
		at org.springframework.context.support.AbstractApplicationContext.publishEvent(AbstractApplicationContext.java:454)
		at org.springframework.context.support.AbstractApplicationContext.publishEvent(AbstractApplicationContext.java:387)
		at org.springframework.context.support.AbstractApplicationContext.finishRefresh(AbstractApplicationContext.java:1009)
		at org.springframework.context.support.AbstractApplicationContext.refresh(AbstractApplicationContext.java:630)
		at org.springframework.web.servlet.FrameworkServlet.configureAndRefreshWebApplicationContext(FrameworkServlet.java:706)
		at org.springframework.web.servlet.FrameworkServlet.createWebApplicationContext(FrameworkServlet.java:672)
		at org.springframework.web.servlet.FrameworkServlet.createWebApplicationContext(FrameworkServlet.java:720)
		at org.springframework.web.servlet.FrameworkServlet.initWebApplicationContext(FrameworkServlet.java:595)
		at org.springframework.web.servlet.FrameworkServlet.initServletBean(FrameworkServlet.java:537)
		at org.springframework.web.servlet.HttpServletBean.init(HttpServletBean.java:169)
		at jakarta.servlet.GenericServlet.init(GenericServlet.java:143)
		at jakarta.servlet.http.HttpServlet.init(HttpServlet.java:122)
		at org.apache.catalina.core.StandardWrapper.initServlet(StandardWrapper.java:817)
		at org.apache.catalina.core.StandardWrapper.loadServlet(StandardWrapper.java:787)
		at org.apache.catalina.core.StandardWrapper.allocate(StandardWrapper.java:568)
		at org.apache.catalina.core.StandardWrapperValve.invoke(StandardWrapperValve.java:115)
		at org.apache.catalina.core.StandardContextValve.invoke(StandardContextValve.java:79)
		at org.apache.catalina.authenticator.AuthenticatorBase.invoke(AuthenticatorBase.java:483)
		at org.apache.catalina.core.StandardHostValve.invoke(StandardHostValve.java:115)
		at org.apache.catalina.valves.ErrorReportValve.invoke(ErrorReportValve.java:93)
		at org.apache.catalina.valves.AbstractAccessLogValve.invoke(AbstractAccessLogValve.java:663)
		at org.apache.catalina.core.StandardEngineValve.invoke(StandardEngineValve.java:74)
		at org.apache.catalina.connector.CoyoteAdapter.service(CoyoteAdapter.java:342)
		at org.apache.coyote.http11.Http11Processor.service(Http11Processor.java:395)
		at org.apache.coyote.AbstractProcessorLight.process(AbstractProcessorLight.java:63)
		at org.apache.coyote.AbstractProtocol$ConnectionHandler.process(AbstractProtocol.java:905)
		at org.apache.tomcat.util.net.NioEndpoint$SocketProcessor.doRun(NioEndpoint.java:1746)
		at org.apache.tomcat.util.net.SocketProcessorBase.run(SocketProcessorBase.java:52)
		at org.apache.tomcat.util.threads.ThreadPoolExecutor.runWorker(ThreadPoolExecutor.java:1148)
		at org.apache.tomcat.util.threads.ThreadPoolExecutor$Worker.run(ThreadPoolExecutor.java:636)
		at org.apache.tomcat.util.threads.TaskThread$WrappingRunnable.run(TaskThread.java:63)
		at java.base/java.lang.Thread.run(Thread.java:1583)
14-Jan-2025 11:59:40.202 INFO [http-nio-8080-exec-2] org.apache.catalina.core.ApplicationContext.log Initializing Spring DispatcherServlet 'dispatcher'
14-Jan-2025 11:59:40.277 SEVERE [http-nio-8080-exec-2] org.apache.catalina.core.ApplicationContext.log Servlet.init() для сервлета [dispatcher] выбросил исключение
	org.springframework.jdbc.datasource.init.UncategorizedScriptException: Failed to execute database script
		at org.springframework.jdbc.datasource.init.DatabasePopulatorUtils.execute(DatabasePopulatorUtils.java:67)
		at org.springframework.jdbc.datasource.init.ResourceDatabasePopulator.execute(ResourceDatabasePopulator.java:269)
		at ru.yandex.practicum.configuration.DataSourceConfiguration.populate(DataSourceConfiguration.java:49)
		at java.base/jdk.internal.reflect.DirectMethodHandleAccessor.invoke(DirectMethodHandleAccessor.java:103)
		at java.base/java.lang.reflect.Method.invoke(Method.java:580)
		at org.springframework.context.event.ApplicationListenerMethodAdapter.doInvoke(ApplicationListenerMethodAdapter.java:382)
		at org.springframework.context.event.ApplicationListenerMethodAdapter.processEvent(ApplicationListenerMethodAdapter.java:254)
		at org.springframework.context.event.ApplicationListenerMethodAdapter.onApplicationEvent(ApplicationListenerMethodAdapter.java:173)
		at org.springframework.context.event.SimpleApplicationEventMulticaster.doInvokeListener(SimpleApplicationEventMulticaster.java:185)
		at org.springframework.context.event.SimpleApplicationEventMulticaster.invokeListener(SimpleApplicationEventMulticaster.java:178)
		at org.springframework.context.event.SimpleApplicationEventMulticaster.multicastEvent(SimpleApplicationEventMulticaster.java:156)
		at org.springframework.context.support.AbstractApplicationContext.publishEvent(AbstractApplicationContext.java:454)
		at org.springframework.context.support.AbstractApplicationContext.publishEvent(AbstractApplicationContext.java:387)
		at org.springframework.context.support.AbstractApplicationContext.finishRefresh(AbstractApplicationContext.java:1009)
		at org.springframework.context.support.AbstractApplicationContext.refresh(AbstractApplicationContext.java:630)
		at org.springframework.web.servlet.FrameworkServlet.configureAndRefreshWebApplicationContext(FrameworkServlet.java:706)
		at org.springframework.web.servlet.FrameworkServlet.createWebApplicationContext(FrameworkServlet.java:672)
		at org.springframework.web.servlet.FrameworkServlet.createWebApplicationContext(FrameworkServlet.java:720)
		at org.springframework.web.servlet.FrameworkServlet.initWebApplicationContext(FrameworkServlet.java:595)
		at org.springframework.web.servlet.FrameworkServlet.initServletBean(FrameworkServlet.java:537)
		at org.springframework.web.servlet.HttpServletBean.init(HttpServletBean.java:169)
		at jakarta.servlet.GenericServlet.init(GenericServlet.java:143)
		at jakarta.servlet.http.HttpServlet.init(HttpServlet.java:122)
		at org.apache.catalina.core.StandardWrapper.initServlet(StandardWrapper.java:817)
		at org.apache.catalina.core.StandardWrapper.loadServlet(StandardWrapper.java:787)
		at org.apache.catalina.core.StandardWrapper.allocate(StandardWrapper.java:568)
		at org.apache.catalina.core.StandardWrapperValve.invoke(StandardWrapperValve.java:115)
		at org.apache.catalina.core.StandardContextValve.invoke(StandardContextValve.java:79)
		at org.apache.catalina.authenticator.AuthenticatorBase.invoke(AuthenticatorBase.java:483)
		at org.apache.catalina.core.StandardHostValve.invoke(StandardHostValve.java:115)
		at org.apache.catalina.valves.ErrorReportValve.invoke(ErrorReportValve.java:93)
		at org.apache.catalina.valves.AbstractAccessLogValve.invoke(AbstractAccessLogValve.java:663)
		at org.apache.catalina.core.StandardEngineValve.invoke(StandardEngineValve.java:74)
		at org.apache.catalina.connector.CoyoteAdapter.service(CoyoteAdapter.java:342)
		at org.apache.coyote.http11.Http11Processor.service(Http11Processor.java:395)
		at org.apache.coyote.AbstractProcessorLight.process(AbstractProcessorLight.java:63)
		at org.apache.coyote.AbstractProtocol$ConnectionHandler.process(AbstractProtocol.java:905)
		at org.apache.tomcat.util.net.NioEndpoint$SocketProcessor.doRun(NioEndpoint.java:1746)
		at org.apache.tomcat.util.net.SocketProcessorBase.run(SocketProcessorBase.java:52)
		at org.apache.tomcat.util.threads.ThreadPoolExecutor.runWorker(ThreadPoolExecutor.java:1148)
		at org.apache.tomcat.util.threads.ThreadPoolExecutor$Worker.run(ThreadPoolExecutor.java:636)
		at org.apache.tomcat.util.threads.TaskThread$WrappingRunnable.run(TaskThread.java:63)
		at java.base/java.lang.Thread.run(Thread.java:1583)
	Caused by: org.springframework.jdbc.CannotGetJdbcConnectionException: Failed to obtain JDBC Connection
		at org.springframework.jdbc.datasource.DataSourceUtils.getConnection(DataSourceUtils.java:84)
		at org.springframework.jdbc.datasource.init.DatabasePopulatorUtils.execute(DatabasePopulatorUtils.java:52)
		... 42 more
	Caused by: java.sql.SQLException: No suitable driver found for ${spring.datasource.url}
		at java.sql/java.sql.DriverManager.getConnection(DriverManager.java:708)
		at java.sql/java.sql.DriverManager.getConnection(DriverManager.java:191)
		at org.springframework.jdbc.datasource.DriverManagerDataSource.getConnectionFromDriverManager(DriverManagerDataSource.java:155)
		at org.springframework.jdbc.datasource.DriverManagerDataSource.getConnectionFromDriver(DriverManagerDataSource.java:146)
		at org.springframework.jdbc.datasource.AbstractDriverBasedDataSource.getConnectionFromDriver(AbstractDriverBasedDataSource.java:205)
		at org.springframework.jdbc.datasource.AbstractDriverBasedDataSource.getConnection(AbstractDriverBasedDataSource.java:169)
		at org.springframework.jdbc.datasource.DataSourceUtils.fetchConnection(DataSourceUtils.java:160)
		at org.springframework.jdbc.datasource.DataSourceUtils.doGetConnection(DataSourceUtils.java:118)
		at org.springframework.jdbc.datasource.DataSourceUtils.getConnection(DataSourceUtils.java:81)
		... 43 more
14-Jan-2025 11:59:40.277 SEVERE [http-nio-8080-exec-2] org.apache.catalina.core.StandardWrapperValve.invoke Ошибка выделения для сервлета [dispatcher]
	java.sql.SQLException: No suitable driver found for ${spring.datasource.url}
		at java.sql/java.sql.DriverManager.getConnection(DriverManager.java:708)
		at java.sql/java.sql.DriverManager.getConnection(DriverManager.java:191)
		at org.springframework.jdbc.datasource.DriverManagerDataSource.getConnectionFromDriverManager(DriverManagerDataSource.java:155)
		at org.springframework.jdbc.datasource.DriverManagerDataSource.getConnectionFromDriver(DriverManagerDataSource.java:146)
		at org.springframework.jdbc.datasource.AbstractDriverBasedDataSource.getConnectionFromDriver(AbstractDriverBasedDataSource.java:205)
		at org.springframework.jdbc.datasource.AbstractDriverBasedDataSource.getConnection(AbstractDriverBasedDataSource.java:169)
		at org.springframework.jdbc.datasource.DataSourceUtils.fetchConnection(DataSourceUtils.java:160)
		at org.springframework.jdbc.datasource.DataSourceUtils.doGetConnection(DataSourceUtils.java:118)
		at org.springframework.jdbc.datasource.DataSourceUtils.getConnection(DataSourceUtils.java:81)
		at org.springframework.jdbc.datasource.init.DatabasePopulatorUtils.execute(DatabasePopulatorUtils.java:52)
		at org.springframework.jdbc.datasource.init.ResourceDatabasePopulator.execute(ResourceDatabasePopulator.java:269)
		at ru.yandex.practicum.configuration.DataSourceConfiguration.populate(DataSourceConfiguration.java:49)
		at java.base/jdk.internal.reflect.DirectMethodHandleAccessor.invoke(DirectMethodHandleAccessor.java:103)
		at java.base/java.lang.reflect.Method.invoke(Method.java:580)
		at org.springframework.context.event.ApplicationListenerMethodAdapter.doInvoke(ApplicationListenerMethodAdapter.java:382)
		at org.springframework.context.event.ApplicationListenerMethodAdapter.processEvent(ApplicationListenerMethodAdapter.java:254)
		at org.springframework.context.event.ApplicationListenerMethodAdapter.onApplicationEvent(ApplicationListenerMethodAdapter.java:173)
		at org.springframework.context.event.SimpleApplicationEventMulticaster.doInvokeListener(SimpleApplicationEventMulticaster.java:185)
		at org.springframework.context.event.SimpleApplicationEventMulticaster.invokeListener(SimpleApplicationEventMulticaster.java:178)
		at org.springframework.context.event.SimpleApplicationEventMulticaster.multicastEvent(SimpleApplicationEventMulticaster.java:156)
		at org.springframework.context.support.AbstractApplicationContext.publishEvent(AbstractApplicationContext.java:454)
		at org.springframework.context.support.AbstractApplicationContext.publishEvent(AbstractApplicationContext.java:387)
		at org.springframework.context.support.AbstractApplicationContext.finishRefresh(AbstractApplicationContext.java:1009)
		at org.springframework.context.support.AbstractApplicationContext.refresh(AbstractApplicationContext.java:630)
		at org.springframework.web.servlet.FrameworkServlet.configureAndRefreshWebApplicationContext(FrameworkServlet.java:706)
		at org.springframework.web.servlet.FrameworkServlet.createWebApplicationContext(FrameworkServlet.java:672)
		at org.springframework.web.servlet.FrameworkServlet.createWebApplicationContext(FrameworkServlet.java:720)
		at org.springframework.web.servlet.FrameworkServlet.initWebApplicationContext(FrameworkServlet.java:595)
		at org.springframework.web.servlet.FrameworkServlet.initServletBean(FrameworkServlet.java:537)
		at org.springframework.web.servlet.HttpServletBean.init(HttpServletBean.java:169)
		at jakarta.servlet.GenericServlet.init(GenericServlet.java:143)
		at jakarta.servlet.http.HttpServlet.init(HttpServlet.java:122)
		at org.apache.catalina.core.StandardWrapper.initServlet(StandardWrapper.java:817)
		at org.apache.catalina.core.StandardWrapper.loadServlet(StandardWrapper.java:787)
		at org.apache.catalina.core.StandardWrapper.allocate(StandardWrapper.java:568)
		at org.apache.catalina.core.StandardWrapperValve.invoke(StandardWrapperValve.java:115)
		at org.apache.catalina.core.StandardContextValve.invoke(StandardContextValve.java:79)
		at org.apache.catalina.authenticator.AuthenticatorBase.invoke(AuthenticatorBase.java:483)
		at org.apache.catalina.core.StandardHostValve.invoke(StandardHostValve.java:115)
		at org.apache.catalina.valves.ErrorReportValve.invoke(ErrorReportValve.java:93)
		at org.apache.catalina.valves.AbstractAccessLogValve.invoke(AbstractAccessLogValve.java:663)
		at org.apache.catalina.core.StandardEngineValve.invoke(StandardEngineValve.java:74)
		at org.apache.catalina.connector.CoyoteAdapter.service(CoyoteAdapter.java:342)
		at org.apache.coyote.http11.Http11Processor.service(Http11Processor.java:395)
		at org.apache.coyote.AbstractProcessorLight.process(AbstractProcessorLight.java:63)
		at org.apache.coyote.AbstractProtocol$ConnectionHandler.process(AbstractProtocol.java:905)
		at org.apache.tomcat.util.net.NioEndpoint$SocketProcessor.doRun(NioEndpoint.java:1746)
		at org.apache.tomcat.util.net.SocketProcessorBase.run(SocketProcessorBase.java:52)
		at org.apache.tomcat.util.threads.ThreadPoolExecutor.runWorker(ThreadPoolExecutor.java:1148)
		at org.apache.tomcat.util.threads.ThreadPoolExecutor$Worker.run(ThreadPoolExecutor.java:636)
		at org.apache.tomcat.util.threads.TaskThread$WrappingRunnable.run(TaskThread.java:63)
		at java.base/java.lang.Thread.run(Thread.java:1583)
14-Jan-2025 12:02:08.152 INFO [main] org.apache.catalina.core.ApplicationContext.log SessionListener: contextDestroyed()
14-Jan-2025 12:02:08.152 INFO [main] org.apache.catalina.core.ApplicationContext.log ContextListener: contextDestroyed()
14-Jan-2025 12:02:23.348 INFO [main] org.apache.catalina.core.ApplicationContext.log No Spring WebApplicationInitializer types detected on classpath
14-Jan-2025 12:02:23.499 INFO [main] org.apache.catalina.core.ApplicationContext.log Initializing Spring DispatcherServlet 'dispatcher'
14-Jan-2025 12:02:24.386 SEVERE [main] org.apache.catalina.core.ApplicationContext.log Servlet.init() для сервлета [dispatcher] выбросил исключение
	org.springframework.jdbc.datasource.init.UncategorizedScriptException: Failed to execute database script
		at org.springframework.jdbc.datasource.init.DatabasePopulatorUtils.execute(DatabasePopulatorUtils.java:67)
		at org.springframework.jdbc.datasource.init.ResourceDatabasePopulator.execute(ResourceDatabasePopulator.java:269)
		at ru.yandex.practicum.configuration.DataSourceConfiguration.populate(DataSourceConfiguration.java:49)
		at java.base/jdk.internal.reflect.DirectMethodHandleAccessor.invoke(DirectMethodHandleAccessor.java:103)
		at java.base/java.lang.reflect.Method.invoke(Method.java:580)
		at org.springframework.context.event.ApplicationListenerMethodAdapter.doInvoke(ApplicationListenerMethodAdapter.java:382)
		at org.springframework.context.event.ApplicationListenerMethodAdapter.processEvent(ApplicationListenerMethodAdapter.java:254)
		at org.springframework.context.event.ApplicationListenerMethodAdapter.onApplicationEvent(ApplicationListenerMethodAdapter.java:173)
		at org.springframework.context.event.SimpleApplicationEventMulticaster.doInvokeListener(SimpleApplicationEventMulticaster.java:185)
		at org.springframework.context.event.SimpleApplicationEventMulticaster.invokeListener(SimpleApplicationEventMulticaster.java:178)
		at org.springframework.context.event.SimpleApplicationEventMulticaster.multicastEvent(SimpleApplicationEventMulticaster.java:156)
		at org.springframework.context.support.AbstractApplicationContext.publishEvent(AbstractApplicationContext.java:454)
		at org.springframework.context.support.AbstractApplicationContext.publishEvent(AbstractApplicationContext.java:387)
		at org.springframework.context.support.AbstractApplicationContext.finishRefresh(AbstractApplicationContext.java:1009)
		at org.springframework.context.support.AbstractApplicationContext.refresh(AbstractApplicationContext.java:630)
		at org.springframework.web.servlet.FrameworkServlet.configureAndRefreshWebApplicationContext(FrameworkServlet.java:706)
		at org.springframework.web.servlet.FrameworkServlet.createWebApplicationContext(FrameworkServlet.java:672)
		at org.springframework.web.servlet.FrameworkServlet.createWebApplicationContext(FrameworkServlet.java:720)
		at org.springframework.web.servlet.FrameworkServlet.initWebApplicationContext(FrameworkServlet.java:595)
		at org.springframework.web.servlet.FrameworkServlet.initServletBean(FrameworkServlet.java:537)
		at org.springframework.web.servlet.HttpServletBean.init(HttpServletBean.java:169)
		at jakarta.servlet.GenericServlet.init(GenericServlet.java:143)
		at jakarta.servlet.http.HttpServlet.init(HttpServlet.java:122)
		at org.apache.catalina.core.StandardWrapper.initServlet(StandardWrapper.java:817)
		at org.apache.catalina.core.StandardWrapper.loadServlet(StandardWrapper.java:787)
		at org.apache.catalina.core.StandardWrapper.load(StandardWrapper.java:691)
		at org.apache.catalina.core.StandardContext.loadOnStartup(StandardContext.java:4153)
		at org.apache.catalina.core.StandardContext.startInternal(StandardContext.java:4437)
		at org.apache.catalina.util.LifecycleBase.start(LifecycleBase.java:164)
		at org.apache.catalina.core.ContainerBase.addChild(ContainerBase.java:566)
		at org.apache.catalina.core.StandardHost.addChild(StandardHost.java:653)
		at org.apache.catalina.startup.HostConfig.deployWAR(HostConfig.java:933)
		at org.apache.catalina.startup.HostConfig$DeployWar.run(HostConfig.java:1875)
		at java.base/java.util.concurrent.Executors$RunnableAdapter.call(Executors.java:572)
		at java.base/java.util.concurrent.FutureTask.run(FutureTask.java:317)
		at org.apache.tomcat.util.threads.InlineExecutorService.execute(InlineExecutorService.java:75)
		at java.base/java.util.concurrent.AbstractExecutorService.submit(AbstractExecutorService.java:123)
		at org.apache.catalina.startup.HostConfig.deployWARs(HostConfig.java:735)
		at org.apache.catalina.startup.HostConfig.deployApps(HostConfig.java:387)
		at org.apache.catalina.startup.HostConfig.start(HostConfig.java:1593)
		at org.apache.catalina.startup.HostConfig.lifecycleEvent(HostConfig.java:267)
		at org.apache.catalina.util.LifecycleBase.fireLifecycleEvent(LifecycleBase.java:109)
		at org.apache.catalina.util.LifecycleBase.setStateInternal(LifecycleBase.java:389)
		at org.apache.catalina.util.LifecycleBase.setState(LifecycleBase.java:336)
		at org.apache.catalina.core.ContainerBase.startInternal(ContainerBase.java:743)
		at org.apache.catalina.core.StandardHost.startInternal(StandardHost.java:771)
		at org.apache.catalina.util.LifecycleBase.start(LifecycleBase.java:164)
		at org.apache.catalina.core.ContainerBase$StartChild.call(ContainerBase.java:1170)
		at org.apache.catalina.core.ContainerBase$StartChild.call(ContainerBase.java:1160)
		at java.base/java.util.concurrent.FutureTask.run(FutureTask.java:317)
		at org.apache.tomcat.util.threads.InlineExecutorService.execute(InlineExecutorService.java:75)
		at java.base/java.util.concurrent.AbstractExecutorService.submit(AbstractExecutorService.java:145)
		at org.apache.catalina.core.ContainerBase.startInternal(ContainerBase.java:716)
		at org.apache.catalina.core.StandardEngine.startInternal(StandardEngine.java:203)
		at org.apache.catalina.util.LifecycleBase.start(LifecycleBase.java:164)
		at org.apache.catalina.core.StandardService.startInternal(StandardService.java:415)
		at org.apache.catalina.util.LifecycleBase.start(LifecycleBase.java:164)
		at org.apache.catalina.core.StandardServer.startInternal(StandardServer.java:866)
		at org.apache.catalina.util.LifecycleBase.start(LifecycleBase.java:164)
		at org.apache.catalina.startup.Catalina.start(Catalina.java:759)
		at java.base/jdk.internal.reflect.DirectMethodHandleAccessor.invoke(DirectMethodHandleAccessor.java:103)
		at java.base/java.lang.reflect.Method.invoke(Method.java:580)
		at org.apache.catalina.startup.Bootstrap.start(Bootstrap.java:342)
		at org.apache.catalina.startup.Bootstrap.main(Bootstrap.java:470)
	Caused by: org.springframework.jdbc.CannotGetJdbcConnectionException: Failed to obtain JDBC Connection
		at org.springframework.jdbc.datasource.DataSourceUtils.getConnection(DataSourceUtils.java:84)
		at org.springframework.jdbc.datasource.init.DatabasePopulatorUtils.execute(DatabasePopulatorUtils.java:52)
		... 63 more
	Caused by: java.sql.SQLException: No suitable driver found for ${spring.datasource.url}
		at java.sql/java.sql.DriverManager.getConnection(DriverManager.java:708)
		at java.sql/java.sql.DriverManager.getConnection(DriverManager.java:191)
		at org.springframework.jdbc.datasource.DriverManagerDataSource.getConnectionFromDriverManager(DriverManagerDataSource.java:155)
		at org.springframework.jdbc.datasource.DriverManagerDataSource.getConnectionFromDriver(DriverManagerDataSource.java:146)
		at org.springframework.jdbc.datasource.AbstractDriverBasedDataSource.getConnectionFromDriver(AbstractDriverBasedDataSource.java:205)
		at org.springframework.jdbc.datasource.AbstractDriverBasedDataSource.getConnection(AbstractDriverBasedDataSource.java:169)
		at org.springframework.jdbc.datasource.DataSourceUtils.fetchConnection(DataSourceUtils.java:160)
		at org.springframework.jdbc.datasource.DataSourceUtils.doGetConnection(DataSourceUtils.java:118)
		at org.springframework.jdbc.datasource.DataSourceUtils.getConnection(DataSourceUtils.java:81)
		... 64 more
14-Jan-2025 12:02:24.387 SEVERE [main] org.apache.catalina.core.StandardContext.loadOnStartup Servlet [dispatcher] in web application [/study] threw load() exception
	java.sql.SQLException: No suitable driver found for ${spring.datasource.url}
		at java.sql/java.sql.DriverManager.getConnection(DriverManager.java:708)
		at java.sql/java.sql.DriverManager.getConnection(DriverManager.java:191)
		at org.springframework.jdbc.datasource.DriverManagerDataSource.getConnectionFromDriverManager(DriverManagerDataSource.java:155)
		at org.springframework.jdbc.datasource.DriverManagerDataSource.getConnectionFromDriver(DriverManagerDataSource.java:146)
		at org.springframework.jdbc.datasource.AbstractDriverBasedDataSource.getConnectionFromDriver(AbstractDriverBasedDataSource.java:205)
		at org.springframework.jdbc.datasource.AbstractDriverBasedDataSource.getConnection(AbstractDriverBasedDataSource.java:169)
		at org.springframework.jdbc.datasource.DataSourceUtils.fetchConnection(DataSourceUtils.java:160)
		at org.springframework.jdbc.datasource.DataSourceUtils.doGetConnection(DataSourceUtils.java:118)
		at org.springframework.jdbc.datasource.DataSourceUtils.getConnection(DataSourceUtils.java:81)
		at org.springframework.jdbc.datasource.init.DatabasePopulatorUtils.execute(DatabasePopulatorUtils.java:52)
		at org.springframework.jdbc.datasource.init.ResourceDatabasePopulator.execute(ResourceDatabasePopulator.java:269)
		at ru.yandex.practicum.configuration.DataSourceConfiguration.populate(DataSourceConfiguration.java:49)
		at java.base/jdk.internal.reflect.DirectMethodHandleAccessor.invoke(DirectMethodHandleAccessor.java:103)
		at java.base/java.lang.reflect.Method.invoke(Method.java:580)
		at org.springframework.context.event.ApplicationListenerMethodAdapter.doInvoke(ApplicationListenerMethodAdapter.java:382)
		at org.springframework.context.event.ApplicationListenerMethodAdapter.processEvent(ApplicationListenerMethodAdapter.java:254)
		at org.springframework.context.event.ApplicationListenerMethodAdapter.onApplicationEvent(ApplicationListenerMethodAdapter.java:173)
		at org.springframework.context.event.SimpleApplicationEventMulticaster.doInvokeListener(SimpleApplicationEventMulticaster.java:185)
		at org.springframework.context.event.SimpleApplicationEventMulticaster.invokeListener(SimpleApplicationEventMulticaster.java:178)
		at org.springframework.context.event.SimpleApplicationEventMulticaster.multicastEvent(SimpleApplicationEventMulticaster.java:156)
		at org.springframework.context.support.AbstractApplicationContext.publishEvent(AbstractApplicationContext.java:454)
		at org.springframework.context.support.AbstractApplicationContext.publishEvent(AbstractApplicationContext.java:387)
		at org.springframework.context.support.AbstractApplicationContext.finishRefresh(AbstractApplicationContext.java:1009)
		at org.springframework.context.support.AbstractApplicationContext.refresh(AbstractApplicationContext.java:630)
		at org.springframework.web.servlet.FrameworkServlet.configureAndRefreshWebApplicationContext(FrameworkServlet.java:706)
		at org.springframework.web.servlet.FrameworkServlet.createWebApplicationContext(FrameworkServlet.java:672)
		at org.springframework.web.servlet.FrameworkServlet.createWebApplicationContext(FrameworkServlet.java:720)
		at org.springframework.web.servlet.FrameworkServlet.initWebApplicationContext(FrameworkServlet.java:595)
		at org.springframework.web.servlet.FrameworkServlet.initServletBean(FrameworkServlet.java:537)
		at org.springframework.web.servlet.HttpServletBean.init(HttpServletBean.java:169)
		at jakarta.servlet.GenericServlet.init(GenericServlet.java:143)
		at jakarta.servlet.http.HttpServlet.init(HttpServlet.java:122)
		at org.apache.catalina.core.StandardWrapper.initServlet(StandardWrapper.java:817)
		at org.apache.catalina.core.StandardWrapper.loadServlet(StandardWrapper.java:787)
		at org.apache.catalina.core.StandardWrapper.load(StandardWrapper.java:691)
		at org.apache.catalina.core.StandardContext.loadOnStartup(StandardContext.java:4153)
		at org.apache.catalina.core.StandardContext.startInternal(StandardContext.java:4437)
		at org.apache.catalina.util.LifecycleBase.start(LifecycleBase.java:164)
		at org.apache.catalina.core.ContainerBase.addChild(ContainerBase.java:566)
		at org.apache.catalina.core.StandardHost.addChild(StandardHost.java:653)
		at org.apache.catalina.startup.HostConfig.deployWAR(HostConfig.java:933)
		at org.apache.catalina.startup.HostConfig$DeployWar.run(HostConfig.java:1875)
		at java.base/java.util.concurrent.Executors$RunnableAdapter.call(Executors.java:572)
		at java.base/java.util.concurrent.FutureTask.run(FutureTask.java:317)
		at org.apache.tomcat.util.threads.InlineExecutorService.execute(InlineExecutorService.java:75)
		at java.base/java.util.concurrent.AbstractExecutorService.submit(AbstractExecutorService.java:123)
		at org.apache.catalina.startup.HostConfig.deployWARs(HostConfig.java:735)
		at org.apache.catalina.startup.HostConfig.deployApps(HostConfig.java:387)
		at org.apache.catalina.startup.HostConfig.start(HostConfig.java:1593)
		at org.apache.catalina.startup.HostConfig.lifecycleEvent(HostConfig.java:267)
		at org.apache.catalina.util.LifecycleBase.fireLifecycleEvent(LifecycleBase.java:109)
		at org.apache.catalina.util.LifecycleBase.setStateInternal(LifecycleBase.java:389)
		at org.apache.catalina.util.LifecycleBase.setState(LifecycleBase.java:336)
		at org.apache.catalina.core.ContainerBase.startInternal(ContainerBase.java:743)
		at org.apache.catalina.core.StandardHost.startInternal(StandardHost.java:771)
		at org.apache.catalina.util.LifecycleBase.start(LifecycleBase.java:164)
		at org.apache.catalina.core.ContainerBase$StartChild.call(ContainerBase.java:1170)
		at org.apache.catalina.core.ContainerBase$StartChild.call(ContainerBase.java:1160)
		at java.base/java.util.concurrent.FutureTask.run(FutureTask.java:317)
		at org.apache.tomcat.util.threads.InlineExecutorService.execute(InlineExecutorService.java:75)
		at java.base/java.util.concurrent.AbstractExecutorService.submit(AbstractExecutorService.java:145)
		at org.apache.catalina.core.ContainerBase.startInternal(ContainerBase.java:716)
		at org.apache.catalina.core.StandardEngine.startInternal(StandardEngine.java:203)
		at org.apache.catalina.util.LifecycleBase.start(LifecycleBase.java:164)
		at org.apache.catalina.core.StandardService.startInternal(StandardService.java:415)
		at org.apache.catalina.util.LifecycleBase.start(LifecycleBase.java:164)
		at org.apache.catalina.core.StandardServer.startInternal(StandardServer.java:866)
		at org.apache.catalina.util.LifecycleBase.start(LifecycleBase.java:164)
		at org.apache.catalina.startup.Catalina.start(Catalina.java:759)
		at java.base/jdk.internal.reflect.DirectMethodHandleAccessor.invoke(DirectMethodHandleAccessor.java:103)
		at java.base/java.lang.reflect.Method.invoke(Method.java:580)
		at org.apache.catalina.startup.Bootstrap.start(Bootstrap.java:342)
		at org.apache.catalina.startup.Bootstrap.main(Bootstrap.java:470)
14-Jan-2025 12:02:24.700 INFO [main] org.apache.catalina.core.ApplicationContext.log ContextListener: contextInitialized()
14-Jan-2025 12:02:24.700 INFO [main] org.apache.catalina.core.ApplicationContext.log SessionListener: contextInitialized()
14-Jan-2025 12:02:24.701 INFO [main] org.apache.catalina.core.ApplicationContext.log ContextListener: attributeAdded('StockTicker', 'async.Stockticker@2b8b5d9e')
14-Jan-2025 12:02:25.755 INFO [http-nio-8080-exec-1] org.apache.catalina.core.ApplicationContext.log Initializing Spring DispatcherServlet 'dispatcher'
14-Jan-2025 12:02:25.870 SEVERE [http-nio-8080-exec-1] org.apache.catalina.core.ApplicationContext.log Servlet.init() для сервлета [dispatcher] выбросил исключение
	org.springframework.jdbc.datasource.init.UncategorizedScriptException: Failed to execute database script
		at org.springframework.jdbc.datasource.init.DatabasePopulatorUtils.execute(DatabasePopulatorUtils.java:67)
		at org.springframework.jdbc.datasource.init.ResourceDatabasePopulator.execute(ResourceDatabasePopulator.java:269)
		at ru.yandex.practicum.configuration.DataSourceConfiguration.populate(DataSourceConfiguration.java:49)
		at java.base/jdk.internal.reflect.DirectMethodHandleAccessor.invoke(DirectMethodHandleAccessor.java:103)
		at java.base/java.lang.reflect.Method.invoke(Method.java:580)
		at org.springframework.context.event.ApplicationListenerMethodAdapter.doInvoke(ApplicationListenerMethodAdapter.java:382)
		at org.springframework.context.event.ApplicationListenerMethodAdapter.processEvent(ApplicationListenerMethodAdapter.java:254)
		at org.springframework.context.event.ApplicationListenerMethodAdapter.onApplicationEvent(ApplicationListenerMethodAdapter.java:173)
		at org.springframework.context.event.SimpleApplicationEventMulticaster.doInvokeListener(SimpleApplicationEventMulticaster.java:185)
		at org.springframework.context.event.SimpleApplicationEventMulticaster.invokeListener(SimpleApplicationEventMulticaster.java:178)
		at org.springframework.context.event.SimpleApplicationEventMulticaster.multicastEvent(SimpleApplicationEventMulticaster.java:156)
		at org.springframework.context.support.AbstractApplicationContext.publishEvent(AbstractApplicationContext.java:454)
		at org.springframework.context.support.AbstractApplicationContext.publishEvent(AbstractApplicationContext.java:387)
		at org.springframework.context.support.AbstractApplicationContext.finishRefresh(AbstractApplicationContext.java:1009)
		at org.springframework.context.support.AbstractApplicationContext.refresh(AbstractApplicationContext.java:630)
		at org.springframework.web.servlet.FrameworkServlet.configureAndRefreshWebApplicationContext(FrameworkServlet.java:706)
		at org.springframework.web.servlet.FrameworkServlet.createWebApplicationContext(FrameworkServlet.java:672)
		at org.springframework.web.servlet.FrameworkServlet.createWebApplicationContext(FrameworkServlet.java:720)
		at org.springframework.web.servlet.FrameworkServlet.initWebApplicationContext(FrameworkServlet.java:595)
		at org.springframework.web.servlet.FrameworkServlet.initServletBean(FrameworkServlet.java:537)
		at org.springframework.web.servlet.HttpServletBean.init(HttpServletBean.java:169)
		at jakarta.servlet.GenericServlet.init(GenericServlet.java:143)
		at jakarta.servlet.http.HttpServlet.init(HttpServlet.java:122)
		at org.apache.catalina.core.StandardWrapper.initServlet(StandardWrapper.java:817)
		at org.apache.catalina.core.StandardWrapper.loadServlet(StandardWrapper.java:787)
		at org.apache.catalina.core.StandardWrapper.allocate(StandardWrapper.java:568)
		at org.apache.catalina.core.StandardWrapperValve.invoke(StandardWrapperValve.java:115)
		at org.apache.catalina.core.StandardContextValve.invoke(StandardContextValve.java:79)
		at org.apache.catalina.authenticator.AuthenticatorBase.invoke(AuthenticatorBase.java:483)
		at org.apache.catalina.core.StandardHostValve.invoke(StandardHostValve.java:115)
		at org.apache.catalina.valves.ErrorReportValve.invoke(ErrorReportValve.java:93)
		at org.apache.catalina.valves.AbstractAccessLogValve.invoke(AbstractAccessLogValve.java:663)
		at org.apache.catalina.core.StandardEngineValve.invoke(StandardEngineValve.java:74)
		at org.apache.catalina.connector.CoyoteAdapter.service(CoyoteAdapter.java:342)
		at org.apache.coyote.http11.Http11Processor.service(Http11Processor.java:395)
		at org.apache.coyote.AbstractProcessorLight.process(AbstractProcessorLight.java:63)
		at org.apache.coyote.AbstractProtocol$ConnectionHandler.process(AbstractProtocol.java:905)
		at org.apache.tomcat.util.net.NioEndpoint$SocketProcessor.doRun(NioEndpoint.java:1746)
		at org.apache.tomcat.util.net.SocketProcessorBase.run(SocketProcessorBase.java:52)
		at org.apache.tomcat.util.threads.ThreadPoolExecutor.runWorker(ThreadPoolExecutor.java:1148)
		at org.apache.tomcat.util.threads.ThreadPoolExecutor$Worker.run(ThreadPoolExecutor.java:636)
		at org.apache.tomcat.util.threads.TaskThread$WrappingRunnable.run(TaskThread.java:63)
		at java.base/java.lang.Thread.run(Thread.java:1583)
	Caused by: org.springframework.jdbc.CannotGetJdbcConnectionException: Failed to obtain JDBC Connection
		at org.springframework.jdbc.datasource.DataSourceUtils.getConnection(DataSourceUtils.java:84)
		at org.springframework.jdbc.datasource.init.DatabasePopulatorUtils.execute(DatabasePopulatorUtils.java:52)
		... 42 more
	Caused by: java.sql.SQLException: No suitable driver found for ${spring.datasource.url}
		at java.sql/java.sql.DriverManager.getConnection(DriverManager.java:708)
		at java.sql/java.sql.DriverManager.getConnection(DriverManager.java:191)
		at org.springframework.jdbc.datasource.DriverManagerDataSource.getConnectionFromDriverManager(DriverManagerDataSource.java:155)
		at org.springframework.jdbc.datasource.DriverManagerDataSource.getConnectionFromDriver(DriverManagerDataSource.java:146)
		at org.springframework.jdbc.datasource.AbstractDriverBasedDataSource.getConnectionFromDriver(AbstractDriverBasedDataSource.java:205)
		at org.springframework.jdbc.datasource.AbstractDriverBasedDataSource.getConnection(AbstractDriverBasedDataSource.java:169)
		at org.springframework.jdbc.datasource.DataSourceUtils.fetchConnection(DataSourceUtils.java:160)
		at org.springframework.jdbc.datasource.DataSourceUtils.doGetConnection(DataSourceUtils.java:118)
		at org.springframework.jdbc.datasource.DataSourceUtils.getConnection(DataSourceUtils.java:81)
		... 43 more
14-Jan-2025 12:02:25.870 SEVERE [http-nio-8080-exec-1] org.apache.catalina.core.StandardWrapperValve.invoke Ошибка выделения для сервлета [dispatcher]
	java.sql.SQLException: No suitable driver found for ${spring.datasource.url}
		at java.sql/java.sql.DriverManager.getConnection(DriverManager.java:708)
		at java.sql/java.sql.DriverManager.getConnection(DriverManager.java:191)
		at org.springframework.jdbc.datasource.DriverManagerDataSource.getConnectionFromDriverManager(DriverManagerDataSource.java:155)
		at org.springframework.jdbc.datasource.DriverManagerDataSource.getConnectionFromDriver(DriverManagerDataSource.java:146)
		at org.springframework.jdbc.datasource.AbstractDriverBasedDataSource.getConnectionFromDriver(AbstractDriverBasedDataSource.java:205)
		at org.springframework.jdbc.datasource.AbstractDriverBasedDataSource.getConnection(AbstractDriverBasedDataSource.java:169)
		at org.springframework.jdbc.datasource.DataSourceUtils.fetchConnection(DataSourceUtils.java:160)
		at org.springframework.jdbc.datasource.DataSourceUtils.doGetConnection(DataSourceUtils.java:118)
		at org.springframework.jdbc.datasource.DataSourceUtils.getConnection(DataSourceUtils.java:81)
		at org.springframework.jdbc.datasource.init.DatabasePopulatorUtils.execute(DatabasePopulatorUtils.java:52)
		at org.springframework.jdbc.datasource.init.ResourceDatabasePopulator.execute(ResourceDatabasePopulator.java:269)
		at ru.yandex.practicum.configuration.DataSourceConfiguration.populate(DataSourceConfiguration.java:49)
		at java.base/jdk.internal.reflect.DirectMethodHandleAccessor.invoke(DirectMethodHandleAccessor.java:103)
		at java.base/java.lang.reflect.Method.invoke(Method.java:580)
		at org.springframework.context.event.ApplicationListenerMethodAdapter.doInvoke(ApplicationListenerMethodAdapter.java:382)
		at org.springframework.context.event.ApplicationListenerMethodAdapter.processEvent(ApplicationListenerMethodAdapter.java:254)
		at org.springframework.context.event.ApplicationListenerMethodAdapter.onApplicationEvent(ApplicationListenerMethodAdapter.java:173)
		at org.springframework.context.event.SimpleApplicationEventMulticaster.doInvokeListener(SimpleApplicationEventMulticaster.java:185)
		at org.springframework.context.event.SimpleApplicationEventMulticaster.invokeListener(SimpleApplicationEventMulticaster.java:178)
		at org.springframework.context.event.SimpleApplicationEventMulticaster.multicastEvent(SimpleApplicationEventMulticaster.java:156)
		at org.springframework.context.support.AbstractApplicationContext.publishEvent(AbstractApplicationContext.java:454)
		at org.springframework.context.support.AbstractApplicationContext.publishEvent(AbstractApplicationContext.java:387)
		at org.springframework.context.support.AbstractApplicationContext.finishRefresh(AbstractApplicationContext.java:1009)
		at org.springframework.context.support.AbstractApplicationContext.refresh(AbstractApplicationContext.java:630)
		at org.springframework.web.servlet.FrameworkServlet.configureAndRefreshWebApplicationContext(FrameworkServlet.java:706)
		at org.springframework.web.servlet.FrameworkServlet.createWebApplicationContext(FrameworkServlet.java:672)
		at org.springframework.web.servlet.FrameworkServlet.createWebApplicationContext(FrameworkServlet.java:720)
		at org.springframework.web.servlet.FrameworkServlet.initWebApplicationContext(FrameworkServlet.java:595)
		at org.springframework.web.servlet.FrameworkServlet.initServletBean(FrameworkServlet.java:537)
		at org.springframework.web.servlet.HttpServletBean.init(HttpServletBean.java:169)
		at jakarta.servlet.GenericServlet.init(GenericServlet.java:143)
		at jakarta.servlet.http.HttpServlet.init(HttpServlet.java:122)
		at org.apache.catalina.core.StandardWrapper.initServlet(StandardWrapper.java:817)
		at org.apache.catalina.core.StandardWrapper.loadServlet(StandardWrapper.java:787)
		at org.apache.catalina.core.StandardWrapper.allocate(StandardWrapper.java:568)
		at org.apache.catalina.core.StandardWrapperValve.invoke(StandardWrapperValve.java:115)
		at org.apache.catalina.core.StandardContextValve.invoke(StandardContextValve.java:79)
		at org.apache.catalina.authenticator.AuthenticatorBase.invoke(AuthenticatorBase.java:483)
		at org.apache.catalina.core.StandardHostValve.invoke(StandardHostValve.java:115)
		at org.apache.catalina.valves.ErrorReportValve.invoke(ErrorReportValve.java:93)
		at org.apache.catalina.valves.AbstractAccessLogValve.invoke(AbstractAccessLogValve.java:663)
		at org.apache.catalina.core.StandardEngineValve.invoke(StandardEngineValve.java:74)
		at org.apache.catalina.connector.CoyoteAdapter.service(CoyoteAdapter.java:342)
		at org.apache.coyote.http11.Http11Processor.service(Http11Processor.java:395)
		at org.apache.coyote.AbstractProcessorLight.process(AbstractProcessorLight.java:63)
		at org.apache.coyote.AbstractProtocol$ConnectionHandler.process(AbstractProtocol.java:905)
		at org.apache.tomcat.util.net.NioEndpoint$SocketProcessor.doRun(NioEndpoint.java:1746)
		at org.apache.tomcat.util.net.SocketProcessorBase.run(SocketProcessorBase.java:52)
		at org.apache.tomcat.util.threads.ThreadPoolExecutor.runWorker(ThreadPoolExecutor.java:1148)
		at org.apache.tomcat.util.threads.ThreadPoolExecutor$Worker.run(ThreadPoolExecutor.java:636)
		at org.apache.tomcat.util.threads.TaskThread$WrappingRunnable.run(TaskThread.java:63)
		at java.base/java.lang.Thread.run(Thread.java:1583)
14-Jan-2025 12:02:26.938 INFO [http-nio-8080-exec-2] org.apache.catalina.core.ApplicationContext.log Initializing Spring DispatcherServlet 'dispatcher'
14-Jan-2025 12:02:27.013 SEVERE [http-nio-8080-exec-2] org.apache.catalina.core.ApplicationContext.log Servlet.init() для сервлета [dispatcher] выбросил исключение
	org.springframework.jdbc.datasource.init.UncategorizedScriptException: Failed to execute database script
		at org.springframework.jdbc.datasource.init.DatabasePopulatorUtils.execute(DatabasePopulatorUtils.java:67)
		at org.springframework.jdbc.datasource.init.ResourceDatabasePopulator.execute(ResourceDatabasePopulator.java:269)
		at ru.yandex.practicum.configuration.DataSourceConfiguration.populate(DataSourceConfiguration.java:49)
		at java.base/jdk.internal.reflect.DirectMethodHandleAccessor.invoke(DirectMethodHandleAccessor.java:103)
		at java.base/java.lang.reflect.Method.invoke(Method.java:580)
		at org.springframework.context.event.ApplicationListenerMethodAdapter.doInvoke(ApplicationListenerMethodAdapter.java:382)
		at org.springframework.context.event.ApplicationListenerMethodAdapter.processEvent(ApplicationListenerMethodAdapter.java:254)
		at org.springframework.context.event.ApplicationListenerMethodAdapter.onApplicationEvent(ApplicationListenerMethodAdapter.java:173)
		at org.springframework.context.event.SimpleApplicationEventMulticaster.doInvokeListener(SimpleApplicationEventMulticaster.java:185)
		at org.springframework.context.event.SimpleApplicationEventMulticaster.invokeListener(SimpleApplicationEventMulticaster.java:178)
		at org.springframework.context.event.SimpleApplicationEventMulticaster.multicastEvent(SimpleApplicationEventMulticaster.java:156)
		at org.springframework.context.support.AbstractApplicationContext.publishEvent(AbstractApplicationContext.java:454)
		at org.springframework.context.support.AbstractApplicationContext.publishEvent(AbstractApplicationContext.java:387)
		at org.springframework.context.support.AbstractApplicationContext.finishRefresh(AbstractApplicationContext.java:1009)
		at org.springframework.context.support.AbstractApplicationContext.refresh(AbstractApplicationContext.java:630)
		at org.springframework.web.servlet.FrameworkServlet.configureAndRefreshWebApplicationContext(FrameworkServlet.java:706)
		at org.springframework.web.servlet.FrameworkServlet.createWebApplicationContext(FrameworkServlet.java:672)
		at org.springframework.web.servlet.FrameworkServlet.createWebApplicationContext(FrameworkServlet.java:720)
		at org.springframework.web.servlet.FrameworkServlet.initWebApplicationContext(FrameworkServlet.java:595)
		at org.springframework.web.servlet.FrameworkServlet.initServletBean(FrameworkServlet.java:537)
		at org.springframework.web.servlet.HttpServletBean.init(HttpServletBean.java:169)
		at jakarta.servlet.GenericServlet.init(GenericServlet.java:143)
		at jakarta.servlet.http.HttpServlet.init(HttpServlet.java:122)
		at org.apache.catalina.core.StandardWrapper.initServlet(StandardWrapper.java:817)
		at org.apache.catalina.core.StandardWrapper.loadServlet(StandardWrapper.java:787)
		at org.apache.catalina.core.StandardWrapper.allocate(StandardWrapper.java:568)
		at org.apache.catalina.core.StandardWrapperValve.invoke(StandardWrapperValve.java:115)
		at org.apache.catalina.core.StandardContextValve.invoke(StandardContextValve.java:79)
		at org.apache.catalina.authenticator.AuthenticatorBase.invoke(AuthenticatorBase.java:483)
		at org.apache.catalina.core.StandardHostValve.invoke(StandardHostValve.java:115)
		at org.apache.catalina.valves.ErrorReportValve.invoke(ErrorReportValve.java:93)
		at org.apache.catalina.valves.AbstractAccessLogValve.invoke(AbstractAccessLogValve.java:663)
		at org.apache.catalina.core.StandardEngineValve.invoke(StandardEngineValve.java:74)
		at org.apache.catalina.connector.CoyoteAdapter.service(CoyoteAdapter.java:342)
		at org.apache.coyote.http11.Http11Processor.service(Http11Processor.java:395)
		at org.apache.coyote.AbstractProcessorLight.process(AbstractProcessorLight.java:63)
		at org.apache.coyote.AbstractProtocol$ConnectionHandler.process(AbstractProtocol.java:905)
		at org.apache.tomcat.util.net.NioEndpoint$SocketProcessor.doRun(NioEndpoint.java:1746)
		at org.apache.tomcat.util.net.SocketProcessorBase.run(SocketProcessorBase.java:52)
		at org.apache.tomcat.util.threads.ThreadPoolExecutor.runWorker(ThreadPoolExecutor.java:1148)
		at org.apache.tomcat.util.threads.ThreadPoolExecutor$Worker.run(ThreadPoolExecutor.java:636)
		at org.apache.tomcat.util.threads.TaskThread$WrappingRunnable.run(TaskThread.java:63)
		at java.base/java.lang.Thread.run(Thread.java:1583)
	Caused by: org.springframework.jdbc.CannotGetJdbcConnectionException: Failed to obtain JDBC Connection
		at org.springframework.jdbc.datasource.DataSourceUtils.getConnection(DataSourceUtils.java:84)
		at org.springframework.jdbc.datasource.init.DatabasePopulatorUtils.execute(DatabasePopulatorUtils.java:52)
		... 42 more
	Caused by: java.sql.SQLException: No suitable driver found for ${spring.datasource.url}
		at java.sql/java.sql.DriverManager.getConnection(DriverManager.java:708)
		at java.sql/java.sql.DriverManager.getConnection(DriverManager.java:191)
		at org.springframework.jdbc.datasource.DriverManagerDataSource.getConnectionFromDriverManager(DriverManagerDataSource.java:155)
		at org.springframework.jdbc.datasource.DriverManagerDataSource.getConnectionFromDriver(DriverManagerDataSource.java:146)
		at org.springframework.jdbc.datasource.AbstractDriverBasedDataSource.getConnectionFromDriver(AbstractDriverBasedDataSource.java:205)
		at org.springframework.jdbc.datasource.AbstractDriverBasedDataSource.getConnection(AbstractDriverBasedDataSource.java:169)
		at org.springframework.jdbc.datasource.DataSourceUtils.fetchConnection(DataSourceUtils.java:160)
		at org.springframework.jdbc.datasource.DataSourceUtils.doGetConnection(DataSourceUtils.java:118)
		at org.springframework.jdbc.datasource.DataSourceUtils.getConnection(DataSourceUtils.java:81)
		... 43 more
14-Jan-2025 12:02:27.014 SEVERE [http-nio-8080-exec-2] org.apache.catalina.core.StandardWrapperValve.invoke Ошибка выделения для сервлета [dispatcher]
	java.sql.SQLException: No suitable driver found for ${spring.datasource.url}
		at java.sql/java.sql.DriverManager.getConnection(DriverManager.java:708)
		at java.sql/java.sql.DriverManager.getConnection(DriverManager.java:191)
		at org.springframework.jdbc.datasource.DriverManagerDataSource.getConnectionFromDriverManager(DriverManagerDataSource.java:155)
		at org.springframework.jdbc.datasource.DriverManagerDataSource.getConnectionFromDriver(DriverManagerDataSource.java:146)
		at org.springframework.jdbc.datasource.AbstractDriverBasedDataSource.getConnectionFromDriver(AbstractDriverBasedDataSource.java:205)
		at org.springframework.jdbc.datasource.AbstractDriverBasedDataSource.getConnection(AbstractDriverBasedDataSource.java:169)
		at org.springframework.jdbc.datasource.DataSourceUtils.fetchConnection(DataSourceUtils.java:160)
		at org.springframework.jdbc.datasource.DataSourceUtils.doGetConnection(DataSourceUtils.java:118)
		at org.springframework.jdbc.datasource.DataSourceUtils.getConnection(DataSourceUtils.java:81)
		at org.springframework.jdbc.datasource.init.DatabasePopulatorUtils.execute(DatabasePopulatorUtils.java:52)
		at org.springframework.jdbc.datasource.init.ResourceDatabasePopulator.execute(ResourceDatabasePopulator.java:269)
		at ru.yandex.practicum.configuration.DataSourceConfiguration.populate(DataSourceConfiguration.java:49)
		at java.base/jdk.internal.reflect.DirectMethodHandleAccessor.invoke(DirectMethodHandleAccessor.java:103)
		at java.base/java.lang.reflect.Method.invoke(Method.java:580)
		at org.springframework.context.event.ApplicationListenerMethodAdapter.doInvoke(ApplicationListenerMethodAdapter.java:382)
		at org.springframework.context.event.ApplicationListenerMethodAdapter.processEvent(ApplicationListenerMethodAdapter.java:254)
		at org.springframework.context.event.ApplicationListenerMethodAdapter.onApplicationEvent(ApplicationListenerMethodAdapter.java:173)
		at org.springframework.context.event.SimpleApplicationEventMulticaster.doInvokeListener(SimpleApplicationEventMulticaster.java:185)
		at org.springframework.context.event.SimpleApplicationEventMulticaster.invokeListener(SimpleApplicationEventMulticaster.java:178)
		at org.springframework.context.event.SimpleApplicationEventMulticaster.multicastEvent(SimpleApplicationEventMulticaster.java:156)
		at org.springframework.context.support.AbstractApplicationContext.publishEvent(AbstractApplicationContext.java:454)
		at org.springframework.context.support.AbstractApplicationContext.publishEvent(AbstractApplicationContext.java:387)
		at org.springframework.context.support.AbstractApplicationContext.finishRefresh(AbstractApplicationContext.java:1009)
		at org.springframework.context.support.AbstractApplicationContext.refresh(AbstractApplicationContext.java:630)
		at org.springframework.web.servlet.FrameworkServlet.configureAndRefreshWebApplicationContext(FrameworkServlet.java:706)
		at org.springframework.web.servlet.FrameworkServlet.createWebApplicationContext(FrameworkServlet.java:672)
		at org.springframework.web.servlet.FrameworkServlet.createWebApplicationContext(FrameworkServlet.java:720)
		at org.springframework.web.servlet.FrameworkServlet.initWebApplicationContext(FrameworkServlet.java:595)
		at org.springframework.web.servlet.FrameworkServlet.initServletBean(FrameworkServlet.java:537)
		at org.springframework.web.servlet.HttpServletBean.init(HttpServletBean.java:169)
		at jakarta.servlet.GenericServlet.init(GenericServlet.java:143)
		at jakarta.servlet.http.HttpServlet.init(HttpServlet.java:122)
		at org.apache.catalina.core.StandardWrapper.initServlet(StandardWrapper.java:817)
		at org.apache.catalina.core.StandardWrapper.loadServlet(StandardWrapper.java:787)
		at org.apache.catalina.core.StandardWrapper.allocate(StandardWrapper.java:568)
		at org.apache.catalina.core.StandardWrapperValve.invoke(StandardWrapperValve.java:115)
		at org.apache.catalina.core.StandardContextValve.invoke(StandardContextValve.java:79)
		at org.apache.catalina.authenticator.AuthenticatorBase.invoke(AuthenticatorBase.java:483)
		at org.apache.catalina.core.StandardHostValve.invoke(StandardHostValve.java:115)
		at org.apache.catalina.valves.ErrorReportValve.invoke(ErrorReportValve.java:93)
		at org.apache.catalina.valves.AbstractAccessLogValve.invoke(AbstractAccessLogValve.java:663)
		at org.apache.catalina.core.StandardEngineValve.invoke(StandardEngineValve.java:74)
		at org.apache.catalina.connector.CoyoteAdapter.service(CoyoteAdapter.java:342)
		at org.apache.coyote.http11.Http11Processor.service(Http11Processor.java:395)
		at org.apache.coyote.AbstractProcessorLight.process(AbstractProcessorLight.java:63)
		at org.apache.coyote.AbstractProtocol$ConnectionHandler.process(AbstractProtocol.java:905)
		at org.apache.tomcat.util.net.NioEndpoint$SocketProcessor.doRun(NioEndpoint.java:1746)
		at org.apache.tomcat.util.net.SocketProcessorBase.run(SocketProcessorBase.java:52)
		at org.apache.tomcat.util.threads.ThreadPoolExecutor.runWorker(ThreadPoolExecutor.java:1148)
		at org.apache.tomcat.util.threads.ThreadPoolExecutor$Worker.run(ThreadPoolExecutor.java:636)
		at org.apache.tomcat.util.threads.TaskThread$WrappingRunnable.run(TaskThread.java:63)
		at java.base/java.lang.Thread.run(Thread.java:1583)
14-Jan-2025 12:02:38.104 INFO [http-nio-8080-exec-3] org.apache.catalina.core.ApplicationContext.log Initializing Spring DispatcherServlet 'dispatcher'
14-Jan-2025 12:02:38.217 SEVERE [http-nio-8080-exec-3] org.apache.catalina.core.ApplicationContext.log Servlet.init() для сервлета [dispatcher] выбросил исключение
	org.springframework.jdbc.datasource.init.UncategorizedScriptException: Failed to execute database script
		at org.springframework.jdbc.datasource.init.DatabasePopulatorUtils.execute(DatabasePopulatorUtils.java:67)
		at org.springframework.jdbc.datasource.init.ResourceDatabasePopulator.execute(ResourceDatabasePopulator.java:269)
		at ru.yandex.practicum.configuration.DataSourceConfiguration.populate(DataSourceConfiguration.java:49)
		at java.base/jdk.internal.reflect.DirectMethodHandleAccessor.invoke(DirectMethodHandleAccessor.java:103)
		at java.base/java.lang.reflect.Method.invoke(Method.java:580)
		at org.springframework.context.event.ApplicationListenerMethodAdapter.doInvoke(ApplicationListenerMethodAdapter.java:382)
		at org.springframework.context.event.ApplicationListenerMethodAdapter.processEvent(ApplicationListenerMethodAdapter.java:254)
		at org.springframework.context.event.ApplicationListenerMethodAdapter.onApplicationEvent(ApplicationListenerMethodAdapter.java:173)
		at org.springframework.context.event.SimpleApplicationEventMulticaster.doInvokeListener(SimpleApplicationEventMulticaster.java:185)
		at org.springframework.context.event.SimpleApplicationEventMulticaster.invokeListener(SimpleApplicationEventMulticaster.java:178)
		at org.springframework.context.event.SimpleApplicationEventMulticaster.multicastEvent(SimpleApplicationEventMulticaster.java:156)
		at org.springframework.context.support.AbstractApplicationContext.publishEvent(AbstractApplicationContext.java:454)
		at org.springframework.context.support.AbstractApplicationContext.publishEvent(AbstractApplicationContext.java:387)
		at org.springframework.context.support.AbstractApplicationContext.finishRefresh(AbstractApplicationContext.java:1009)
		at org.springframework.context.support.AbstractApplicationContext.refresh(AbstractApplicationContext.java:630)
		at org.springframework.web.servlet.FrameworkServlet.configureAndRefreshWebApplicationContext(FrameworkServlet.java:706)
		at org.springframework.web.servlet.FrameworkServlet.createWebApplicationContext(FrameworkServlet.java:672)
		at org.springframework.web.servlet.FrameworkServlet.createWebApplicationContext(FrameworkServlet.java:720)
		at org.springframework.web.servlet.FrameworkServlet.initWebApplicationContext(FrameworkServlet.java:595)
		at org.springframework.web.servlet.FrameworkServlet.initServletBean(FrameworkServlet.java:537)
		at org.springframework.web.servlet.HttpServletBean.init(HttpServletBean.java:169)
		at jakarta.servlet.GenericServlet.init(GenericServlet.java:143)
		at jakarta.servlet.http.HttpServlet.init(HttpServlet.java:122)
		at org.apache.catalina.core.StandardWrapper.initServlet(StandardWrapper.java:817)
		at org.apache.catalina.core.StandardWrapper.loadServlet(StandardWrapper.java:787)
		at org.apache.catalina.core.StandardWrapper.allocate(StandardWrapper.java:568)
		at org.apache.catalina.core.StandardWrapperValve.invoke(StandardWrapperValve.java:115)
		at org.apache.catalina.core.StandardContextValve.invoke(StandardContextValve.java:79)
		at org.apache.catalina.authenticator.AuthenticatorBase.invoke(AuthenticatorBase.java:483)
		at org.apache.catalina.core.StandardHostValve.invoke(StandardHostValve.java:115)
		at org.apache.catalina.valves.ErrorReportValve.invoke(ErrorReportValve.java:93)
		at org.apache.catalina.valves.AbstractAccessLogValve.invoke(AbstractAccessLogValve.java:663)
		at org.apache.catalina.core.StandardEngineValve.invoke(StandardEngineValve.java:74)
		at org.apache.catalina.connector.CoyoteAdapter.service(CoyoteAdapter.java:342)
		at org.apache.coyote.http11.Http11Processor.service(Http11Processor.java:395)
		at org.apache.coyote.AbstractProcessorLight.process(AbstractProcessorLight.java:63)
		at org.apache.coyote.AbstractProtocol$ConnectionHandler.process(AbstractProtocol.java:905)
		at org.apache.tomcat.util.net.NioEndpoint$SocketProcessor.doRun(NioEndpoint.java:1746)
		at org.apache.tomcat.util.net.SocketProcessorBase.run(SocketProcessorBase.java:52)
		at org.apache.tomcat.util.threads.ThreadPoolExecutor.runWorker(ThreadPoolExecutor.java:1148)
		at org.apache.tomcat.util.threads.ThreadPoolExecutor$Worker.run(ThreadPoolExecutor.java:636)
		at org.apache.tomcat.util.threads.TaskThread$WrappingRunnable.run(TaskThread.java:63)
		at java.base/java.lang.Thread.run(Thread.java:1583)
	Caused by: org.springframework.jdbc.CannotGetJdbcConnectionException: Failed to obtain JDBC Connection
		at org.springframework.jdbc.datasource.DataSourceUtils.getConnection(DataSourceUtils.java:84)
		at org.springframework.jdbc.datasource.init.DatabasePopulatorUtils.execute(DatabasePopulatorUtils.java:52)
		... 42 more
	Caused by: java.sql.SQLException: No suitable driver found for ${spring.datasource.url}
		at java.sql/java.sql.DriverManager.getConnection(DriverManager.java:708)
		at java.sql/java.sql.DriverManager.getConnection(DriverManager.java:191)
		at org.springframework.jdbc.datasource.DriverManagerDataSource.getConnectionFromDriverManager(DriverManagerDataSource.java:155)
		at org.springframework.jdbc.datasource.DriverManagerDataSource.getConnectionFromDriver(DriverManagerDataSource.java:146)
		at org.springframework.jdbc.datasource.AbstractDriverBasedDataSource.getConnectionFromDriver(AbstractDriverBasedDataSource.java:205)
		at org.springframework.jdbc.datasource.AbstractDriverBasedDataSource.getConnection(AbstractDriverBasedDataSource.java:169)
		at org.springframework.jdbc.datasource.DataSourceUtils.fetchConnection(DataSourceUtils.java:160)
		at org.springframework.jdbc.datasource.DataSourceUtils.doGetConnection(DataSourceUtils.java:118)
		at org.springframework.jdbc.datasource.DataSourceUtils.getConnection(DataSourceUtils.java:81)
		... 43 more
14-Jan-2025 12:02:38.217 SEVERE [http-nio-8080-exec-3] org.apache.catalina.core.StandardWrapperValve.invoke Ошибка выделения для сервлета [dispatcher]
	java.sql.SQLException: No suitable driver found for ${spring.datasource.url}
		at java.sql/java.sql.DriverManager.getConnection(DriverManager.java:708)
		at java.sql/java.sql.DriverManager.getConnection(DriverManager.java:191)
		at org.springframework.jdbc.datasource.DriverManagerDataSource.getConnectionFromDriverManager(DriverManagerDataSource.java:155)
		at org.springframework.jdbc.datasource.DriverManagerDataSource.getConnectionFromDriver(DriverManagerDataSource.java:146)
		at org.springframework.jdbc.datasource.AbstractDriverBasedDataSource.getConnectionFromDriver(AbstractDriverBasedDataSource.java:205)
		at org.springframework.jdbc.datasource.AbstractDriverBasedDataSource.getConnection(AbstractDriverBasedDataSource.java:169)
		at org.springframework.jdbc.datasource.DataSourceUtils.fetchConnection(DataSourceUtils.java:160)
		at org.springframework.jdbc.datasource.DataSourceUtils.doGetConnection(DataSourceUtils.java:118)
		at org.springframework.jdbc.datasource.DataSourceUtils.getConnection(DataSourceUtils.java:81)
		at org.springframework.jdbc.datasource.init.DatabasePopulatorUtils.execute(DatabasePopulatorUtils.java:52)
		at org.springframework.jdbc.datasource.init.ResourceDatabasePopulator.execute(ResourceDatabasePopulator.java:269)
		at ru.yandex.practicum.configuration.DataSourceConfiguration.populate(DataSourceConfiguration.java:49)
		at java.base/jdk.internal.reflect.DirectMethodHandleAccessor.invoke(DirectMethodHandleAccessor.java:103)
		at java.base/java.lang.reflect.Method.invoke(Method.java:580)
		at org.springframework.context.event.ApplicationListenerMethodAdapter.doInvoke(ApplicationListenerMethodAdapter.java:382)
		at org.springframework.context.event.ApplicationListenerMethodAdapter.processEvent(ApplicationListenerMethodAdapter.java:254)
		at org.springframework.context.event.ApplicationListenerMethodAdapter.onApplicationEvent(ApplicationListenerMethodAdapter.java:173)
		at org.springframework.context.event.SimpleApplicationEventMulticaster.doInvokeListener(SimpleApplicationEventMulticaster.java:185)
		at org.springframework.context.event.SimpleApplicationEventMulticaster.invokeListener(SimpleApplicationEventMulticaster.java:178)
		at org.springframework.context.event.SimpleApplicationEventMulticaster.multicastEvent(SimpleApplicationEventMulticaster.java:156)
		at org.springframework.context.support.AbstractApplicationContext.publishEvent(AbstractApplicationContext.java:454)
		at org.springframework.context.support.AbstractApplicationContext.publishEvent(AbstractApplicationContext.java:387)
		at org.springframework.context.support.AbstractApplicationContext.finishRefresh(AbstractApplicationContext.java:1009)
		at org.springframework.context.support.AbstractApplicationContext.refresh(AbstractApplicationContext.java:630)
		at org.springframework.web.servlet.FrameworkServlet.configureAndRefreshWebApplicationContext(FrameworkServlet.java:706)
		at org.springframework.web.servlet.FrameworkServlet.createWebApplicationContext(FrameworkServlet.java:672)
		at org.springframework.web.servlet.FrameworkServlet.createWebApplicationContext(FrameworkServlet.java:720)
		at org.springframework.web.servlet.FrameworkServlet.initWebApplicationContext(FrameworkServlet.java:595)
		at org.springframework.web.servlet.FrameworkServlet.initServletBean(FrameworkServlet.java:537)
		at org.springframework.web.servlet.HttpServletBean.init(HttpServletBean.java:169)
		at jakarta.servlet.GenericServlet.init(GenericServlet.java:143)
		at jakarta.servlet.http.HttpServlet.init(HttpServlet.java:122)
		at org.apache.catalina.core.StandardWrapper.initServlet(StandardWrapper.java:817)
		at org.apache.catalina.core.StandardWrapper.loadServlet(StandardWrapper.java:787)
		at org.apache.catalina.core.StandardWrapper.allocate(StandardWrapper.java:568)
		at org.apache.catalina.core.StandardWrapperValve.invoke(StandardWrapperValve.java:115)
		at org.apache.catalina.core.StandardContextValve.invoke(StandardContextValve.java:79)
		at org.apache.catalina.authenticator.AuthenticatorBase.invoke(AuthenticatorBase.java:483)
		at org.apache.catalina.core.StandardHostValve.invoke(StandardHostValve.java:115)
		at org.apache.catalina.valves.ErrorReportValve.invoke(ErrorReportValve.java:93)
		at org.apache.catalina.valves.AbstractAccessLogValve.invoke(AbstractAccessLogValve.java:663)
		at org.apache.catalina.core.StandardEngineValve.invoke(StandardEngineValve.java:74)
		at org.apache.catalina.connector.CoyoteAdapter.service(CoyoteAdapter.java:342)
		at org.apache.coyote.http11.Http11Processor.service(Http11Processor.java:395)
		at org.apache.coyote.AbstractProcessorLight.process(AbstractProcessorLight.java:63)
		at org.apache.coyote.AbstractProtocol$ConnectionHandler.process(AbstractProtocol.java:905)
		at org.apache.tomcat.util.net.NioEndpoint$SocketProcessor.doRun(NioEndpoint.java:1746)
		at org.apache.tomcat.util.net.SocketProcessorBase.run(SocketProcessorBase.java:52)
		at org.apache.tomcat.util.threads.ThreadPoolExecutor.runWorker(ThreadPoolExecutor.java:1148)
		at org.apache.tomcat.util.threads.ThreadPoolExecutor$Worker.run(ThreadPoolExecutor.java:636)
		at org.apache.tomcat.util.threads.TaskThread$WrappingRunnable.run(TaskThread.java:63)
		at java.base/java.lang.Thread.run(Thread.java:1583)
14-Jan-2025 12:03:31.928 INFO [http-nio-8080-exec-9] org.apache.catalina.core.ApplicationContext.log Initializing Spring DispatcherServlet 'dispatcher'
14-Jan-2025 12:03:32.037 SEVERE [http-nio-8080-exec-9] org.apache.catalina.core.ApplicationContext.log Servlet.init() для сервлета [dispatcher] выбросил исключение
	org.springframework.jdbc.datasource.init.UncategorizedScriptException: Failed to execute database script
		at org.springframework.jdbc.datasource.init.DatabasePopulatorUtils.execute(DatabasePopulatorUtils.java:67)
		at org.springframework.jdbc.datasource.init.ResourceDatabasePopulator.execute(ResourceDatabasePopulator.java:269)
		at ru.yandex.practicum.configuration.DataSourceConfiguration.populate(DataSourceConfiguration.java:49)
		at java.base/jdk.internal.reflect.DirectMethodHandleAccessor.invoke(DirectMethodHandleAccessor.java:103)
		at java.base/java.lang.reflect.Method.invoke(Method.java:580)
		at org.springframework.context.event.ApplicationListenerMethodAdapter.doInvoke(ApplicationListenerMethodAdapter.java:382)
		at org.springframework.context.event.ApplicationListenerMethodAdapter.processEvent(ApplicationListenerMethodAdapter.java:254)
		at org.springframework.context.event.ApplicationListenerMethodAdapter.onApplicationEvent(ApplicationListenerMethodAdapter.java:173)
		at org.springframework.context.event.SimpleApplicationEventMulticaster.doInvokeListener(SimpleApplicationEventMulticaster.java:185)
		at org.springframework.context.event.SimpleApplicationEventMulticaster.invokeListener(SimpleApplicationEventMulticaster.java:178)
		at org.springframework.context.event.SimpleApplicationEventMulticaster.multicastEvent(SimpleApplicationEventMulticaster.java:156)
		at org.springframework.context.support.AbstractApplicationContext.publishEvent(AbstractApplicationContext.java:454)
		at org.springframework.context.support.AbstractApplicationContext.publishEvent(AbstractApplicationContext.java:387)
		at org.springframework.context.support.AbstractApplicationContext.finishRefresh(AbstractApplicationContext.java:1009)
		at org.springframework.context.support.AbstractApplicationContext.refresh(AbstractApplicationContext.java:630)
		at org.springframework.web.servlet.FrameworkServlet.configureAndRefreshWebApplicationContext(FrameworkServlet.java:706)
		at org.springframework.web.servlet.FrameworkServlet.createWebApplicationContext(FrameworkServlet.java:672)
		at org.springframework.web.servlet.FrameworkServlet.createWebApplicationContext(FrameworkServlet.java:720)
		at org.springframework.web.servlet.FrameworkServlet.initWebApplicationContext(FrameworkServlet.java:595)
		at org.springframework.web.servlet.FrameworkServlet.initServletBean(FrameworkServlet.java:537)
		at org.springframework.web.servlet.HttpServletBean.init(HttpServletBean.java:169)
		at jakarta.servlet.GenericServlet.init(GenericServlet.java:143)
		at jakarta.servlet.http.HttpServlet.init(HttpServlet.java:122)
		at org.apache.catalina.core.StandardWrapper.initServlet(StandardWrapper.java:817)
		at org.apache.catalina.core.StandardWrapper.loadServlet(StandardWrapper.java:787)
		at org.apache.catalina.core.StandardWrapper.allocate(StandardWrapper.java:568)
		at org.apache.catalina.core.StandardWrapperValve.invoke(StandardWrapperValve.java:115)
		at org.apache.catalina.core.StandardContextValve.invoke(StandardContextValve.java:79)
		at org.apache.catalina.authenticator.AuthenticatorBase.invoke(AuthenticatorBase.java:483)
		at org.apache.catalina.core.StandardHostValve.invoke(StandardHostValve.java:115)
		at org.apache.catalina.valves.ErrorReportValve.invoke(ErrorReportValve.java:93)
		at org.apache.catalina.valves.AbstractAccessLogValve.invoke(AbstractAccessLogValve.java:663)
		at org.apache.catalina.core.StandardEngineValve.invoke(StandardEngineValve.java:74)
		at org.apache.catalina.connector.CoyoteAdapter.service(CoyoteAdapter.java:342)
		at org.apache.coyote.http11.Http11Processor.service(Http11Processor.java:395)
		at org.apache.coyote.AbstractProcessorLight.process(AbstractProcessorLight.java:63)
		at org.apache.coyote.AbstractProtocol$ConnectionHandler.process(AbstractProtocol.java:905)
		at org.apache.tomcat.util.net.NioEndpoint$SocketProcessor.doRun(NioEndpoint.java:1746)
		at org.apache.tomcat.util.net.SocketProcessorBase.run(SocketProcessorBase.java:52)
		at org.apache.tomcat.util.threads.ThreadPoolExecutor.runWorker(ThreadPoolExecutor.java:1148)
		at org.apache.tomcat.util.threads.ThreadPoolExecutor$Worker.run(ThreadPoolExecutor.java:636)
		at org.apache.tomcat.util.threads.TaskThread$WrappingRunnable.run(TaskThread.java:63)
		at java.base/java.lang.Thread.run(Thread.java:1583)
	Caused by: org.springframework.jdbc.CannotGetJdbcConnectionException: Failed to obtain JDBC Connection
		at org.springframework.jdbc.datasource.DataSourceUtils.getConnection(DataSourceUtils.java:84)
		at org.springframework.jdbc.datasource.init.DatabasePopulatorUtils.execute(DatabasePopulatorUtils.java:52)
		... 42 more
	Caused by: java.sql.SQLException: No suitable driver found for ${spring.datasource.url}
		at java.sql/java.sql.DriverManager.getConnection(DriverManager.java:708)
		at java.sql/java.sql.DriverManager.getConnection(DriverManager.java:191)
		at org.springframework.jdbc.datasource.DriverManagerDataSource.getConnectionFromDriverManager(DriverManagerDataSource.java:155)
		at org.springframework.jdbc.datasource.DriverManagerDataSource.getConnectionFromDriver(DriverManagerDataSource.java:146)
		at org.springframework.jdbc.datasource.AbstractDriverBasedDataSource.getConnectionFromDriver(AbstractDriverBasedDataSource.java:205)
		at org.springframework.jdbc.datasource.AbstractDriverBasedDataSource.getConnection(AbstractDriverBasedDataSource.java:169)
		at org.springframework.jdbc.datasource.DataSourceUtils.fetchConnection(DataSourceUtils.java:160)
		at org.springframework.jdbc.datasource.DataSourceUtils.doGetConnection(DataSourceUtils.java:118)
		at org.springframework.jdbc.datasource.DataSourceUtils.getConnection(DataSourceUtils.java:81)
		... 43 more
14-Jan-2025 12:03:32.037 SEVERE [http-nio-8080-exec-9] org.apache.catalina.core.StandardWrapperValve.invoke Ошибка выделения для сервлета [dispatcher]
	java.sql.SQLException: No suitable driver found for ${spring.datasource.url}
		at java.sql/java.sql.DriverManager.getConnection(DriverManager.java:708)
		at java.sql/java.sql.DriverManager.getConnection(DriverManager.java:191)
		at org.springframework.jdbc.datasource.DriverManagerDataSource.getConnectionFromDriverManager(DriverManagerDataSource.java:155)
		at org.springframework.jdbc.datasource.DriverManagerDataSource.getConnectionFromDriver(DriverManagerDataSource.java:146)
		at org.springframework.jdbc.datasource.AbstractDriverBasedDataSource.getConnectionFromDriver(AbstractDriverBasedDataSource.java:205)
		at org.springframework.jdbc.datasource.AbstractDriverBasedDataSource.getConnection(AbstractDriverBasedDataSource.java:169)
		at org.springframework.jdbc.datasource.DataSourceUtils.fetchConnection(DataSourceUtils.java:160)
		at org.springframework.jdbc.datasource.DataSourceUtils.doGetConnection(DataSourceUtils.java:118)
		at org.springframework.jdbc.datasource.DataSourceUtils.getConnection(DataSourceUtils.java:81)
		at org.springframework.jdbc.datasource.init.DatabasePopulatorUtils.execute(DatabasePopulatorUtils.java:52)
		at org.springframework.jdbc.datasource.init.ResourceDatabasePopulator.execute(ResourceDatabasePopulator.java:269)
		at ru.yandex.practicum.configuration.DataSourceConfiguration.populate(DataSourceConfiguration.java:49)
		at java.base/jdk.internal.reflect.DirectMethodHandleAccessor.invoke(DirectMethodHandleAccessor.java:103)
		at java.base/java.lang.reflect.Method.invoke(Method.java:580)
		at org.springframework.context.event.ApplicationListenerMethodAdapter.doInvoke(ApplicationListenerMethodAdapter.java:382)
		at org.springframework.context.event.ApplicationListenerMethodAdapter.processEvent(ApplicationListenerMethodAdapter.java:254)
		at org.springframework.context.event.ApplicationListenerMethodAdapter.onApplicationEvent(ApplicationListenerMethodAdapter.java:173)
		at org.springframework.context.event.SimpleApplicationEventMulticaster.doInvokeListener(SimpleApplicationEventMulticaster.java:185)
		at org.springframework.context.event.SimpleApplicationEventMulticaster.invokeListener(SimpleApplicationEventMulticaster.java:178)
		at org.springframework.context.event.SimpleApplicationEventMulticaster.multicastEvent(SimpleApplicationEventMulticaster.java:156)
		at org.springframework.context.support.AbstractApplicationContext.publishEvent(AbstractApplicationContext.java:454)
		at org.springframework.context.support.AbstractApplicationContext.publishEvent(AbstractApplicationContext.java:387)
		at org.springframework.context.support.AbstractApplicationContext.finishRefresh(AbstractApplicationContext.java:1009)
		at org.springframework.context.support.AbstractApplicationContext.refresh(AbstractApplicationContext.java:630)
		at org.springframework.web.servlet.FrameworkServlet.configureAndRefreshWebApplicationContext(FrameworkServlet.java:706)
		at org.springframework.web.servlet.FrameworkServlet.createWebApplicationContext(FrameworkServlet.java:672)
		at org.springframework.web.servlet.FrameworkServlet.createWebApplicationContext(FrameworkServlet.java:720)
		at org.springframework.web.servlet.FrameworkServlet.initWebApplicationContext(FrameworkServlet.java:595)
		at org.springframework.web.servlet.FrameworkServlet.initServletBean(FrameworkServlet.java:537)
		at org.springframework.web.servlet.HttpServletBean.init(HttpServletBean.java:169)
		at jakarta.servlet.GenericServlet.init(GenericServlet.java:143)
		at jakarta.servlet.http.HttpServlet.init(HttpServlet.java:122)
		at org.apache.catalina.core.StandardWrapper.initServlet(StandardWrapper.java:817)
		at org.apache.catalina.core.StandardWrapper.loadServlet(StandardWrapper.java:787)
		at org.apache.catalina.core.StandardWrapper.allocate(StandardWrapper.java:568)
		at org.apache.catalina.core.StandardWrapperValve.invoke(StandardWrapperValve.java:115)
		at org.apache.catalina.core.StandardContextValve.invoke(StandardContextValve.java:79)
		at org.apache.catalina.authenticator.AuthenticatorBase.invoke(AuthenticatorBase.java:483)
		at org.apache.catalina.core.StandardHostValve.invoke(StandardHostValve.java:115)
		at org.apache.catalina.valves.ErrorReportValve.invoke(ErrorReportValve.java:93)
		at org.apache.catalina.valves.AbstractAccessLogValve.invoke(AbstractAccessLogValve.java:663)
		at org.apache.catalina.core.StandardEngineValve.invoke(StandardEngineValve.java:74)
		at org.apache.catalina.connector.CoyoteAdapter.service(CoyoteAdapter.java:342)
		at org.apache.coyote.http11.Http11Processor.service(Http11Processor.java:395)
		at org.apache.coyote.AbstractProcessorLight.process(AbstractProcessorLight.java:63)
		at org.apache.coyote.AbstractProtocol$ConnectionHandler.process(AbstractProtocol.java:905)
		at org.apache.tomcat.util.net.NioEndpoint$SocketProcessor.doRun(NioEndpoint.java:1746)
		at org.apache.tomcat.util.net.SocketProcessorBase.run(SocketProcessorBase.java:52)
		at org.apache.tomcat.util.threads.ThreadPoolExecutor.runWorker(ThreadPoolExecutor.java:1148)
		at org.apache.tomcat.util.threads.ThreadPoolExecutor$Worker.run(ThreadPoolExecutor.java:636)
		at org.apache.tomcat.util.threads.TaskThread$WrappingRunnable.run(TaskThread.java:63)
		at java.base/java.lang.Thread.run(Thread.java:1583)
14-Jan-2025 12:07:26.461 INFO [main] org.apache.catalina.core.ApplicationContext.log SessionListener: contextDestroyed()
14-Jan-2025 12:07:26.461 INFO [main] org.apache.catalina.core.ApplicationContext.log ContextListener: contextDestroyed()
14-Jan-2025 12:07:39.244 INFO [main] org.apache.catalina.core.ApplicationContext.log No Spring WebApplicationInitializer types detected on classpath
14-Jan-2025 12:07:39.397 INFO [main] org.apache.catalina.core.ApplicationContext.log Initializing Spring DispatcherServlet 'dispatcher'
14-Jan-2025 12:07:40.273 SEVERE [main] org.apache.catalina.core.ApplicationContext.log Servlet.init() для сервлета [dispatcher] выбросил исключение
	org.springframework.jdbc.datasource.init.UncategorizedScriptException: Failed to execute database script
		at org.springframework.jdbc.datasource.init.DatabasePopulatorUtils.execute(DatabasePopulatorUtils.java:67)
		at org.springframework.jdbc.datasource.init.ResourceDatabasePopulator.execute(ResourceDatabasePopulator.java:269)
		at ru.yandex.practicum.configuration.DataSourceConfiguration.populate(DataSourceConfiguration.java:49)
		at java.base/jdk.internal.reflect.DirectMethodHandleAccessor.invoke(DirectMethodHandleAccessor.java:103)
		at java.base/java.lang.reflect.Method.invoke(Method.java:580)
		at org.springframework.context.event.ApplicationListenerMethodAdapter.doInvoke(ApplicationListenerMethodAdapter.java:382)
		at org.springframework.context.event.ApplicationListenerMethodAdapter.processEvent(ApplicationListenerMethodAdapter.java:254)
		at org.springframework.context.event.ApplicationListenerMethodAdapter.onApplicationEvent(ApplicationListenerMethodAdapter.java:173)
		at org.springframework.context.event.SimpleApplicationEventMulticaster.doInvokeListener(SimpleApplicationEventMulticaster.java:185)
		at org.springframework.context.event.SimpleApplicationEventMulticaster.invokeListener(SimpleApplicationEventMulticaster.java:178)
		at org.springframework.context.event.SimpleApplicationEventMulticaster.multicastEvent(SimpleApplicationEventMulticaster.java:156)
		at org.springframework.context.support.AbstractApplicationContext.publishEvent(AbstractApplicationContext.java:454)
		at org.springframework.context.support.AbstractApplicationContext.publishEvent(AbstractApplicationContext.java:387)
		at org.springframework.context.support.AbstractApplicationContext.finishRefresh(AbstractApplicationContext.java:1009)
		at org.springframework.context.support.AbstractApplicationContext.refresh(AbstractApplicationContext.java:630)
		at org.springframework.web.servlet.FrameworkServlet.configureAndRefreshWebApplicationContext(FrameworkServlet.java:706)
		at org.springframework.web.servlet.FrameworkServlet.createWebApplicationContext(FrameworkServlet.java:672)
		at org.springframework.web.servlet.FrameworkServlet.createWebApplicationContext(FrameworkServlet.java:720)
		at org.springframework.web.servlet.FrameworkServlet.initWebApplicationContext(FrameworkServlet.java:595)
		at org.springframework.web.servlet.FrameworkServlet.initServletBean(FrameworkServlet.java:537)
		at org.springframework.web.servlet.HttpServletBean.init(HttpServletBean.java:169)
		at jakarta.servlet.GenericServlet.init(GenericServlet.java:143)
		at jakarta.servlet.http.HttpServlet.init(HttpServlet.java:122)
		at org.apache.catalina.core.StandardWrapper.initServlet(StandardWrapper.java:817)
		at org.apache.catalina.core.StandardWrapper.loadServlet(StandardWrapper.java:787)
		at org.apache.catalina.core.StandardWrapper.load(StandardWrapper.java:691)
		at org.apache.catalina.core.StandardContext.loadOnStartup(StandardContext.java:4153)
		at org.apache.catalina.core.StandardContext.startInternal(StandardContext.java:4437)
		at org.apache.catalina.util.LifecycleBase.start(LifecycleBase.java:164)
		at org.apache.catalina.core.ContainerBase.addChild(ContainerBase.java:566)
		at org.apache.catalina.core.StandardHost.addChild(StandardHost.java:653)
		at org.apache.catalina.startup.HostConfig.deployWAR(HostConfig.java:933)
		at org.apache.catalina.startup.HostConfig$DeployWar.run(HostConfig.java:1875)
		at java.base/java.util.concurrent.Executors$RunnableAdapter.call(Executors.java:572)
		at java.base/java.util.concurrent.FutureTask.run(FutureTask.java:317)
		at org.apache.tomcat.util.threads.InlineExecutorService.execute(InlineExecutorService.java:75)
		at java.base/java.util.concurrent.AbstractExecutorService.submit(AbstractExecutorService.java:123)
		at org.apache.catalina.startup.HostConfig.deployWARs(HostConfig.java:735)
		at org.apache.catalina.startup.HostConfig.deployApps(HostConfig.java:387)
		at org.apache.catalina.startup.HostConfig.start(HostConfig.java:1593)
		at org.apache.catalina.startup.HostConfig.lifecycleEvent(HostConfig.java:267)
		at org.apache.catalina.util.LifecycleBase.fireLifecycleEvent(LifecycleBase.java:109)
		at org.apache.catalina.util.LifecycleBase.setStateInternal(LifecycleBase.java:389)
		at org.apache.catalina.util.LifecycleBase.setState(LifecycleBase.java:336)
		at org.apache.catalina.core.ContainerBase.startInternal(ContainerBase.java:743)
		at org.apache.catalina.core.StandardHost.startInternal(StandardHost.java:771)
		at org.apache.catalina.util.LifecycleBase.start(LifecycleBase.java:164)
		at org.apache.catalina.core.ContainerBase$StartChild.call(ContainerBase.java:1170)
		at org.apache.catalina.core.ContainerBase$StartChild.call(ContainerBase.java:1160)
		at java.base/java.util.concurrent.FutureTask.run(FutureTask.java:317)
		at org.apache.tomcat.util.threads.InlineExecutorService.execute(InlineExecutorService.java:75)
		at java.base/java.util.concurrent.AbstractExecutorService.submit(AbstractExecutorService.java:145)
		at org.apache.catalina.core.ContainerBase.startInternal(ContainerBase.java:716)
		at org.apache.catalina.core.StandardEngine.startInternal(StandardEngine.java:203)
		at org.apache.catalina.util.LifecycleBase.start(LifecycleBase.java:164)
		at org.apache.catalina.core.StandardService.startInternal(StandardService.java:415)
		at org.apache.catalina.util.LifecycleBase.start(LifecycleBase.java:164)
		at org.apache.catalina.core.StandardServer.startInternal(StandardServer.java:866)
		at org.apache.catalina.util.LifecycleBase.start(LifecycleBase.java:164)
		at org.apache.catalina.startup.Catalina.start(Catalina.java:759)
		at java.base/jdk.internal.reflect.DirectMethodHandleAccessor.invoke(DirectMethodHandleAccessor.java:103)
		at java.base/java.lang.reflect.Method.invoke(Method.java:580)
		at org.apache.catalina.startup.Bootstrap.start(Bootstrap.java:342)
		at org.apache.catalina.startup.Bootstrap.main(Bootstrap.java:470)
	Caused by: org.springframework.jdbc.CannotGetJdbcConnectionException: Failed to obtain JDBC Connection
		at org.springframework.jdbc.datasource.DataSourceUtils.getConnection(DataSourceUtils.java:84)
		at org.springframework.jdbc.datasource.init.DatabasePopulatorUtils.execute(DatabasePopulatorUtils.java:52)
		... 63 more
	Caused by: java.sql.SQLException: No suitable driver found for ${spring.datasource.url}
		at java.sql/java.sql.DriverManager.getConnection(DriverManager.java:708)
		at java.sql/java.sql.DriverManager.getConnection(DriverManager.java:191)
		at org.springframework.jdbc.datasource.DriverManagerDataSource.getConnectionFromDriverManager(DriverManagerDataSource.java:155)
		at org.springframework.jdbc.datasource.DriverManagerDataSource.getConnectionFromDriver(DriverManagerDataSource.java:146)
		at org.springframework.jdbc.datasource.AbstractDriverBasedDataSource.getConnectionFromDriver(AbstractDriverBasedDataSource.java:205)
		at org.springframework.jdbc.datasource.AbstractDriverBasedDataSource.getConnection(AbstractDriverBasedDataSource.java:169)
		at org.springframework.jdbc.datasource.DataSourceUtils.fetchConnection(DataSourceUtils.java:160)
		at org.springframework.jdbc.datasource.DataSourceUtils.doGetConnection(DataSourceUtils.java:118)
		at org.springframework.jdbc.datasource.DataSourceUtils.getConnection(DataSourceUtils.java:81)
		... 64 more
14-Jan-2025 12:07:40.273 SEVERE [main] org.apache.catalina.core.StandardContext.loadOnStartup Servlet [dispatcher] in web application [/study] threw load() exception
	java.sql.SQLException: No suitable driver found for ${spring.datasource.url}
		at java.sql/java.sql.DriverManager.getConnection(DriverManager.java:708)
		at java.sql/java.sql.DriverManager.getConnection(DriverManager.java:191)
		at org.springframework.jdbc.datasource.DriverManagerDataSource.getConnectionFromDriverManager(DriverManagerDataSource.java:155)
		at org.springframework.jdbc.datasource.DriverManagerDataSource.getConnectionFromDriver(DriverManagerDataSource.java:146)
		at org.springframework.jdbc.datasource.AbstractDriverBasedDataSource.getConnectionFromDriver(AbstractDriverBasedDataSource.java:205)
		at org.springframework.jdbc.datasource.AbstractDriverBasedDataSource.getConnection(AbstractDriverBasedDataSource.java:169)
		at org.springframework.jdbc.datasource.DataSourceUtils.fetchConnection(DataSourceUtils.java:160)
		at org.springframework.jdbc.datasource.DataSourceUtils.doGetConnection(DataSourceUtils.java:118)
		at org.springframework.jdbc.datasource.DataSourceUtils.getConnection(DataSourceUtils.java:81)
		at org.springframework.jdbc.datasource.init.DatabasePopulatorUtils.execute(DatabasePopulatorUtils.java:52)
		at org.springframework.jdbc.datasource.init.ResourceDatabasePopulator.execute(ResourceDatabasePopulator.java:269)
		at ru.yandex.practicum.configuration.DataSourceConfiguration.populate(DataSourceConfiguration.java:49)
		at java.base/jdk.internal.reflect.DirectMethodHandleAccessor.invoke(DirectMethodHandleAccessor.java:103)
		at java.base/java.lang.reflect.Method.invoke(Method.java:580)
		at org.springframework.context.event.ApplicationListenerMethodAdapter.doInvoke(ApplicationListenerMethodAdapter.java:382)
		at org.springframework.context.event.ApplicationListenerMethodAdapter.processEvent(ApplicationListenerMethodAdapter.java:254)
		at org.springframework.context.event.ApplicationListenerMethodAdapter.onApplicationEvent(ApplicationListenerMethodAdapter.java:173)
		at org.springframework.context.event.SimpleApplicationEventMulticaster.doInvokeListener(SimpleApplicationEventMulticaster.java:185)
		at org.springframework.context.event.SimpleApplicationEventMulticaster.invokeListener(SimpleApplicationEventMulticaster.java:178)
		at org.springframework.context.event.SimpleApplicationEventMulticaster.multicastEvent(SimpleApplicationEventMulticaster.java:156)
		at org.springframework.context.support.AbstractApplicationContext.publishEvent(AbstractApplicationContext.java:454)
		at org.springframework.context.support.AbstractApplicationContext.publishEvent(AbstractApplicationContext.java:387)
		at org.springframework.context.support.AbstractApplicationContext.finishRefresh(AbstractApplicationContext.java:1009)
		at org.springframework.context.support.AbstractApplicationContext.refresh(AbstractApplicationContext.java:630)
		at org.springframework.web.servlet.FrameworkServlet.configureAndRefreshWebApplicationContext(FrameworkServlet.java:706)
		at org.springframework.web.servlet.FrameworkServlet.createWebApplicationContext(FrameworkServlet.java:672)
		at org.springframework.web.servlet.FrameworkServlet.createWebApplicationContext(FrameworkServlet.java:720)
		at org.springframework.web.servlet.FrameworkServlet.initWebApplicationContext(FrameworkServlet.java:595)
		at org.springframework.web.servlet.FrameworkServlet.initServletBean(FrameworkServlet.java:537)
		at org.springframework.web.servlet.HttpServletBean.init(HttpServletBean.java:169)
		at jakarta.servlet.GenericServlet.init(GenericServlet.java:143)
		at jakarta.servlet.http.HttpServlet.init(HttpServlet.java:122)
		at org.apache.catalina.core.StandardWrapper.initServlet(StandardWrapper.java:817)
		at org.apache.catalina.core.StandardWrapper.loadServlet(StandardWrapper.java:787)
		at org.apache.catalina.core.StandardWrapper.load(StandardWrapper.java:691)
		at org.apache.catalina.core.StandardContext.loadOnStartup(StandardContext.java:4153)
		at org.apache.catalina.core.StandardContext.startInternal(StandardContext.java:4437)
		at org.apache.catalina.util.LifecycleBase.start(LifecycleBase.java:164)
		at org.apache.catalina.core.ContainerBase.addChild(ContainerBase.java:566)
		at org.apache.catalina.core.StandardHost.addChild(StandardHost.java:653)
		at org.apache.catalina.startup.HostConfig.deployWAR(HostConfig.java:933)
		at org.apache.catalina.startup.HostConfig$DeployWar.run(HostConfig.java:1875)
		at java.base/java.util.concurrent.Executors$RunnableAdapter.call(Executors.java:572)
		at java.base/java.util.concurrent.FutureTask.run(FutureTask.java:317)
		at org.apache.tomcat.util.threads.InlineExecutorService.execute(InlineExecutorService.java:75)
		at java.base/java.util.concurrent.AbstractExecutorService.submit(AbstractExecutorService.java:123)
		at org.apache.catalina.startup.HostConfig.deployWARs(HostConfig.java:735)
		at org.apache.catalina.startup.HostConfig.deployApps(HostConfig.java:387)
		at org.apache.catalina.startup.HostConfig.start(HostConfig.java:1593)
		at org.apache.catalina.startup.HostConfig.lifecycleEvent(HostConfig.java:267)
		at org.apache.catalina.util.LifecycleBase.fireLifecycleEvent(LifecycleBase.java:109)
		at org.apache.catalina.util.LifecycleBase.setStateInternal(LifecycleBase.java:389)
		at org.apache.catalina.util.LifecycleBase.setState(LifecycleBase.java:336)
		at org.apache.catalina.core.ContainerBase.startInternal(ContainerBase.java:743)
		at org.apache.catalina.core.StandardHost.startInternal(StandardHost.java:771)
		at org.apache.catalina.util.LifecycleBase.start(LifecycleBase.java:164)
		at org.apache.catalina.core.ContainerBase$StartChild.call(ContainerBase.java:1170)
		at org.apache.catalina.core.ContainerBase$StartChild.call(ContainerBase.java:1160)
		at java.base/java.util.concurrent.FutureTask.run(FutureTask.java:317)
		at org.apache.tomcat.util.threads.InlineExecutorService.execute(InlineExecutorService.java:75)
		at java.base/java.util.concurrent.AbstractExecutorService.submit(AbstractExecutorService.java:145)
		at org.apache.catalina.core.ContainerBase.startInternal(ContainerBase.java:716)
		at org.apache.catalina.core.StandardEngine.startInternal(StandardEngine.java:203)
		at org.apache.catalina.util.LifecycleBase.start(LifecycleBase.java:164)
		at org.apache.catalina.core.StandardService.startInternal(StandardService.java:415)
		at org.apache.catalina.util.LifecycleBase.start(LifecycleBase.java:164)
		at org.apache.catalina.core.StandardServer.startInternal(StandardServer.java:866)
		at org.apache.catalina.util.LifecycleBase.start(LifecycleBase.java:164)
		at org.apache.catalina.startup.Catalina.start(Catalina.java:759)
		at java.base/jdk.internal.reflect.DirectMethodHandleAccessor.invoke(DirectMethodHandleAccessor.java:103)
		at java.base/java.lang.reflect.Method.invoke(Method.java:580)
		at org.apache.catalina.startup.Bootstrap.start(Bootstrap.java:342)
		at org.apache.catalina.startup.Bootstrap.main(Bootstrap.java:470)
14-Jan-2025 12:07:40.547 INFO [main] org.apache.catalina.core.ApplicationContext.log ContextListener: contextInitialized()
14-Jan-2025 12:07:40.548 INFO [main] org.apache.catalina.core.ApplicationContext.log SessionListener: contextInitialized()
14-Jan-2025 12:07:40.549 INFO [main] org.apache.catalina.core.ApplicationContext.log ContextListener: attributeAdded('StockTicker', 'async.Stockticker@19b33b0d')
14-Jan-2025 12:07:44.595 INFO [http-nio-8080-exec-1] org.apache.catalina.core.ApplicationContext.log Initializing Spring DispatcherServlet 'dispatcher'
14-Jan-2025 12:07:44.671 SEVERE [http-nio-8080-exec-1] org.apache.catalina.core.ApplicationContext.log Servlet.init() для сервлета [dispatcher] выбросил исключение
	org.springframework.jdbc.datasource.init.UncategorizedScriptException: Failed to execute database script
		at org.springframework.jdbc.datasource.init.DatabasePopulatorUtils.execute(DatabasePopulatorUtils.java:67)
		at org.springframework.jdbc.datasource.init.ResourceDatabasePopulator.execute(ResourceDatabasePopulator.java:269)
		at ru.yandex.practicum.configuration.DataSourceConfiguration.populate(DataSourceConfiguration.java:49)
		at java.base/jdk.internal.reflect.DirectMethodHandleAccessor.invoke(DirectMethodHandleAccessor.java:103)
		at java.base/java.lang.reflect.Method.invoke(Method.java:580)
		at org.springframework.context.event.ApplicationListenerMethodAdapter.doInvoke(ApplicationListenerMethodAdapter.java:382)
		at org.springframework.context.event.ApplicationListenerMethodAdapter.processEvent(ApplicationListenerMethodAdapter.java:254)
		at org.springframework.context.event.ApplicationListenerMethodAdapter.onApplicationEvent(ApplicationListenerMethodAdapter.java:173)
		at org.springframework.context.event.SimpleApplicationEventMulticaster.doInvokeListener(SimpleApplicationEventMulticaster.java:185)
		at org.springframework.context.event.SimpleApplicationEventMulticaster.invokeListener(SimpleApplicationEventMulticaster.java:178)
		at org.springframework.context.event.SimpleApplicationEventMulticaster.multicastEvent(SimpleApplicationEventMulticaster.java:156)
		at org.springframework.context.support.AbstractApplicationContext.publishEvent(AbstractApplicationContext.java:454)
		at org.springframework.context.support.AbstractApplicationContext.publishEvent(AbstractApplicationContext.java:387)
		at org.springframework.context.support.AbstractApplicationContext.finishRefresh(AbstractApplicationContext.java:1009)
		at org.springframework.context.support.AbstractApplicationContext.refresh(AbstractApplicationContext.java:630)
		at org.springframework.web.servlet.FrameworkServlet.configureAndRefreshWebApplicationContext(FrameworkServlet.java:706)
		at org.springframework.web.servlet.FrameworkServlet.createWebApplicationContext(FrameworkServlet.java:672)
		at org.springframework.web.servlet.FrameworkServlet.createWebApplicationContext(FrameworkServlet.java:720)
		at org.springframework.web.servlet.FrameworkServlet.initWebApplicationContext(FrameworkServlet.java:595)
		at org.springframework.web.servlet.FrameworkServlet.initServletBean(FrameworkServlet.java:537)
		at org.springframework.web.servlet.HttpServletBean.init(HttpServletBean.java:169)
		at jakarta.servlet.GenericServlet.init(GenericServlet.java:143)
		at jakarta.servlet.http.HttpServlet.init(HttpServlet.java:122)
		at org.apache.catalina.core.StandardWrapper.initServlet(StandardWrapper.java:817)
		at org.apache.catalina.core.StandardWrapper.loadServlet(StandardWrapper.java:787)
		at org.apache.catalina.core.StandardWrapper.allocate(StandardWrapper.java:568)
		at org.apache.catalina.core.StandardWrapperValve.invoke(StandardWrapperValve.java:115)
		at org.apache.catalina.core.StandardContextValve.invoke(StandardContextValve.java:79)
		at org.apache.catalina.authenticator.AuthenticatorBase.invoke(AuthenticatorBase.java:483)
		at org.apache.catalina.core.StandardHostValve.invoke(StandardHostValve.java:115)
		at org.apache.catalina.valves.ErrorReportValve.invoke(ErrorReportValve.java:93)
		at org.apache.catalina.valves.AbstractAccessLogValve.invoke(AbstractAccessLogValve.java:663)
		at org.apache.catalina.core.StandardEngineValve.invoke(StandardEngineValve.java:74)
		at org.apache.catalina.connector.CoyoteAdapter.service(CoyoteAdapter.java:342)
		at org.apache.coyote.http11.Http11Processor.service(Http11Processor.java:395)
		at org.apache.coyote.AbstractProcessorLight.process(AbstractProcessorLight.java:63)
		at org.apache.coyote.AbstractProtocol$ConnectionHandler.process(AbstractProtocol.java:905)
		at org.apache.tomcat.util.net.NioEndpoint$SocketProcessor.doRun(NioEndpoint.java:1746)
		at org.apache.tomcat.util.net.SocketProcessorBase.run(SocketProcessorBase.java:52)
		at org.apache.tomcat.util.threads.ThreadPoolExecutor.runWorker(ThreadPoolExecutor.java:1148)
		at org.apache.tomcat.util.threads.ThreadPoolExecutor$Worker.run(ThreadPoolExecutor.java:636)
		at org.apache.tomcat.util.threads.TaskThread$WrappingRunnable.run(TaskThread.java:63)
		at java.base/java.lang.Thread.run(Thread.java:1583)
	Caused by: org.springframework.jdbc.CannotGetJdbcConnectionException: Failed to obtain JDBC Connection
		at org.springframework.jdbc.datasource.DataSourceUtils.getConnection(DataSourceUtils.java:84)
		at org.springframework.jdbc.datasource.init.DatabasePopulatorUtils.execute(DatabasePopulatorUtils.java:52)
		... 42 more
	Caused by: java.sql.SQLException: No suitable driver found for ${spring.datasource.url}
		at java.sql/java.sql.DriverManager.getConnection(DriverManager.java:708)
		at java.sql/java.sql.DriverManager.getConnection(DriverManager.java:191)
		at org.springframework.jdbc.datasource.DriverManagerDataSource.getConnectionFromDriverManager(DriverManagerDataSource.java:155)
		at org.springframework.jdbc.datasource.DriverManagerDataSource.getConnectionFromDriver(DriverManagerDataSource.java:146)
		at org.springframework.jdbc.datasource.AbstractDriverBasedDataSource.getConnectionFromDriver(AbstractDriverBasedDataSource.java:205)
		at org.springframework.jdbc.datasource.AbstractDriverBasedDataSource.getConnection(AbstractDriverBasedDataSource.java:169)
		at org.springframework.jdbc.datasource.DataSourceUtils.fetchConnection(DataSourceUtils.java:160)
		at org.springframework.jdbc.datasource.DataSourceUtils.doGetConnection(DataSourceUtils.java:118)
		at org.springframework.jdbc.datasource.DataSourceUtils.getConnection(DataSourceUtils.java:81)
		... 43 more
14-Jan-2025 12:07:44.671 SEVERE [http-nio-8080-exec-1] org.apache.catalina.core.StandardWrapperValve.invoke Ошибка выделения для сервлета [dispatcher]
	java.sql.SQLException: No suitable driver found for ${spring.datasource.url}
		at java.sql/java.sql.DriverManager.getConnection(DriverManager.java:708)
		at java.sql/java.sql.DriverManager.getConnection(DriverManager.java:191)
		at org.springframework.jdbc.datasource.DriverManagerDataSource.getConnectionFromDriverManager(DriverManagerDataSource.java:155)
		at org.springframework.jdbc.datasource.DriverManagerDataSource.getConnectionFromDriver(DriverManagerDataSource.java:146)
		at org.springframework.jdbc.datasource.AbstractDriverBasedDataSource.getConnectionFromDriver(AbstractDriverBasedDataSource.java:205)
		at org.springframework.jdbc.datasource.AbstractDriverBasedDataSource.getConnection(AbstractDriverBasedDataSource.java:169)
		at org.springframework.jdbc.datasource.DataSourceUtils.fetchConnection(DataSourceUtils.java:160)
		at org.springframework.jdbc.datasource.DataSourceUtils.doGetConnection(DataSourceUtils.java:118)
		at org.springframework.jdbc.datasource.DataSourceUtils.getConnection(DataSourceUtils.java:81)
		at org.springframework.jdbc.datasource.init.DatabasePopulatorUtils.execute(DatabasePopulatorUtils.java:52)
		at org.springframework.jdbc.datasource.init.ResourceDatabasePopulator.execute(ResourceDatabasePopulator.java:269)
		at ru.yandex.practicum.configuration.DataSourceConfiguration.populate(DataSourceConfiguration.java:49)
		at java.base/jdk.internal.reflect.DirectMethodHandleAccessor.invoke(DirectMethodHandleAccessor.java:103)
		at java.base/java.lang.reflect.Method.invoke(Method.java:580)
		at org.springframework.context.event.ApplicationListenerMethodAdapter.doInvoke(ApplicationListenerMethodAdapter.java:382)
		at org.springframework.context.event.ApplicationListenerMethodAdapter.processEvent(ApplicationListenerMethodAdapter.java:254)
		at org.springframework.context.event.ApplicationListenerMethodAdapter.onApplicationEvent(ApplicationListenerMethodAdapter.java:173)
		at org.springframework.context.event.SimpleApplicationEventMulticaster.doInvokeListener(SimpleApplicationEventMulticaster.java:185)
		at org.springframework.context.event.SimpleApplicationEventMulticaster.invokeListener(SimpleApplicationEventMulticaster.java:178)
		at org.springframework.context.event.SimpleApplicationEventMulticaster.multicastEvent(SimpleApplicationEventMulticaster.java:156)
		at org.springframework.context.support.AbstractApplicationContext.publishEvent(AbstractApplicationContext.java:454)
		at org.springframework.context.support.AbstractApplicationContext.publishEvent(AbstractApplicationContext.java:387)
		at org.springframework.context.support.AbstractApplicationContext.finishRefresh(AbstractApplicationContext.java:1009)
		at org.springframework.context.support.AbstractApplicationContext.refresh(AbstractApplicationContext.java:630)
		at org.springframework.web.servlet.FrameworkServlet.configureAndRefreshWebApplicationContext(FrameworkServlet.java:706)
		at org.springframework.web.servlet.FrameworkServlet.createWebApplicationContext(FrameworkServlet.java:672)
		at org.springframework.web.servlet.FrameworkServlet.createWebApplicationContext(FrameworkServlet.java:720)
		at org.springframework.web.servlet.FrameworkServlet.initWebApplicationContext(FrameworkServlet.java:595)
		at org.springframework.web.servlet.FrameworkServlet.initServletBean(FrameworkServlet.java:537)
		at org.springframework.web.servlet.HttpServletBean.init(HttpServletBean.java:169)
		at jakarta.servlet.GenericServlet.init(GenericServlet.java:143)
		at jakarta.servlet.http.HttpServlet.init(HttpServlet.java:122)
		at org.apache.catalina.core.StandardWrapper.initServlet(StandardWrapper.java:817)
		at org.apache.catalina.core.StandardWrapper.loadServlet(StandardWrapper.java:787)
		at org.apache.catalina.core.StandardWrapper.allocate(StandardWrapper.java:568)
		at org.apache.catalina.core.StandardWrapperValve.invoke(StandardWrapperValve.java:115)
		at org.apache.catalina.core.StandardContextValve.invoke(StandardContextValve.java:79)
		at org.apache.catalina.authenticator.AuthenticatorBase.invoke(AuthenticatorBase.java:483)
		at org.apache.catalina.core.StandardHostValve.invoke(StandardHostValve.java:115)
		at org.apache.catalina.valves.ErrorReportValve.invoke(ErrorReportValve.java:93)
		at org.apache.catalina.valves.AbstractAccessLogValve.invoke(AbstractAccessLogValve.java:663)
		at org.apache.catalina.core.StandardEngineValve.invoke(StandardEngineValve.java:74)
		at org.apache.catalina.connector.CoyoteAdapter.service(CoyoteAdapter.java:342)
		at org.apache.coyote.http11.Http11Processor.service(Http11Processor.java:395)
		at org.apache.coyote.AbstractProcessorLight.process(AbstractProcessorLight.java:63)
		at org.apache.coyote.AbstractProtocol$ConnectionHandler.process(AbstractProtocol.java:905)
		at org.apache.tomcat.util.net.NioEndpoint$SocketProcessor.doRun(NioEndpoint.java:1746)
		at org.apache.tomcat.util.net.SocketProcessorBase.run(SocketProcessorBase.java:52)
		at org.apache.tomcat.util.threads.ThreadPoolExecutor.runWorker(ThreadPoolExecutor.java:1148)
		at org.apache.tomcat.util.threads.ThreadPoolExecutor$Worker.run(ThreadPoolExecutor.java:636)
		at org.apache.tomcat.util.threads.TaskThread$WrappingRunnable.run(TaskThread.java:63)
		at java.base/java.lang.Thread.run(Thread.java:1583)
14-Jan-2025 12:07:46.354 INFO [http-nio-8080-exec-2] org.apache.catalina.core.ApplicationContext.log Initializing Spring DispatcherServlet 'dispatcher'
14-Jan-2025 12:07:46.464 SEVERE [http-nio-8080-exec-2] org.apache.catalina.core.ApplicationContext.log Servlet.init() для сервлета [dispatcher] выбросил исключение
	org.springframework.jdbc.datasource.init.UncategorizedScriptException: Failed to execute database script
		at org.springframework.jdbc.datasource.init.DatabasePopulatorUtils.execute(DatabasePopulatorUtils.java:67)
		at org.springframework.jdbc.datasource.init.ResourceDatabasePopulator.execute(ResourceDatabasePopulator.java:269)
		at ru.yandex.practicum.configuration.DataSourceConfiguration.populate(DataSourceConfiguration.java:49)
		at java.base/jdk.internal.reflect.DirectMethodHandleAccessor.invoke(DirectMethodHandleAccessor.java:103)
		at java.base/java.lang.reflect.Method.invoke(Method.java:580)
		at org.springframework.context.event.ApplicationListenerMethodAdapter.doInvoke(ApplicationListenerMethodAdapter.java:382)
		at org.springframework.context.event.ApplicationListenerMethodAdapter.processEvent(ApplicationListenerMethodAdapter.java:254)
		at org.springframework.context.event.ApplicationListenerMethodAdapter.onApplicationEvent(ApplicationListenerMethodAdapter.java:173)
		at org.springframework.context.event.SimpleApplicationEventMulticaster.doInvokeListener(SimpleApplicationEventMulticaster.java:185)
		at org.springframework.context.event.SimpleApplicationEventMulticaster.invokeListener(SimpleApplicationEventMulticaster.java:178)
		at org.springframework.context.event.SimpleApplicationEventMulticaster.multicastEvent(SimpleApplicationEventMulticaster.java:156)
		at org.springframework.context.support.AbstractApplicationContext.publishEvent(AbstractApplicationContext.java:454)
		at org.springframework.context.support.AbstractApplicationContext.publishEvent(AbstractApplicationContext.java:387)
		at org.springframework.context.support.AbstractApplicationContext.finishRefresh(AbstractApplicationContext.java:1009)
		at org.springframework.context.support.AbstractApplicationContext.refresh(AbstractApplicationContext.java:630)
		at org.springframework.web.servlet.FrameworkServlet.configureAndRefreshWebApplicationContext(FrameworkServlet.java:706)
		at org.springframework.web.servlet.FrameworkServlet.createWebApplicationContext(FrameworkServlet.java:672)
		at org.springframework.web.servlet.FrameworkServlet.createWebApplicationContext(FrameworkServlet.java:720)
		at org.springframework.web.servlet.FrameworkServlet.initWebApplicationContext(FrameworkServlet.java:595)
		at org.springframework.web.servlet.FrameworkServlet.initServletBean(FrameworkServlet.java:537)
		at org.springframework.web.servlet.HttpServletBean.init(HttpServletBean.java:169)
		at jakarta.servlet.GenericServlet.init(GenericServlet.java:143)
		at jakarta.servlet.http.HttpServlet.init(HttpServlet.java:122)
		at org.apache.catalina.core.StandardWrapper.initServlet(StandardWrapper.java:817)
		at org.apache.catalina.core.StandardWrapper.loadServlet(StandardWrapper.java:787)
		at org.apache.catalina.core.StandardWrapper.allocate(StandardWrapper.java:568)
		at org.apache.catalina.core.StandardWrapperValve.invoke(StandardWrapperValve.java:115)
		at org.apache.catalina.core.StandardContextValve.invoke(StandardContextValve.java:79)
		at org.apache.catalina.authenticator.AuthenticatorBase.invoke(AuthenticatorBase.java:483)
		at org.apache.catalina.core.StandardHostValve.invoke(StandardHostValve.java:115)
		at org.apache.catalina.valves.ErrorReportValve.invoke(ErrorReportValve.java:93)
		at org.apache.catalina.valves.AbstractAccessLogValve.invoke(AbstractAccessLogValve.java:663)
		at org.apache.catalina.core.StandardEngineValve.invoke(StandardEngineValve.java:74)
		at org.apache.catalina.connector.CoyoteAdapter.service(CoyoteAdapter.java:342)
		at org.apache.coyote.http11.Http11Processor.service(Http11Processor.java:395)
		at org.apache.coyote.AbstractProcessorLight.process(AbstractProcessorLight.java:63)
		at org.apache.coyote.AbstractProtocol$ConnectionHandler.process(AbstractProtocol.java:905)
		at org.apache.tomcat.util.net.NioEndpoint$SocketProcessor.doRun(NioEndpoint.java:1746)
		at org.apache.tomcat.util.net.SocketProcessorBase.run(SocketProcessorBase.java:52)
		at org.apache.tomcat.util.threads.ThreadPoolExecutor.runWorker(ThreadPoolExecutor.java:1148)
		at org.apache.tomcat.util.threads.ThreadPoolExecutor$Worker.run(ThreadPoolExecutor.java:636)
		at org.apache.tomcat.util.threads.TaskThread$WrappingRunnable.run(TaskThread.java:63)
		at java.base/java.lang.Thread.run(Thread.java:1583)
	Caused by: org.springframework.jdbc.CannotGetJdbcConnectionException: Failed to obtain JDBC Connection
		at org.springframework.jdbc.datasource.DataSourceUtils.getConnection(DataSourceUtils.java:84)
		at org.springframework.jdbc.datasource.init.DatabasePopulatorUtils.execute(DatabasePopulatorUtils.java:52)
		... 42 more
	Caused by: java.sql.SQLException: No suitable driver found for ${spring.datasource.url}
		at java.sql/java.sql.DriverManager.getConnection(DriverManager.java:708)
		at java.sql/java.sql.DriverManager.getConnection(DriverManager.java:191)
		at org.springframework.jdbc.datasource.DriverManagerDataSource.getConnectionFromDriverManager(DriverManagerDataSource.java:155)
		at org.springframework.jdbc.datasource.DriverManagerDataSource.getConnectionFromDriver(DriverManagerDataSource.java:146)
		at org.springframework.jdbc.datasource.AbstractDriverBasedDataSource.getConnectionFromDriver(AbstractDriverBasedDataSource.java:205)
		at org.springframework.jdbc.datasource.AbstractDriverBasedDataSource.getConnection(AbstractDriverBasedDataSource.java:169)
		at org.springframework.jdbc.datasource.DataSourceUtils.fetchConnection(DataSourceUtils.java:160)
		at org.springframework.jdbc.datasource.DataSourceUtils.doGetConnection(DataSourceUtils.java:118)
		at org.springframework.jdbc.datasource.DataSourceUtils.getConnection(DataSourceUtils.java:81)
		... 43 more
14-Jan-2025 12:07:46.464 SEVERE [http-nio-8080-exec-2] org.apache.catalina.core.StandardWrapperValve.invoke Ошибка выделения для сервлета [dispatcher]
	java.sql.SQLException: No suitable driver found for ${spring.datasource.url}
		at java.sql/java.sql.DriverManager.getConnection(DriverManager.java:708)
		at java.sql/java.sql.DriverManager.getConnection(DriverManager.java:191)
		at org.springframework.jdbc.datasource.DriverManagerDataSource.getConnectionFromDriverManager(DriverManagerDataSource.java:155)
		at org.springframework.jdbc.datasource.DriverManagerDataSource.getConnectionFromDriver(DriverManagerDataSource.java:146)
		at org.springframework.jdbc.datasource.AbstractDriverBasedDataSource.getConnectionFromDriver(AbstractDriverBasedDataSource.java:205)
		at org.springframework.jdbc.datasource.AbstractDriverBasedDataSource.getConnection(AbstractDriverBasedDataSource.java:169)
		at org.springframework.jdbc.datasource.DataSourceUtils.fetchConnection(DataSourceUtils.java:160)
		at org.springframework.jdbc.datasource.DataSourceUtils.doGetConnection(DataSourceUtils.java:118)
		at org.springframework.jdbc.datasource.DataSourceUtils.getConnection(DataSourceUtils.java:81)
		at org.springframework.jdbc.datasource.init.DatabasePopulatorUtils.execute(DatabasePopulatorUtils.java:52)
		at org.springframework.jdbc.datasource.init.ResourceDatabasePopulator.execute(ResourceDatabasePopulator.java:269)
		at ru.yandex.practicum.configuration.DataSourceConfiguration.populate(DataSourceConfiguration.java:49)
		at java.base/jdk.internal.reflect.DirectMethodHandleAccessor.invoke(DirectMethodHandleAccessor.java:103)
		at java.base/java.lang.reflect.Method.invoke(Method.java:580)
		at org.springframework.context.event.ApplicationListenerMethodAdapter.doInvoke(ApplicationListenerMethodAdapter.java:382)
		at org.springframework.context.event.ApplicationListenerMethodAdapter.processEvent(ApplicationListenerMethodAdapter.java:254)
		at org.springframework.context.event.ApplicationListenerMethodAdapter.onApplicationEvent(ApplicationListenerMethodAdapter.java:173)
		at org.springframework.context.event.SimpleApplicationEventMulticaster.doInvokeListener(SimpleApplicationEventMulticaster.java:185)
		at org.springframework.context.event.SimpleApplicationEventMulticaster.invokeListener(SimpleApplicationEventMulticaster.java:178)
		at org.springframework.context.event.SimpleApplicationEventMulticaster.multicastEvent(SimpleApplicationEventMulticaster.java:156)
		at org.springframework.context.support.AbstractApplicationContext.publishEvent(AbstractApplicationContext.java:454)
		at org.springframework.context.support.AbstractApplicationContext.publishEvent(AbstractApplicationContext.java:387)
		at org.springframework.context.support.AbstractApplicationContext.finishRefresh(AbstractApplicationContext.java:1009)
		at org.springframework.context.support.AbstractApplicationContext.refresh(AbstractApplicationContext.java:630)
		at org.springframework.web.servlet.FrameworkServlet.configureAndRefreshWebApplicationContext(FrameworkServlet.java:706)
		at org.springframework.web.servlet.FrameworkServlet.createWebApplicationContext(FrameworkServlet.java:672)
		at org.springframework.web.servlet.FrameworkServlet.createWebApplicationContext(FrameworkServlet.java:720)
		at org.springframework.web.servlet.FrameworkServlet.initWebApplicationContext(FrameworkServlet.java:595)
		at org.springframework.web.servlet.FrameworkServlet.initServletBean(FrameworkServlet.java:537)
		at org.springframework.web.servlet.HttpServletBean.init(HttpServletBean.java:169)
		at jakarta.servlet.GenericServlet.init(GenericServlet.java:143)
		at jakarta.servlet.http.HttpServlet.init(HttpServlet.java:122)
		at org.apache.catalina.core.StandardWrapper.initServlet(StandardWrapper.java:817)
		at org.apache.catalina.core.StandardWrapper.loadServlet(StandardWrapper.java:787)
		at org.apache.catalina.core.StandardWrapper.allocate(StandardWrapper.java:568)
		at org.apache.catalina.core.StandardWrapperValve.invoke(StandardWrapperValve.java:115)
		at org.apache.catalina.core.StandardContextValve.invoke(StandardContextValve.java:79)
		at org.apache.catalina.authenticator.AuthenticatorBase.invoke(AuthenticatorBase.java:483)
		at org.apache.catalina.core.StandardHostValve.invoke(StandardHostValve.java:115)
		at org.apache.catalina.valves.ErrorReportValve.invoke(ErrorReportValve.java:93)
		at org.apache.catalina.valves.AbstractAccessLogValve.invoke(AbstractAccessLogValve.java:663)
		at org.apache.catalina.core.StandardEngineValve.invoke(StandardEngineValve.java:74)
		at org.apache.catalina.connector.CoyoteAdapter.service(CoyoteAdapter.java:342)
		at org.apache.coyote.http11.Http11Processor.service(Http11Processor.java:395)
		at org.apache.coyote.AbstractProcessorLight.process(AbstractProcessorLight.java:63)
		at org.apache.coyote.AbstractProtocol$ConnectionHandler.process(AbstractProtocol.java:905)
		at org.apache.tomcat.util.net.NioEndpoint$SocketProcessor.doRun(NioEndpoint.java:1746)
		at org.apache.tomcat.util.net.SocketProcessorBase.run(SocketProcessorBase.java:52)
		at org.apache.tomcat.util.threads.ThreadPoolExecutor.runWorker(ThreadPoolExecutor.java:1148)
		at org.apache.tomcat.util.threads.ThreadPoolExecutor$Worker.run(ThreadPoolExecutor.java:636)
		at org.apache.tomcat.util.threads.TaskThread$WrappingRunnable.run(TaskThread.java:63)
		at java.base/java.lang.Thread.run(Thread.java:1583)
14-Jan-2025 12:12:17.636 INFO [main] org.apache.catalina.core.ApplicationContext.log SessionListener: contextDestroyed()
14-Jan-2025 12:12:17.636 INFO [main] org.apache.catalina.core.ApplicationContext.log ContextListener: contextDestroyed()
14-Jan-2025 12:12:35.087 INFO [main] org.apache.catalina.core.ApplicationContext.log No Spring WebApplicationInitializer types detected on classpath
14-Jan-2025 12:12:35.242 INFO [main] org.apache.catalina.core.ApplicationContext.log Initializing Spring DispatcherServlet 'dispatcher'
14-Jan-2025 12:12:36.154 SEVERE [main] org.apache.catalina.core.ApplicationContext.log Servlet.init() для сервлета [dispatcher] выбросил исключение
	org.springframework.jdbc.datasource.init.UncategorizedScriptException: Failed to execute database script
		at org.springframework.jdbc.datasource.init.DatabasePopulatorUtils.execute(DatabasePopulatorUtils.java:67)
		at org.springframework.jdbc.datasource.init.ResourceDatabasePopulator.execute(ResourceDatabasePopulator.java:269)
		at ru.yandex.practicum.configuration.DataSourceConfiguration.populate(DataSourceConfiguration.java:49)
		at java.base/jdk.internal.reflect.DirectMethodHandleAccessor.invoke(DirectMethodHandleAccessor.java:103)
		at java.base/java.lang.reflect.Method.invoke(Method.java:580)
		at org.springframework.context.event.ApplicationListenerMethodAdapter.doInvoke(ApplicationListenerMethodAdapter.java:382)
		at org.springframework.context.event.ApplicationListenerMethodAdapter.processEvent(ApplicationListenerMethodAdapter.java:254)
		at org.springframework.context.event.ApplicationListenerMethodAdapter.onApplicationEvent(ApplicationListenerMethodAdapter.java:173)
		at org.springframework.context.event.SimpleApplicationEventMulticaster.doInvokeListener(SimpleApplicationEventMulticaster.java:185)
		at org.springframework.context.event.SimpleApplicationEventMulticaster.invokeListener(SimpleApplicationEventMulticaster.java:178)
		at org.springframework.context.event.SimpleApplicationEventMulticaster.multicastEvent(SimpleApplicationEventMulticaster.java:156)
		at org.springframework.context.support.AbstractApplicationContext.publishEvent(AbstractApplicationContext.java:454)
		at org.springframework.context.support.AbstractApplicationContext.publishEvent(AbstractApplicationContext.java:387)
		at org.springframework.context.support.AbstractApplicationContext.finishRefresh(AbstractApplicationContext.java:1009)
		at org.springframework.context.support.AbstractApplicationContext.refresh(AbstractApplicationContext.java:630)
		at org.springframework.web.servlet.FrameworkServlet.configureAndRefreshWebApplicationContext(FrameworkServlet.java:706)
		at org.springframework.web.servlet.FrameworkServlet.createWebApplicationContext(FrameworkServlet.java:672)
		at org.springframework.web.servlet.FrameworkServlet.createWebApplicationContext(FrameworkServlet.java:720)
		at org.springframework.web.servlet.FrameworkServlet.initWebApplicationContext(FrameworkServlet.java:595)
		at org.springframework.web.servlet.FrameworkServlet.initServletBean(FrameworkServlet.java:537)
		at org.springframework.web.servlet.HttpServletBean.init(HttpServletBean.java:169)
		at jakarta.servlet.GenericServlet.init(GenericServlet.java:143)
		at jakarta.servlet.http.HttpServlet.init(HttpServlet.java:122)
		at org.apache.catalina.core.StandardWrapper.initServlet(StandardWrapper.java:817)
		at org.apache.catalina.core.StandardWrapper.loadServlet(StandardWrapper.java:787)
		at org.apache.catalina.core.StandardWrapper.load(StandardWrapper.java:691)
		at org.apache.catalina.core.StandardContext.loadOnStartup(StandardContext.java:4153)
		at org.apache.catalina.core.StandardContext.startInternal(StandardContext.java:4437)
		at org.apache.catalina.util.LifecycleBase.start(LifecycleBase.java:164)
		at org.apache.catalina.core.ContainerBase.addChild(ContainerBase.java:566)
		at org.apache.catalina.core.StandardHost.addChild(StandardHost.java:653)
		at org.apache.catalina.startup.HostConfig.deployWAR(HostConfig.java:933)
		at org.apache.catalina.startup.HostConfig$DeployWar.run(HostConfig.java:1875)
		at java.base/java.util.concurrent.Executors$RunnableAdapter.call(Executors.java:572)
		at java.base/java.util.concurrent.FutureTask.run(FutureTask.java:317)
		at org.apache.tomcat.util.threads.InlineExecutorService.execute(InlineExecutorService.java:75)
		at java.base/java.util.concurrent.AbstractExecutorService.submit(AbstractExecutorService.java:123)
		at org.apache.catalina.startup.HostConfig.deployWARs(HostConfig.java:735)
		at org.apache.catalina.startup.HostConfig.deployApps(HostConfig.java:387)
		at org.apache.catalina.startup.HostConfig.start(HostConfig.java:1593)
		at org.apache.catalina.startup.HostConfig.lifecycleEvent(HostConfig.java:267)
		at org.apache.catalina.util.LifecycleBase.fireLifecycleEvent(LifecycleBase.java:109)
		at org.apache.catalina.util.LifecycleBase.setStateInternal(LifecycleBase.java:389)
		at org.apache.catalina.util.LifecycleBase.setState(LifecycleBase.java:336)
		at org.apache.catalina.core.ContainerBase.startInternal(ContainerBase.java:743)
		at org.apache.catalina.core.StandardHost.startInternal(StandardHost.java:771)
		at org.apache.catalina.util.LifecycleBase.start(LifecycleBase.java:164)
		at org.apache.catalina.core.ContainerBase$StartChild.call(ContainerBase.java:1170)
		at org.apache.catalina.core.ContainerBase$StartChild.call(ContainerBase.java:1160)
		at java.base/java.util.concurrent.FutureTask.run(FutureTask.java:317)
		at org.apache.tomcat.util.threads.InlineExecutorService.execute(InlineExecutorService.java:75)
		at java.base/java.util.concurrent.AbstractExecutorService.submit(AbstractExecutorService.java:145)
		at org.apache.catalina.core.ContainerBase.startInternal(ContainerBase.java:716)
		at org.apache.catalina.core.StandardEngine.startInternal(StandardEngine.java:203)
		at org.apache.catalina.util.LifecycleBase.start(LifecycleBase.java:164)
		at org.apache.catalina.core.StandardService.startInternal(StandardService.java:415)
		at org.apache.catalina.util.LifecycleBase.start(LifecycleBase.java:164)
		at org.apache.catalina.core.StandardServer.startInternal(StandardServer.java:866)
		at org.apache.catalina.util.LifecycleBase.start(LifecycleBase.java:164)
		at org.apache.catalina.startup.Catalina.start(Catalina.java:759)
		at java.base/jdk.internal.reflect.DirectMethodHandleAccessor.invoke(DirectMethodHandleAccessor.java:103)
		at java.base/java.lang.reflect.Method.invoke(Method.java:580)
		at org.apache.catalina.startup.Bootstrap.start(Bootstrap.java:342)
		at org.apache.catalina.startup.Bootstrap.main(Bootstrap.java:470)
	Caused by: org.springframework.jdbc.CannotGetJdbcConnectionException: Failed to obtain JDBC Connection
		at org.springframework.jdbc.datasource.DataSourceUtils.getConnection(DataSourceUtils.java:84)
		at org.springframework.jdbc.datasource.init.DatabasePopulatorUtils.execute(DatabasePopulatorUtils.java:52)
		... 63 more
	Caused by: java.sql.SQLException: No suitable driver found for ${spring.datasource.url}
		at java.sql/java.sql.DriverManager.getConnection(DriverManager.java:708)
		at java.sql/java.sql.DriverManager.getConnection(DriverManager.java:191)
		at org.springframework.jdbc.datasource.DriverManagerDataSource.getConnectionFromDriverManager(DriverManagerDataSource.java:155)
		at org.springframework.jdbc.datasource.DriverManagerDataSource.getConnectionFromDriver(DriverManagerDataSource.java:146)
		at org.springframework.jdbc.datasource.AbstractDriverBasedDataSource.getConnectionFromDriver(AbstractDriverBasedDataSource.java:205)
		at org.springframework.jdbc.datasource.AbstractDriverBasedDataSource.getConnection(AbstractDriverBasedDataSource.java:169)
		at org.springframework.jdbc.datasource.DataSourceUtils.fetchConnection(DataSourceUtils.java:160)
		at org.springframework.jdbc.datasource.DataSourceUtils.doGetConnection(DataSourceUtils.java:118)
		at org.springframework.jdbc.datasource.DataSourceUtils.getConnection(DataSourceUtils.java:81)
		... 64 more
14-Jan-2025 12:12:36.155 SEVERE [main] org.apache.catalina.core.StandardContext.loadOnStartup Servlet [dispatcher] in web application [/study] threw load() exception
	java.sql.SQLException: No suitable driver found for ${spring.datasource.url}
		at java.sql/java.sql.DriverManager.getConnection(DriverManager.java:708)
		at java.sql/java.sql.DriverManager.getConnection(DriverManager.java:191)
		at org.springframework.jdbc.datasource.DriverManagerDataSource.getConnectionFromDriverManager(DriverManagerDataSource.java:155)
		at org.springframework.jdbc.datasource.DriverManagerDataSource.getConnectionFromDriver(DriverManagerDataSource.java:146)
		at org.springframework.jdbc.datasource.AbstractDriverBasedDataSource.getConnectionFromDriver(AbstractDriverBasedDataSource.java:205)
		at org.springframework.jdbc.datasource.AbstractDriverBasedDataSource.getConnection(AbstractDriverBasedDataSource.java:169)
		at org.springframework.jdbc.datasource.DataSourceUtils.fetchConnection(DataSourceUtils.java:160)
		at org.springframework.jdbc.datasource.DataSourceUtils.doGetConnection(DataSourceUtils.java:118)
		at org.springframework.jdbc.datasource.DataSourceUtils.getConnection(DataSourceUtils.java:81)
		at org.springframework.jdbc.datasource.init.DatabasePopulatorUtils.execute(DatabasePopulatorUtils.java:52)
		at org.springframework.jdbc.datasource.init.ResourceDatabasePopulator.execute(ResourceDatabasePopulator.java:269)
		at ru.yandex.practicum.configuration.DataSourceConfiguration.populate(DataSourceConfiguration.java:49)
		at java.base/jdk.internal.reflect.DirectMethodHandleAccessor.invoke(DirectMethodHandleAccessor.java:103)
		at java.base/java.lang.reflect.Method.invoke(Method.java:580)
		at org.springframework.context.event.ApplicationListenerMethodAdapter.doInvoke(ApplicationListenerMethodAdapter.java:382)
		at org.springframework.context.event.ApplicationListenerMethodAdapter.processEvent(ApplicationListenerMethodAdapter.java:254)
		at org.springframework.context.event.ApplicationListenerMethodAdapter.onApplicationEvent(ApplicationListenerMethodAdapter.java:173)
		at org.springframework.context.event.SimpleApplicationEventMulticaster.doInvokeListener(SimpleApplicationEventMulticaster.java:185)
		at org.springframework.context.event.SimpleApplicationEventMulticaster.invokeListener(SimpleApplicationEventMulticaster.java:178)
		at org.springframework.context.event.SimpleApplicationEventMulticaster.multicastEvent(SimpleApplicationEventMulticaster.java:156)
		at org.springframework.context.support.AbstractApplicationContext.publishEvent(AbstractApplicationContext.java:454)
		at org.springframework.context.support.AbstractApplicationContext.publishEvent(AbstractApplicationContext.java:387)
		at org.springframework.context.support.AbstractApplicationContext.finishRefresh(AbstractApplicationContext.java:1009)
		at org.springframework.context.support.AbstractApplicationContext.refresh(AbstractApplicationContext.java:630)
		at org.springframework.web.servlet.FrameworkServlet.configureAndRefreshWebApplicationContext(FrameworkServlet.java:706)
		at org.springframework.web.servlet.FrameworkServlet.createWebApplicationContext(FrameworkServlet.java:672)
		at org.springframework.web.servlet.FrameworkServlet.createWebApplicationContext(FrameworkServlet.java:720)
		at org.springframework.web.servlet.FrameworkServlet.initWebApplicationContext(FrameworkServlet.java:595)
		at org.springframework.web.servlet.FrameworkServlet.initServletBean(FrameworkServlet.java:537)
		at org.springframework.web.servlet.HttpServletBean.init(HttpServletBean.java:169)
		at jakarta.servlet.GenericServlet.init(GenericServlet.java:143)
		at jakarta.servlet.http.HttpServlet.init(HttpServlet.java:122)
		at org.apache.catalina.core.StandardWrapper.initServlet(StandardWrapper.java:817)
		at org.apache.catalina.core.StandardWrapper.loadServlet(StandardWrapper.java:787)
		at org.apache.catalina.core.StandardWrapper.load(StandardWrapper.java:691)
		at org.apache.catalina.core.StandardContext.loadOnStartup(StandardContext.java:4153)
		at org.apache.catalina.core.StandardContext.startInternal(StandardContext.java:4437)
		at org.apache.catalina.util.LifecycleBase.start(LifecycleBase.java:164)
		at org.apache.catalina.core.ContainerBase.addChild(ContainerBase.java:566)
		at org.apache.catalina.core.StandardHost.addChild(StandardHost.java:653)
		at org.apache.catalina.startup.HostConfig.deployWAR(HostConfig.java:933)
		at org.apache.catalina.startup.HostConfig$DeployWar.run(HostConfig.java:1875)
		at java.base/java.util.concurrent.Executors$RunnableAdapter.call(Executors.java:572)
		at java.base/java.util.concurrent.FutureTask.run(FutureTask.java:317)
		at org.apache.tomcat.util.threads.InlineExecutorService.execute(InlineExecutorService.java:75)
		at java.base/java.util.concurrent.AbstractExecutorService.submit(AbstractExecutorService.java:123)
		at org.apache.catalina.startup.HostConfig.deployWARs(HostConfig.java:735)
		at org.apache.catalina.startup.HostConfig.deployApps(HostConfig.java:387)
		at org.apache.catalina.startup.HostConfig.start(HostConfig.java:1593)
		at org.apache.catalina.startup.HostConfig.lifecycleEvent(HostConfig.java:267)
		at org.apache.catalina.util.LifecycleBase.fireLifecycleEvent(LifecycleBase.java:109)
		at org.apache.catalina.util.LifecycleBase.setStateInternal(LifecycleBase.java:389)
		at org.apache.catalina.util.LifecycleBase.setState(LifecycleBase.java:336)
		at org.apache.catalina.core.ContainerBase.startInternal(ContainerBase.java:743)
		at org.apache.catalina.core.StandardHost.startInternal(StandardHost.java:771)
		at org.apache.catalina.util.LifecycleBase.start(LifecycleBase.java:164)
		at org.apache.catalina.core.ContainerBase$StartChild.call(ContainerBase.java:1170)
		at org.apache.catalina.core.ContainerBase$StartChild.call(ContainerBase.java:1160)
		at java.base/java.util.concurrent.FutureTask.run(FutureTask.java:317)
		at org.apache.tomcat.util.threads.InlineExecutorService.execute(InlineExecutorService.java:75)
		at java.base/java.util.concurrent.AbstractExecutorService.submit(AbstractExecutorService.java:145)
		at org.apache.catalina.core.ContainerBase.startInternal(ContainerBase.java:716)
		at org.apache.catalina.core.StandardEngine.startInternal(StandardEngine.java:203)
		at org.apache.catalina.util.LifecycleBase.start(LifecycleBase.java:164)
		at org.apache.catalina.core.StandardService.startInternal(StandardService.java:415)
		at org.apache.catalina.util.LifecycleBase.start(LifecycleBase.java:164)
		at org.apache.catalina.core.StandardServer.startInternal(StandardServer.java:866)
		at org.apache.catalina.util.LifecycleBase.start(LifecycleBase.java:164)
		at org.apache.catalina.startup.Catalina.start(Catalina.java:759)
		at java.base/jdk.internal.reflect.DirectMethodHandleAccessor.invoke(DirectMethodHandleAccessor.java:103)
		at java.base/java.lang.reflect.Method.invoke(Method.java:580)
		at org.apache.catalina.startup.Bootstrap.start(Bootstrap.java:342)
		at org.apache.catalina.startup.Bootstrap.main(Bootstrap.java:470)
14-Jan-2025 12:12:36.461 INFO [main] org.apache.catalina.core.ApplicationContext.log ContextListener: contextInitialized()
14-Jan-2025 12:12:36.461 INFO [main] org.apache.catalina.core.ApplicationContext.log SessionListener: contextInitialized()
14-Jan-2025 12:12:36.464 INFO [main] org.apache.catalina.core.ApplicationContext.log ContextListener: attributeAdded('StockTicker', 'async.Stockticker@19b33b0d')
14-Jan-2025 12:12:38.465 INFO [http-nio-8080-exec-1] org.apache.catalina.core.ApplicationContext.log Initializing Spring DispatcherServlet 'dispatcher'
14-Jan-2025 12:12:38.551 SEVERE [http-nio-8080-exec-1] org.apache.catalina.core.ApplicationContext.log Servlet.init() для сервлета [dispatcher] выбросил исключение
	org.springframework.jdbc.datasource.init.UncategorizedScriptException: Failed to execute database script
		at org.springframework.jdbc.datasource.init.DatabasePopulatorUtils.execute(DatabasePopulatorUtils.java:67)
		at org.springframework.jdbc.datasource.init.ResourceDatabasePopulator.execute(ResourceDatabasePopulator.java:269)
		at ru.yandex.practicum.configuration.DataSourceConfiguration.populate(DataSourceConfiguration.java:49)
		at java.base/jdk.internal.reflect.DirectMethodHandleAccessor.invoke(DirectMethodHandleAccessor.java:103)
		at java.base/java.lang.reflect.Method.invoke(Method.java:580)
		at org.springframework.context.event.ApplicationListenerMethodAdapter.doInvoke(ApplicationListenerMethodAdapter.java:382)
		at org.springframework.context.event.ApplicationListenerMethodAdapter.processEvent(ApplicationListenerMethodAdapter.java:254)
		at org.springframework.context.event.ApplicationListenerMethodAdapter.onApplicationEvent(ApplicationListenerMethodAdapter.java:173)
		at org.springframework.context.event.SimpleApplicationEventMulticaster.doInvokeListener(SimpleApplicationEventMulticaster.java:185)
		at org.springframework.context.event.SimpleApplicationEventMulticaster.invokeListener(SimpleApplicationEventMulticaster.java:178)
		at org.springframework.context.event.SimpleApplicationEventMulticaster.multicastEvent(SimpleApplicationEventMulticaster.java:156)
		at org.springframework.context.support.AbstractApplicationContext.publishEvent(AbstractApplicationContext.java:454)
		at org.springframework.context.support.AbstractApplicationContext.publishEvent(AbstractApplicationContext.java:387)
		at org.springframework.context.support.AbstractApplicationContext.finishRefresh(AbstractApplicationContext.java:1009)
		at org.springframework.context.support.AbstractApplicationContext.refresh(AbstractApplicationContext.java:630)
		at org.springframework.web.servlet.FrameworkServlet.configureAndRefreshWebApplicationContext(FrameworkServlet.java:706)
		at org.springframework.web.servlet.FrameworkServlet.createWebApplicationContext(FrameworkServlet.java:672)
		at org.springframework.web.servlet.FrameworkServlet.createWebApplicationContext(FrameworkServlet.java:720)
		at org.springframework.web.servlet.FrameworkServlet.initWebApplicationContext(FrameworkServlet.java:595)
		at org.springframework.web.servlet.FrameworkServlet.initServletBean(FrameworkServlet.java:537)
		at org.springframework.web.servlet.HttpServletBean.init(HttpServletBean.java:169)
		at jakarta.servlet.GenericServlet.init(GenericServlet.java:143)
		at jakarta.servlet.http.HttpServlet.init(HttpServlet.java:122)
		at org.apache.catalina.core.StandardWrapper.initServlet(StandardWrapper.java:817)
		at org.apache.catalina.core.StandardWrapper.loadServlet(StandardWrapper.java:787)
		at org.apache.catalina.core.StandardWrapper.allocate(StandardWrapper.java:568)
		at org.apache.catalina.core.StandardWrapperValve.invoke(StandardWrapperValve.java:115)
		at org.apache.catalina.core.StandardContextValve.invoke(StandardContextValve.java:79)
		at org.apache.catalina.authenticator.AuthenticatorBase.invoke(AuthenticatorBase.java:483)
		at org.apache.catalina.core.StandardHostValve.invoke(StandardHostValve.java:115)
		at org.apache.catalina.valves.ErrorReportValve.invoke(ErrorReportValve.java:93)
		at org.apache.catalina.valves.AbstractAccessLogValve.invoke(AbstractAccessLogValve.java:663)
		at org.apache.catalina.core.StandardEngineValve.invoke(StandardEngineValve.java:74)
		at org.apache.catalina.connector.CoyoteAdapter.service(CoyoteAdapter.java:342)
		at org.apache.coyote.http11.Http11Processor.service(Http11Processor.java:395)
		at org.apache.coyote.AbstractProcessorLight.process(AbstractProcessorLight.java:63)
		at org.apache.coyote.AbstractProtocol$ConnectionHandler.process(AbstractProtocol.java:905)
		at org.apache.tomcat.util.net.NioEndpoint$SocketProcessor.doRun(NioEndpoint.java:1746)
		at org.apache.tomcat.util.net.SocketProcessorBase.run(SocketProcessorBase.java:52)
		at org.apache.tomcat.util.threads.ThreadPoolExecutor.runWorker(ThreadPoolExecutor.java:1148)
		at org.apache.tomcat.util.threads.ThreadPoolExecutor$Worker.run(ThreadPoolExecutor.java:636)
		at org.apache.tomcat.util.threads.TaskThread$WrappingRunnable.run(TaskThread.java:63)
		at java.base/java.lang.Thread.run(Thread.java:1583)
	Caused by: org.springframework.jdbc.CannotGetJdbcConnectionException: Failed to obtain JDBC Connection
		at org.springframework.jdbc.datasource.DataSourceUtils.getConnection(DataSourceUtils.java:84)
		at org.springframework.jdbc.datasource.init.DatabasePopulatorUtils.execute(DatabasePopulatorUtils.java:52)
		... 42 more
	Caused by: java.sql.SQLException: No suitable driver found for ${spring.datasource.url}
		at java.sql/java.sql.DriverManager.getConnection(DriverManager.java:708)
		at java.sql/java.sql.DriverManager.getConnection(DriverManager.java:191)
		at org.springframework.jdbc.datasource.DriverManagerDataSource.getConnectionFromDriverManager(DriverManagerDataSource.java:155)
		at org.springframework.jdbc.datasource.DriverManagerDataSource.getConnectionFromDriver(DriverManagerDataSource.java:146)
		at org.springframework.jdbc.datasource.AbstractDriverBasedDataSource.getConnectionFromDriver(AbstractDriverBasedDataSource.java:205)
		at org.springframework.jdbc.datasource.AbstractDriverBasedDataSource.getConnection(AbstractDriverBasedDataSource.java:169)
		at org.springframework.jdbc.datasource.DataSourceUtils.fetchConnection(DataSourceUtils.java:160)
		at org.springframework.jdbc.datasource.DataSourceUtils.doGetConnection(DataSourceUtils.java:118)
		at org.springframework.jdbc.datasource.DataSourceUtils.getConnection(DataSourceUtils.java:81)
		... 43 more
14-Jan-2025 12:12:38.551 SEVERE [http-nio-8080-exec-1] org.apache.catalina.core.StandardWrapperValve.invoke Ошибка выделения для сервлета [dispatcher]
	java.sql.SQLException: No suitable driver found for ${spring.datasource.url}
		at java.sql/java.sql.DriverManager.getConnection(DriverManager.java:708)
		at java.sql/java.sql.DriverManager.getConnection(DriverManager.java:191)
		at org.springframework.jdbc.datasource.DriverManagerDataSource.getConnectionFromDriverManager(DriverManagerDataSource.java:155)
		at org.springframework.jdbc.datasource.DriverManagerDataSource.getConnectionFromDriver(DriverManagerDataSource.java:146)
		at org.springframework.jdbc.datasource.AbstractDriverBasedDataSource.getConnectionFromDriver(AbstractDriverBasedDataSource.java:205)
		at org.springframework.jdbc.datasource.AbstractDriverBasedDataSource.getConnection(AbstractDriverBasedDataSource.java:169)
		at org.springframework.jdbc.datasource.DataSourceUtils.fetchConnection(DataSourceUtils.java:160)
		at org.springframework.jdbc.datasource.DataSourceUtils.doGetConnection(DataSourceUtils.java:118)
		at org.springframework.jdbc.datasource.DataSourceUtils.getConnection(DataSourceUtils.java:81)
		at org.springframework.jdbc.datasource.init.DatabasePopulatorUtils.execute(DatabasePopulatorUtils.java:52)
		at org.springframework.jdbc.datasource.init.ResourceDatabasePopulator.execute(ResourceDatabasePopulator.java:269)
		at ru.yandex.practicum.configuration.DataSourceConfiguration.populate(DataSourceConfiguration.java:49)
		at java.base/jdk.internal.reflect.DirectMethodHandleAccessor.invoke(DirectMethodHandleAccessor.java:103)
		at java.base/java.lang.reflect.Method.invoke(Method.java:580)
		at org.springframework.context.event.ApplicationListenerMethodAdapter.doInvoke(ApplicationListenerMethodAdapter.java:382)
		at org.springframework.context.event.ApplicationListenerMethodAdapter.processEvent(ApplicationListenerMethodAdapter.java:254)
		at org.springframework.context.event.ApplicationListenerMethodAdapter.onApplicationEvent(ApplicationListenerMethodAdapter.java:173)
		at org.springframework.context.event.SimpleApplicationEventMulticaster.doInvokeListener(SimpleApplicationEventMulticaster.java:185)
		at org.springframework.context.event.SimpleApplicationEventMulticaster.invokeListener(SimpleApplicationEventMulticaster.java:178)
		at org.springframework.context.event.SimpleApplicationEventMulticaster.multicastEvent(SimpleApplicationEventMulticaster.java:156)
		at org.springframework.context.support.AbstractApplicationContext.publishEvent(AbstractApplicationContext.java:454)
		at org.springframework.context.support.AbstractApplicationContext.publishEvent(AbstractApplicationContext.java:387)
		at org.springframework.context.support.AbstractApplicationContext.finishRefresh(AbstractApplicationContext.java:1009)
		at org.springframework.context.support.AbstractApplicationContext.refresh(AbstractApplicationContext.java:630)
		at org.springframework.web.servlet.FrameworkServlet.configureAndRefreshWebApplicationContext(FrameworkServlet.java:706)
		at org.springframework.web.servlet.FrameworkServlet.createWebApplicationContext(FrameworkServlet.java:672)
		at org.springframework.web.servlet.FrameworkServlet.createWebApplicationContext(FrameworkServlet.java:720)
		at org.springframework.web.servlet.FrameworkServlet.initWebApplicationContext(FrameworkServlet.java:595)
		at org.springframework.web.servlet.FrameworkServlet.initServletBean(FrameworkServlet.java:537)
		at org.springframework.web.servlet.HttpServletBean.init(HttpServletBean.java:169)
		at jakarta.servlet.GenericServlet.init(GenericServlet.java:143)
		at jakarta.servlet.http.HttpServlet.init(HttpServlet.java:122)
		at org.apache.catalina.core.StandardWrapper.initServlet(StandardWrapper.java:817)
		at org.apache.catalina.core.StandardWrapper.loadServlet(StandardWrapper.java:787)
		at org.apache.catalina.core.StandardWrapper.allocate(StandardWrapper.java:568)
		at org.apache.catalina.core.StandardWrapperValve.invoke(StandardWrapperValve.java:115)
		at org.apache.catalina.core.StandardContextValve.invoke(StandardContextValve.java:79)
		at org.apache.catalina.authenticator.AuthenticatorBase.invoke(AuthenticatorBase.java:483)
		at org.apache.catalina.core.StandardHostValve.invoke(StandardHostValve.java:115)
		at org.apache.catalina.valves.ErrorReportValve.invoke(ErrorReportValve.java:93)
		at org.apache.catalina.valves.AbstractAccessLogValve.invoke(AbstractAccessLogValve.java:663)
		at org.apache.catalina.core.StandardEngineValve.invoke(StandardEngineValve.java:74)
		at org.apache.catalina.connector.CoyoteAdapter.service(CoyoteAdapter.java:342)
		at org.apache.coyote.http11.Http11Processor.service(Http11Processor.java:395)
		at org.apache.coyote.AbstractProcessorLight.process(AbstractProcessorLight.java:63)
		at org.apache.coyote.AbstractProtocol$ConnectionHandler.process(AbstractProtocol.java:905)
		at org.apache.tomcat.util.net.NioEndpoint$SocketProcessor.doRun(NioEndpoint.java:1746)
		at org.apache.tomcat.util.net.SocketProcessorBase.run(SocketProcessorBase.java:52)
		at org.apache.tomcat.util.threads.ThreadPoolExecutor.runWorker(ThreadPoolExecutor.java:1148)
		at org.apache.tomcat.util.threads.ThreadPoolExecutor$Worker.run(ThreadPoolExecutor.java:636)
		at org.apache.tomcat.util.threads.TaskThread$WrappingRunnable.run(TaskThread.java:63)
		at java.base/java.lang.Thread.run(Thread.java:1583)
14-Jan-2025 12:12:45.641 INFO [http-nio-8080-exec-2] org.apache.catalina.core.ApplicationContext.log Initializing Spring DispatcherServlet 'dispatcher'
14-Jan-2025 12:12:45.729 SEVERE [http-nio-8080-exec-2] org.apache.catalina.core.ApplicationContext.log Servlet.init() для сервлета [dispatcher] выбросил исключение
	org.springframework.jdbc.datasource.init.UncategorizedScriptException: Failed to execute database script
		at org.springframework.jdbc.datasource.init.DatabasePopulatorUtils.execute(DatabasePopulatorUtils.java:67)
		at org.springframework.jdbc.datasource.init.ResourceDatabasePopulator.execute(ResourceDatabasePopulator.java:269)
		at ru.yandex.practicum.configuration.DataSourceConfiguration.populate(DataSourceConfiguration.java:49)
		at java.base/jdk.internal.reflect.DirectMethodHandleAccessor.invoke(DirectMethodHandleAccessor.java:103)
		at java.base/java.lang.reflect.Method.invoke(Method.java:580)
		at org.springframework.context.event.ApplicationListenerMethodAdapter.doInvoke(ApplicationListenerMethodAdapter.java:382)
		at org.springframework.context.event.ApplicationListenerMethodAdapter.processEvent(ApplicationListenerMethodAdapter.java:254)
		at org.springframework.context.event.ApplicationListenerMethodAdapter.onApplicationEvent(ApplicationListenerMethodAdapter.java:173)
		at org.springframework.context.event.SimpleApplicationEventMulticaster.doInvokeListener(SimpleApplicationEventMulticaster.java:185)
		at org.springframework.context.event.SimpleApplicationEventMulticaster.invokeListener(SimpleApplicationEventMulticaster.java:178)
		at org.springframework.context.event.SimpleApplicationEventMulticaster.multicastEvent(SimpleApplicationEventMulticaster.java:156)
		at org.springframework.context.support.AbstractApplicationContext.publishEvent(AbstractApplicationContext.java:454)
		at org.springframework.context.support.AbstractApplicationContext.publishEvent(AbstractApplicationContext.java:387)
		at org.springframework.context.support.AbstractApplicationContext.finishRefresh(AbstractApplicationContext.java:1009)
		at org.springframework.context.support.AbstractApplicationContext.refresh(AbstractApplicationContext.java:630)
		at org.springframework.web.servlet.FrameworkServlet.configureAndRefreshWebApplicationContext(FrameworkServlet.java:706)
		at org.springframework.web.servlet.FrameworkServlet.createWebApplicationContext(FrameworkServlet.java:672)
		at org.springframework.web.servlet.FrameworkServlet.createWebApplicationContext(FrameworkServlet.java:720)
		at org.springframework.web.servlet.FrameworkServlet.initWebApplicationContext(FrameworkServlet.java:595)
		at org.springframework.web.servlet.FrameworkServlet.initServletBean(FrameworkServlet.java:537)
		at org.springframework.web.servlet.HttpServletBean.init(HttpServletBean.java:169)
		at jakarta.servlet.GenericServlet.init(GenericServlet.java:143)
		at jakarta.servlet.http.HttpServlet.init(HttpServlet.java:122)
		at org.apache.catalina.core.StandardWrapper.initServlet(StandardWrapper.java:817)
		at org.apache.catalina.core.StandardWrapper.loadServlet(StandardWrapper.java:787)
		at org.apache.catalina.core.StandardWrapper.allocate(StandardWrapper.java:568)
		at org.apache.catalina.core.StandardWrapperValve.invoke(StandardWrapperValve.java:115)
		at org.apache.catalina.core.StandardContextValve.invoke(StandardContextValve.java:79)
		at org.apache.catalina.authenticator.AuthenticatorBase.invoke(AuthenticatorBase.java:483)
		at org.apache.catalina.core.StandardHostValve.invoke(StandardHostValve.java:115)
		at org.apache.catalina.valves.ErrorReportValve.invoke(ErrorReportValve.java:93)
		at org.apache.catalina.valves.AbstractAccessLogValve.invoke(AbstractAccessLogValve.java:663)
		at org.apache.catalina.core.StandardEngineValve.invoke(StandardEngineValve.java:74)
		at org.apache.catalina.connector.CoyoteAdapter.service(CoyoteAdapter.java:342)
		at org.apache.coyote.http11.Http11Processor.service(Http11Processor.java:395)
		at org.apache.coyote.AbstractProcessorLight.process(AbstractProcessorLight.java:63)
		at org.apache.coyote.AbstractProtocol$ConnectionHandler.process(AbstractProtocol.java:905)
		at org.apache.tomcat.util.net.NioEndpoint$SocketProcessor.doRun(NioEndpoint.java:1746)
		at org.apache.tomcat.util.net.SocketProcessorBase.run(SocketProcessorBase.java:52)
		at org.apache.tomcat.util.threads.ThreadPoolExecutor.runWorker(ThreadPoolExecutor.java:1148)
		at org.apache.tomcat.util.threads.ThreadPoolExecutor$Worker.run(ThreadPoolExecutor.java:636)
		at org.apache.tomcat.util.threads.TaskThread$WrappingRunnable.run(TaskThread.java:63)
		at java.base/java.lang.Thread.run(Thread.java:1583)
	Caused by: org.springframework.jdbc.CannotGetJdbcConnectionException: Failed to obtain JDBC Connection
		at org.springframework.jdbc.datasource.DataSourceUtils.getConnection(DataSourceUtils.java:84)
		at org.springframework.jdbc.datasource.init.DatabasePopulatorUtils.execute(DatabasePopulatorUtils.java:52)
		... 42 more
	Caused by: java.sql.SQLException: No suitable driver found for ${spring.datasource.url}
		at java.sql/java.sql.DriverManager.getConnection(DriverManager.java:708)
		at java.sql/java.sql.DriverManager.getConnection(DriverManager.java:191)
		at org.springframework.jdbc.datasource.DriverManagerDataSource.getConnectionFromDriverManager(DriverManagerDataSource.java:155)
		at org.springframework.jdbc.datasource.DriverManagerDataSource.getConnectionFromDriver(DriverManagerDataSource.java:146)
		at org.springframework.jdbc.datasource.AbstractDriverBasedDataSource.getConnectionFromDriver(AbstractDriverBasedDataSource.java:205)
		at org.springframework.jdbc.datasource.AbstractDriverBasedDataSource.getConnection(AbstractDriverBasedDataSource.java:169)
		at org.springframework.jdbc.datasource.DataSourceUtils.fetchConnection(DataSourceUtils.java:160)
		at org.springframework.jdbc.datasource.DataSourceUtils.doGetConnection(DataSourceUtils.java:118)
		at org.springframework.jdbc.datasource.DataSourceUtils.getConnection(DataSourceUtils.java:81)
		... 43 more
14-Jan-2025 12:12:45.729 SEVERE [http-nio-8080-exec-2] org.apache.catalina.core.StandardWrapperValve.invoke Ошибка выделения для сервлета [dispatcher]
	java.sql.SQLException: No suitable driver found for ${spring.datasource.url}
		at java.sql/java.sql.DriverManager.getConnection(DriverManager.java:708)
		at java.sql/java.sql.DriverManager.getConnection(DriverManager.java:191)
		at org.springframework.jdbc.datasource.DriverManagerDataSource.getConnectionFromDriverManager(DriverManagerDataSource.java:155)
		at org.springframework.jdbc.datasource.DriverManagerDataSource.getConnectionFromDriver(DriverManagerDataSource.java:146)
		at org.springframework.jdbc.datasource.AbstractDriverBasedDataSource.getConnectionFromDriver(AbstractDriverBasedDataSource.java:205)
		at org.springframework.jdbc.datasource.AbstractDriverBasedDataSource.getConnection(AbstractDriverBasedDataSource.java:169)
		at org.springframework.jdbc.datasource.DataSourceUtils.fetchConnection(DataSourceUtils.java:160)
		at org.springframework.jdbc.datasource.DataSourceUtils.doGetConnection(DataSourceUtils.java:118)
		at org.springframework.jdbc.datasource.DataSourceUtils.getConnection(DataSourceUtils.java:81)
		at org.springframework.jdbc.datasource.init.DatabasePopulatorUtils.execute(DatabasePopulatorUtils.java:52)
		at org.springframework.jdbc.datasource.init.ResourceDatabasePopulator.execute(ResourceDatabasePopulator.java:269)
		at ru.yandex.practicum.configuration.DataSourceConfiguration.populate(DataSourceConfiguration.java:49)
		at java.base/jdk.internal.reflect.DirectMethodHandleAccessor.invoke(DirectMethodHandleAccessor.java:103)
		at java.base/java.lang.reflect.Method.invoke(Method.java:580)
		at org.springframework.context.event.ApplicationListenerMethodAdapter.doInvoke(ApplicationListenerMethodAdapter.java:382)
		at org.springframework.context.event.ApplicationListenerMethodAdapter.processEvent(ApplicationListenerMethodAdapter.java:254)
		at org.springframework.context.event.ApplicationListenerMethodAdapter.onApplicationEvent(ApplicationListenerMethodAdapter.java:173)
		at org.springframework.context.event.SimpleApplicationEventMulticaster.doInvokeListener(SimpleApplicationEventMulticaster.java:185)
		at org.springframework.context.event.SimpleApplicationEventMulticaster.invokeListener(SimpleApplicationEventMulticaster.java:178)
		at org.springframework.context.event.SimpleApplicationEventMulticaster.multicastEvent(SimpleApplicationEventMulticaster.java:156)
		at org.springframework.context.support.AbstractApplicationContext.publishEvent(AbstractApplicationContext.java:454)
		at org.springframework.context.support.AbstractApplicationContext.publishEvent(AbstractApplicationContext.java:387)
		at org.springframework.context.support.AbstractApplicationContext.finishRefresh(AbstractApplicationContext.java:1009)
		at org.springframework.context.support.AbstractApplicationContext.refresh(AbstractApplicationContext.java:630)
		at org.springframework.web.servlet.FrameworkServlet.configureAndRefreshWebApplicationContext(FrameworkServlet.java:706)
		at org.springframework.web.servlet.FrameworkServlet.createWebApplicationContext(FrameworkServlet.java:672)
		at org.springframework.web.servlet.FrameworkServlet.createWebApplicationContext(FrameworkServlet.java:720)
		at org.springframework.web.servlet.FrameworkServlet.initWebApplicationContext(FrameworkServlet.java:595)
		at org.springframework.web.servlet.FrameworkServlet.initServletBean(FrameworkServlet.java:537)
		at org.springframework.web.servlet.HttpServletBean.init(HttpServletBean.java:169)
		at jakarta.servlet.GenericServlet.init(GenericServlet.java:143)
		at jakarta.servlet.http.HttpServlet.init(HttpServlet.java:122)
		at org.apache.catalina.core.StandardWrapper.initServlet(StandardWrapper.java:817)
		at org.apache.catalina.core.StandardWrapper.loadServlet(StandardWrapper.java:787)
		at org.apache.catalina.core.StandardWrapper.allocate(StandardWrapper.java:568)
		at org.apache.catalina.core.StandardWrapperValve.invoke(StandardWrapperValve.java:115)
		at org.apache.catalina.core.StandardContextValve.invoke(StandardContextValve.java:79)
		at org.apache.catalina.authenticator.AuthenticatorBase.invoke(AuthenticatorBase.java:483)
		at org.apache.catalina.core.StandardHostValve.invoke(StandardHostValve.java:115)
		at org.apache.catalina.valves.ErrorReportValve.invoke(ErrorReportValve.java:93)
		at org.apache.catalina.valves.AbstractAccessLogValve.invoke(AbstractAccessLogValve.java:663)
		at org.apache.catalina.core.StandardEngineValve.invoke(StandardEngineValve.java:74)
		at org.apache.catalina.connector.CoyoteAdapter.service(CoyoteAdapter.java:342)
		at org.apache.coyote.http11.Http11Processor.service(Http11Processor.java:395)
		at org.apache.coyote.AbstractProcessorLight.process(AbstractProcessorLight.java:63)
		at org.apache.coyote.AbstractProtocol$ConnectionHandler.process(AbstractProtocol.java:905)
		at org.apache.tomcat.util.net.NioEndpoint$SocketProcessor.doRun(NioEndpoint.java:1746)
		at org.apache.tomcat.util.net.SocketProcessorBase.run(SocketProcessorBase.java:52)
		at org.apache.tomcat.util.threads.ThreadPoolExecutor.runWorker(ThreadPoolExecutor.java:1148)
		at org.apache.tomcat.util.threads.ThreadPoolExecutor$Worker.run(ThreadPoolExecutor.java:636)
		at org.apache.tomcat.util.threads.TaskThread$WrappingRunnable.run(TaskThread.java:63)
		at java.base/java.lang.Thread.run(Thread.java:1583)
14-Jan-2025 12:16:46.985 INFO [main] org.apache.catalina.core.ApplicationContext.log SessionListener: contextDestroyed()
14-Jan-2025 12:16:46.985 INFO [main] org.apache.catalina.core.ApplicationContext.log ContextListener: contextDestroyed()
14-Jan-2025 12:16:57.858 INFO [main] org.apache.catalina.core.ApplicationContext.log No Spring WebApplicationInitializer types detected on classpath
14-Jan-2025 12:16:58.018 INFO [main] org.apache.catalina.core.ApplicationContext.log Initializing Spring DispatcherServlet 'dispatcher'
14-Jan-2025 12:16:59.091 SEVERE [main] org.apache.catalina.core.ApplicationContext.log Servlet.init() для сервлета [dispatcher] выбросил исключение
	org.springframework.jdbc.datasource.init.UncategorizedScriptException: Failed to execute database script
		at org.springframework.jdbc.datasource.init.DatabasePopulatorUtils.execute(DatabasePopulatorUtils.java:67)
		at org.springframework.jdbc.datasource.init.ResourceDatabasePopulator.execute(ResourceDatabasePopulator.java:269)
		at ru.yandex.practicum.configuration.DataSourceConfiguration.populate(DataSourceConfiguration.java:49)
		at java.base/jdk.internal.reflect.DirectMethodHandleAccessor.invoke(DirectMethodHandleAccessor.java:103)
		at java.base/java.lang.reflect.Method.invoke(Method.java:580)
		at org.springframework.context.event.ApplicationListenerMethodAdapter.doInvoke(ApplicationListenerMethodAdapter.java:382)
		at org.springframework.context.event.ApplicationListenerMethodAdapter.processEvent(ApplicationListenerMethodAdapter.java:254)
		at org.springframework.context.event.ApplicationListenerMethodAdapter.onApplicationEvent(ApplicationListenerMethodAdapter.java:173)
		at org.springframework.context.event.SimpleApplicationEventMulticaster.doInvokeListener(SimpleApplicationEventMulticaster.java:185)
		at org.springframework.context.event.SimpleApplicationEventMulticaster.invokeListener(SimpleApplicationEventMulticaster.java:178)
		at org.springframework.context.event.SimpleApplicationEventMulticaster.multicastEvent(SimpleApplicationEventMulticaster.java:156)
		at org.springframework.context.support.AbstractApplicationContext.publishEvent(AbstractApplicationContext.java:454)
		at org.springframework.context.support.AbstractApplicationContext.publishEvent(AbstractApplicationContext.java:387)
		at org.springframework.context.support.AbstractApplicationContext.finishRefresh(AbstractApplicationContext.java:1009)
		at org.springframework.context.support.AbstractApplicationContext.refresh(AbstractApplicationContext.java:630)
		at org.springframework.web.servlet.FrameworkServlet.configureAndRefreshWebApplicationContext(FrameworkServlet.java:706)
		at org.springframework.web.servlet.FrameworkServlet.createWebApplicationContext(FrameworkServlet.java:672)
		at org.springframework.web.servlet.FrameworkServlet.createWebApplicationContext(FrameworkServlet.java:720)
		at org.springframework.web.servlet.FrameworkServlet.initWebApplicationContext(FrameworkServlet.java:595)
		at org.springframework.web.servlet.FrameworkServlet.initServletBean(FrameworkServlet.java:537)
		at org.springframework.web.servlet.HttpServletBean.init(HttpServletBean.java:169)
		at jakarta.servlet.GenericServlet.init(GenericServlet.java:143)
		at jakarta.servlet.http.HttpServlet.init(HttpServlet.java:122)
		at org.apache.catalina.core.StandardWrapper.initServlet(StandardWrapper.java:817)
		at org.apache.catalina.core.StandardWrapper.loadServlet(StandardWrapper.java:787)
		at org.apache.catalina.core.StandardWrapper.load(StandardWrapper.java:691)
		at org.apache.catalina.core.StandardContext.loadOnStartup(StandardContext.java:4153)
		at org.apache.catalina.core.StandardContext.startInternal(StandardContext.java:4437)
		at org.apache.catalina.util.LifecycleBase.start(LifecycleBase.java:164)
		at org.apache.catalina.core.ContainerBase.addChild(ContainerBase.java:566)
		at org.apache.catalina.core.StandardHost.addChild(StandardHost.java:653)
		at org.apache.catalina.startup.HostConfig.deployWAR(HostConfig.java:933)
		at org.apache.catalina.startup.HostConfig$DeployWar.run(HostConfig.java:1875)
		at java.base/java.util.concurrent.Executors$RunnableAdapter.call(Executors.java:572)
		at java.base/java.util.concurrent.FutureTask.run(FutureTask.java:317)
		at org.apache.tomcat.util.threads.InlineExecutorService.execute(InlineExecutorService.java:75)
		at java.base/java.util.concurrent.AbstractExecutorService.submit(AbstractExecutorService.java:123)
		at org.apache.catalina.startup.HostConfig.deployWARs(HostConfig.java:735)
		at org.apache.catalina.startup.HostConfig.deployApps(HostConfig.java:387)
		at org.apache.catalina.startup.HostConfig.start(HostConfig.java:1593)
		at org.apache.catalina.startup.HostConfig.lifecycleEvent(HostConfig.java:267)
		at org.apache.catalina.util.LifecycleBase.fireLifecycleEvent(LifecycleBase.java:109)
		at org.apache.catalina.util.LifecycleBase.setStateInternal(LifecycleBase.java:389)
		at org.apache.catalina.util.LifecycleBase.setState(LifecycleBase.java:336)
		at org.apache.catalina.core.ContainerBase.startInternal(ContainerBase.java:743)
		at org.apache.catalina.core.StandardHost.startInternal(StandardHost.java:771)
		at org.apache.catalina.util.LifecycleBase.start(LifecycleBase.java:164)
		at org.apache.catalina.core.ContainerBase$StartChild.call(ContainerBase.java:1170)
		at org.apache.catalina.core.ContainerBase$StartChild.call(ContainerBase.java:1160)
		at java.base/java.util.concurrent.FutureTask.run(FutureTask.java:317)
		at org.apache.tomcat.util.threads.InlineExecutorService.execute(InlineExecutorService.java:75)
		at java.base/java.util.concurrent.AbstractExecutorService.submit(AbstractExecutorService.java:145)
		at org.apache.catalina.core.ContainerBase.startInternal(ContainerBase.java:716)
		at org.apache.catalina.core.StandardEngine.startInternal(StandardEngine.java:203)
		at org.apache.catalina.util.LifecycleBase.start(LifecycleBase.java:164)
		at org.apache.catalina.core.StandardService.startInternal(StandardService.java:415)
		at org.apache.catalina.util.LifecycleBase.start(LifecycleBase.java:164)
		at org.apache.catalina.core.StandardServer.startInternal(StandardServer.java:866)
		at org.apache.catalina.util.LifecycleBase.start(LifecycleBase.java:164)
		at org.apache.catalina.startup.Catalina.start(Catalina.java:759)
		at java.base/jdk.internal.reflect.DirectMethodHandleAccessor.invoke(DirectMethodHandleAccessor.java:103)
		at java.base/java.lang.reflect.Method.invoke(Method.java:580)
		at org.apache.catalina.startup.Bootstrap.start(Bootstrap.java:342)
		at org.apache.catalina.startup.Bootstrap.main(Bootstrap.java:470)
	Caused by: org.springframework.jdbc.CannotGetJdbcConnectionException: Failed to obtain JDBC Connection
		at org.springframework.jdbc.datasource.DataSourceUtils.getConnection(DataSourceUtils.java:84)
		at org.springframework.jdbc.datasource.init.DatabasePopulatorUtils.execute(DatabasePopulatorUtils.java:52)
		... 63 more
	Caused by: java.sql.SQLException: No suitable driver found for ${spring.datasource.url}
		at java.sql/java.sql.DriverManager.getConnection(DriverManager.java:708)
		at java.sql/java.sql.DriverManager.getConnection(DriverManager.java:191)
		at org.springframework.jdbc.datasource.DriverManagerDataSource.getConnectionFromDriverManager(DriverManagerDataSource.java:155)
		at org.springframework.jdbc.datasource.DriverManagerDataSource.getConnectionFromDriver(DriverManagerDataSource.java:146)
		at org.springframework.jdbc.datasource.AbstractDriverBasedDataSource.getConnectionFromDriver(AbstractDriverBasedDataSource.java:205)
		at org.springframework.jdbc.datasource.AbstractDriverBasedDataSource.getConnection(AbstractDriverBasedDataSource.java:169)
		at org.springframework.jdbc.datasource.DataSourceUtils.fetchConnection(DataSourceUtils.java:160)
		at org.springframework.jdbc.datasource.DataSourceUtils.doGetConnection(DataSourceUtils.java:118)
		at org.springframework.jdbc.datasource.DataSourceUtils.getConnection(DataSourceUtils.java:81)
		... 64 more
14-Jan-2025 12:16:59.091 SEVERE [main] org.apache.catalina.core.StandardContext.loadOnStartup Servlet [dispatcher] in web application [/study] threw load() exception
	java.sql.SQLException: No suitable driver found for ${spring.datasource.url}
		at java.sql/java.sql.DriverManager.getConnection(DriverManager.java:708)
		at java.sql/java.sql.DriverManager.getConnection(DriverManager.java:191)
		at org.springframework.jdbc.datasource.DriverManagerDataSource.getConnectionFromDriverManager(DriverManagerDataSource.java:155)
		at org.springframework.jdbc.datasource.DriverManagerDataSource.getConnectionFromDriver(DriverManagerDataSource.java:146)
		at org.springframework.jdbc.datasource.AbstractDriverBasedDataSource.getConnectionFromDriver(AbstractDriverBasedDataSource.java:205)
		at org.springframework.jdbc.datasource.AbstractDriverBasedDataSource.getConnection(AbstractDriverBasedDataSource.java:169)
		at org.springframework.jdbc.datasource.DataSourceUtils.fetchConnection(DataSourceUtils.java:160)
		at org.springframework.jdbc.datasource.DataSourceUtils.doGetConnection(DataSourceUtils.java:118)
		at org.springframework.jdbc.datasource.DataSourceUtils.getConnection(DataSourceUtils.java:81)
		at org.springframework.jdbc.datasource.init.DatabasePopulatorUtils.execute(DatabasePopulatorUtils.java:52)
		at org.springframework.jdbc.datasource.init.ResourceDatabasePopulator.execute(ResourceDatabasePopulator.java:269)
		at ru.yandex.practicum.configuration.DataSourceConfiguration.populate(DataSourceConfiguration.java:49)
		at java.base/jdk.internal.reflect.DirectMethodHandleAccessor.invoke(DirectMethodHandleAccessor.java:103)
		at java.base/java.lang.reflect.Method.invoke(Method.java:580)
		at org.springframework.context.event.ApplicationListenerMethodAdapter.doInvoke(ApplicationListenerMethodAdapter.java:382)
		at org.springframework.context.event.ApplicationListenerMethodAdapter.processEvent(ApplicationListenerMethodAdapter.java:254)
		at org.springframework.context.event.ApplicationListenerMethodAdapter.onApplicationEvent(ApplicationListenerMethodAdapter.java:173)
		at org.springframework.context.event.SimpleApplicationEventMulticaster.doInvokeListener(SimpleApplicationEventMulticaster.java:185)
		at org.springframework.context.event.SimpleApplicationEventMulticaster.invokeListener(SimpleApplicationEventMulticaster.java:178)
		at org.springframework.context.event.SimpleApplicationEventMulticaster.multicastEvent(SimpleApplicationEventMulticaster.java:156)
		at org.springframework.context.support.AbstractApplicationContext.publishEvent(AbstractApplicationContext.java:454)
		at org.springframework.context.support.AbstractApplicationContext.publishEvent(AbstractApplicationContext.java:387)
		at org.springframework.context.support.AbstractApplicationContext.finishRefresh(AbstractApplicationContext.java:1009)
		at org.springframework.context.support.AbstractApplicationContext.refresh(AbstractApplicationContext.java:630)
		at org.springframework.web.servlet.FrameworkServlet.configureAndRefreshWebApplicationContext(FrameworkServlet.java:706)
		at org.springframework.web.servlet.FrameworkServlet.createWebApplicationContext(FrameworkServlet.java:672)
		at org.springframework.web.servlet.FrameworkServlet.createWebApplicationContext(FrameworkServlet.java:720)
		at org.springframework.web.servlet.FrameworkServlet.initWebApplicationContext(FrameworkServlet.java:595)
		at org.springframework.web.servlet.FrameworkServlet.initServletBean(FrameworkServlet.java:537)
		at org.springframework.web.servlet.HttpServletBean.init(HttpServletBean.java:169)
		at jakarta.servlet.GenericServlet.init(GenericServlet.java:143)
		at jakarta.servlet.http.HttpServlet.init(HttpServlet.java:122)
		at org.apache.catalina.core.StandardWrapper.initServlet(StandardWrapper.java:817)
		at org.apache.catalina.core.StandardWrapper.loadServlet(StandardWrapper.java:787)
		at org.apache.catalina.core.StandardWrapper.load(StandardWrapper.java:691)
		at org.apache.catalina.core.StandardContext.loadOnStartup(StandardContext.java:4153)
		at org.apache.catalina.core.StandardContext.startInternal(StandardContext.java:4437)
		at org.apache.catalina.util.LifecycleBase.start(LifecycleBase.java:164)
		at org.apache.catalina.core.ContainerBase.addChild(ContainerBase.java:566)
		at org.apache.catalina.core.StandardHost.addChild(StandardHost.java:653)
		at org.apache.catalina.startup.HostConfig.deployWAR(HostConfig.java:933)
		at org.apache.catalina.startup.HostConfig$DeployWar.run(HostConfig.java:1875)
		at java.base/java.util.concurrent.Executors$RunnableAdapter.call(Executors.java:572)
		at java.base/java.util.concurrent.FutureTask.run(FutureTask.java:317)
		at org.apache.tomcat.util.threads.InlineExecutorService.execute(InlineExecutorService.java:75)
		at java.base/java.util.concurrent.AbstractExecutorService.submit(AbstractExecutorService.java:123)
		at org.apache.catalina.startup.HostConfig.deployWARs(HostConfig.java:735)
		at org.apache.catalina.startup.HostConfig.deployApps(HostConfig.java:387)
		at org.apache.catalina.startup.HostConfig.start(HostConfig.java:1593)
		at org.apache.catalina.startup.HostConfig.lifecycleEvent(HostConfig.java:267)
		at org.apache.catalina.util.LifecycleBase.fireLifecycleEvent(LifecycleBase.java:109)
		at org.apache.catalina.util.LifecycleBase.setStateInternal(LifecycleBase.java:389)
		at org.apache.catalina.util.LifecycleBase.setState(LifecycleBase.java:336)
		at org.apache.catalina.core.ContainerBase.startInternal(ContainerBase.java:743)
		at org.apache.catalina.core.StandardHost.startInternal(StandardHost.java:771)
		at org.apache.catalina.util.LifecycleBase.start(LifecycleBase.java:164)
		at org.apache.catalina.core.ContainerBase$StartChild.call(ContainerBase.java:1170)
		at org.apache.catalina.core.ContainerBase$StartChild.call(ContainerBase.java:1160)
		at java.base/java.util.concurrent.FutureTask.run(FutureTask.java:317)
		at org.apache.tomcat.util.threads.InlineExecutorService.execute(InlineExecutorService.java:75)
		at java.base/java.util.concurrent.AbstractExecutorService.submit(AbstractExecutorService.java:145)
		at org.apache.catalina.core.ContainerBase.startInternal(ContainerBase.java:716)
		at org.apache.catalina.core.StandardEngine.startInternal(StandardEngine.java:203)
		at org.apache.catalina.util.LifecycleBase.start(LifecycleBase.java:164)
		at org.apache.catalina.core.StandardService.startInternal(StandardService.java:415)
		at org.apache.catalina.util.LifecycleBase.start(LifecycleBase.java:164)
		at org.apache.catalina.core.StandardServer.startInternal(StandardServer.java:866)
		at org.apache.catalina.util.LifecycleBase.start(LifecycleBase.java:164)
		at org.apache.catalina.startup.Catalina.start(Catalina.java:759)
		at java.base/jdk.internal.reflect.DirectMethodHandleAccessor.invoke(DirectMethodHandleAccessor.java:103)
		at java.base/java.lang.reflect.Method.invoke(Method.java:580)
		at org.apache.catalina.startup.Bootstrap.start(Bootstrap.java:342)
		at org.apache.catalina.startup.Bootstrap.main(Bootstrap.java:470)
14-Jan-2025 12:16:59.423 INFO [main] org.apache.catalina.core.ApplicationContext.log ContextListener: contextInitialized()
14-Jan-2025 12:16:59.424 INFO [main] org.apache.catalina.core.ApplicationContext.log SessionListener: contextInitialized()
14-Jan-2025 12:16:59.425 INFO [main] org.apache.catalina.core.ApplicationContext.log ContextListener: attributeAdded('StockTicker', 'async.Stockticker@2b8b5d9e')
14-Jan-2025 12:17:13.647 INFO [http-nio-8080-exec-1] org.apache.catalina.core.ApplicationContext.log Initializing Spring DispatcherServlet 'dispatcher'
14-Jan-2025 12:17:13.723 SEVERE [http-nio-8080-exec-1] org.apache.catalina.core.ApplicationContext.log Servlet.init() для сервлета [dispatcher] выбросил исключение
	org.springframework.jdbc.datasource.init.UncategorizedScriptException: Failed to execute database script
		at org.springframework.jdbc.datasource.init.DatabasePopulatorUtils.execute(DatabasePopulatorUtils.java:67)
		at org.springframework.jdbc.datasource.init.ResourceDatabasePopulator.execute(ResourceDatabasePopulator.java:269)
		at ru.yandex.practicum.configuration.DataSourceConfiguration.populate(DataSourceConfiguration.java:49)
		at java.base/jdk.internal.reflect.DirectMethodHandleAccessor.invoke(DirectMethodHandleAccessor.java:103)
		at java.base/java.lang.reflect.Method.invoke(Method.java:580)
		at org.springframework.context.event.ApplicationListenerMethodAdapter.doInvoke(ApplicationListenerMethodAdapter.java:382)
		at org.springframework.context.event.ApplicationListenerMethodAdapter.processEvent(ApplicationListenerMethodAdapter.java:254)
		at org.springframework.context.event.ApplicationListenerMethodAdapter.onApplicationEvent(ApplicationListenerMethodAdapter.java:173)
		at org.springframework.context.event.SimpleApplicationEventMulticaster.doInvokeListener(SimpleApplicationEventMulticaster.java:185)
		at org.springframework.context.event.SimpleApplicationEventMulticaster.invokeListener(SimpleApplicationEventMulticaster.java:178)
		at org.springframework.context.event.SimpleApplicationEventMulticaster.multicastEvent(SimpleApplicationEventMulticaster.java:156)
		at org.springframework.context.support.AbstractApplicationContext.publishEvent(AbstractApplicationContext.java:454)
		at org.springframework.context.support.AbstractApplicationContext.publishEvent(AbstractApplicationContext.java:387)
		at org.springframework.context.support.AbstractApplicationContext.finishRefresh(AbstractApplicationContext.java:1009)
		at org.springframework.context.support.AbstractApplicationContext.refresh(AbstractApplicationContext.java:630)
		at org.springframework.web.servlet.FrameworkServlet.configureAndRefreshWebApplicationContext(FrameworkServlet.java:706)
		at org.springframework.web.servlet.FrameworkServlet.createWebApplicationContext(FrameworkServlet.java:672)
		at org.springframework.web.servlet.FrameworkServlet.createWebApplicationContext(FrameworkServlet.java:720)
		at org.springframework.web.servlet.FrameworkServlet.initWebApplicationContext(FrameworkServlet.java:595)
		at org.springframework.web.servlet.FrameworkServlet.initServletBean(FrameworkServlet.java:537)
		at org.springframework.web.servlet.HttpServletBean.init(HttpServletBean.java:169)
		at jakarta.servlet.GenericServlet.init(GenericServlet.java:143)
		at jakarta.servlet.http.HttpServlet.init(HttpServlet.java:122)
		at org.apache.catalina.core.StandardWrapper.initServlet(StandardWrapper.java:817)
		at org.apache.catalina.core.StandardWrapper.loadServlet(StandardWrapper.java:787)
		at org.apache.catalina.core.StandardWrapper.allocate(StandardWrapper.java:568)
		at org.apache.catalina.core.StandardWrapperValve.invoke(StandardWrapperValve.java:115)
		at org.apache.catalina.core.StandardContextValve.invoke(StandardContextValve.java:79)
		at org.apache.catalina.authenticator.AuthenticatorBase.invoke(AuthenticatorBase.java:483)
		at org.apache.catalina.core.StandardHostValve.invoke(StandardHostValve.java:115)
		at org.apache.catalina.valves.ErrorReportValve.invoke(ErrorReportValve.java:93)
		at org.apache.catalina.valves.AbstractAccessLogValve.invoke(AbstractAccessLogValve.java:663)
		at org.apache.catalina.core.StandardEngineValve.invoke(StandardEngineValve.java:74)
		at org.apache.catalina.connector.CoyoteAdapter.service(CoyoteAdapter.java:342)
		at org.apache.coyote.http11.Http11Processor.service(Http11Processor.java:395)
		at org.apache.coyote.AbstractProcessorLight.process(AbstractProcessorLight.java:63)
		at org.apache.coyote.AbstractProtocol$ConnectionHandler.process(AbstractProtocol.java:905)
		at org.apache.tomcat.util.net.NioEndpoint$SocketProcessor.doRun(NioEndpoint.java:1746)
		at org.apache.tomcat.util.net.SocketProcessorBase.run(SocketProcessorBase.java:52)
		at org.apache.tomcat.util.threads.ThreadPoolExecutor.runWorker(ThreadPoolExecutor.java:1148)
		at org.apache.tomcat.util.threads.ThreadPoolExecutor$Worker.run(ThreadPoolExecutor.java:636)
		at org.apache.tomcat.util.threads.TaskThread$WrappingRunnable.run(TaskThread.java:63)
		at java.base/java.lang.Thread.run(Thread.java:1583)
	Caused by: org.springframework.jdbc.CannotGetJdbcConnectionException: Failed to obtain JDBC Connection
		at org.springframework.jdbc.datasource.DataSourceUtils.getConnection(DataSourceUtils.java:84)
		at org.springframework.jdbc.datasource.init.DatabasePopulatorUtils.execute(DatabasePopulatorUtils.java:52)
		... 42 more
	Caused by: java.sql.SQLException: No suitable driver found for ${spring.datasource.url}
		at java.sql/java.sql.DriverManager.getConnection(DriverManager.java:708)
		at java.sql/java.sql.DriverManager.getConnection(DriverManager.java:191)
		at org.springframework.jdbc.datasource.DriverManagerDataSource.getConnectionFromDriverManager(DriverManagerDataSource.java:155)
		at org.springframework.jdbc.datasource.DriverManagerDataSource.getConnectionFromDriver(DriverManagerDataSource.java:146)
		at org.springframework.jdbc.datasource.AbstractDriverBasedDataSource.getConnectionFromDriver(AbstractDriverBasedDataSource.java:205)
		at org.springframework.jdbc.datasource.AbstractDriverBasedDataSource.getConnection(AbstractDriverBasedDataSource.java:169)
		at org.springframework.jdbc.datasource.DataSourceUtils.fetchConnection(DataSourceUtils.java:160)
		at org.springframework.jdbc.datasource.DataSourceUtils.doGetConnection(DataSourceUtils.java:118)
		at org.springframework.jdbc.datasource.DataSourceUtils.getConnection(DataSourceUtils.java:81)
		... 43 more
14-Jan-2025 12:17:13.724 SEVERE [http-nio-8080-exec-1] org.apache.catalina.core.StandardWrapperValve.invoke Ошибка выделения для сервлета [dispatcher]
	java.sql.SQLException: No suitable driver found for ${spring.datasource.url}
		at java.sql/java.sql.DriverManager.getConnection(DriverManager.java:708)
		at java.sql/java.sql.DriverManager.getConnection(DriverManager.java:191)
		at org.springframework.jdbc.datasource.DriverManagerDataSource.getConnectionFromDriverManager(DriverManagerDataSource.java:155)
		at org.springframework.jdbc.datasource.DriverManagerDataSource.getConnectionFromDriver(DriverManagerDataSource.java:146)
		at org.springframework.jdbc.datasource.AbstractDriverBasedDataSource.getConnectionFromDriver(AbstractDriverBasedDataSource.java:205)
		at org.springframework.jdbc.datasource.AbstractDriverBasedDataSource.getConnection(AbstractDriverBasedDataSource.java:169)
		at org.springframework.jdbc.datasource.DataSourceUtils.fetchConnection(DataSourceUtils.java:160)
		at org.springframework.jdbc.datasource.DataSourceUtils.doGetConnection(DataSourceUtils.java:118)
		at org.springframework.jdbc.datasource.DataSourceUtils.getConnection(DataSourceUtils.java:81)
		at org.springframework.jdbc.datasource.init.DatabasePopulatorUtils.execute(DatabasePopulatorUtils.java:52)
		at org.springframework.jdbc.datasource.init.ResourceDatabasePopulator.execute(ResourceDatabasePopulator.java:269)
		at ru.yandex.practicum.configuration.DataSourceConfiguration.populate(DataSourceConfiguration.java:49)
		at java.base/jdk.internal.reflect.DirectMethodHandleAccessor.invoke(DirectMethodHandleAccessor.java:103)
		at java.base/java.lang.reflect.Method.invoke(Method.java:580)
		at org.springframework.context.event.ApplicationListenerMethodAdapter.doInvoke(ApplicationListenerMethodAdapter.java:382)
		at org.springframework.context.event.ApplicationListenerMethodAdapter.processEvent(ApplicationListenerMethodAdapter.java:254)
		at org.springframework.context.event.ApplicationListenerMethodAdapter.onApplicationEvent(ApplicationListenerMethodAdapter.java:173)
		at org.springframework.context.event.SimpleApplicationEventMulticaster.doInvokeListener(SimpleApplicationEventMulticaster.java:185)
		at org.springframework.context.event.SimpleApplicationEventMulticaster.invokeListener(SimpleApplicationEventMulticaster.java:178)
		at org.springframework.context.event.SimpleApplicationEventMulticaster.multicastEvent(SimpleApplicationEventMulticaster.java:156)
		at org.springframework.context.support.AbstractApplicationContext.publishEvent(AbstractApplicationContext.java:454)
		at org.springframework.context.support.AbstractApplicationContext.publishEvent(AbstractApplicationContext.java:387)
		at org.springframework.context.support.AbstractApplicationContext.finishRefresh(AbstractApplicationContext.java:1009)
		at org.springframework.context.support.AbstractApplicationContext.refresh(AbstractApplicationContext.java:630)
		at org.springframework.web.servlet.FrameworkServlet.configureAndRefreshWebApplicationContext(FrameworkServlet.java:706)
		at org.springframework.web.servlet.FrameworkServlet.createWebApplicationContext(FrameworkServlet.java:672)
		at org.springframework.web.servlet.FrameworkServlet.createWebApplicationContext(FrameworkServlet.java:720)
		at org.springframework.web.servlet.FrameworkServlet.initWebApplicationContext(FrameworkServlet.java:595)
		at org.springframework.web.servlet.FrameworkServlet.initServletBean(FrameworkServlet.java:537)
		at org.springframework.web.servlet.HttpServletBean.init(HttpServletBean.java:169)
		at jakarta.servlet.GenericServlet.init(GenericServlet.java:143)
		at jakarta.servlet.http.HttpServlet.init(HttpServlet.java:122)
		at org.apache.catalina.core.StandardWrapper.initServlet(StandardWrapper.java:817)
		at org.apache.catalina.core.StandardWrapper.loadServlet(StandardWrapper.java:787)
		at org.apache.catalina.core.StandardWrapper.allocate(StandardWrapper.java:568)
		at org.apache.catalina.core.StandardWrapperValve.invoke(StandardWrapperValve.java:115)
		at org.apache.catalina.core.StandardContextValve.invoke(StandardContextValve.java:79)
		at org.apache.catalina.authenticator.AuthenticatorBase.invoke(AuthenticatorBase.java:483)
		at org.apache.catalina.core.StandardHostValve.invoke(StandardHostValve.java:115)
		at org.apache.catalina.valves.ErrorReportValve.invoke(ErrorReportValve.java:93)
		at org.apache.catalina.valves.AbstractAccessLogValve.invoke(AbstractAccessLogValve.java:663)
		at org.apache.catalina.core.StandardEngineValve.invoke(StandardEngineValve.java:74)
		at org.apache.catalina.connector.CoyoteAdapter.service(CoyoteAdapter.java:342)
		at org.apache.coyote.http11.Http11Processor.service(Http11Processor.java:395)
		at org.apache.coyote.AbstractProcessorLight.process(AbstractProcessorLight.java:63)
		at org.apache.coyote.AbstractProtocol$ConnectionHandler.process(AbstractProtocol.java:905)
		at org.apache.tomcat.util.net.NioEndpoint$SocketProcessor.doRun(NioEndpoint.java:1746)
		at org.apache.tomcat.util.net.SocketProcessorBase.run(SocketProcessorBase.java:52)
		at org.apache.tomcat.util.threads.ThreadPoolExecutor.runWorker(ThreadPoolExecutor.java:1148)
		at org.apache.tomcat.util.threads.ThreadPoolExecutor$Worker.run(ThreadPoolExecutor.java:636)
		at org.apache.tomcat.util.threads.TaskThread$WrappingRunnable.run(TaskThread.java:63)
		at java.base/java.lang.Thread.run(Thread.java:1583)
14-Jan-2025 12:17:14.606 INFO [http-nio-8080-exec-2] org.apache.catalina.core.ApplicationContext.log Initializing Spring DispatcherServlet 'dispatcher'
14-Jan-2025 12:17:14.682 SEVERE [http-nio-8080-exec-2] org.apache.catalina.core.ApplicationContext.log Servlet.init() для сервлета [dispatcher] выбросил исключение
	org.springframework.jdbc.datasource.init.UncategorizedScriptException: Failed to execute database script
		at org.springframework.jdbc.datasource.init.DatabasePopulatorUtils.execute(DatabasePopulatorUtils.java:67)
		at org.springframework.jdbc.datasource.init.ResourceDatabasePopulator.execute(ResourceDatabasePopulator.java:269)
		at ru.yandex.practicum.configuration.DataSourceConfiguration.populate(DataSourceConfiguration.java:49)
		at java.base/jdk.internal.reflect.DirectMethodHandleAccessor.invoke(DirectMethodHandleAccessor.java:103)
		at java.base/java.lang.reflect.Method.invoke(Method.java:580)
		at org.springframework.context.event.ApplicationListenerMethodAdapter.doInvoke(ApplicationListenerMethodAdapter.java:382)
		at org.springframework.context.event.ApplicationListenerMethodAdapter.processEvent(ApplicationListenerMethodAdapter.java:254)
		at org.springframework.context.event.ApplicationListenerMethodAdapter.onApplicationEvent(ApplicationListenerMethodAdapter.java:173)
		at org.springframework.context.event.SimpleApplicationEventMulticaster.doInvokeListener(SimpleApplicationEventMulticaster.java:185)
		at org.springframework.context.event.SimpleApplicationEventMulticaster.invokeListener(SimpleApplicationEventMulticaster.java:178)
		at org.springframework.context.event.SimpleApplicationEventMulticaster.multicastEvent(SimpleApplicationEventMulticaster.java:156)
		at org.springframework.context.support.AbstractApplicationContext.publishEvent(AbstractApplicationContext.java:454)
		at org.springframework.context.support.AbstractApplicationContext.publishEvent(AbstractApplicationContext.java:387)
		at org.springframework.context.support.AbstractApplicationContext.finishRefresh(AbstractApplicationContext.java:1009)
		at org.springframework.context.support.AbstractApplicationContext.refresh(AbstractApplicationContext.java:630)
		at org.springframework.web.servlet.FrameworkServlet.configureAndRefreshWebApplicationContext(FrameworkServlet.java:706)
		at org.springframework.web.servlet.FrameworkServlet.createWebApplicationContext(FrameworkServlet.java:672)
		at org.springframework.web.servlet.FrameworkServlet.createWebApplicationContext(FrameworkServlet.java:720)
		at org.springframework.web.servlet.FrameworkServlet.initWebApplicationContext(FrameworkServlet.java:595)
		at org.springframework.web.servlet.FrameworkServlet.initServletBean(FrameworkServlet.java:537)
		at org.springframework.web.servlet.HttpServletBean.init(HttpServletBean.java:169)
		at jakarta.servlet.GenericServlet.init(GenericServlet.java:143)
		at jakarta.servlet.http.HttpServlet.init(HttpServlet.java:122)
		at org.apache.catalina.core.StandardWrapper.initServlet(StandardWrapper.java:817)
		at org.apache.catalina.core.StandardWrapper.loadServlet(StandardWrapper.java:787)
		at org.apache.catalina.core.StandardWrapper.allocate(StandardWrapper.java:568)
		at org.apache.catalina.core.StandardWrapperValve.invoke(StandardWrapperValve.java:115)
		at org.apache.catalina.core.StandardContextValve.invoke(StandardContextValve.java:79)
		at org.apache.catalina.authenticator.AuthenticatorBase.invoke(AuthenticatorBase.java:483)
		at org.apache.catalina.core.StandardHostValve.invoke(StandardHostValve.java:115)
		at org.apache.catalina.valves.ErrorReportValve.invoke(ErrorReportValve.java:93)
		at org.apache.catalina.valves.AbstractAccessLogValve.invoke(AbstractAccessLogValve.java:663)
		at org.apache.catalina.core.StandardEngineValve.invoke(StandardEngineValve.java:74)
		at org.apache.catalina.connector.CoyoteAdapter.service(CoyoteAdapter.java:342)
		at org.apache.coyote.http11.Http11Processor.service(Http11Processor.java:395)
		at org.apache.coyote.AbstractProcessorLight.process(AbstractProcessorLight.java:63)
		at org.apache.coyote.AbstractProtocol$ConnectionHandler.process(AbstractProtocol.java:905)
		at org.apache.tomcat.util.net.NioEndpoint$SocketProcessor.doRun(NioEndpoint.java:1746)
		at org.apache.tomcat.util.net.SocketProcessorBase.run(SocketProcessorBase.java:52)
		at org.apache.tomcat.util.threads.ThreadPoolExecutor.runWorker(ThreadPoolExecutor.java:1148)
		at org.apache.tomcat.util.threads.ThreadPoolExecutor$Worker.run(ThreadPoolExecutor.java:636)
		at org.apache.tomcat.util.threads.TaskThread$WrappingRunnable.run(TaskThread.java:63)
		at java.base/java.lang.Thread.run(Thread.java:1583)
	Caused by: org.springframework.jdbc.CannotGetJdbcConnectionException: Failed to obtain JDBC Connection
		at org.springframework.jdbc.datasource.DataSourceUtils.getConnection(DataSourceUtils.java:84)
		at org.springframework.jdbc.datasource.init.DatabasePopulatorUtils.execute(DatabasePopulatorUtils.java:52)
		... 42 more
	Caused by: java.sql.SQLException: No suitable driver found for ${spring.datasource.url}
		at java.sql/java.sql.DriverManager.getConnection(DriverManager.java:708)
		at java.sql/java.sql.DriverManager.getConnection(DriverManager.java:191)
		at org.springframework.jdbc.datasource.DriverManagerDataSource.getConnectionFromDriverManager(DriverManagerDataSource.java:155)
		at org.springframework.jdbc.datasource.DriverManagerDataSource.getConnectionFromDriver(DriverManagerDataSource.java:146)
		at org.springframework.jdbc.datasource.AbstractDriverBasedDataSource.getConnectionFromDriver(AbstractDriverBasedDataSource.java:205)
		at org.springframework.jdbc.datasource.AbstractDriverBasedDataSource.getConnection(AbstractDriverBasedDataSource.java:169)
		at org.springframework.jdbc.datasource.DataSourceUtils.fetchConnection(DataSourceUtils.java:160)
		at org.springframework.jdbc.datasource.DataSourceUtils.doGetConnection(DataSourceUtils.java:118)
		at org.springframework.jdbc.datasource.DataSourceUtils.getConnection(DataSourceUtils.java:81)
		... 43 more
14-Jan-2025 12:17:14.682 SEVERE [http-nio-8080-exec-2] org.apache.catalina.core.StandardWrapperValve.invoke Ошибка выделения для сервлета [dispatcher]
	java.sql.SQLException: No suitable driver found for ${spring.datasource.url}
		at java.sql/java.sql.DriverManager.getConnection(DriverManager.java:708)
		at java.sql/java.sql.DriverManager.getConnection(DriverManager.java:191)
		at org.springframework.jdbc.datasource.DriverManagerDataSource.getConnectionFromDriverManager(DriverManagerDataSource.java:155)
		at org.springframework.jdbc.datasource.DriverManagerDataSource.getConnectionFromDriver(DriverManagerDataSource.java:146)
		at org.springframework.jdbc.datasource.AbstractDriverBasedDataSource.getConnectionFromDriver(AbstractDriverBasedDataSource.java:205)
		at org.springframework.jdbc.datasource.AbstractDriverBasedDataSource.getConnection(AbstractDriverBasedDataSource.java:169)
		at org.springframework.jdbc.datasource.DataSourceUtils.fetchConnection(DataSourceUtils.java:160)
		at org.springframework.jdbc.datasource.DataSourceUtils.doGetConnection(DataSourceUtils.java:118)
		at org.springframework.jdbc.datasource.DataSourceUtils.getConnection(DataSourceUtils.java:81)
		at org.springframework.jdbc.datasource.init.DatabasePopulatorUtils.execute(DatabasePopulatorUtils.java:52)
		at org.springframework.jdbc.datasource.init.ResourceDatabasePopulator.execute(ResourceDatabasePopulator.java:269)
		at ru.yandex.practicum.configuration.DataSourceConfiguration.populate(DataSourceConfiguration.java:49)
		at java.base/jdk.internal.reflect.DirectMethodHandleAccessor.invoke(DirectMethodHandleAccessor.java:103)
		at java.base/java.lang.reflect.Method.invoke(Method.java:580)
		at org.springframework.context.event.ApplicationListenerMethodAdapter.doInvoke(ApplicationListenerMethodAdapter.java:382)
		at org.springframework.context.event.ApplicationListenerMethodAdapter.processEvent(ApplicationListenerMethodAdapter.java:254)
		at org.springframework.context.event.ApplicationListenerMethodAdapter.onApplicationEvent(ApplicationListenerMethodAdapter.java:173)
		at org.springframework.context.event.SimpleApplicationEventMulticaster.doInvokeListener(SimpleApplicationEventMulticaster.java:185)
		at org.springframework.context.event.SimpleApplicationEventMulticaster.invokeListener(SimpleApplicationEventMulticaster.java:178)
		at org.springframework.context.event.SimpleApplicationEventMulticaster.multicastEvent(SimpleApplicationEventMulticaster.java:156)
		at org.springframework.context.support.AbstractApplicationContext.publishEvent(AbstractApplicationContext.java:454)
		at org.springframework.context.support.AbstractApplicationContext.publishEvent(AbstractApplicationContext.java:387)
		at org.springframework.context.support.AbstractApplicationContext.finishRefresh(AbstractApplicationContext.java:1009)
		at org.springframework.context.support.AbstractApplicationContext.refresh(AbstractApplicationContext.java:630)
		at org.springframework.web.servlet.FrameworkServlet.configureAndRefreshWebApplicationContext(FrameworkServlet.java:706)
		at org.springframework.web.servlet.FrameworkServlet.createWebApplicationContext(FrameworkServlet.java:672)
		at org.springframework.web.servlet.FrameworkServlet.createWebApplicationContext(FrameworkServlet.java:720)
		at org.springframework.web.servlet.FrameworkServlet.initWebApplicationContext(FrameworkServlet.java:595)
		at org.springframework.web.servlet.FrameworkServlet.initServletBean(FrameworkServlet.java:537)
		at org.springframework.web.servlet.HttpServletBean.init(HttpServletBean.java:169)
		at jakarta.servlet.GenericServlet.init(GenericServlet.java:143)
		at jakarta.servlet.http.HttpServlet.init(HttpServlet.java:122)
		at org.apache.catalina.core.StandardWrapper.initServlet(StandardWrapper.java:817)
		at org.apache.catalina.core.StandardWrapper.loadServlet(StandardWrapper.java:787)
		at org.apache.catalina.core.StandardWrapper.allocate(StandardWrapper.java:568)
		at org.apache.catalina.core.StandardWrapperValve.invoke(StandardWrapperValve.java:115)
		at org.apache.catalina.core.StandardContextValve.invoke(StandardContextValve.java:79)
		at org.apache.catalina.authenticator.AuthenticatorBase.invoke(AuthenticatorBase.java:483)
		at org.apache.catalina.core.StandardHostValve.invoke(StandardHostValve.java:115)
		at org.apache.catalina.valves.ErrorReportValve.invoke(ErrorReportValve.java:93)
		at org.apache.catalina.valves.AbstractAccessLogValve.invoke(AbstractAccessLogValve.java:663)
		at org.apache.catalina.core.StandardEngineValve.invoke(StandardEngineValve.java:74)
		at org.apache.catalina.connector.CoyoteAdapter.service(CoyoteAdapter.java:342)
		at org.apache.coyote.http11.Http11Processor.service(Http11Processor.java:395)
		at org.apache.coyote.AbstractProcessorLight.process(AbstractProcessorLight.java:63)
		at org.apache.coyote.AbstractProtocol$ConnectionHandler.process(AbstractProtocol.java:905)
		at org.apache.tomcat.util.net.NioEndpoint$SocketProcessor.doRun(NioEndpoint.java:1746)
		at org.apache.tomcat.util.net.SocketProcessorBase.run(SocketProcessorBase.java:52)
		at org.apache.tomcat.util.threads.ThreadPoolExecutor.runWorker(ThreadPoolExecutor.java:1148)
		at org.apache.tomcat.util.threads.ThreadPoolExecutor$Worker.run(ThreadPoolExecutor.java:636)
		at org.apache.tomcat.util.threads.TaskThread$WrappingRunnable.run(TaskThread.java:63)
		at java.base/java.lang.Thread.run(Thread.java:1583)
14-Jan-2025 12:17:15.328 INFO [http-nio-8080-exec-3] org.apache.catalina.core.ApplicationContext.log Initializing Spring DispatcherServlet 'dispatcher'
14-Jan-2025 12:17:15.404 SEVERE [http-nio-8080-exec-3] org.apache.catalina.core.ApplicationContext.log Servlet.init() для сервлета [dispatcher] выбросил исключение
	org.springframework.jdbc.datasource.init.UncategorizedScriptException: Failed to execute database script
		at org.springframework.jdbc.datasource.init.DatabasePopulatorUtils.execute(DatabasePopulatorUtils.java:67)
		at org.springframework.jdbc.datasource.init.ResourceDatabasePopulator.execute(ResourceDatabasePopulator.java:269)
		at ru.yandex.practicum.configuration.DataSourceConfiguration.populate(DataSourceConfiguration.java:49)
		at java.base/jdk.internal.reflect.DirectMethodHandleAccessor.invoke(DirectMethodHandleAccessor.java:103)
		at java.base/java.lang.reflect.Method.invoke(Method.java:580)
		at org.springframework.context.event.ApplicationListenerMethodAdapter.doInvoke(ApplicationListenerMethodAdapter.java:382)
		at org.springframework.context.event.ApplicationListenerMethodAdapter.processEvent(ApplicationListenerMethodAdapter.java:254)
		at org.springframework.context.event.ApplicationListenerMethodAdapter.onApplicationEvent(ApplicationListenerMethodAdapter.java:173)
		at org.springframework.context.event.SimpleApplicationEventMulticaster.doInvokeListener(SimpleApplicationEventMulticaster.java:185)
		at org.springframework.context.event.SimpleApplicationEventMulticaster.invokeListener(SimpleApplicationEventMulticaster.java:178)
		at org.springframework.context.event.SimpleApplicationEventMulticaster.multicastEvent(SimpleApplicationEventMulticaster.java:156)
		at org.springframework.context.support.AbstractApplicationContext.publishEvent(AbstractApplicationContext.java:454)
		at org.springframework.context.support.AbstractApplicationContext.publishEvent(AbstractApplicationContext.java:387)
		at org.springframework.context.support.AbstractApplicationContext.finishRefresh(AbstractApplicationContext.java:1009)
		at org.springframework.context.support.AbstractApplicationContext.refresh(AbstractApplicationContext.java:630)
		at org.springframework.web.servlet.FrameworkServlet.configureAndRefreshWebApplicationContext(FrameworkServlet.java:706)
		at org.springframework.web.servlet.FrameworkServlet.createWebApplicationContext(FrameworkServlet.java:672)
		at org.springframework.web.servlet.FrameworkServlet.createWebApplicationContext(FrameworkServlet.java:720)
		at org.springframework.web.servlet.FrameworkServlet.initWebApplicationContext(FrameworkServlet.java:595)
		at org.springframework.web.servlet.FrameworkServlet.initServletBean(FrameworkServlet.java:537)
		at org.springframework.web.servlet.HttpServletBean.init(HttpServletBean.java:169)
		at jakarta.servlet.GenericServlet.init(GenericServlet.java:143)
		at jakarta.servlet.http.HttpServlet.init(HttpServlet.java:122)
		at org.apache.catalina.core.StandardWrapper.initServlet(StandardWrapper.java:817)
		at org.apache.catalina.core.StandardWrapper.loadServlet(StandardWrapper.java:787)
		at org.apache.catalina.core.StandardWrapper.allocate(StandardWrapper.java:568)
		at org.apache.catalina.core.StandardWrapperValve.invoke(StandardWrapperValve.java:115)
		at org.apache.catalina.core.StandardContextValve.invoke(StandardContextValve.java:79)
		at org.apache.catalina.authenticator.AuthenticatorBase.invoke(AuthenticatorBase.java:483)
		at org.apache.catalina.core.StandardHostValve.invoke(StandardHostValve.java:115)
		at org.apache.catalina.valves.ErrorReportValve.invoke(ErrorReportValve.java:93)
		at org.apache.catalina.valves.AbstractAccessLogValve.invoke(AbstractAccessLogValve.java:663)
		at org.apache.catalina.core.StandardEngineValve.invoke(StandardEngineValve.java:74)
		at org.apache.catalina.connector.CoyoteAdapter.service(CoyoteAdapter.java:342)
		at org.apache.coyote.http11.Http11Processor.service(Http11Processor.java:395)
		at org.apache.coyote.AbstractProcessorLight.process(AbstractProcessorLight.java:63)
		at org.apache.coyote.AbstractProtocol$ConnectionHandler.process(AbstractProtocol.java:905)
		at org.apache.tomcat.util.net.NioEndpoint$SocketProcessor.doRun(NioEndpoint.java:1746)
		at org.apache.tomcat.util.net.SocketProcessorBase.run(SocketProcessorBase.java:52)
		at org.apache.tomcat.util.threads.ThreadPoolExecutor.runWorker(ThreadPoolExecutor.java:1148)
		at org.apache.tomcat.util.threads.ThreadPoolExecutor$Worker.run(ThreadPoolExecutor.java:636)
		at org.apache.tomcat.util.threads.TaskThread$WrappingRunnable.run(TaskThread.java:63)
		at java.base/java.lang.Thread.run(Thread.java:1583)
	Caused by: org.springframework.jdbc.CannotGetJdbcConnectionException: Failed to obtain JDBC Connection
		at org.springframework.jdbc.datasource.DataSourceUtils.getConnection(DataSourceUtils.java:84)
		at org.springframework.jdbc.datasource.init.DatabasePopulatorUtils.execute(DatabasePopulatorUtils.java:52)
		... 42 more
	Caused by: java.sql.SQLException: No suitable driver found for ${spring.datasource.url}
		at java.sql/java.sql.DriverManager.getConnection(DriverManager.java:708)
		at java.sql/java.sql.DriverManager.getConnection(DriverManager.java:191)
		at org.springframework.jdbc.datasource.DriverManagerDataSource.getConnectionFromDriverManager(DriverManagerDataSource.java:155)
		at org.springframework.jdbc.datasource.DriverManagerDataSource.getConnectionFromDriver(DriverManagerDataSource.java:146)
		at org.springframework.jdbc.datasource.AbstractDriverBasedDataSource.getConnectionFromDriver(AbstractDriverBasedDataSource.java:205)
		at org.springframework.jdbc.datasource.AbstractDriverBasedDataSource.getConnection(AbstractDriverBasedDataSource.java:169)
		at org.springframework.jdbc.datasource.DataSourceUtils.fetchConnection(DataSourceUtils.java:160)
		at org.springframework.jdbc.datasource.DataSourceUtils.doGetConnection(DataSourceUtils.java:118)
		at org.springframework.jdbc.datasource.DataSourceUtils.getConnection(DataSourceUtils.java:81)
		... 43 more
14-Jan-2025 12:17:15.404 SEVERE [http-nio-8080-exec-3] org.apache.catalina.core.StandardWrapperValve.invoke Ошибка выделения для сервлета [dispatcher]
	java.sql.SQLException: No suitable driver found for ${spring.datasource.url}
		at java.sql/java.sql.DriverManager.getConnection(DriverManager.java:708)
		at java.sql/java.sql.DriverManager.getConnection(DriverManager.java:191)
		at org.springframework.jdbc.datasource.DriverManagerDataSource.getConnectionFromDriverManager(DriverManagerDataSource.java:155)
		at org.springframework.jdbc.datasource.DriverManagerDataSource.getConnectionFromDriver(DriverManagerDataSource.java:146)
		at org.springframework.jdbc.datasource.AbstractDriverBasedDataSource.getConnectionFromDriver(AbstractDriverBasedDataSource.java:205)
		at org.springframework.jdbc.datasource.AbstractDriverBasedDataSource.getConnection(AbstractDriverBasedDataSource.java:169)
		at org.springframework.jdbc.datasource.DataSourceUtils.fetchConnection(DataSourceUtils.java:160)
		at org.springframework.jdbc.datasource.DataSourceUtils.doGetConnection(DataSourceUtils.java:118)
		at org.springframework.jdbc.datasource.DataSourceUtils.getConnection(DataSourceUtils.java:81)
		at org.springframework.jdbc.datasource.init.DatabasePopulatorUtils.execute(DatabasePopulatorUtils.java:52)
		at org.springframework.jdbc.datasource.init.ResourceDatabasePopulator.execute(ResourceDatabasePopulator.java:269)
		at ru.yandex.practicum.configuration.DataSourceConfiguration.populate(DataSourceConfiguration.java:49)
		at java.base/jdk.internal.reflect.DirectMethodHandleAccessor.invoke(DirectMethodHandleAccessor.java:103)
		at java.base/java.lang.reflect.Method.invoke(Method.java:580)
		at org.springframework.context.event.ApplicationListenerMethodAdapter.doInvoke(ApplicationListenerMethodAdapter.java:382)
		at org.springframework.context.event.ApplicationListenerMethodAdapter.processEvent(ApplicationListenerMethodAdapter.java:254)
		at org.springframework.context.event.ApplicationListenerMethodAdapter.onApplicationEvent(ApplicationListenerMethodAdapter.java:173)
		at org.springframework.context.event.SimpleApplicationEventMulticaster.doInvokeListener(SimpleApplicationEventMulticaster.java:185)
		at org.springframework.context.event.SimpleApplicationEventMulticaster.invokeListener(SimpleApplicationEventMulticaster.java:178)
		at org.springframework.context.event.SimpleApplicationEventMulticaster.multicastEvent(SimpleApplicationEventMulticaster.java:156)
		at org.springframework.context.support.AbstractApplicationContext.publishEvent(AbstractApplicationContext.java:454)
		at org.springframework.context.support.AbstractApplicationContext.publishEvent(AbstractApplicationContext.java:387)
		at org.springframework.context.support.AbstractApplicationContext.finishRefresh(AbstractApplicationContext.java:1009)
		at org.springframework.context.support.AbstractApplicationContext.refresh(AbstractApplicationContext.java:630)
		at org.springframework.web.servlet.FrameworkServlet.configureAndRefreshWebApplicationContext(FrameworkServlet.java:706)
		at org.springframework.web.servlet.FrameworkServlet.createWebApplicationContext(FrameworkServlet.java:672)
		at org.springframework.web.servlet.FrameworkServlet.createWebApplicationContext(FrameworkServlet.java:720)
		at org.springframework.web.servlet.FrameworkServlet.initWebApplicationContext(FrameworkServlet.java:595)
		at org.springframework.web.servlet.FrameworkServlet.initServletBean(FrameworkServlet.java:537)
		at org.springframework.web.servlet.HttpServletBean.init(HttpServletBean.java:169)
		at jakarta.servlet.GenericServlet.init(GenericServlet.java:143)
		at jakarta.servlet.http.HttpServlet.init(HttpServlet.java:122)
		at org.apache.catalina.core.StandardWrapper.initServlet(StandardWrapper.java:817)
		at org.apache.catalina.core.StandardWrapper.loadServlet(StandardWrapper.java:787)
		at org.apache.catalina.core.StandardWrapper.allocate(StandardWrapper.java:568)
		at org.apache.catalina.core.StandardWrapperValve.invoke(StandardWrapperValve.java:115)
		at org.apache.catalina.core.StandardContextValve.invoke(StandardContextValve.java:79)
		at org.apache.catalina.authenticator.AuthenticatorBase.invoke(AuthenticatorBase.java:483)
		at org.apache.catalina.core.StandardHostValve.invoke(StandardHostValve.java:115)
		at org.apache.catalina.valves.ErrorReportValve.invoke(ErrorReportValve.java:93)
		at org.apache.catalina.valves.AbstractAccessLogValve.invoke(AbstractAccessLogValve.java:663)
		at org.apache.catalina.core.StandardEngineValve.invoke(StandardEngineValve.java:74)
		at org.apache.catalina.connector.CoyoteAdapter.service(CoyoteAdapter.java:342)
		at org.apache.coyote.http11.Http11Processor.service(Http11Processor.java:395)
		at org.apache.coyote.AbstractProcessorLight.process(AbstractProcessorLight.java:63)
		at org.apache.coyote.AbstractProtocol$ConnectionHandler.process(AbstractProtocol.java:905)
		at org.apache.tomcat.util.net.NioEndpoint$SocketProcessor.doRun(NioEndpoint.java:1746)
		at org.apache.tomcat.util.net.SocketProcessorBase.run(SocketProcessorBase.java:52)
		at org.apache.tomcat.util.threads.ThreadPoolExecutor.runWorker(ThreadPoolExecutor.java:1148)
		at org.apache.tomcat.util.threads.ThreadPoolExecutor$Worker.run(ThreadPoolExecutor.java:636)
		at org.apache.tomcat.util.threads.TaskThread$WrappingRunnable.run(TaskThread.java:63)
		at java.base/java.lang.Thread.run(Thread.java:1583)
14-Jan-2025 12:26:56.581 INFO [main] org.apache.catalina.core.ApplicationContext.log SessionListener: contextDestroyed()
14-Jan-2025 12:26:56.581 INFO [main] org.apache.catalina.core.ApplicationContext.log ContextListener: contextDestroyed()
14-Jan-2025 12:27:11.909 INFO [main] org.apache.catalina.core.ApplicationContext.log No Spring WebApplicationInitializer types detected on classpath
14-Jan-2025 12:27:12.055 INFO [main] org.apache.catalina.core.ApplicationContext.log Initializing Spring DispatcherServlet 'dispatcher'
14-Jan-2025 12:27:12.939 SEVERE [main] org.apache.catalina.core.ApplicationContext.log Servlet.init() для сервлета [dispatcher] выбросил исключение
	org.springframework.jdbc.datasource.init.UncategorizedScriptException: Failed to execute database script
		at org.springframework.jdbc.datasource.init.DatabasePopulatorUtils.execute(DatabasePopulatorUtils.java:67)
		at org.springframework.jdbc.datasource.init.ResourceDatabasePopulator.execute(ResourceDatabasePopulator.java:269)
		at ru.yandex.practicum.configuration.DataSourceConfiguration.populate(DataSourceConfiguration.java:49)
		at java.base/jdk.internal.reflect.DirectMethodHandleAccessor.invoke(DirectMethodHandleAccessor.java:103)
		at java.base/java.lang.reflect.Method.invoke(Method.java:580)
		at org.springframework.context.event.ApplicationListenerMethodAdapter.doInvoke(ApplicationListenerMethodAdapter.java:382)
		at org.springframework.context.event.ApplicationListenerMethodAdapter.processEvent(ApplicationListenerMethodAdapter.java:254)
		at org.springframework.context.event.ApplicationListenerMethodAdapter.onApplicationEvent(ApplicationListenerMethodAdapter.java:173)
		at org.springframework.context.event.SimpleApplicationEventMulticaster.doInvokeListener(SimpleApplicationEventMulticaster.java:185)
		at org.springframework.context.event.SimpleApplicationEventMulticaster.invokeListener(SimpleApplicationEventMulticaster.java:178)
		at org.springframework.context.event.SimpleApplicationEventMulticaster.multicastEvent(SimpleApplicationEventMulticaster.java:156)
		at org.springframework.context.support.AbstractApplicationContext.publishEvent(AbstractApplicationContext.java:454)
		at org.springframework.context.support.AbstractApplicationContext.publishEvent(AbstractApplicationContext.java:387)
		at org.springframework.context.support.AbstractApplicationContext.finishRefresh(AbstractApplicationContext.java:1009)
		at org.springframework.context.support.AbstractApplicationContext.refresh(AbstractApplicationContext.java:630)
		at org.springframework.web.servlet.FrameworkServlet.configureAndRefreshWebApplicationContext(FrameworkServlet.java:706)
		at org.springframework.web.servlet.FrameworkServlet.createWebApplicationContext(FrameworkServlet.java:672)
		at org.springframework.web.servlet.FrameworkServlet.createWebApplicationContext(FrameworkServlet.java:720)
		at org.springframework.web.servlet.FrameworkServlet.initWebApplicationContext(FrameworkServlet.java:595)
		at org.springframework.web.servlet.FrameworkServlet.initServletBean(FrameworkServlet.java:537)
		at org.springframework.web.servlet.HttpServletBean.init(HttpServletBean.java:169)
		at jakarta.servlet.GenericServlet.init(GenericServlet.java:143)
		at jakarta.servlet.http.HttpServlet.init(HttpServlet.java:122)
		at org.apache.catalina.core.StandardWrapper.initServlet(StandardWrapper.java:817)
		at org.apache.catalina.core.StandardWrapper.loadServlet(StandardWrapper.java:787)
		at org.apache.catalina.core.StandardWrapper.load(StandardWrapper.java:691)
		at org.apache.catalina.core.StandardContext.loadOnStartup(StandardContext.java:4153)
		at org.apache.catalina.core.StandardContext.startInternal(StandardContext.java:4437)
		at org.apache.catalina.util.LifecycleBase.start(LifecycleBase.java:164)
		at org.apache.catalina.core.ContainerBase.addChild(ContainerBase.java:566)
		at org.apache.catalina.core.StandardHost.addChild(StandardHost.java:653)
		at org.apache.catalina.startup.HostConfig.deployWAR(HostConfig.java:933)
		at org.apache.catalina.startup.HostConfig$DeployWar.run(HostConfig.java:1875)
		at java.base/java.util.concurrent.Executors$RunnableAdapter.call(Executors.java:572)
		at java.base/java.util.concurrent.FutureTask.run(FutureTask.java:317)
		at org.apache.tomcat.util.threads.InlineExecutorService.execute(InlineExecutorService.java:75)
		at java.base/java.util.concurrent.AbstractExecutorService.submit(AbstractExecutorService.java:123)
		at org.apache.catalina.startup.HostConfig.deployWARs(HostConfig.java:735)
		at org.apache.catalina.startup.HostConfig.deployApps(HostConfig.java:387)
		at org.apache.catalina.startup.HostConfig.start(HostConfig.java:1593)
		at org.apache.catalina.startup.HostConfig.lifecycleEvent(HostConfig.java:267)
		at org.apache.catalina.util.LifecycleBase.fireLifecycleEvent(LifecycleBase.java:109)
		at org.apache.catalina.util.LifecycleBase.setStateInternal(LifecycleBase.java:389)
		at org.apache.catalina.util.LifecycleBase.setState(LifecycleBase.java:336)
		at org.apache.catalina.core.ContainerBase.startInternal(ContainerBase.java:743)
		at org.apache.catalina.core.StandardHost.startInternal(StandardHost.java:771)
		at org.apache.catalina.util.LifecycleBase.start(LifecycleBase.java:164)
		at org.apache.catalina.core.ContainerBase$StartChild.call(ContainerBase.java:1170)
		at org.apache.catalina.core.ContainerBase$StartChild.call(ContainerBase.java:1160)
		at java.base/java.util.concurrent.FutureTask.run(FutureTask.java:317)
		at org.apache.tomcat.util.threads.InlineExecutorService.execute(InlineExecutorService.java:75)
		at java.base/java.util.concurrent.AbstractExecutorService.submit(AbstractExecutorService.java:145)
		at org.apache.catalina.core.ContainerBase.startInternal(ContainerBase.java:716)
		at org.apache.catalina.core.StandardEngine.startInternal(StandardEngine.java:203)
		at org.apache.catalina.util.LifecycleBase.start(LifecycleBase.java:164)
		at org.apache.catalina.core.StandardService.startInternal(StandardService.java:415)
		at org.apache.catalina.util.LifecycleBase.start(LifecycleBase.java:164)
		at org.apache.catalina.core.StandardServer.startInternal(StandardServer.java:866)
		at org.apache.catalina.util.LifecycleBase.start(LifecycleBase.java:164)
		at org.apache.catalina.startup.Catalina.start(Catalina.java:759)
		at java.base/jdk.internal.reflect.DirectMethodHandleAccessor.invoke(DirectMethodHandleAccessor.java:103)
		at java.base/java.lang.reflect.Method.invoke(Method.java:580)
		at org.apache.catalina.startup.Bootstrap.start(Bootstrap.java:342)
		at org.apache.catalina.startup.Bootstrap.main(Bootstrap.java:470)
	Caused by: org.springframework.jdbc.CannotGetJdbcConnectionException: Failed to obtain JDBC Connection
		at org.springframework.jdbc.datasource.DataSourceUtils.getConnection(DataSourceUtils.java:84)
		at org.springframework.jdbc.datasource.init.DatabasePopulatorUtils.execute(DatabasePopulatorUtils.java:52)
		... 63 more
	Caused by: java.sql.SQLException: No suitable driver found for ${spring.datasource.url}
		at java.sql/java.sql.DriverManager.getConnection(DriverManager.java:708)
		at java.sql/java.sql.DriverManager.getConnection(DriverManager.java:191)
		at org.springframework.jdbc.datasource.DriverManagerDataSource.getConnectionFromDriverManager(DriverManagerDataSource.java:155)
		at org.springframework.jdbc.datasource.DriverManagerDataSource.getConnectionFromDriver(DriverManagerDataSource.java:146)
		at org.springframework.jdbc.datasource.AbstractDriverBasedDataSource.getConnectionFromDriver(AbstractDriverBasedDataSource.java:205)
		at org.springframework.jdbc.datasource.AbstractDriverBasedDataSource.getConnection(AbstractDriverBasedDataSource.java:169)
		at org.springframework.jdbc.datasource.DataSourceUtils.fetchConnection(DataSourceUtils.java:160)
		at org.springframework.jdbc.datasource.DataSourceUtils.doGetConnection(DataSourceUtils.java:118)
		at org.springframework.jdbc.datasource.DataSourceUtils.getConnection(DataSourceUtils.java:81)
		... 64 more
14-Jan-2025 12:27:12.939 SEVERE [main] org.apache.catalina.core.StandardContext.loadOnStartup Servlet [dispatcher] in web application [/study] threw load() exception
	java.sql.SQLException: No suitable driver found for ${spring.datasource.url}
		at java.sql/java.sql.DriverManager.getConnection(DriverManager.java:708)
		at java.sql/java.sql.DriverManager.getConnection(DriverManager.java:191)
		at org.springframework.jdbc.datasource.DriverManagerDataSource.getConnectionFromDriverManager(DriverManagerDataSource.java:155)
		at org.springframework.jdbc.datasource.DriverManagerDataSource.getConnectionFromDriver(DriverManagerDataSource.java:146)
		at org.springframework.jdbc.datasource.AbstractDriverBasedDataSource.getConnectionFromDriver(AbstractDriverBasedDataSource.java:205)
		at org.springframework.jdbc.datasource.AbstractDriverBasedDataSource.getConnection(AbstractDriverBasedDataSource.java:169)
		at org.springframework.jdbc.datasource.DataSourceUtils.fetchConnection(DataSourceUtils.java:160)
		at org.springframework.jdbc.datasource.DataSourceUtils.doGetConnection(DataSourceUtils.java:118)
		at org.springframework.jdbc.datasource.DataSourceUtils.getConnection(DataSourceUtils.java:81)
		at org.springframework.jdbc.datasource.init.DatabasePopulatorUtils.execute(DatabasePopulatorUtils.java:52)
		at org.springframework.jdbc.datasource.init.ResourceDatabasePopulator.execute(ResourceDatabasePopulator.java:269)
		at ru.yandex.practicum.configuration.DataSourceConfiguration.populate(DataSourceConfiguration.java:49)
		at java.base/jdk.internal.reflect.DirectMethodHandleAccessor.invoke(DirectMethodHandleAccessor.java:103)
		at java.base/java.lang.reflect.Method.invoke(Method.java:580)
		at org.springframework.context.event.ApplicationListenerMethodAdapter.doInvoke(ApplicationListenerMethodAdapter.java:382)
		at org.springframework.context.event.ApplicationListenerMethodAdapter.processEvent(ApplicationListenerMethodAdapter.java:254)
		at org.springframework.context.event.ApplicationListenerMethodAdapter.onApplicationEvent(ApplicationListenerMethodAdapter.java:173)
		at org.springframework.context.event.SimpleApplicationEventMulticaster.doInvokeListener(SimpleApplicationEventMulticaster.java:185)
		at org.springframework.context.event.SimpleApplicationEventMulticaster.invokeListener(SimpleApplicationEventMulticaster.java:178)
		at org.springframework.context.event.SimpleApplicationEventMulticaster.multicastEvent(SimpleApplicationEventMulticaster.java:156)
		at org.springframework.context.support.AbstractApplicationContext.publishEvent(AbstractApplicationContext.java:454)
		at org.springframework.context.support.AbstractApplicationContext.publishEvent(AbstractApplicationContext.java:387)
		at org.springframework.context.support.AbstractApplicationContext.finishRefresh(AbstractApplicationContext.java:1009)
		at org.springframework.context.support.AbstractApplicationContext.refresh(AbstractApplicationContext.java:630)
		at org.springframework.web.servlet.FrameworkServlet.configureAndRefreshWebApplicationContext(FrameworkServlet.java:706)
		at org.springframework.web.servlet.FrameworkServlet.createWebApplicationContext(FrameworkServlet.java:672)
		at org.springframework.web.servlet.FrameworkServlet.createWebApplicationContext(FrameworkServlet.java:720)
		at org.springframework.web.servlet.FrameworkServlet.initWebApplicationContext(FrameworkServlet.java:595)
		at org.springframework.web.servlet.FrameworkServlet.initServletBean(FrameworkServlet.java:537)
		at org.springframework.web.servlet.HttpServletBean.init(HttpServletBean.java:169)
		at jakarta.servlet.GenericServlet.init(GenericServlet.java:143)
		at jakarta.servlet.http.HttpServlet.init(HttpServlet.java:122)
		at org.apache.catalina.core.StandardWrapper.initServlet(StandardWrapper.java:817)
		at org.apache.catalina.core.StandardWrapper.loadServlet(StandardWrapper.java:787)
		at org.apache.catalina.core.StandardWrapper.load(StandardWrapper.java:691)
		at org.apache.catalina.core.StandardContext.loadOnStartup(StandardContext.java:4153)
		at org.apache.catalina.core.StandardContext.startInternal(StandardContext.java:4437)
		at org.apache.catalina.util.LifecycleBase.start(LifecycleBase.java:164)
		at org.apache.catalina.core.ContainerBase.addChild(ContainerBase.java:566)
		at org.apache.catalina.core.StandardHost.addChild(StandardHost.java:653)
		at org.apache.catalina.startup.HostConfig.deployWAR(HostConfig.java:933)
		at org.apache.catalina.startup.HostConfig$DeployWar.run(HostConfig.java:1875)
		at java.base/java.util.concurrent.Executors$RunnableAdapter.call(Executors.java:572)
		at java.base/java.util.concurrent.FutureTask.run(FutureTask.java:317)
		at org.apache.tomcat.util.threads.InlineExecutorService.execute(InlineExecutorService.java:75)
		at java.base/java.util.concurrent.AbstractExecutorService.submit(AbstractExecutorService.java:123)
		at org.apache.catalina.startup.HostConfig.deployWARs(HostConfig.java:735)
		at org.apache.catalina.startup.HostConfig.deployApps(HostConfig.java:387)
		at org.apache.catalina.startup.HostConfig.start(HostConfig.java:1593)
		at org.apache.catalina.startup.HostConfig.lifecycleEvent(HostConfig.java:267)
		at org.apache.catalina.util.LifecycleBase.fireLifecycleEvent(LifecycleBase.java:109)
		at org.apache.catalina.util.LifecycleBase.setStateInternal(LifecycleBase.java:389)
		at org.apache.catalina.util.LifecycleBase.setState(LifecycleBase.java:336)
		at org.apache.catalina.core.ContainerBase.startInternal(ContainerBase.java:743)
		at org.apache.catalina.core.StandardHost.startInternal(StandardHost.java:771)
		at org.apache.catalina.util.LifecycleBase.start(LifecycleBase.java:164)
		at org.apache.catalina.core.ContainerBase$StartChild.call(ContainerBase.java:1170)
		at org.apache.catalina.core.ContainerBase$StartChild.call(ContainerBase.java:1160)
		at java.base/java.util.concurrent.FutureTask.run(FutureTask.java:317)
		at org.apache.tomcat.util.threads.InlineExecutorService.execute(InlineExecutorService.java:75)
		at java.base/java.util.concurrent.AbstractExecutorService.submit(AbstractExecutorService.java:145)
		at org.apache.catalina.core.ContainerBase.startInternal(ContainerBase.java:716)
		at org.apache.catalina.core.StandardEngine.startInternal(StandardEngine.java:203)
		at org.apache.catalina.util.LifecycleBase.start(LifecycleBase.java:164)
		at org.apache.catalina.core.StandardService.startInternal(StandardService.java:415)
		at org.apache.catalina.util.LifecycleBase.start(LifecycleBase.java:164)
		at org.apache.catalina.core.StandardServer.startInternal(StandardServer.java:866)
		at org.apache.catalina.util.LifecycleBase.start(LifecycleBase.java:164)
		at org.apache.catalina.startup.Catalina.start(Catalina.java:759)
		at java.base/jdk.internal.reflect.DirectMethodHandleAccessor.invoke(DirectMethodHandleAccessor.java:103)
		at java.base/java.lang.reflect.Method.invoke(Method.java:580)
		at org.apache.catalina.startup.Bootstrap.start(Bootstrap.java:342)
		at org.apache.catalina.startup.Bootstrap.main(Bootstrap.java:470)
14-Jan-2025 12:27:13.266 INFO [main] org.apache.catalina.core.ApplicationContext.log ContextListener: contextInitialized()
14-Jan-2025 12:27:13.266 INFO [main] org.apache.catalina.core.ApplicationContext.log SessionListener: contextInitialized()
14-Jan-2025 12:27:13.267 INFO [main] org.apache.catalina.core.ApplicationContext.log ContextListener: attributeAdded('StockTicker', 'async.Stockticker@19b33b0d')
14-Jan-2025 12:27:14.842 INFO [http-nio-8080-exec-1] org.apache.catalina.core.ApplicationContext.log Initializing Spring DispatcherServlet 'dispatcher'
14-Jan-2025 12:27:14.921 SEVERE [http-nio-8080-exec-1] org.apache.catalina.core.ApplicationContext.log Servlet.init() для сервлета [dispatcher] выбросил исключение
	org.springframework.jdbc.datasource.init.UncategorizedScriptException: Failed to execute database script
		at org.springframework.jdbc.datasource.init.DatabasePopulatorUtils.execute(DatabasePopulatorUtils.java:67)
		at org.springframework.jdbc.datasource.init.ResourceDatabasePopulator.execute(ResourceDatabasePopulator.java:269)
		at ru.yandex.practicum.configuration.DataSourceConfiguration.populate(DataSourceConfiguration.java:49)
		at java.base/jdk.internal.reflect.DirectMethodHandleAccessor.invoke(DirectMethodHandleAccessor.java:103)
		at java.base/java.lang.reflect.Method.invoke(Method.java:580)
		at org.springframework.context.event.ApplicationListenerMethodAdapter.doInvoke(ApplicationListenerMethodAdapter.java:382)
		at org.springframework.context.event.ApplicationListenerMethodAdapter.processEvent(ApplicationListenerMethodAdapter.java:254)
		at org.springframework.context.event.ApplicationListenerMethodAdapter.onApplicationEvent(ApplicationListenerMethodAdapter.java:173)
		at org.springframework.context.event.SimpleApplicationEventMulticaster.doInvokeListener(SimpleApplicationEventMulticaster.java:185)
		at org.springframework.context.event.SimpleApplicationEventMulticaster.invokeListener(SimpleApplicationEventMulticaster.java:178)
		at org.springframework.context.event.SimpleApplicationEventMulticaster.multicastEvent(SimpleApplicationEventMulticaster.java:156)
		at org.springframework.context.support.AbstractApplicationContext.publishEvent(AbstractApplicationContext.java:454)
		at org.springframework.context.support.AbstractApplicationContext.publishEvent(AbstractApplicationContext.java:387)
		at org.springframework.context.support.AbstractApplicationContext.finishRefresh(AbstractApplicationContext.java:1009)
		at org.springframework.context.support.AbstractApplicationContext.refresh(AbstractApplicationContext.java:630)
		at org.springframework.web.servlet.FrameworkServlet.configureAndRefreshWebApplicationContext(FrameworkServlet.java:706)
		at org.springframework.web.servlet.FrameworkServlet.createWebApplicationContext(FrameworkServlet.java:672)
		at org.springframework.web.servlet.FrameworkServlet.createWebApplicationContext(FrameworkServlet.java:720)
		at org.springframework.web.servlet.FrameworkServlet.initWebApplicationContext(FrameworkServlet.java:595)
		at org.springframework.web.servlet.FrameworkServlet.initServletBean(FrameworkServlet.java:537)
		at org.springframework.web.servlet.HttpServletBean.init(HttpServletBean.java:169)
		at jakarta.servlet.GenericServlet.init(GenericServlet.java:143)
		at jakarta.servlet.http.HttpServlet.init(HttpServlet.java:122)
		at org.apache.catalina.core.StandardWrapper.initServlet(StandardWrapper.java:817)
		at org.apache.catalina.core.StandardWrapper.loadServlet(StandardWrapper.java:787)
		at org.apache.catalina.core.StandardWrapper.allocate(StandardWrapper.java:568)
		at org.apache.catalina.core.StandardWrapperValve.invoke(StandardWrapperValve.java:115)
		at org.apache.catalina.core.StandardContextValve.invoke(StandardContextValve.java:79)
		at org.apache.catalina.authenticator.AuthenticatorBase.invoke(AuthenticatorBase.java:483)
		at org.apache.catalina.core.StandardHostValve.invoke(StandardHostValve.java:115)
		at org.apache.catalina.valves.ErrorReportValve.invoke(ErrorReportValve.java:93)
		at org.apache.catalina.valves.AbstractAccessLogValve.invoke(AbstractAccessLogValve.java:663)
		at org.apache.catalina.core.StandardEngineValve.invoke(StandardEngineValve.java:74)
		at org.apache.catalina.connector.CoyoteAdapter.service(CoyoteAdapter.java:342)
		at org.apache.coyote.http11.Http11Processor.service(Http11Processor.java:395)
		at org.apache.coyote.AbstractProcessorLight.process(AbstractProcessorLight.java:63)
		at org.apache.coyote.AbstractProtocol$ConnectionHandler.process(AbstractProtocol.java:905)
		at org.apache.tomcat.util.net.NioEndpoint$SocketProcessor.doRun(NioEndpoint.java:1746)
		at org.apache.tomcat.util.net.SocketProcessorBase.run(SocketProcessorBase.java:52)
		at org.apache.tomcat.util.threads.ThreadPoolExecutor.runWorker(ThreadPoolExecutor.java:1148)
		at org.apache.tomcat.util.threads.ThreadPoolExecutor$Worker.run(ThreadPoolExecutor.java:636)
		at org.apache.tomcat.util.threads.TaskThread$WrappingRunnable.run(TaskThread.java:63)
		at java.base/java.lang.Thread.run(Thread.java:1583)
	Caused by: org.springframework.jdbc.CannotGetJdbcConnectionException: Failed to obtain JDBC Connection
		at org.springframework.jdbc.datasource.DataSourceUtils.getConnection(DataSourceUtils.java:84)
		at org.springframework.jdbc.datasource.init.DatabasePopulatorUtils.execute(DatabasePopulatorUtils.java:52)
		... 42 more
	Caused by: java.sql.SQLException: No suitable driver found for ${spring.datasource.url}
		at java.sql/java.sql.DriverManager.getConnection(DriverManager.java:708)
		at java.sql/java.sql.DriverManager.getConnection(DriverManager.java:191)
		at org.springframework.jdbc.datasource.DriverManagerDataSource.getConnectionFromDriverManager(DriverManagerDataSource.java:155)
		at org.springframework.jdbc.datasource.DriverManagerDataSource.getConnectionFromDriver(DriverManagerDataSource.java:146)
		at org.springframework.jdbc.datasource.AbstractDriverBasedDataSource.getConnectionFromDriver(AbstractDriverBasedDataSource.java:205)
		at org.springframework.jdbc.datasource.AbstractDriverBasedDataSource.getConnection(AbstractDriverBasedDataSource.java:169)
		at org.springframework.jdbc.datasource.DataSourceUtils.fetchConnection(DataSourceUtils.java:160)
		at org.springframework.jdbc.datasource.DataSourceUtils.doGetConnection(DataSourceUtils.java:118)
		at org.springframework.jdbc.datasource.DataSourceUtils.getConnection(DataSourceUtils.java:81)
		... 43 more
14-Jan-2025 12:27:14.921 SEVERE [http-nio-8080-exec-1] org.apache.catalina.core.StandardWrapperValve.invoke Ошибка выделения для сервлета [dispatcher]
	java.sql.SQLException: No suitable driver found for ${spring.datasource.url}
		at java.sql/java.sql.DriverManager.getConnection(DriverManager.java:708)
		at java.sql/java.sql.DriverManager.getConnection(DriverManager.java:191)
		at org.springframework.jdbc.datasource.DriverManagerDataSource.getConnectionFromDriverManager(DriverManagerDataSource.java:155)
		at org.springframework.jdbc.datasource.DriverManagerDataSource.getConnectionFromDriver(DriverManagerDataSource.java:146)
		at org.springframework.jdbc.datasource.AbstractDriverBasedDataSource.getConnectionFromDriver(AbstractDriverBasedDataSource.java:205)
		at org.springframework.jdbc.datasource.AbstractDriverBasedDataSource.getConnection(AbstractDriverBasedDataSource.java:169)
		at org.springframework.jdbc.datasource.DataSourceUtils.fetchConnection(DataSourceUtils.java:160)
		at org.springframework.jdbc.datasource.DataSourceUtils.doGetConnection(DataSourceUtils.java:118)
		at org.springframework.jdbc.datasource.DataSourceUtils.getConnection(DataSourceUtils.java:81)
		at org.springframework.jdbc.datasource.init.DatabasePopulatorUtils.execute(DatabasePopulatorUtils.java:52)
		at org.springframework.jdbc.datasource.init.ResourceDatabasePopulator.execute(ResourceDatabasePopulator.java:269)
		at ru.yandex.practicum.configuration.DataSourceConfiguration.populate(DataSourceConfiguration.java:49)
		at java.base/jdk.internal.reflect.DirectMethodHandleAccessor.invoke(DirectMethodHandleAccessor.java:103)
		at java.base/java.lang.reflect.Method.invoke(Method.java:580)
		at org.springframework.context.event.ApplicationListenerMethodAdapter.doInvoke(ApplicationListenerMethodAdapter.java:382)
		at org.springframework.context.event.ApplicationListenerMethodAdapter.processEvent(ApplicationListenerMethodAdapter.java:254)
		at org.springframework.context.event.ApplicationListenerMethodAdapter.onApplicationEvent(ApplicationListenerMethodAdapter.java:173)
		at org.springframework.context.event.SimpleApplicationEventMulticaster.doInvokeListener(SimpleApplicationEventMulticaster.java:185)
		at org.springframework.context.event.SimpleApplicationEventMulticaster.invokeListener(SimpleApplicationEventMulticaster.java:178)
		at org.springframework.context.event.SimpleApplicationEventMulticaster.multicastEvent(SimpleApplicationEventMulticaster.java:156)
		at org.springframework.context.support.AbstractApplicationContext.publishEvent(AbstractApplicationContext.java:454)
		at org.springframework.context.support.AbstractApplicationContext.publishEvent(AbstractApplicationContext.java:387)
		at org.springframework.context.support.AbstractApplicationContext.finishRefresh(AbstractApplicationContext.java:1009)
		at org.springframework.context.support.AbstractApplicationContext.refresh(AbstractApplicationContext.java:630)
		at org.springframework.web.servlet.FrameworkServlet.configureAndRefreshWebApplicationContext(FrameworkServlet.java:706)
		at org.springframework.web.servlet.FrameworkServlet.createWebApplicationContext(FrameworkServlet.java:672)
		at org.springframework.web.servlet.FrameworkServlet.createWebApplicationContext(FrameworkServlet.java:720)
		at org.springframework.web.servlet.FrameworkServlet.initWebApplicationContext(FrameworkServlet.java:595)
		at org.springframework.web.servlet.FrameworkServlet.initServletBean(FrameworkServlet.java:537)
		at org.springframework.web.servlet.HttpServletBean.init(HttpServletBean.java:169)
		at jakarta.servlet.GenericServlet.init(GenericServlet.java:143)
		at jakarta.servlet.http.HttpServlet.init(HttpServlet.java:122)
		at org.apache.catalina.core.StandardWrapper.initServlet(StandardWrapper.java:817)
		at org.apache.catalina.core.StandardWrapper.loadServlet(StandardWrapper.java:787)
		at org.apache.catalina.core.StandardWrapper.allocate(StandardWrapper.java:568)
		at org.apache.catalina.core.StandardWrapperValve.invoke(StandardWrapperValve.java:115)
		at org.apache.catalina.core.StandardContextValve.invoke(StandardContextValve.java:79)
		at org.apache.catalina.authenticator.AuthenticatorBase.invoke(AuthenticatorBase.java:483)
		at org.apache.catalina.core.StandardHostValve.invoke(StandardHostValve.java:115)
		at org.apache.catalina.valves.ErrorReportValve.invoke(ErrorReportValve.java:93)
		at org.apache.catalina.valves.AbstractAccessLogValve.invoke(AbstractAccessLogValve.java:663)
		at org.apache.catalina.core.StandardEngineValve.invoke(StandardEngineValve.java:74)
		at org.apache.catalina.connector.CoyoteAdapter.service(CoyoteAdapter.java:342)
		at org.apache.coyote.http11.Http11Processor.service(Http11Processor.java:395)
		at org.apache.coyote.AbstractProcessorLight.process(AbstractProcessorLight.java:63)
		at org.apache.coyote.AbstractProtocol$ConnectionHandler.process(AbstractProtocol.java:905)
		at org.apache.tomcat.util.net.NioEndpoint$SocketProcessor.doRun(NioEndpoint.java:1746)
		at org.apache.tomcat.util.net.SocketProcessorBase.run(SocketProcessorBase.java:52)
		at org.apache.tomcat.util.threads.ThreadPoolExecutor.runWorker(ThreadPoolExecutor.java:1148)
		at org.apache.tomcat.util.threads.ThreadPoolExecutor$Worker.run(ThreadPoolExecutor.java:636)
		at org.apache.tomcat.util.threads.TaskThread$WrappingRunnable.run(TaskThread.java:63)
		at java.base/java.lang.Thread.run(Thread.java:1583)
14-Jan-2025 12:27:17.401 INFO [http-nio-8080-exec-2] org.apache.catalina.core.ApplicationContext.log Initializing Spring DispatcherServlet 'dispatcher'
14-Jan-2025 12:27:17.499 SEVERE [http-nio-8080-exec-2] org.apache.catalina.core.ApplicationContext.log Servlet.init() для сервлета [dispatcher] выбросил исключение
	org.springframework.jdbc.datasource.init.UncategorizedScriptException: Failed to execute database script
		at org.springframework.jdbc.datasource.init.DatabasePopulatorUtils.execute(DatabasePopulatorUtils.java:67)
		at org.springframework.jdbc.datasource.init.ResourceDatabasePopulator.execute(ResourceDatabasePopulator.java:269)
		at ru.yandex.practicum.configuration.DataSourceConfiguration.populate(DataSourceConfiguration.java:49)
		at java.base/jdk.internal.reflect.DirectMethodHandleAccessor.invoke(DirectMethodHandleAccessor.java:103)
		at java.base/java.lang.reflect.Method.invoke(Method.java:580)
		at org.springframework.context.event.ApplicationListenerMethodAdapter.doInvoke(ApplicationListenerMethodAdapter.java:382)
		at org.springframework.context.event.ApplicationListenerMethodAdapter.processEvent(ApplicationListenerMethodAdapter.java:254)
		at org.springframework.context.event.ApplicationListenerMethodAdapter.onApplicationEvent(ApplicationListenerMethodAdapter.java:173)
		at org.springframework.context.event.SimpleApplicationEventMulticaster.doInvokeListener(SimpleApplicationEventMulticaster.java:185)
		at org.springframework.context.event.SimpleApplicationEventMulticaster.invokeListener(SimpleApplicationEventMulticaster.java:178)
		at org.springframework.context.event.SimpleApplicationEventMulticaster.multicastEvent(SimpleApplicationEventMulticaster.java:156)
		at org.springframework.context.support.AbstractApplicationContext.publishEvent(AbstractApplicationContext.java:454)
		at org.springframework.context.support.AbstractApplicationContext.publishEvent(AbstractApplicationContext.java:387)
		at org.springframework.context.support.AbstractApplicationContext.finishRefresh(AbstractApplicationContext.java:1009)
		at org.springframework.context.support.AbstractApplicationContext.refresh(AbstractApplicationContext.java:630)
		at org.springframework.web.servlet.FrameworkServlet.configureAndRefreshWebApplicationContext(FrameworkServlet.java:706)
		at org.springframework.web.servlet.FrameworkServlet.createWebApplicationContext(FrameworkServlet.java:672)
		at org.springframework.web.servlet.FrameworkServlet.createWebApplicationContext(FrameworkServlet.java:720)
		at org.springframework.web.servlet.FrameworkServlet.initWebApplicationContext(FrameworkServlet.java:595)
		at org.springframework.web.servlet.FrameworkServlet.initServletBean(FrameworkServlet.java:537)
		at org.springframework.web.servlet.HttpServletBean.init(HttpServletBean.java:169)
		at jakarta.servlet.GenericServlet.init(GenericServlet.java:143)
		at jakarta.servlet.http.HttpServlet.init(HttpServlet.java:122)
		at org.apache.catalina.core.StandardWrapper.initServlet(StandardWrapper.java:817)
		at org.apache.catalina.core.StandardWrapper.loadServlet(StandardWrapper.java:787)
		at org.apache.catalina.core.StandardWrapper.allocate(StandardWrapper.java:568)
		at org.apache.catalina.core.StandardWrapperValve.invoke(StandardWrapperValve.java:115)
		at org.apache.catalina.core.StandardContextValve.invoke(StandardContextValve.java:79)
		at org.apache.catalina.authenticator.AuthenticatorBase.invoke(AuthenticatorBase.java:483)
		at org.apache.catalina.core.StandardHostValve.invoke(StandardHostValve.java:115)
		at org.apache.catalina.valves.ErrorReportValve.invoke(ErrorReportValve.java:93)
		at org.apache.catalina.valves.AbstractAccessLogValve.invoke(AbstractAccessLogValve.java:663)
		at org.apache.catalina.core.StandardEngineValve.invoke(StandardEngineValve.java:74)
		at org.apache.catalina.connector.CoyoteAdapter.service(CoyoteAdapter.java:342)
		at org.apache.coyote.http11.Http11Processor.service(Http11Processor.java:395)
		at org.apache.coyote.AbstractProcessorLight.process(AbstractProcessorLight.java:63)
		at org.apache.coyote.AbstractProtocol$ConnectionHandler.process(AbstractProtocol.java:905)
		at org.apache.tomcat.util.net.NioEndpoint$SocketProcessor.doRun(NioEndpoint.java:1746)
		at org.apache.tomcat.util.net.SocketProcessorBase.run(SocketProcessorBase.java:52)
		at org.apache.tomcat.util.threads.ThreadPoolExecutor.runWorker(ThreadPoolExecutor.java:1148)
		at org.apache.tomcat.util.threads.ThreadPoolExecutor$Worker.run(ThreadPoolExecutor.java:636)
		at org.apache.tomcat.util.threads.TaskThread$WrappingRunnable.run(TaskThread.java:63)
		at java.base/java.lang.Thread.run(Thread.java:1583)
	Caused by: org.springframework.jdbc.CannotGetJdbcConnectionException: Failed to obtain JDBC Connection
		at org.springframework.jdbc.datasource.DataSourceUtils.getConnection(DataSourceUtils.java:84)
		at org.springframework.jdbc.datasource.init.DatabasePopulatorUtils.execute(DatabasePopulatorUtils.java:52)
		... 42 more
	Caused by: java.sql.SQLException: No suitable driver found for ${spring.datasource.url}
		at java.sql/java.sql.DriverManager.getConnection(DriverManager.java:708)
		at java.sql/java.sql.DriverManager.getConnection(DriverManager.java:191)
		at org.springframework.jdbc.datasource.DriverManagerDataSource.getConnectionFromDriverManager(DriverManagerDataSource.java:155)
		at org.springframework.jdbc.datasource.DriverManagerDataSource.getConnectionFromDriver(DriverManagerDataSource.java:146)
		at org.springframework.jdbc.datasource.AbstractDriverBasedDataSource.getConnectionFromDriver(AbstractDriverBasedDataSource.java:205)
		at org.springframework.jdbc.datasource.AbstractDriverBasedDataSource.getConnection(AbstractDriverBasedDataSource.java:169)
		at org.springframework.jdbc.datasource.DataSourceUtils.fetchConnection(DataSourceUtils.java:160)
		at org.springframework.jdbc.datasource.DataSourceUtils.doGetConnection(DataSourceUtils.java:118)
		at org.springframework.jdbc.datasource.DataSourceUtils.getConnection(DataSourceUtils.java:81)
		... 43 more
14-Jan-2025 12:27:17.499 SEVERE [http-nio-8080-exec-2] org.apache.catalina.core.StandardWrapperValve.invoke Ошибка выделения для сервлета [dispatcher]
	java.sql.SQLException: No suitable driver found for ${spring.datasource.url}
		at java.sql/java.sql.DriverManager.getConnection(DriverManager.java:708)
		at java.sql/java.sql.DriverManager.getConnection(DriverManager.java:191)
		at org.springframework.jdbc.datasource.DriverManagerDataSource.getConnectionFromDriverManager(DriverManagerDataSource.java:155)
		at org.springframework.jdbc.datasource.DriverManagerDataSource.getConnectionFromDriver(DriverManagerDataSource.java:146)
		at org.springframework.jdbc.datasource.AbstractDriverBasedDataSource.getConnectionFromDriver(AbstractDriverBasedDataSource.java:205)
		at org.springframework.jdbc.datasource.AbstractDriverBasedDataSource.getConnection(AbstractDriverBasedDataSource.java:169)
		at org.springframework.jdbc.datasource.DataSourceUtils.fetchConnection(DataSourceUtils.java:160)
		at org.springframework.jdbc.datasource.DataSourceUtils.doGetConnection(DataSourceUtils.java:118)
		at org.springframework.jdbc.datasource.DataSourceUtils.getConnection(DataSourceUtils.java:81)
		at org.springframework.jdbc.datasource.init.DatabasePopulatorUtils.execute(DatabasePopulatorUtils.java:52)
		at org.springframework.jdbc.datasource.init.ResourceDatabasePopulator.execute(ResourceDatabasePopulator.java:269)
		at ru.yandex.practicum.configuration.DataSourceConfiguration.populate(DataSourceConfiguration.java:49)
		at java.base/jdk.internal.reflect.DirectMethodHandleAccessor.invoke(DirectMethodHandleAccessor.java:103)
		at java.base/java.lang.reflect.Method.invoke(Method.java:580)
		at org.springframework.context.event.ApplicationListenerMethodAdapter.doInvoke(ApplicationListenerMethodAdapter.java:382)
		at org.springframework.context.event.ApplicationListenerMethodAdapter.processEvent(ApplicationListenerMethodAdapter.java:254)
		at org.springframework.context.event.ApplicationListenerMethodAdapter.onApplicationEvent(ApplicationListenerMethodAdapter.java:173)
		at org.springframework.context.event.SimpleApplicationEventMulticaster.doInvokeListener(SimpleApplicationEventMulticaster.java:185)
		at org.springframework.context.event.SimpleApplicationEventMulticaster.invokeListener(SimpleApplicationEventMulticaster.java:178)
		at org.springframework.context.event.SimpleApplicationEventMulticaster.multicastEvent(SimpleApplicationEventMulticaster.java:156)
		at org.springframework.context.support.AbstractApplicationContext.publishEvent(AbstractApplicationContext.java:454)
		at org.springframework.context.support.AbstractApplicationContext.publishEvent(AbstractApplicationContext.java:387)
		at org.springframework.context.support.AbstractApplicationContext.finishRefresh(AbstractApplicationContext.java:1009)
		at org.springframework.context.support.AbstractApplicationContext.refresh(AbstractApplicationContext.java:630)
		at org.springframework.web.servlet.FrameworkServlet.configureAndRefreshWebApplicationContext(FrameworkServlet.java:706)
		at org.springframework.web.servlet.FrameworkServlet.createWebApplicationContext(FrameworkServlet.java:672)
		at org.springframework.web.servlet.FrameworkServlet.createWebApplicationContext(FrameworkServlet.java:720)
		at org.springframework.web.servlet.FrameworkServlet.initWebApplicationContext(FrameworkServlet.java:595)
		at org.springframework.web.servlet.FrameworkServlet.initServletBean(FrameworkServlet.java:537)
		at org.springframework.web.servlet.HttpServletBean.init(HttpServletBean.java:169)
		at jakarta.servlet.GenericServlet.init(GenericServlet.java:143)
		at jakarta.servlet.http.HttpServlet.init(HttpServlet.java:122)
		at org.apache.catalina.core.StandardWrapper.initServlet(StandardWrapper.java:817)
		at org.apache.catalina.core.StandardWrapper.loadServlet(StandardWrapper.java:787)
		at org.apache.catalina.core.StandardWrapper.allocate(StandardWrapper.java:568)
		at org.apache.catalina.core.StandardWrapperValve.invoke(StandardWrapperValve.java:115)
		at org.apache.catalina.core.StandardContextValve.invoke(StandardContextValve.java:79)
		at org.apache.catalina.authenticator.AuthenticatorBase.invoke(AuthenticatorBase.java:483)
		at org.apache.catalina.core.StandardHostValve.invoke(StandardHostValve.java:115)
		at org.apache.catalina.valves.ErrorReportValve.invoke(ErrorReportValve.java:93)
		at org.apache.catalina.valves.AbstractAccessLogValve.invoke(AbstractAccessLogValve.java:663)
		at org.apache.catalina.core.StandardEngineValve.invoke(StandardEngineValve.java:74)
		at org.apache.catalina.connector.CoyoteAdapter.service(CoyoteAdapter.java:342)
		at org.apache.coyote.http11.Http11Processor.service(Http11Processor.java:395)
		at org.apache.coyote.AbstractProcessorLight.process(AbstractProcessorLight.java:63)
		at org.apache.coyote.AbstractProtocol$ConnectionHandler.process(AbstractProtocol.java:905)
		at org.apache.tomcat.util.net.NioEndpoint$SocketProcessor.doRun(NioEndpoint.java:1746)
		at org.apache.tomcat.util.net.SocketProcessorBase.run(SocketProcessorBase.java:52)
		at org.apache.tomcat.util.threads.ThreadPoolExecutor.runWorker(ThreadPoolExecutor.java:1148)
		at org.apache.tomcat.util.threads.ThreadPoolExecutor$Worker.run(ThreadPoolExecutor.java:636)
		at org.apache.tomcat.util.threads.TaskThread$WrappingRunnable.run(TaskThread.java:63)
		at java.base/java.lang.Thread.run(Thread.java:1583)
14-Jan-2025 12:31:38.164 INFO [main] org.apache.catalina.core.ApplicationContext.log SessionListener: contextDestroyed()
14-Jan-2025 12:31:38.164 INFO [main] org.apache.catalina.core.ApplicationContext.log ContextListener: contextDestroyed()
14-Jan-2025 12:31:49.125 INFO [main] org.apache.catalina.core.ApplicationContext.log No Spring WebApplicationInitializer types detected on classpath
14-Jan-2025 12:31:49.293 INFO [main] org.apache.catalina.core.ApplicationContext.log Initializing Spring DispatcherServlet 'dispatcher'
14-Jan-2025 12:31:50.665 INFO [main] org.apache.catalina.core.ApplicationContext.log ContextListener: contextInitialized()
14-Jan-2025 12:31:50.665 INFO [main] org.apache.catalina.core.ApplicationContext.log SessionListener: contextInitialized()
14-Jan-2025 12:31:50.666 INFO [main] org.apache.catalina.core.ApplicationContext.log ContextListener: attributeAdded('StockTicker', 'async.Stockticker@14c18a6a')
14-Jan-2025 12:33:10.934 INFO [main] org.apache.catalina.core.ApplicationContext.log Destroying Spring FrameworkServlet 'dispatcher'
14-Jan-2025 12:33:10.941 INFO [main] org.apache.catalina.core.ApplicationContext.log SessionListener: contextDestroyed()
14-Jan-2025 12:33:10.941 INFO [main] org.apache.catalina.core.ApplicationContext.log ContextListener: contextDestroyed()
14-Jan-2025 12:33:22.073 INFO [main] org.apache.catalina.core.ApplicationContext.log No Spring WebApplicationInitializer types detected on classpath
14-Jan-2025 12:33:22.259 INFO [main] org.apache.catalina.core.ApplicationContext.log Initializing Spring DispatcherServlet 'dispatcher'
14-Jan-2025 12:33:23.491 INFO [main] org.apache.catalina.core.ApplicationContext.log ContextListener: contextInitialized()
14-Jan-2025 12:33:23.491 INFO [main] org.apache.catalina.core.ApplicationContext.log SessionListener: contextInitialized()
14-Jan-2025 12:33:23.492 INFO [main] org.apache.catalina.core.ApplicationContext.log ContextListener: attributeAdded('StockTicker', 'async.Stockticker@23169374')
14-Jan-2025 12:37:02.136 INFO [main] org.apache.catalina.core.ApplicationContext.log Destroying Spring FrameworkServlet 'dispatcher'
14-Jan-2025 12:37:02.141 INFO [main] org.apache.catalina.core.ApplicationContext.log SessionListener: contextDestroyed()
14-Jan-2025 12:37:02.141 INFO [main] org.apache.catalina.core.ApplicationContext.log ContextListener: contextDestroyed()
14-Jan-2025 12:37:12.222 INFO [main] org.apache.catalina.core.ApplicationContext.log No Spring WebApplicationInitializer types detected on classpath
14-Jan-2025 12:37:12.377 INFO [main] org.apache.catalina.core.ApplicationContext.log Initializing Spring DispatcherServlet 'dispatcher'
14-Jan-2025 12:37:13.244 SEVERE [main] org.apache.catalina.core.ApplicationContext.log Servlet.init() для сервлета [dispatcher] выбросил исключение
	org.springframework.jdbc.datasource.init.UncategorizedScriptException: Failed to execute database script
		at org.springframework.jdbc.datasource.init.DatabasePopulatorUtils.execute(DatabasePopulatorUtils.java:67)
		at org.springframework.jdbc.datasource.init.ResourceDatabasePopulator.execute(ResourceDatabasePopulator.java:269)
		at ru.yandex.practicum.configuration.DataSourceConfiguration.populate(DataSourceConfiguration.java:49)
		at java.base/jdk.internal.reflect.DirectMethodHandleAccessor.invoke(DirectMethodHandleAccessor.java:103)
		at java.base/java.lang.reflect.Method.invoke(Method.java:580)
		at org.springframework.context.event.ApplicationListenerMethodAdapter.doInvoke(ApplicationListenerMethodAdapter.java:382)
		at org.springframework.context.event.ApplicationListenerMethodAdapter.processEvent(ApplicationListenerMethodAdapter.java:254)
		at org.springframework.context.event.ApplicationListenerMethodAdapter.onApplicationEvent(ApplicationListenerMethodAdapter.java:173)
		at org.springframework.context.event.SimpleApplicationEventMulticaster.doInvokeListener(SimpleApplicationEventMulticaster.java:185)
		at org.springframework.context.event.SimpleApplicationEventMulticaster.invokeListener(SimpleApplicationEventMulticaster.java:178)
		at org.springframework.context.event.SimpleApplicationEventMulticaster.multicastEvent(SimpleApplicationEventMulticaster.java:156)
		at org.springframework.context.support.AbstractApplicationContext.publishEvent(AbstractApplicationContext.java:454)
		at org.springframework.context.support.AbstractApplicationContext.publishEvent(AbstractApplicationContext.java:387)
		at org.springframework.context.support.AbstractApplicationContext.finishRefresh(AbstractApplicationContext.java:1009)
		at org.springframework.context.support.AbstractApplicationContext.refresh(AbstractApplicationContext.java:630)
		at org.springframework.web.servlet.FrameworkServlet.configureAndRefreshWebApplicationContext(FrameworkServlet.java:706)
		at org.springframework.web.servlet.FrameworkServlet.createWebApplicationContext(FrameworkServlet.java:672)
		at org.springframework.web.servlet.FrameworkServlet.createWebApplicationContext(FrameworkServlet.java:720)
		at org.springframework.web.servlet.FrameworkServlet.initWebApplicationContext(FrameworkServlet.java:595)
		at org.springframework.web.servlet.FrameworkServlet.initServletBean(FrameworkServlet.java:537)
		at org.springframework.web.servlet.HttpServletBean.init(HttpServletBean.java:169)
		at jakarta.servlet.GenericServlet.init(GenericServlet.java:143)
		at jakarta.servlet.http.HttpServlet.init(HttpServlet.java:122)
		at org.apache.catalina.core.StandardWrapper.initServlet(StandardWrapper.java:817)
		at org.apache.catalina.core.StandardWrapper.loadServlet(StandardWrapper.java:787)
		at org.apache.catalina.core.StandardWrapper.load(StandardWrapper.java:691)
		at org.apache.catalina.core.StandardContext.loadOnStartup(StandardContext.java:4153)
		at org.apache.catalina.core.StandardContext.startInternal(StandardContext.java:4437)
		at org.apache.catalina.util.LifecycleBase.start(LifecycleBase.java:164)
		at org.apache.catalina.core.ContainerBase.addChild(ContainerBase.java:566)
		at org.apache.catalina.core.StandardHost.addChild(StandardHost.java:653)
		at org.apache.catalina.startup.HostConfig.deployWAR(HostConfig.java:933)
		at org.apache.catalina.startup.HostConfig$DeployWar.run(HostConfig.java:1875)
		at java.base/java.util.concurrent.Executors$RunnableAdapter.call(Executors.java:572)
		at java.base/java.util.concurrent.FutureTask.run(FutureTask.java:317)
		at org.apache.tomcat.util.threads.InlineExecutorService.execute(InlineExecutorService.java:75)
		at java.base/java.util.concurrent.AbstractExecutorService.submit(AbstractExecutorService.java:123)
		at org.apache.catalina.startup.HostConfig.deployWARs(HostConfig.java:735)
		at org.apache.catalina.startup.HostConfig.deployApps(HostConfig.java:387)
		at org.apache.catalina.startup.HostConfig.start(HostConfig.java:1593)
		at org.apache.catalina.startup.HostConfig.lifecycleEvent(HostConfig.java:267)
		at org.apache.catalina.util.LifecycleBase.fireLifecycleEvent(LifecycleBase.java:109)
		at org.apache.catalina.util.LifecycleBase.setStateInternal(LifecycleBase.java:389)
		at org.apache.catalina.util.LifecycleBase.setState(LifecycleBase.java:336)
		at org.apache.catalina.core.ContainerBase.startInternal(ContainerBase.java:743)
		at org.apache.catalina.core.StandardHost.startInternal(StandardHost.java:771)
		at org.apache.catalina.util.LifecycleBase.start(LifecycleBase.java:164)
		at org.apache.catalina.core.ContainerBase$StartChild.call(ContainerBase.java:1170)
		at org.apache.catalina.core.ContainerBase$StartChild.call(ContainerBase.java:1160)
		at java.base/java.util.concurrent.FutureTask.run(FutureTask.java:317)
		at org.apache.tomcat.util.threads.InlineExecutorService.execute(InlineExecutorService.java:75)
		at java.base/java.util.concurrent.AbstractExecutorService.submit(AbstractExecutorService.java:145)
		at org.apache.catalina.core.ContainerBase.startInternal(ContainerBase.java:716)
		at org.apache.catalina.core.StandardEngine.startInternal(StandardEngine.java:203)
		at org.apache.catalina.util.LifecycleBase.start(LifecycleBase.java:164)
		at org.apache.catalina.core.StandardService.startInternal(StandardService.java:415)
		at org.apache.catalina.util.LifecycleBase.start(LifecycleBase.java:164)
		at org.apache.catalina.core.StandardServer.startInternal(StandardServer.java:866)
		at org.apache.catalina.util.LifecycleBase.start(LifecycleBase.java:164)
		at org.apache.catalina.startup.Catalina.start(Catalina.java:759)
		at java.base/jdk.internal.reflect.DirectMethodHandleAccessor.invoke(DirectMethodHandleAccessor.java:103)
		at java.base/java.lang.reflect.Method.invoke(Method.java:580)
		at org.apache.catalina.startup.Bootstrap.start(Bootstrap.java:342)
		at org.apache.catalina.startup.Bootstrap.main(Bootstrap.java:470)
	Caused by: org.springframework.jdbc.CannotGetJdbcConnectionException: Failed to obtain JDBC Connection
		at org.springframework.jdbc.datasource.DataSourceUtils.getConnection(DataSourceUtils.java:84)
		at org.springframework.jdbc.datasource.init.DatabasePopulatorUtils.execute(DatabasePopulatorUtils.java:52)
		... 63 more
	Caused by: java.sql.SQLException: No suitable driver found for ${spring.datasource.url}
		at java.sql/java.sql.DriverManager.getConnection(DriverManager.java:708)
		at java.sql/java.sql.DriverManager.getConnection(DriverManager.java:191)
		at org.springframework.jdbc.datasource.DriverManagerDataSource.getConnectionFromDriverManager(DriverManagerDataSource.java:155)
		at org.springframework.jdbc.datasource.DriverManagerDataSource.getConnectionFromDriver(DriverManagerDataSource.java:146)
		at org.springframework.jdbc.datasource.AbstractDriverBasedDataSource.getConnectionFromDriver(AbstractDriverBasedDataSource.java:205)
		at org.springframework.jdbc.datasource.AbstractDriverBasedDataSource.getConnection(AbstractDriverBasedDataSource.java:169)
		at org.springframework.jdbc.datasource.DataSourceUtils.fetchConnection(DataSourceUtils.java:160)
		at org.springframework.jdbc.datasource.DataSourceUtils.doGetConnection(DataSourceUtils.java:118)
		at org.springframework.jdbc.datasource.DataSourceUtils.getConnection(DataSourceUtils.java:81)
		... 64 more
14-Jan-2025 12:37:13.244 SEVERE [main] org.apache.catalina.core.StandardContext.loadOnStartup Servlet [dispatcher] in web application [/study] threw load() exception
	java.sql.SQLException: No suitable driver found for ${spring.datasource.url}
		at java.sql/java.sql.DriverManager.getConnection(DriverManager.java:708)
		at java.sql/java.sql.DriverManager.getConnection(DriverManager.java:191)
		at org.springframework.jdbc.datasource.DriverManagerDataSource.getConnectionFromDriverManager(DriverManagerDataSource.java:155)
		at org.springframework.jdbc.datasource.DriverManagerDataSource.getConnectionFromDriver(DriverManagerDataSource.java:146)
		at org.springframework.jdbc.datasource.AbstractDriverBasedDataSource.getConnectionFromDriver(AbstractDriverBasedDataSource.java:205)
		at org.springframework.jdbc.datasource.AbstractDriverBasedDataSource.getConnection(AbstractDriverBasedDataSource.java:169)
		at org.springframework.jdbc.datasource.DataSourceUtils.fetchConnection(DataSourceUtils.java:160)
		at org.springframework.jdbc.datasource.DataSourceUtils.doGetConnection(DataSourceUtils.java:118)
		at org.springframework.jdbc.datasource.DataSourceUtils.getConnection(DataSourceUtils.java:81)
		at org.springframework.jdbc.datasource.init.DatabasePopulatorUtils.execute(DatabasePopulatorUtils.java:52)
		at org.springframework.jdbc.datasource.init.ResourceDatabasePopulator.execute(ResourceDatabasePopulator.java:269)
		at ru.yandex.practicum.configuration.DataSourceConfiguration.populate(DataSourceConfiguration.java:49)
		at java.base/jdk.internal.reflect.DirectMethodHandleAccessor.invoke(DirectMethodHandleAccessor.java:103)
		at java.base/java.lang.reflect.Method.invoke(Method.java:580)
		at org.springframework.context.event.ApplicationListenerMethodAdapter.doInvoke(ApplicationListenerMethodAdapter.java:382)
		at org.springframework.context.event.ApplicationListenerMethodAdapter.processEvent(ApplicationListenerMethodAdapter.java:254)
		at org.springframework.context.event.ApplicationListenerMethodAdapter.onApplicationEvent(ApplicationListenerMethodAdapter.java:173)
		at org.springframework.context.event.SimpleApplicationEventMulticaster.doInvokeListener(SimpleApplicationEventMulticaster.java:185)
		at org.springframework.context.event.SimpleApplicationEventMulticaster.invokeListener(SimpleApplicationEventMulticaster.java:178)
		at org.springframework.context.event.SimpleApplicationEventMulticaster.multicastEvent(SimpleApplicationEventMulticaster.java:156)
		at org.springframework.context.support.AbstractApplicationContext.publishEvent(AbstractApplicationContext.java:454)
		at org.springframework.context.support.AbstractApplicationContext.publishEvent(AbstractApplicationContext.java:387)
		at org.springframework.context.support.AbstractApplicationContext.finishRefresh(AbstractApplicationContext.java:1009)
		at org.springframework.context.support.AbstractApplicationContext.refresh(AbstractApplicationContext.java:630)
		at org.springframework.web.servlet.FrameworkServlet.configureAndRefreshWebApplicationContext(FrameworkServlet.java:706)
		at org.springframework.web.servlet.FrameworkServlet.createWebApplicationContext(FrameworkServlet.java:672)
		at org.springframework.web.servlet.FrameworkServlet.createWebApplicationContext(FrameworkServlet.java:720)
		at org.springframework.web.servlet.FrameworkServlet.initWebApplicationContext(FrameworkServlet.java:595)
		at org.springframework.web.servlet.FrameworkServlet.initServletBean(FrameworkServlet.java:537)
		at org.springframework.web.servlet.HttpServletBean.init(HttpServletBean.java:169)
		at jakarta.servlet.GenericServlet.init(GenericServlet.java:143)
		at jakarta.servlet.http.HttpServlet.init(HttpServlet.java:122)
		at org.apache.catalina.core.StandardWrapper.initServlet(StandardWrapper.java:817)
		at org.apache.catalina.core.StandardWrapper.loadServlet(StandardWrapper.java:787)
		at org.apache.catalina.core.StandardWrapper.load(StandardWrapper.java:691)
		at org.apache.catalina.core.StandardContext.loadOnStartup(StandardContext.java:4153)
		at org.apache.catalina.core.StandardContext.startInternal(StandardContext.java:4437)
		at org.apache.catalina.util.LifecycleBase.start(LifecycleBase.java:164)
		at org.apache.catalina.core.ContainerBase.addChild(ContainerBase.java:566)
		at org.apache.catalina.core.StandardHost.addChild(StandardHost.java:653)
		at org.apache.catalina.startup.HostConfig.deployWAR(HostConfig.java:933)
		at org.apache.catalina.startup.HostConfig$DeployWar.run(HostConfig.java:1875)
		at java.base/java.util.concurrent.Executors$RunnableAdapter.call(Executors.java:572)
		at java.base/java.util.concurrent.FutureTask.run(FutureTask.java:317)
		at org.apache.tomcat.util.threads.InlineExecutorService.execute(InlineExecutorService.java:75)
		at java.base/java.util.concurrent.AbstractExecutorService.submit(AbstractExecutorService.java:123)
		at org.apache.catalina.startup.HostConfig.deployWARs(HostConfig.java:735)
		at org.apache.catalina.startup.HostConfig.deployApps(HostConfig.java:387)
		at org.apache.catalina.startup.HostConfig.start(HostConfig.java:1593)
		at org.apache.catalina.startup.HostConfig.lifecycleEvent(HostConfig.java:267)
		at org.apache.catalina.util.LifecycleBase.fireLifecycleEvent(LifecycleBase.java:109)
		at org.apache.catalina.util.LifecycleBase.setStateInternal(LifecycleBase.java:389)
		at org.apache.catalina.util.LifecycleBase.setState(LifecycleBase.java:336)
		at org.apache.catalina.core.ContainerBase.startInternal(ContainerBase.java:743)
		at org.apache.catalina.core.StandardHost.startInternal(StandardHost.java:771)
		at org.apache.catalina.util.LifecycleBase.start(LifecycleBase.java:164)
		at org.apache.catalina.core.ContainerBase$StartChild.call(ContainerBase.java:1170)
		at org.apache.catalina.core.ContainerBase$StartChild.call(ContainerBase.java:1160)
		at java.base/java.util.concurrent.FutureTask.run(FutureTask.java:317)
		at org.apache.tomcat.util.threads.InlineExecutorService.execute(InlineExecutorService.java:75)
		at java.base/java.util.concurrent.AbstractExecutorService.submit(AbstractExecutorService.java:145)
		at org.apache.catalina.core.ContainerBase.startInternal(ContainerBase.java:716)
		at org.apache.catalina.core.StandardEngine.startInternal(StandardEngine.java:203)
		at org.apache.catalina.util.LifecycleBase.start(LifecycleBase.java:164)
		at org.apache.catalina.core.StandardService.startInternal(StandardService.java:415)
		at org.apache.catalina.util.LifecycleBase.start(LifecycleBase.java:164)
		at org.apache.catalina.core.StandardServer.startInternal(StandardServer.java:866)
		at org.apache.catalina.util.LifecycleBase.start(LifecycleBase.java:164)
		at org.apache.catalina.startup.Catalina.start(Catalina.java:759)
		at java.base/jdk.internal.reflect.DirectMethodHandleAccessor.invoke(DirectMethodHandleAccessor.java:103)
		at java.base/java.lang.reflect.Method.invoke(Method.java:580)
		at org.apache.catalina.startup.Bootstrap.start(Bootstrap.java:342)
		at org.apache.catalina.startup.Bootstrap.main(Bootstrap.java:470)
14-Jan-2025 12:37:13.548 INFO [main] org.apache.catalina.core.ApplicationContext.log ContextListener: contextInitialized()
14-Jan-2025 12:37:13.548 INFO [main] org.apache.catalina.core.ApplicationContext.log SessionListener: contextInitialized()
14-Jan-2025 12:37:13.549 INFO [main] org.apache.catalina.core.ApplicationContext.log ContextListener: attributeAdded('StockTicker', 'async.Stockticker@1dc28c66')
14-Jan-2025 12:37:18.915 INFO [http-nio-8080-exec-1] org.apache.catalina.core.ApplicationContext.log Initializing Spring DispatcherServlet 'dispatcher'
14-Jan-2025 12:37:19.007 SEVERE [http-nio-8080-exec-1] org.apache.catalina.core.ApplicationContext.log Servlet.init() для сервлета [dispatcher] выбросил исключение
	org.springframework.jdbc.datasource.init.UncategorizedScriptException: Failed to execute database script
		at org.springframework.jdbc.datasource.init.DatabasePopulatorUtils.execute(DatabasePopulatorUtils.java:67)
		at org.springframework.jdbc.datasource.init.ResourceDatabasePopulator.execute(ResourceDatabasePopulator.java:269)
		at ru.yandex.practicum.configuration.DataSourceConfiguration.populate(DataSourceConfiguration.java:49)
		at java.base/jdk.internal.reflect.DirectMethodHandleAccessor.invoke(DirectMethodHandleAccessor.java:103)
		at java.base/java.lang.reflect.Method.invoke(Method.java:580)
		at org.springframework.context.event.ApplicationListenerMethodAdapter.doInvoke(ApplicationListenerMethodAdapter.java:382)
		at org.springframework.context.event.ApplicationListenerMethodAdapter.processEvent(ApplicationListenerMethodAdapter.java:254)
		at org.springframework.context.event.ApplicationListenerMethodAdapter.onApplicationEvent(ApplicationListenerMethodAdapter.java:173)
		at org.springframework.context.event.SimpleApplicationEventMulticaster.doInvokeListener(SimpleApplicationEventMulticaster.java:185)
		at org.springframework.context.event.SimpleApplicationEventMulticaster.invokeListener(SimpleApplicationEventMulticaster.java:178)
		at org.springframework.context.event.SimpleApplicationEventMulticaster.multicastEvent(SimpleApplicationEventMulticaster.java:156)
		at org.springframework.context.support.AbstractApplicationContext.publishEvent(AbstractApplicationContext.java:454)
		at org.springframework.context.support.AbstractApplicationContext.publishEvent(AbstractApplicationContext.java:387)
		at org.springframework.context.support.AbstractApplicationContext.finishRefresh(AbstractApplicationContext.java:1009)
		at org.springframework.context.support.AbstractApplicationContext.refresh(AbstractApplicationContext.java:630)
		at org.springframework.web.servlet.FrameworkServlet.configureAndRefreshWebApplicationContext(FrameworkServlet.java:706)
		at org.springframework.web.servlet.FrameworkServlet.createWebApplicationContext(FrameworkServlet.java:672)
		at org.springframework.web.servlet.FrameworkServlet.createWebApplicationContext(FrameworkServlet.java:720)
		at org.springframework.web.servlet.FrameworkServlet.initWebApplicationContext(FrameworkServlet.java:595)
		at org.springframework.web.servlet.FrameworkServlet.initServletBean(FrameworkServlet.java:537)
		at org.springframework.web.servlet.HttpServletBean.init(HttpServletBean.java:169)
		at jakarta.servlet.GenericServlet.init(GenericServlet.java:143)
		at jakarta.servlet.http.HttpServlet.init(HttpServlet.java:122)
		at org.apache.catalina.core.StandardWrapper.initServlet(StandardWrapper.java:817)
		at org.apache.catalina.core.StandardWrapper.loadServlet(StandardWrapper.java:787)
		at org.apache.catalina.core.StandardWrapper.allocate(StandardWrapper.java:568)
		at org.apache.catalina.core.StandardWrapperValve.invoke(StandardWrapperValve.java:115)
		at org.apache.catalina.core.StandardContextValve.invoke(StandardContextValve.java:79)
		at org.apache.catalina.authenticator.AuthenticatorBase.invoke(AuthenticatorBase.java:483)
		at org.apache.catalina.core.StandardHostValve.invoke(StandardHostValve.java:115)
		at org.apache.catalina.valves.ErrorReportValve.invoke(ErrorReportValve.java:93)
		at org.apache.catalina.valves.AbstractAccessLogValve.invoke(AbstractAccessLogValve.java:663)
		at org.apache.catalina.core.StandardEngineValve.invoke(StandardEngineValve.java:74)
		at org.apache.catalina.connector.CoyoteAdapter.service(CoyoteAdapter.java:342)
		at org.apache.coyote.http11.Http11Processor.service(Http11Processor.java:395)
		at org.apache.coyote.AbstractProcessorLight.process(AbstractProcessorLight.java:63)
		at org.apache.coyote.AbstractProtocol$ConnectionHandler.process(AbstractProtocol.java:905)
		at org.apache.tomcat.util.net.NioEndpoint$SocketProcessor.doRun(NioEndpoint.java:1746)
		at org.apache.tomcat.util.net.SocketProcessorBase.run(SocketProcessorBase.java:52)
		at org.apache.tomcat.util.threads.ThreadPoolExecutor.runWorker(ThreadPoolExecutor.java:1148)
		at org.apache.tomcat.util.threads.ThreadPoolExecutor$Worker.run(ThreadPoolExecutor.java:636)
		at org.apache.tomcat.util.threads.TaskThread$WrappingRunnable.run(TaskThread.java:63)
		at java.base/java.lang.Thread.run(Thread.java:1583)
	Caused by: org.springframework.jdbc.CannotGetJdbcConnectionException: Failed to obtain JDBC Connection
		at org.springframework.jdbc.datasource.DataSourceUtils.getConnection(DataSourceUtils.java:84)
		at org.springframework.jdbc.datasource.init.DatabasePopulatorUtils.execute(DatabasePopulatorUtils.java:52)
		... 42 more
	Caused by: java.sql.SQLException: No suitable driver found for ${spring.datasource.url}
		at java.sql/java.sql.DriverManager.getConnection(DriverManager.java:708)
		at java.sql/java.sql.DriverManager.getConnection(DriverManager.java:191)
		at org.springframework.jdbc.datasource.DriverManagerDataSource.getConnectionFromDriverManager(DriverManagerDataSource.java:155)
		at org.springframework.jdbc.datasource.DriverManagerDataSource.getConnectionFromDriver(DriverManagerDataSource.java:146)
		at org.springframework.jdbc.datasource.AbstractDriverBasedDataSource.getConnectionFromDriver(AbstractDriverBasedDataSource.java:205)
		at org.springframework.jdbc.datasource.AbstractDriverBasedDataSource.getConnection(AbstractDriverBasedDataSource.java:169)
		at org.springframework.jdbc.datasource.DataSourceUtils.fetchConnection(DataSourceUtils.java:160)
		at org.springframework.jdbc.datasource.DataSourceUtils.doGetConnection(DataSourceUtils.java:118)
		at org.springframework.jdbc.datasource.DataSourceUtils.getConnection(DataSourceUtils.java:81)
		... 43 more
14-Jan-2025 12:37:19.007 SEVERE [http-nio-8080-exec-1] org.apache.catalina.core.StandardWrapperValve.invoke Ошибка выделения для сервлета [dispatcher]
	java.sql.SQLException: No suitable driver found for ${spring.datasource.url}
		at java.sql/java.sql.DriverManager.getConnection(DriverManager.java:708)
		at java.sql/java.sql.DriverManager.getConnection(DriverManager.java:191)
		at org.springframework.jdbc.datasource.DriverManagerDataSource.getConnectionFromDriverManager(DriverManagerDataSource.java:155)
		at org.springframework.jdbc.datasource.DriverManagerDataSource.getConnectionFromDriver(DriverManagerDataSource.java:146)
		at org.springframework.jdbc.datasource.AbstractDriverBasedDataSource.getConnectionFromDriver(AbstractDriverBasedDataSource.java:205)
		at org.springframework.jdbc.datasource.AbstractDriverBasedDataSource.getConnection(AbstractDriverBasedDataSource.java:169)
		at org.springframework.jdbc.datasource.DataSourceUtils.fetchConnection(DataSourceUtils.java:160)
		at org.springframework.jdbc.datasource.DataSourceUtils.doGetConnection(DataSourceUtils.java:118)
		at org.springframework.jdbc.datasource.DataSourceUtils.getConnection(DataSourceUtils.java:81)
		at org.springframework.jdbc.datasource.init.DatabasePopulatorUtils.execute(DatabasePopulatorUtils.java:52)
		at org.springframework.jdbc.datasource.init.ResourceDatabasePopulator.execute(ResourceDatabasePopulator.java:269)
		at ru.yandex.practicum.configuration.DataSourceConfiguration.populate(DataSourceConfiguration.java:49)
		at java.base/jdk.internal.reflect.DirectMethodHandleAccessor.invoke(DirectMethodHandleAccessor.java:103)
		at java.base/java.lang.reflect.Method.invoke(Method.java:580)
		at org.springframework.context.event.ApplicationListenerMethodAdapter.doInvoke(ApplicationListenerMethodAdapter.java:382)
		at org.springframework.context.event.ApplicationListenerMethodAdapter.processEvent(ApplicationListenerMethodAdapter.java:254)
		at org.springframework.context.event.ApplicationListenerMethodAdapter.onApplicationEvent(ApplicationListenerMethodAdapter.java:173)
		at org.springframework.context.event.SimpleApplicationEventMulticaster.doInvokeListener(SimpleApplicationEventMulticaster.java:185)
		at org.springframework.context.event.SimpleApplicationEventMulticaster.invokeListener(SimpleApplicationEventMulticaster.java:178)
		at org.springframework.context.event.SimpleApplicationEventMulticaster.multicastEvent(SimpleApplicationEventMulticaster.java:156)
		at org.springframework.context.support.AbstractApplicationContext.publishEvent(AbstractApplicationContext.java:454)
		at org.springframework.context.support.AbstractApplicationContext.publishEvent(AbstractApplicationContext.java:387)
		at org.springframework.context.support.AbstractApplicationContext.finishRefresh(AbstractApplicationContext.java:1009)
		at org.springframework.context.support.AbstractApplicationContext.refresh(AbstractApplicationContext.java:630)
		at org.springframework.web.servlet.FrameworkServlet.configureAndRefreshWebApplicationContext(FrameworkServlet.java:706)
		at org.springframework.web.servlet.FrameworkServlet.createWebApplicationContext(FrameworkServlet.java:672)
		at org.springframework.web.servlet.FrameworkServlet.createWebApplicationContext(FrameworkServlet.java:720)
		at org.springframework.web.servlet.FrameworkServlet.initWebApplicationContext(FrameworkServlet.java:595)
		at org.springframework.web.servlet.FrameworkServlet.initServletBean(FrameworkServlet.java:537)
		at org.springframework.web.servlet.HttpServletBean.init(HttpServletBean.java:169)
		at jakarta.servlet.GenericServlet.init(GenericServlet.java:143)
		at jakarta.servlet.http.HttpServlet.init(HttpServlet.java:122)
		at org.apache.catalina.core.StandardWrapper.initServlet(StandardWrapper.java:817)
		at org.apache.catalina.core.StandardWrapper.loadServlet(StandardWrapper.java:787)
		at org.apache.catalina.core.StandardWrapper.allocate(StandardWrapper.java:568)
		at org.apache.catalina.core.StandardWrapperValve.invoke(StandardWrapperValve.java:115)
		at org.apache.catalina.core.StandardContextValve.invoke(StandardContextValve.java:79)
		at org.apache.catalina.authenticator.AuthenticatorBase.invoke(AuthenticatorBase.java:483)
		at org.apache.catalina.core.StandardHostValve.invoke(StandardHostValve.java:115)
		at org.apache.catalina.valves.ErrorReportValve.invoke(ErrorReportValve.java:93)
		at org.apache.catalina.valves.AbstractAccessLogValve.invoke(AbstractAccessLogValve.java:663)
		at org.apache.catalina.core.StandardEngineValve.invoke(StandardEngineValve.java:74)
		at org.apache.catalina.connector.CoyoteAdapter.service(CoyoteAdapter.java:342)
		at org.apache.coyote.http11.Http11Processor.service(Http11Processor.java:395)
		at org.apache.coyote.AbstractProcessorLight.process(AbstractProcessorLight.java:63)
		at org.apache.coyote.AbstractProtocol$ConnectionHandler.process(AbstractProtocol.java:905)
		at org.apache.tomcat.util.net.NioEndpoint$SocketProcessor.doRun(NioEndpoint.java:1746)
		at org.apache.tomcat.util.net.SocketProcessorBase.run(SocketProcessorBase.java:52)
		at org.apache.tomcat.util.threads.ThreadPoolExecutor.runWorker(ThreadPoolExecutor.java:1148)
		at org.apache.tomcat.util.threads.ThreadPoolExecutor$Worker.run(ThreadPoolExecutor.java:636)
		at org.apache.tomcat.util.threads.TaskThread$WrappingRunnable.run(TaskThread.java:63)
		at java.base/java.lang.Thread.run(Thread.java:1583)
14-Jan-2025 12:39:17.475 INFO [main] org.apache.catalina.core.ApplicationContext.log SessionListener: contextDestroyed()
14-Jan-2025 12:39:17.475 INFO [main] org.apache.catalina.core.ApplicationContext.log ContextListener: contextDestroyed()
14-Jan-2025 12:39:29.189 INFO [main] org.apache.catalina.core.ApplicationContext.log No Spring WebApplicationInitializer types detected on classpath
14-Jan-2025 12:39:29.351 INFO [main] org.apache.catalina.core.ApplicationContext.log Initializing Spring DispatcherServlet 'dispatcher'
14-Jan-2025 12:39:30.247 SEVERE [main] org.apache.catalina.core.ApplicationContext.log Servlet.init() для сервлета [dispatcher] выбросил исключение
	org.springframework.jdbc.datasource.init.UncategorizedScriptException: Failed to execute database script
		at org.springframework.jdbc.datasource.init.DatabasePopulatorUtils.execute(DatabasePopulatorUtils.java:67)
		at org.springframework.jdbc.datasource.init.ResourceDatabasePopulator.execute(ResourceDatabasePopulator.java:269)
		at ru.yandex.practicum.configuration.DataSourceConfiguration.populate(DataSourceConfiguration.java:49)
		at java.base/jdk.internal.reflect.DirectMethodHandleAccessor.invoke(DirectMethodHandleAccessor.java:103)
		at java.base/java.lang.reflect.Method.invoke(Method.java:580)
		at org.springframework.context.event.ApplicationListenerMethodAdapter.doInvoke(ApplicationListenerMethodAdapter.java:382)
		at org.springframework.context.event.ApplicationListenerMethodAdapter.processEvent(ApplicationListenerMethodAdapter.java:254)
		at org.springframework.context.event.ApplicationListenerMethodAdapter.onApplicationEvent(ApplicationListenerMethodAdapter.java:173)
		at org.springframework.context.event.SimpleApplicationEventMulticaster.doInvokeListener(SimpleApplicationEventMulticaster.java:185)
		at org.springframework.context.event.SimpleApplicationEventMulticaster.invokeListener(SimpleApplicationEventMulticaster.java:178)
		at org.springframework.context.event.SimpleApplicationEventMulticaster.multicastEvent(SimpleApplicationEventMulticaster.java:156)
		at org.springframework.context.support.AbstractApplicationContext.publishEvent(AbstractApplicationContext.java:454)
		at org.springframework.context.support.AbstractApplicationContext.publishEvent(AbstractApplicationContext.java:387)
		at org.springframework.context.support.AbstractApplicationContext.finishRefresh(AbstractApplicationContext.java:1009)
		at org.springframework.context.support.AbstractApplicationContext.refresh(AbstractApplicationContext.java:630)
		at org.springframework.web.servlet.FrameworkServlet.configureAndRefreshWebApplicationContext(FrameworkServlet.java:706)
		at org.springframework.web.servlet.FrameworkServlet.createWebApplicationContext(FrameworkServlet.java:672)
		at org.springframework.web.servlet.FrameworkServlet.createWebApplicationContext(FrameworkServlet.java:720)
		at org.springframework.web.servlet.FrameworkServlet.initWebApplicationContext(FrameworkServlet.java:595)
		at org.springframework.web.servlet.FrameworkServlet.initServletBean(FrameworkServlet.java:537)
		at org.springframework.web.servlet.HttpServletBean.init(HttpServletBean.java:169)
		at jakarta.servlet.GenericServlet.init(GenericServlet.java:143)
		at jakarta.servlet.http.HttpServlet.init(HttpServlet.java:122)
		at org.apache.catalina.core.StandardWrapper.initServlet(StandardWrapper.java:817)
		at org.apache.catalina.core.StandardWrapper.loadServlet(StandardWrapper.java:787)
		at org.apache.catalina.core.StandardWrapper.load(StandardWrapper.java:691)
		at org.apache.catalina.core.StandardContext.loadOnStartup(StandardContext.java:4153)
		at org.apache.catalina.core.StandardContext.startInternal(StandardContext.java:4437)
		at org.apache.catalina.util.LifecycleBase.start(LifecycleBase.java:164)
		at org.apache.catalina.core.ContainerBase.addChild(ContainerBase.java:566)
		at org.apache.catalina.core.StandardHost.addChild(StandardHost.java:653)
		at org.apache.catalina.startup.HostConfig.deployWAR(HostConfig.java:933)
		at org.apache.catalina.startup.HostConfig$DeployWar.run(HostConfig.java:1875)
		at java.base/java.util.concurrent.Executors$RunnableAdapter.call(Executors.java:572)
		at java.base/java.util.concurrent.FutureTask.run(FutureTask.java:317)
		at org.apache.tomcat.util.threads.InlineExecutorService.execute(InlineExecutorService.java:75)
		at java.base/java.util.concurrent.AbstractExecutorService.submit(AbstractExecutorService.java:123)
		at org.apache.catalina.startup.HostConfig.deployWARs(HostConfig.java:735)
		at org.apache.catalina.startup.HostConfig.deployApps(HostConfig.java:387)
		at org.apache.catalina.startup.HostConfig.start(HostConfig.java:1593)
		at org.apache.catalina.startup.HostConfig.lifecycleEvent(HostConfig.java:267)
		at org.apache.catalina.util.LifecycleBase.fireLifecycleEvent(LifecycleBase.java:109)
		at org.apache.catalina.util.LifecycleBase.setStateInternal(LifecycleBase.java:389)
		at org.apache.catalina.util.LifecycleBase.setState(LifecycleBase.java:336)
		at org.apache.catalina.core.ContainerBase.startInternal(ContainerBase.java:743)
		at org.apache.catalina.core.StandardHost.startInternal(StandardHost.java:771)
		at org.apache.catalina.util.LifecycleBase.start(LifecycleBase.java:164)
		at org.apache.catalina.core.ContainerBase$StartChild.call(ContainerBase.java:1170)
		at org.apache.catalina.core.ContainerBase$StartChild.call(ContainerBase.java:1160)
		at java.base/java.util.concurrent.FutureTask.run(FutureTask.java:317)
		at org.apache.tomcat.util.threads.InlineExecutorService.execute(InlineExecutorService.java:75)
		at java.base/java.util.concurrent.AbstractExecutorService.submit(AbstractExecutorService.java:145)
		at org.apache.catalina.core.ContainerBase.startInternal(ContainerBase.java:716)
		at org.apache.catalina.core.StandardEngine.startInternal(StandardEngine.java:203)
		at org.apache.catalina.util.LifecycleBase.start(LifecycleBase.java:164)
		at org.apache.catalina.core.StandardService.startInternal(StandardService.java:415)
		at org.apache.catalina.util.LifecycleBase.start(LifecycleBase.java:164)
		at org.apache.catalina.core.StandardServer.startInternal(StandardServer.java:866)
		at org.apache.catalina.util.LifecycleBase.start(LifecycleBase.java:164)
		at org.apache.catalina.startup.Catalina.start(Catalina.java:759)
		at java.base/jdk.internal.reflect.DirectMethodHandleAccessor.invoke(DirectMethodHandleAccessor.java:103)
		at java.base/java.lang.reflect.Method.invoke(Method.java:580)
		at org.apache.catalina.startup.Bootstrap.start(Bootstrap.java:342)
		at org.apache.catalina.startup.Bootstrap.main(Bootstrap.java:470)
	Caused by: org.springframework.jdbc.CannotGetJdbcConnectionException: Failed to obtain JDBC Connection
		at org.springframework.jdbc.datasource.DataSourceUtils.getConnection(DataSourceUtils.java:84)
		at org.springframework.jdbc.datasource.init.DatabasePopulatorUtils.execute(DatabasePopulatorUtils.java:52)
		... 63 more
	Caused by: java.sql.SQLException: No suitable driver found for ${spring.datasource.url}
		at java.sql/java.sql.DriverManager.getConnection(DriverManager.java:708)
		at java.sql/java.sql.DriverManager.getConnection(DriverManager.java:191)
		at org.springframework.jdbc.datasource.DriverManagerDataSource.getConnectionFromDriverManager(DriverManagerDataSource.java:155)
		at org.springframework.jdbc.datasource.DriverManagerDataSource.getConnectionFromDriver(DriverManagerDataSource.java:146)
		at org.springframework.jdbc.datasource.AbstractDriverBasedDataSource.getConnectionFromDriver(AbstractDriverBasedDataSource.java:205)
		at org.springframework.jdbc.datasource.AbstractDriverBasedDataSource.getConnection(AbstractDriverBasedDataSource.java:169)
		at org.springframework.jdbc.datasource.DataSourceUtils.fetchConnection(DataSourceUtils.java:160)
		at org.springframework.jdbc.datasource.DataSourceUtils.doGetConnection(DataSourceUtils.java:118)
		at org.springframework.jdbc.datasource.DataSourceUtils.getConnection(DataSourceUtils.java:81)
		... 64 more
14-Jan-2025 12:39:30.247 SEVERE [main] org.apache.catalina.core.StandardContext.loadOnStartup Servlet [dispatcher] in web application [/study] threw load() exception
	java.sql.SQLException: No suitable driver found for ${spring.datasource.url}
		at java.sql/java.sql.DriverManager.getConnection(DriverManager.java:708)
		at java.sql/java.sql.DriverManager.getConnection(DriverManager.java:191)
		at org.springframework.jdbc.datasource.DriverManagerDataSource.getConnectionFromDriverManager(DriverManagerDataSource.java:155)
		at org.springframework.jdbc.datasource.DriverManagerDataSource.getConnectionFromDriver(DriverManagerDataSource.java:146)
		at org.springframework.jdbc.datasource.AbstractDriverBasedDataSource.getConnectionFromDriver(AbstractDriverBasedDataSource.java:205)
		at org.springframework.jdbc.datasource.AbstractDriverBasedDataSource.getConnection(AbstractDriverBasedDataSource.java:169)
		at org.springframework.jdbc.datasource.DataSourceUtils.fetchConnection(DataSourceUtils.java:160)
		at org.springframework.jdbc.datasource.DataSourceUtils.doGetConnection(DataSourceUtils.java:118)
		at org.springframework.jdbc.datasource.DataSourceUtils.getConnection(DataSourceUtils.java:81)
		at org.springframework.jdbc.datasource.init.DatabasePopulatorUtils.execute(DatabasePopulatorUtils.java:52)
		at org.springframework.jdbc.datasource.init.ResourceDatabasePopulator.execute(ResourceDatabasePopulator.java:269)
		at ru.yandex.practicum.configuration.DataSourceConfiguration.populate(DataSourceConfiguration.java:49)
		at java.base/jdk.internal.reflect.DirectMethodHandleAccessor.invoke(DirectMethodHandleAccessor.java:103)
		at java.base/java.lang.reflect.Method.invoke(Method.java:580)
		at org.springframework.context.event.ApplicationListenerMethodAdapter.doInvoke(ApplicationListenerMethodAdapter.java:382)
		at org.springframework.context.event.ApplicationListenerMethodAdapter.processEvent(ApplicationListenerMethodAdapter.java:254)
		at org.springframework.context.event.ApplicationListenerMethodAdapter.onApplicationEvent(ApplicationListenerMethodAdapter.java:173)
		at org.springframework.context.event.SimpleApplicationEventMulticaster.doInvokeListener(SimpleApplicationEventMulticaster.java:185)
		at org.springframework.context.event.SimpleApplicationEventMulticaster.invokeListener(SimpleApplicationEventMulticaster.java:178)
		at org.springframework.context.event.SimpleApplicationEventMulticaster.multicastEvent(SimpleApplicationEventMulticaster.java:156)
		at org.springframework.context.support.AbstractApplicationContext.publishEvent(AbstractApplicationContext.java:454)
		at org.springframework.context.support.AbstractApplicationContext.publishEvent(AbstractApplicationContext.java:387)
		at org.springframework.context.support.AbstractApplicationContext.finishRefresh(AbstractApplicationContext.java:1009)
		at org.springframework.context.support.AbstractApplicationContext.refresh(AbstractApplicationContext.java:630)
		at org.springframework.web.servlet.FrameworkServlet.configureAndRefreshWebApplicationContext(FrameworkServlet.java:706)
		at org.springframework.web.servlet.FrameworkServlet.createWebApplicationContext(FrameworkServlet.java:672)
		at org.springframework.web.servlet.FrameworkServlet.createWebApplicationContext(FrameworkServlet.java:720)
		at org.springframework.web.servlet.FrameworkServlet.initWebApplicationContext(FrameworkServlet.java:595)
		at org.springframework.web.servlet.FrameworkServlet.initServletBean(FrameworkServlet.java:537)
		at org.springframework.web.servlet.HttpServletBean.init(HttpServletBean.java:169)
		at jakarta.servlet.GenericServlet.init(GenericServlet.java:143)
		at jakarta.servlet.http.HttpServlet.init(HttpServlet.java:122)
		at org.apache.catalina.core.StandardWrapper.initServlet(StandardWrapper.java:817)
		at org.apache.catalina.core.StandardWrapper.loadServlet(StandardWrapper.java:787)
		at org.apache.catalina.core.StandardWrapper.load(StandardWrapper.java:691)
		at org.apache.catalina.core.StandardContext.loadOnStartup(StandardContext.java:4153)
		at org.apache.catalina.core.StandardContext.startInternal(StandardContext.java:4437)
		at org.apache.catalina.util.LifecycleBase.start(LifecycleBase.java:164)
		at org.apache.catalina.core.ContainerBase.addChild(ContainerBase.java:566)
		at org.apache.catalina.core.StandardHost.addChild(StandardHost.java:653)
		at org.apache.catalina.startup.HostConfig.deployWAR(HostConfig.java:933)
		at org.apache.catalina.startup.HostConfig$DeployWar.run(HostConfig.java:1875)
		at java.base/java.util.concurrent.Executors$RunnableAdapter.call(Executors.java:572)
		at java.base/java.util.concurrent.FutureTask.run(FutureTask.java:317)
		at org.apache.tomcat.util.threads.InlineExecutorService.execute(InlineExecutorService.java:75)
		at java.base/java.util.concurrent.AbstractExecutorService.submit(AbstractExecutorService.java:123)
		at org.apache.catalina.startup.HostConfig.deployWARs(HostConfig.java:735)
		at org.apache.catalina.startup.HostConfig.deployApps(HostConfig.java:387)
		at org.apache.catalina.startup.HostConfig.start(HostConfig.java:1593)
		at org.apache.catalina.startup.HostConfig.lifecycleEvent(HostConfig.java:267)
		at org.apache.catalina.util.LifecycleBase.fireLifecycleEvent(LifecycleBase.java:109)
		at org.apache.catalina.util.LifecycleBase.setStateInternal(LifecycleBase.java:389)
		at org.apache.catalina.util.LifecycleBase.setState(LifecycleBase.java:336)
		at org.apache.catalina.core.ContainerBase.startInternal(ContainerBase.java:743)
		at org.apache.catalina.core.StandardHost.startInternal(StandardHost.java:771)
		at org.apache.catalina.util.LifecycleBase.start(LifecycleBase.java:164)
		at org.apache.catalina.core.ContainerBase$StartChild.call(ContainerBase.java:1170)
		at org.apache.catalina.core.ContainerBase$StartChild.call(ContainerBase.java:1160)
		at java.base/java.util.concurrent.FutureTask.run(FutureTask.java:317)
		at org.apache.tomcat.util.threads.InlineExecutorService.execute(InlineExecutorService.java:75)
		at java.base/java.util.concurrent.AbstractExecutorService.submit(AbstractExecutorService.java:145)
		at org.apache.catalina.core.ContainerBase.startInternal(ContainerBase.java:716)
		at org.apache.catalina.core.StandardEngine.startInternal(StandardEngine.java:203)
		at org.apache.catalina.util.LifecycleBase.start(LifecycleBase.java:164)
		at org.apache.catalina.core.StandardService.startInternal(StandardService.java:415)
		at org.apache.catalina.util.LifecycleBase.start(LifecycleBase.java:164)
		at org.apache.catalina.core.StandardServer.startInternal(StandardServer.java:866)
		at org.apache.catalina.util.LifecycleBase.start(LifecycleBase.java:164)
		at org.apache.catalina.startup.Catalina.start(Catalina.java:759)
		at java.base/jdk.internal.reflect.DirectMethodHandleAccessor.invoke(DirectMethodHandleAccessor.java:103)
		at java.base/java.lang.reflect.Method.invoke(Method.java:580)
		at org.apache.catalina.startup.Bootstrap.start(Bootstrap.java:342)
		at org.apache.catalina.startup.Bootstrap.main(Bootstrap.java:470)
14-Jan-2025 12:39:30.565 INFO [main] org.apache.catalina.core.ApplicationContext.log ContextListener: contextInitialized()
14-Jan-2025 12:39:30.565 INFO [main] org.apache.catalina.core.ApplicationContext.log SessionListener: contextInitialized()
14-Jan-2025 12:39:30.567 INFO [main] org.apache.catalina.core.ApplicationContext.log ContextListener: attributeAdded('StockTicker', 'async.Stockticker@6e161cea')
14-Jan-2025 12:39:31.781 INFO [http-nio-8080-exec-1] org.apache.catalina.core.ApplicationContext.log Initializing Spring DispatcherServlet 'dispatcher'
14-Jan-2025 12:39:31.886 SEVERE [http-nio-8080-exec-1] org.apache.catalina.core.ApplicationContext.log Servlet.init() для сервлета [dispatcher] выбросил исключение
	org.springframework.jdbc.datasource.init.UncategorizedScriptException: Failed to execute database script
		at org.springframework.jdbc.datasource.init.DatabasePopulatorUtils.execute(DatabasePopulatorUtils.java:67)
		at org.springframework.jdbc.datasource.init.ResourceDatabasePopulator.execute(ResourceDatabasePopulator.java:269)
		at ru.yandex.practicum.configuration.DataSourceConfiguration.populate(DataSourceConfiguration.java:49)
		at java.base/jdk.internal.reflect.DirectMethodHandleAccessor.invoke(DirectMethodHandleAccessor.java:103)
		at java.base/java.lang.reflect.Method.invoke(Method.java:580)
		at org.springframework.context.event.ApplicationListenerMethodAdapter.doInvoke(ApplicationListenerMethodAdapter.java:382)
		at org.springframework.context.event.ApplicationListenerMethodAdapter.processEvent(ApplicationListenerMethodAdapter.java:254)
		at org.springframework.context.event.ApplicationListenerMethodAdapter.onApplicationEvent(ApplicationListenerMethodAdapter.java:173)
		at org.springframework.context.event.SimpleApplicationEventMulticaster.doInvokeListener(SimpleApplicationEventMulticaster.java:185)
		at org.springframework.context.event.SimpleApplicationEventMulticaster.invokeListener(SimpleApplicationEventMulticaster.java:178)
		at org.springframework.context.event.SimpleApplicationEventMulticaster.multicastEvent(SimpleApplicationEventMulticaster.java:156)
		at org.springframework.context.support.AbstractApplicationContext.publishEvent(AbstractApplicationContext.java:454)
		at org.springframework.context.support.AbstractApplicationContext.publishEvent(AbstractApplicationContext.java:387)
		at org.springframework.context.support.AbstractApplicationContext.finishRefresh(AbstractApplicationContext.java:1009)
		at org.springframework.context.support.AbstractApplicationContext.refresh(AbstractApplicationContext.java:630)
		at org.springframework.web.servlet.FrameworkServlet.configureAndRefreshWebApplicationContext(FrameworkServlet.java:706)
		at org.springframework.web.servlet.FrameworkServlet.createWebApplicationContext(FrameworkServlet.java:672)
		at org.springframework.web.servlet.FrameworkServlet.createWebApplicationContext(FrameworkServlet.java:720)
		at org.springframework.web.servlet.FrameworkServlet.initWebApplicationContext(FrameworkServlet.java:595)
		at org.springframework.web.servlet.FrameworkServlet.initServletBean(FrameworkServlet.java:537)
		at org.springframework.web.servlet.HttpServletBean.init(HttpServletBean.java:169)
		at jakarta.servlet.GenericServlet.init(GenericServlet.java:143)
		at jakarta.servlet.http.HttpServlet.init(HttpServlet.java:122)
		at org.apache.catalina.core.StandardWrapper.initServlet(StandardWrapper.java:817)
		at org.apache.catalina.core.StandardWrapper.loadServlet(StandardWrapper.java:787)
		at org.apache.catalina.core.StandardWrapper.allocate(StandardWrapper.java:568)
		at org.apache.catalina.core.StandardWrapperValve.invoke(StandardWrapperValve.java:115)
		at org.apache.catalina.core.StandardContextValve.invoke(StandardContextValve.java:79)
		at org.apache.catalina.authenticator.AuthenticatorBase.invoke(AuthenticatorBase.java:483)
		at org.apache.catalina.core.StandardHostValve.invoke(StandardHostValve.java:115)
		at org.apache.catalina.valves.ErrorReportValve.invoke(ErrorReportValve.java:93)
		at org.apache.catalina.valves.AbstractAccessLogValve.invoke(AbstractAccessLogValve.java:663)
		at org.apache.catalina.core.StandardEngineValve.invoke(StandardEngineValve.java:74)
		at org.apache.catalina.connector.CoyoteAdapter.service(CoyoteAdapter.java:342)
		at org.apache.coyote.http11.Http11Processor.service(Http11Processor.java:395)
		at org.apache.coyote.AbstractProcessorLight.process(AbstractProcessorLight.java:63)
		at org.apache.coyote.AbstractProtocol$ConnectionHandler.process(AbstractProtocol.java:905)
		at org.apache.tomcat.util.net.NioEndpoint$SocketProcessor.doRun(NioEndpoint.java:1746)
		at org.apache.tomcat.util.net.SocketProcessorBase.run(SocketProcessorBase.java:52)
		at org.apache.tomcat.util.threads.ThreadPoolExecutor.runWorker(ThreadPoolExecutor.java:1148)
		at org.apache.tomcat.util.threads.ThreadPoolExecutor$Worker.run(ThreadPoolExecutor.java:636)
		at org.apache.tomcat.util.threads.TaskThread$WrappingRunnable.run(TaskThread.java:63)
		at java.base/java.lang.Thread.run(Thread.java:1583)
	Caused by: org.springframework.jdbc.CannotGetJdbcConnectionException: Failed to obtain JDBC Connection
		at org.springframework.jdbc.datasource.DataSourceUtils.getConnection(DataSourceUtils.java:84)
		at org.springframework.jdbc.datasource.init.DatabasePopulatorUtils.execute(DatabasePopulatorUtils.java:52)
		... 42 more
	Caused by: java.sql.SQLException: No suitable driver found for ${spring.datasource.url}
		at java.sql/java.sql.DriverManager.getConnection(DriverManager.java:708)
		at java.sql/java.sql.DriverManager.getConnection(DriverManager.java:191)
		at org.springframework.jdbc.datasource.DriverManagerDataSource.getConnectionFromDriverManager(DriverManagerDataSource.java:155)
		at org.springframework.jdbc.datasource.DriverManagerDataSource.getConnectionFromDriver(DriverManagerDataSource.java:146)
		at org.springframework.jdbc.datasource.AbstractDriverBasedDataSource.getConnectionFromDriver(AbstractDriverBasedDataSource.java:205)
		at org.springframework.jdbc.datasource.AbstractDriverBasedDataSource.getConnection(AbstractDriverBasedDataSource.java:169)
		at org.springframework.jdbc.datasource.DataSourceUtils.fetchConnection(DataSourceUtils.java:160)
		at org.springframework.jdbc.datasource.DataSourceUtils.doGetConnection(DataSourceUtils.java:118)
		at org.springframework.jdbc.datasource.DataSourceUtils.getConnection(DataSourceUtils.java:81)
		... 43 more
14-Jan-2025 12:39:31.886 SEVERE [http-nio-8080-exec-1] org.apache.catalina.core.StandardWrapperValve.invoke Ошибка выделения для сервлета [dispatcher]
	java.sql.SQLException: No suitable driver found for ${spring.datasource.url}
		at java.sql/java.sql.DriverManager.getConnection(DriverManager.java:708)
		at java.sql/java.sql.DriverManager.getConnection(DriverManager.java:191)
		at org.springframework.jdbc.datasource.DriverManagerDataSource.getConnectionFromDriverManager(DriverManagerDataSource.java:155)
		at org.springframework.jdbc.datasource.DriverManagerDataSource.getConnectionFromDriver(DriverManagerDataSource.java:146)
		at org.springframework.jdbc.datasource.AbstractDriverBasedDataSource.getConnectionFromDriver(AbstractDriverBasedDataSource.java:205)
		at org.springframework.jdbc.datasource.AbstractDriverBasedDataSource.getConnection(AbstractDriverBasedDataSource.java:169)
		at org.springframework.jdbc.datasource.DataSourceUtils.fetchConnection(DataSourceUtils.java:160)
		at org.springframework.jdbc.datasource.DataSourceUtils.doGetConnection(DataSourceUtils.java:118)
		at org.springframework.jdbc.datasource.DataSourceUtils.getConnection(DataSourceUtils.java:81)
		at org.springframework.jdbc.datasource.init.DatabasePopulatorUtils.execute(DatabasePopulatorUtils.java:52)
		at org.springframework.jdbc.datasource.init.ResourceDatabasePopulator.execute(ResourceDatabasePopulator.java:269)
		at ru.yandex.practicum.configuration.DataSourceConfiguration.populate(DataSourceConfiguration.java:49)
		at java.base/jdk.internal.reflect.DirectMethodHandleAccessor.invoke(DirectMethodHandleAccessor.java:103)
		at java.base/java.lang.reflect.Method.invoke(Method.java:580)
		at org.springframework.context.event.ApplicationListenerMethodAdapter.doInvoke(ApplicationListenerMethodAdapter.java:382)
		at org.springframework.context.event.ApplicationListenerMethodAdapter.processEvent(ApplicationListenerMethodAdapter.java:254)
		at org.springframework.context.event.ApplicationListenerMethodAdapter.onApplicationEvent(ApplicationListenerMethodAdapter.java:173)
		at org.springframework.context.event.SimpleApplicationEventMulticaster.doInvokeListener(SimpleApplicationEventMulticaster.java:185)
		at org.springframework.context.event.SimpleApplicationEventMulticaster.invokeListener(SimpleApplicationEventMulticaster.java:178)
		at org.springframework.context.event.SimpleApplicationEventMulticaster.multicastEvent(SimpleApplicationEventMulticaster.java:156)
		at org.springframework.context.support.AbstractApplicationContext.publishEvent(AbstractApplicationContext.java:454)
		at org.springframework.context.support.AbstractApplicationContext.publishEvent(AbstractApplicationContext.java:387)
		at org.springframework.context.support.AbstractApplicationContext.finishRefresh(AbstractApplicationContext.java:1009)
		at org.springframework.context.support.AbstractApplicationContext.refresh(AbstractApplicationContext.java:630)
		at org.springframework.web.servlet.FrameworkServlet.configureAndRefreshWebApplicationContext(FrameworkServlet.java:706)
		at org.springframework.web.servlet.FrameworkServlet.createWebApplicationContext(FrameworkServlet.java:672)
		at org.springframework.web.servlet.FrameworkServlet.createWebApplicationContext(FrameworkServlet.java:720)
		at org.springframework.web.servlet.FrameworkServlet.initWebApplicationContext(FrameworkServlet.java:595)
		at org.springframework.web.servlet.FrameworkServlet.initServletBean(FrameworkServlet.java:537)
		at org.springframework.web.servlet.HttpServletBean.init(HttpServletBean.java:169)
		at jakarta.servlet.GenericServlet.init(GenericServlet.java:143)
		at jakarta.servlet.http.HttpServlet.init(HttpServlet.java:122)
		at org.apache.catalina.core.StandardWrapper.initServlet(StandardWrapper.java:817)
		at org.apache.catalina.core.StandardWrapper.loadServlet(StandardWrapper.java:787)
		at org.apache.catalina.core.StandardWrapper.allocate(StandardWrapper.java:568)
		at org.apache.catalina.core.StandardWrapperValve.invoke(StandardWrapperValve.java:115)
		at org.apache.catalina.core.StandardContextValve.invoke(StandardContextValve.java:79)
		at org.apache.catalina.authenticator.AuthenticatorBase.invoke(AuthenticatorBase.java:483)
		at org.apache.catalina.core.StandardHostValve.invoke(StandardHostValve.java:115)
		at org.apache.catalina.valves.ErrorReportValve.invoke(ErrorReportValve.java:93)
		at org.apache.catalina.valves.AbstractAccessLogValve.invoke(AbstractAccessLogValve.java:663)
		at org.apache.catalina.core.StandardEngineValve.invoke(StandardEngineValve.java:74)
		at org.apache.catalina.connector.CoyoteAdapter.service(CoyoteAdapter.java:342)
		at org.apache.coyote.http11.Http11Processor.service(Http11Processor.java:395)
		at org.apache.coyote.AbstractProcessorLight.process(AbstractProcessorLight.java:63)
		at org.apache.coyote.AbstractProtocol$ConnectionHandler.process(AbstractProtocol.java:905)
		at org.apache.tomcat.util.net.NioEndpoint$SocketProcessor.doRun(NioEndpoint.java:1746)
		at org.apache.tomcat.util.net.SocketProcessorBase.run(SocketProcessorBase.java:52)
		at org.apache.tomcat.util.threads.ThreadPoolExecutor.runWorker(ThreadPoolExecutor.java:1148)
		at org.apache.tomcat.util.threads.ThreadPoolExecutor$Worker.run(ThreadPoolExecutor.java:636)
		at org.apache.tomcat.util.threads.TaskThread$WrappingRunnable.run(TaskThread.java:63)
		at java.base/java.lang.Thread.run(Thread.java:1583)
14-Jan-2025 12:39:32.685 INFO [http-nio-8080-exec-2] org.apache.catalina.core.ApplicationContext.log Initializing Spring DispatcherServlet 'dispatcher'
14-Jan-2025 12:39:32.778 SEVERE [http-nio-8080-exec-2] org.apache.catalina.core.ApplicationContext.log Servlet.init() для сервлета [dispatcher] выбросил исключение
	org.springframework.jdbc.datasource.init.UncategorizedScriptException: Failed to execute database script
		at org.springframework.jdbc.datasource.init.DatabasePopulatorUtils.execute(DatabasePopulatorUtils.java:67)
		at org.springframework.jdbc.datasource.init.ResourceDatabasePopulator.execute(ResourceDatabasePopulator.java:269)
		at ru.yandex.practicum.configuration.DataSourceConfiguration.populate(DataSourceConfiguration.java:49)
		at java.base/jdk.internal.reflect.DirectMethodHandleAccessor.invoke(DirectMethodHandleAccessor.java:103)
		at java.base/java.lang.reflect.Method.invoke(Method.java:580)
		at org.springframework.context.event.ApplicationListenerMethodAdapter.doInvoke(ApplicationListenerMethodAdapter.java:382)
		at org.springframework.context.event.ApplicationListenerMethodAdapter.processEvent(ApplicationListenerMethodAdapter.java:254)
		at org.springframework.context.event.ApplicationListenerMethodAdapter.onApplicationEvent(ApplicationListenerMethodAdapter.java:173)
		at org.springframework.context.event.SimpleApplicationEventMulticaster.doInvokeListener(SimpleApplicationEventMulticaster.java:185)
		at org.springframework.context.event.SimpleApplicationEventMulticaster.invokeListener(SimpleApplicationEventMulticaster.java:178)
		at org.springframework.context.event.SimpleApplicationEventMulticaster.multicastEvent(SimpleApplicationEventMulticaster.java:156)
		at org.springframework.context.support.AbstractApplicationContext.publishEvent(AbstractApplicationContext.java:454)
		at org.springframework.context.support.AbstractApplicationContext.publishEvent(AbstractApplicationContext.java:387)
		at org.springframework.context.support.AbstractApplicationContext.finishRefresh(AbstractApplicationContext.java:1009)
		at org.springframework.context.support.AbstractApplicationContext.refresh(AbstractApplicationContext.java:630)
		at org.springframework.web.servlet.FrameworkServlet.configureAndRefreshWebApplicationContext(FrameworkServlet.java:706)
		at org.springframework.web.servlet.FrameworkServlet.createWebApplicationContext(FrameworkServlet.java:672)
		at org.springframework.web.servlet.FrameworkServlet.createWebApplicationContext(FrameworkServlet.java:720)
		at org.springframework.web.servlet.FrameworkServlet.initWebApplicationContext(FrameworkServlet.java:595)
		at org.springframework.web.servlet.FrameworkServlet.initServletBean(FrameworkServlet.java:537)
		at org.springframework.web.servlet.HttpServletBean.init(HttpServletBean.java:169)
		at jakarta.servlet.GenericServlet.init(GenericServlet.java:143)
		at jakarta.servlet.http.HttpServlet.init(HttpServlet.java:122)
		at org.apache.catalina.core.StandardWrapper.initServlet(StandardWrapper.java:817)
		at org.apache.catalina.core.StandardWrapper.loadServlet(StandardWrapper.java:787)
		at org.apache.catalina.core.StandardWrapper.allocate(StandardWrapper.java:568)
		at org.apache.catalina.core.StandardWrapperValve.invoke(StandardWrapperValve.java:115)
		at org.apache.catalina.core.StandardContextValve.invoke(StandardContextValve.java:79)
		at org.apache.catalina.authenticator.AuthenticatorBase.invoke(AuthenticatorBase.java:483)
		at org.apache.catalina.core.StandardHostValve.invoke(StandardHostValve.java:115)
		at org.apache.catalina.valves.ErrorReportValve.invoke(ErrorReportValve.java:93)
		at org.apache.catalina.valves.AbstractAccessLogValve.invoke(AbstractAccessLogValve.java:663)
		at org.apache.catalina.core.StandardEngineValve.invoke(StandardEngineValve.java:74)
		at org.apache.catalina.connector.CoyoteAdapter.service(CoyoteAdapter.java:342)
		at org.apache.coyote.http11.Http11Processor.service(Http11Processor.java:395)
		at org.apache.coyote.AbstractProcessorLight.process(AbstractProcessorLight.java:63)
		at org.apache.coyote.AbstractProtocol$ConnectionHandler.process(AbstractProtocol.java:905)
		at org.apache.tomcat.util.net.NioEndpoint$SocketProcessor.doRun(NioEndpoint.java:1746)
		at org.apache.tomcat.util.net.SocketProcessorBase.run(SocketProcessorBase.java:52)
		at org.apache.tomcat.util.threads.ThreadPoolExecutor.runWorker(ThreadPoolExecutor.java:1148)
		at org.apache.tomcat.util.threads.ThreadPoolExecutor$Worker.run(ThreadPoolExecutor.java:636)
		at org.apache.tomcat.util.threads.TaskThread$WrappingRunnable.run(TaskThread.java:63)
		at java.base/java.lang.Thread.run(Thread.java:1583)
	Caused by: org.springframework.jdbc.CannotGetJdbcConnectionException: Failed to obtain JDBC Connection
		at org.springframework.jdbc.datasource.DataSourceUtils.getConnection(DataSourceUtils.java:84)
		at org.springframework.jdbc.datasource.init.DatabasePopulatorUtils.execute(DatabasePopulatorUtils.java:52)
		... 42 more
	Caused by: java.sql.SQLException: No suitable driver found for ${spring.datasource.url}
		at java.sql/java.sql.DriverManager.getConnection(DriverManager.java:708)
		at java.sql/java.sql.DriverManager.getConnection(DriverManager.java:191)
		at org.springframework.jdbc.datasource.DriverManagerDataSource.getConnectionFromDriverManager(DriverManagerDataSource.java:155)
		at org.springframework.jdbc.datasource.DriverManagerDataSource.getConnectionFromDriver(DriverManagerDataSource.java:146)
		at org.springframework.jdbc.datasource.AbstractDriverBasedDataSource.getConnectionFromDriver(AbstractDriverBasedDataSource.java:205)
		at org.springframework.jdbc.datasource.AbstractDriverBasedDataSource.getConnection(AbstractDriverBasedDataSource.java:169)
		at org.springframework.jdbc.datasource.DataSourceUtils.fetchConnection(DataSourceUtils.java:160)
		at org.springframework.jdbc.datasource.DataSourceUtils.doGetConnection(DataSourceUtils.java:118)
		at org.springframework.jdbc.datasource.DataSourceUtils.getConnection(DataSourceUtils.java:81)
		... 43 more
14-Jan-2025 12:39:32.778 SEVERE [http-nio-8080-exec-2] org.apache.catalina.core.StandardWrapperValve.invoke Ошибка выделения для сервлета [dispatcher]
	java.sql.SQLException: No suitable driver found for ${spring.datasource.url}
		at java.sql/java.sql.DriverManager.getConnection(DriverManager.java:708)
		at java.sql/java.sql.DriverManager.getConnection(DriverManager.java:191)
		at org.springframework.jdbc.datasource.DriverManagerDataSource.getConnectionFromDriverManager(DriverManagerDataSource.java:155)
		at org.springframework.jdbc.datasource.DriverManagerDataSource.getConnectionFromDriver(DriverManagerDataSource.java:146)
		at org.springframework.jdbc.datasource.AbstractDriverBasedDataSource.getConnectionFromDriver(AbstractDriverBasedDataSource.java:205)
		at org.springframework.jdbc.datasource.AbstractDriverBasedDataSource.getConnection(AbstractDriverBasedDataSource.java:169)
		at org.springframework.jdbc.datasource.DataSourceUtils.fetchConnection(DataSourceUtils.java:160)
		at org.springframework.jdbc.datasource.DataSourceUtils.doGetConnection(DataSourceUtils.java:118)
		at org.springframework.jdbc.datasource.DataSourceUtils.getConnection(DataSourceUtils.java:81)
		at org.springframework.jdbc.datasource.init.DatabasePopulatorUtils.execute(DatabasePopulatorUtils.java:52)
		at org.springframework.jdbc.datasource.init.ResourceDatabasePopulator.execute(ResourceDatabasePopulator.java:269)
		at ru.yandex.practicum.configuration.DataSourceConfiguration.populate(DataSourceConfiguration.java:49)
		at java.base/jdk.internal.reflect.DirectMethodHandleAccessor.invoke(DirectMethodHandleAccessor.java:103)
		at java.base/java.lang.reflect.Method.invoke(Method.java:580)
		at org.springframework.context.event.ApplicationListenerMethodAdapter.doInvoke(ApplicationListenerMethodAdapter.java:382)
		at org.springframework.context.event.ApplicationListenerMethodAdapter.processEvent(ApplicationListenerMethodAdapter.java:254)
		at org.springframework.context.event.ApplicationListenerMethodAdapter.onApplicationEvent(ApplicationListenerMethodAdapter.java:173)
		at org.springframework.context.event.SimpleApplicationEventMulticaster.doInvokeListener(SimpleApplicationEventMulticaster.java:185)
		at org.springframework.context.event.SimpleApplicationEventMulticaster.invokeListener(SimpleApplicationEventMulticaster.java:178)
		at org.springframework.context.event.SimpleApplicationEventMulticaster.multicastEvent(SimpleApplicationEventMulticaster.java:156)
		at org.springframework.context.support.AbstractApplicationContext.publishEvent(AbstractApplicationContext.java:454)
		at org.springframework.context.support.AbstractApplicationContext.publishEvent(AbstractApplicationContext.java:387)
		at org.springframework.context.support.AbstractApplicationContext.finishRefresh(AbstractApplicationContext.java:1009)
		at org.springframework.context.support.AbstractApplicationContext.refresh(AbstractApplicationContext.java:630)
		at org.springframework.web.servlet.FrameworkServlet.configureAndRefreshWebApplicationContext(FrameworkServlet.java:706)
		at org.springframework.web.servlet.FrameworkServlet.createWebApplicationContext(FrameworkServlet.java:672)
		at org.springframework.web.servlet.FrameworkServlet.createWebApplicationContext(FrameworkServlet.java:720)
		at org.springframework.web.servlet.FrameworkServlet.initWebApplicationContext(FrameworkServlet.java:595)
		at org.springframework.web.servlet.FrameworkServlet.initServletBean(FrameworkServlet.java:537)
		at org.springframework.web.servlet.HttpServletBean.init(HttpServletBean.java:169)
		at jakarta.servlet.GenericServlet.init(GenericServlet.java:143)
		at jakarta.servlet.http.HttpServlet.init(HttpServlet.java:122)
		at org.apache.catalina.core.StandardWrapper.initServlet(StandardWrapper.java:817)
		at org.apache.catalina.core.StandardWrapper.loadServlet(StandardWrapper.java:787)
		at org.apache.catalina.core.StandardWrapper.allocate(StandardWrapper.java:568)
		at org.apache.catalina.core.StandardWrapperValve.invoke(StandardWrapperValve.java:115)
		at org.apache.catalina.core.StandardContextValve.invoke(StandardContextValve.java:79)
		at org.apache.catalina.authenticator.AuthenticatorBase.invoke(AuthenticatorBase.java:483)
		at org.apache.catalina.core.StandardHostValve.invoke(StandardHostValve.java:115)
		at org.apache.catalina.valves.ErrorReportValve.invoke(ErrorReportValve.java:93)
		at org.apache.catalina.valves.AbstractAccessLogValve.invoke(AbstractAccessLogValve.java:663)
		at org.apache.catalina.core.StandardEngineValve.invoke(StandardEngineValve.java:74)
		at org.apache.catalina.connector.CoyoteAdapter.service(CoyoteAdapter.java:342)
		at org.apache.coyote.http11.Http11Processor.service(Http11Processor.java:395)
		at org.apache.coyote.AbstractProcessorLight.process(AbstractProcessorLight.java:63)
		at org.apache.coyote.AbstractProtocol$ConnectionHandler.process(AbstractProtocol.java:905)
		at org.apache.tomcat.util.net.NioEndpoint$SocketProcessor.doRun(NioEndpoint.java:1746)
		at org.apache.tomcat.util.net.SocketProcessorBase.run(SocketProcessorBase.java:52)
		at org.apache.tomcat.util.threads.ThreadPoolExecutor.runWorker(ThreadPoolExecutor.java:1148)
		at org.apache.tomcat.util.threads.ThreadPoolExecutor$Worker.run(ThreadPoolExecutor.java:636)
		at org.apache.tomcat.util.threads.TaskThread$WrappingRunnable.run(TaskThread.java:63)
		at java.base/java.lang.Thread.run(Thread.java:1583)
14-Jan-2025 12:42:19.784 INFO [main] org.apache.catalina.core.ApplicationContext.log SessionListener: contextDestroyed()
14-Jan-2025 12:42:19.784 INFO [main] org.apache.catalina.core.ApplicationContext.log ContextListener: contextDestroyed()
14-Jan-2025 12:42:31.223 INFO [main] org.apache.catalina.core.ApplicationContext.log No Spring WebApplicationInitializer types detected on classpath
14-Jan-2025 12:42:31.378 INFO [main] org.apache.catalina.core.ApplicationContext.log Initializing Spring DispatcherServlet 'dispatcher'
14-Jan-2025 12:42:32.258 SEVERE [main] org.apache.catalina.core.ApplicationContext.log Servlet.init() для сервлета [dispatcher] выбросил исключение
	org.springframework.jdbc.datasource.init.UncategorizedScriptException: Failed to execute database script
		at org.springframework.jdbc.datasource.init.DatabasePopulatorUtils.execute(DatabasePopulatorUtils.java:67)
		at org.springframework.jdbc.datasource.init.ResourceDatabasePopulator.execute(ResourceDatabasePopulator.java:269)
		at ru.yandex.practicum.configuration.DataSourceConfiguration.populate(DataSourceConfiguration.java:49)
		at java.base/jdk.internal.reflect.DirectMethodHandleAccessor.invoke(DirectMethodHandleAccessor.java:103)
		at java.base/java.lang.reflect.Method.invoke(Method.java:580)
		at org.springframework.context.event.ApplicationListenerMethodAdapter.doInvoke(ApplicationListenerMethodAdapter.java:382)
		at org.springframework.context.event.ApplicationListenerMethodAdapter.processEvent(ApplicationListenerMethodAdapter.java:254)
		at org.springframework.context.event.ApplicationListenerMethodAdapter.onApplicationEvent(ApplicationListenerMethodAdapter.java:173)
		at org.springframework.context.event.SimpleApplicationEventMulticaster.doInvokeListener(SimpleApplicationEventMulticaster.java:185)
		at org.springframework.context.event.SimpleApplicationEventMulticaster.invokeListener(SimpleApplicationEventMulticaster.java:178)
		at org.springframework.context.event.SimpleApplicationEventMulticaster.multicastEvent(SimpleApplicationEventMulticaster.java:156)
		at org.springframework.context.support.AbstractApplicationContext.publishEvent(AbstractApplicationContext.java:454)
		at org.springframework.context.support.AbstractApplicationContext.publishEvent(AbstractApplicationContext.java:387)
		at org.springframework.context.support.AbstractApplicationContext.finishRefresh(AbstractApplicationContext.java:1009)
		at org.springframework.context.support.AbstractApplicationContext.refresh(AbstractApplicationContext.java:630)
		at org.springframework.web.servlet.FrameworkServlet.configureAndRefreshWebApplicationContext(FrameworkServlet.java:706)
		at org.springframework.web.servlet.FrameworkServlet.createWebApplicationContext(FrameworkServlet.java:672)
		at org.springframework.web.servlet.FrameworkServlet.createWebApplicationContext(FrameworkServlet.java:720)
		at org.springframework.web.servlet.FrameworkServlet.initWebApplicationContext(FrameworkServlet.java:595)
		at org.springframework.web.servlet.FrameworkServlet.initServletBean(FrameworkServlet.java:537)
		at org.springframework.web.servlet.HttpServletBean.init(HttpServletBean.java:169)
		at jakarta.servlet.GenericServlet.init(GenericServlet.java:143)
		at jakarta.servlet.http.HttpServlet.init(HttpServlet.java:122)
		at org.apache.catalina.core.StandardWrapper.initServlet(StandardWrapper.java:817)
		at org.apache.catalina.core.StandardWrapper.loadServlet(StandardWrapper.java:787)
		at org.apache.catalina.core.StandardWrapper.load(StandardWrapper.java:691)
		at org.apache.catalina.core.StandardContext.loadOnStartup(StandardContext.java:4153)
		at org.apache.catalina.core.StandardContext.startInternal(StandardContext.java:4437)
		at org.apache.catalina.util.LifecycleBase.start(LifecycleBase.java:164)
		at org.apache.catalina.core.ContainerBase.addChild(ContainerBase.java:566)
		at org.apache.catalina.core.StandardHost.addChild(StandardHost.java:653)
		at org.apache.catalina.startup.HostConfig.deployWAR(HostConfig.java:933)
		at org.apache.catalina.startup.HostConfig$DeployWar.run(HostConfig.java:1875)
		at java.base/java.util.concurrent.Executors$RunnableAdapter.call(Executors.java:572)
		at java.base/java.util.concurrent.FutureTask.run(FutureTask.java:317)
		at org.apache.tomcat.util.threads.InlineExecutorService.execute(InlineExecutorService.java:75)
		at java.base/java.util.concurrent.AbstractExecutorService.submit(AbstractExecutorService.java:123)
		at org.apache.catalina.startup.HostConfig.deployWARs(HostConfig.java:735)
		at org.apache.catalina.startup.HostConfig.deployApps(HostConfig.java:387)
		at org.apache.catalina.startup.HostConfig.start(HostConfig.java:1593)
		at org.apache.catalina.startup.HostConfig.lifecycleEvent(HostConfig.java:267)
		at org.apache.catalina.util.LifecycleBase.fireLifecycleEvent(LifecycleBase.java:109)
		at org.apache.catalina.util.LifecycleBase.setStateInternal(LifecycleBase.java:389)
		at org.apache.catalina.util.LifecycleBase.setState(LifecycleBase.java:336)
		at org.apache.catalina.core.ContainerBase.startInternal(ContainerBase.java:743)
		at org.apache.catalina.core.StandardHost.startInternal(StandardHost.java:771)
		at org.apache.catalina.util.LifecycleBase.start(LifecycleBase.java:164)
		at org.apache.catalina.core.ContainerBase$StartChild.call(ContainerBase.java:1170)
		at org.apache.catalina.core.ContainerBase$StartChild.call(ContainerBase.java:1160)
		at java.base/java.util.concurrent.FutureTask.run(FutureTask.java:317)
		at org.apache.tomcat.util.threads.InlineExecutorService.execute(InlineExecutorService.java:75)
		at java.base/java.util.concurrent.AbstractExecutorService.submit(AbstractExecutorService.java:145)
		at org.apache.catalina.core.ContainerBase.startInternal(ContainerBase.java:716)
		at org.apache.catalina.core.StandardEngine.startInternal(StandardEngine.java:203)
		at org.apache.catalina.util.LifecycleBase.start(LifecycleBase.java:164)
		at org.apache.catalina.core.StandardService.startInternal(StandardService.java:415)
		at org.apache.catalina.util.LifecycleBase.start(LifecycleBase.java:164)
		at org.apache.catalina.core.StandardServer.startInternal(StandardServer.java:866)
		at org.apache.catalina.util.LifecycleBase.start(LifecycleBase.java:164)
		at org.apache.catalina.startup.Catalina.start(Catalina.java:759)
		at java.base/jdk.internal.reflect.DirectMethodHandleAccessor.invoke(DirectMethodHandleAccessor.java:103)
		at java.base/java.lang.reflect.Method.invoke(Method.java:580)
		at org.apache.catalina.startup.Bootstrap.start(Bootstrap.java:342)
		at org.apache.catalina.startup.Bootstrap.main(Bootstrap.java:470)
	Caused by: org.springframework.jdbc.CannotGetJdbcConnectionException: Failed to obtain JDBC Connection
		at org.springframework.jdbc.datasource.DataSourceUtils.getConnection(DataSourceUtils.java:84)
		at org.springframework.jdbc.datasource.init.DatabasePopulatorUtils.execute(DatabasePopulatorUtils.java:52)
		... 63 more
	Caused by: java.sql.SQLException: No suitable driver found for ${spring.datasource.url}
		at java.sql/java.sql.DriverManager.getConnection(DriverManager.java:708)
		at java.sql/java.sql.DriverManager.getConnection(DriverManager.java:191)
		at org.springframework.jdbc.datasource.DriverManagerDataSource.getConnectionFromDriverManager(DriverManagerDataSource.java:155)
		at org.springframework.jdbc.datasource.DriverManagerDataSource.getConnectionFromDriver(DriverManagerDataSource.java:146)
		at org.springframework.jdbc.datasource.AbstractDriverBasedDataSource.getConnectionFromDriver(AbstractDriverBasedDataSource.java:205)
		at org.springframework.jdbc.datasource.AbstractDriverBasedDataSource.getConnection(AbstractDriverBasedDataSource.java:169)
		at org.springframework.jdbc.datasource.DataSourceUtils.fetchConnection(DataSourceUtils.java:160)
		at org.springframework.jdbc.datasource.DataSourceUtils.doGetConnection(DataSourceUtils.java:118)
		at org.springframework.jdbc.datasource.DataSourceUtils.getConnection(DataSourceUtils.java:81)
		... 64 more
14-Jan-2025 12:42:32.258 SEVERE [main] org.apache.catalina.core.StandardContext.loadOnStartup Servlet [dispatcher] in web application [/study] threw load() exception
	java.sql.SQLException: No suitable driver found for ${spring.datasource.url}
		at java.sql/java.sql.DriverManager.getConnection(DriverManager.java:708)
		at java.sql/java.sql.DriverManager.getConnection(DriverManager.java:191)
		at org.springframework.jdbc.datasource.DriverManagerDataSource.getConnectionFromDriverManager(DriverManagerDataSource.java:155)
		at org.springframework.jdbc.datasource.DriverManagerDataSource.getConnectionFromDriver(DriverManagerDataSource.java:146)
		at org.springframework.jdbc.datasource.AbstractDriverBasedDataSource.getConnectionFromDriver(AbstractDriverBasedDataSource.java:205)
		at org.springframework.jdbc.datasource.AbstractDriverBasedDataSource.getConnection(AbstractDriverBasedDataSource.java:169)
		at org.springframework.jdbc.datasource.DataSourceUtils.fetchConnection(DataSourceUtils.java:160)
		at org.springframework.jdbc.datasource.DataSourceUtils.doGetConnection(DataSourceUtils.java:118)
		at org.springframework.jdbc.datasource.DataSourceUtils.getConnection(DataSourceUtils.java:81)
		at org.springframework.jdbc.datasource.init.DatabasePopulatorUtils.execute(DatabasePopulatorUtils.java:52)
		at org.springframework.jdbc.datasource.init.ResourceDatabasePopulator.execute(ResourceDatabasePopulator.java:269)
		at ru.yandex.practicum.configuration.DataSourceConfiguration.populate(DataSourceConfiguration.java:49)
		at java.base/jdk.internal.reflect.DirectMethodHandleAccessor.invoke(DirectMethodHandleAccessor.java:103)
		at java.base/java.lang.reflect.Method.invoke(Method.java:580)
		at org.springframework.context.event.ApplicationListenerMethodAdapter.doInvoke(ApplicationListenerMethodAdapter.java:382)
		at org.springframework.context.event.ApplicationListenerMethodAdapter.processEvent(ApplicationListenerMethodAdapter.java:254)
		at org.springframework.context.event.ApplicationListenerMethodAdapter.onApplicationEvent(ApplicationListenerMethodAdapter.java:173)
		at org.springframework.context.event.SimpleApplicationEventMulticaster.doInvokeListener(SimpleApplicationEventMulticaster.java:185)
		at org.springframework.context.event.SimpleApplicationEventMulticaster.invokeListener(SimpleApplicationEventMulticaster.java:178)
		at org.springframework.context.event.SimpleApplicationEventMulticaster.multicastEvent(SimpleApplicationEventMulticaster.java:156)
		at org.springframework.context.support.AbstractApplicationContext.publishEvent(AbstractApplicationContext.java:454)
		at org.springframework.context.support.AbstractApplicationContext.publishEvent(AbstractApplicationContext.java:387)
		at org.springframework.context.support.AbstractApplicationContext.finishRefresh(AbstractApplicationContext.java:1009)
		at org.springframework.context.support.AbstractApplicationContext.refresh(AbstractApplicationContext.java:630)
		at org.springframework.web.servlet.FrameworkServlet.configureAndRefreshWebApplicationContext(FrameworkServlet.java:706)
		at org.springframework.web.servlet.FrameworkServlet.createWebApplicationContext(FrameworkServlet.java:672)
		at org.springframework.web.servlet.FrameworkServlet.createWebApplicationContext(FrameworkServlet.java:720)
		at org.springframework.web.servlet.FrameworkServlet.initWebApplicationContext(FrameworkServlet.java:595)
		at org.springframework.web.servlet.FrameworkServlet.initServletBean(FrameworkServlet.java:537)
		at org.springframework.web.servlet.HttpServletBean.init(HttpServletBean.java:169)
		at jakarta.servlet.GenericServlet.init(GenericServlet.java:143)
		at jakarta.servlet.http.HttpServlet.init(HttpServlet.java:122)
		at org.apache.catalina.core.StandardWrapper.initServlet(StandardWrapper.java:817)
		at org.apache.catalina.core.StandardWrapper.loadServlet(StandardWrapper.java:787)
		at org.apache.catalina.core.StandardWrapper.load(StandardWrapper.java:691)
		at org.apache.catalina.core.StandardContext.loadOnStartup(StandardContext.java:4153)
		at org.apache.catalina.core.StandardContext.startInternal(StandardContext.java:4437)
		at org.apache.catalina.util.LifecycleBase.start(LifecycleBase.java:164)
		at org.apache.catalina.core.ContainerBase.addChild(ContainerBase.java:566)
		at org.apache.catalina.core.StandardHost.addChild(StandardHost.java:653)
		at org.apache.catalina.startup.HostConfig.deployWAR(HostConfig.java:933)
		at org.apache.catalina.startup.HostConfig$DeployWar.run(HostConfig.java:1875)
		at java.base/java.util.concurrent.Executors$RunnableAdapter.call(Executors.java:572)
		at java.base/java.util.concurrent.FutureTask.run(FutureTask.java:317)
		at org.apache.tomcat.util.threads.InlineExecutorService.execute(InlineExecutorService.java:75)
		at java.base/java.util.concurrent.AbstractExecutorService.submit(AbstractExecutorService.java:123)
		at org.apache.catalina.startup.HostConfig.deployWARs(HostConfig.java:735)
		at org.apache.catalina.startup.HostConfig.deployApps(HostConfig.java:387)
		at org.apache.catalina.startup.HostConfig.start(HostConfig.java:1593)
		at org.apache.catalina.startup.HostConfig.lifecycleEvent(HostConfig.java:267)
		at org.apache.catalina.util.LifecycleBase.fireLifecycleEvent(LifecycleBase.java:109)
		at org.apache.catalina.util.LifecycleBase.setStateInternal(LifecycleBase.java:389)
		at org.apache.catalina.util.LifecycleBase.setState(LifecycleBase.java:336)
		at org.apache.catalina.core.ContainerBase.startInternal(ContainerBase.java:743)
		at org.apache.catalina.core.StandardHost.startInternal(StandardHost.java:771)
		at org.apache.catalina.util.LifecycleBase.start(LifecycleBase.java:164)
		at org.apache.catalina.core.ContainerBase$StartChild.call(ContainerBase.java:1170)
		at org.apache.catalina.core.ContainerBase$StartChild.call(ContainerBase.java:1160)
		at java.base/java.util.concurrent.FutureTask.run(FutureTask.java:317)
		at org.apache.tomcat.util.threads.InlineExecutorService.execute(InlineExecutorService.java:75)
		at java.base/java.util.concurrent.AbstractExecutorService.submit(AbstractExecutorService.java:145)
		at org.apache.catalina.core.ContainerBase.startInternal(ContainerBase.java:716)
		at org.apache.catalina.core.StandardEngine.startInternal(StandardEngine.java:203)
		at org.apache.catalina.util.LifecycleBase.start(LifecycleBase.java:164)
		at org.apache.catalina.core.StandardService.startInternal(StandardService.java:415)
		at org.apache.catalina.util.LifecycleBase.start(LifecycleBase.java:164)
		at org.apache.catalina.core.StandardServer.startInternal(StandardServer.java:866)
		at org.apache.catalina.util.LifecycleBase.start(LifecycleBase.java:164)
		at org.apache.catalina.startup.Catalina.start(Catalina.java:759)
		at java.base/jdk.internal.reflect.DirectMethodHandleAccessor.invoke(DirectMethodHandleAccessor.java:103)
		at java.base/java.lang.reflect.Method.invoke(Method.java:580)
		at org.apache.catalina.startup.Bootstrap.start(Bootstrap.java:342)
		at org.apache.catalina.startup.Bootstrap.main(Bootstrap.java:470)
14-Jan-2025 12:42:32.516 INFO [main] org.apache.catalina.core.ApplicationContext.log ContextListener: contextInitialized()
14-Jan-2025 12:42:32.516 INFO [main] org.apache.catalina.core.ApplicationContext.log SessionListener: contextInitialized()
14-Jan-2025 12:42:32.518 INFO [main] org.apache.catalina.core.ApplicationContext.log ContextListener: attributeAdded('StockTicker', 'async.Stockticker@6e161cea')
14-Jan-2025 12:42:38.476 INFO [http-nio-8080-exec-1] org.apache.catalina.core.ApplicationContext.log Initializing Spring DispatcherServlet 'dispatcher'
14-Jan-2025 12:42:38.548 SEVERE [http-nio-8080-exec-1] org.apache.catalina.core.ApplicationContext.log Servlet.init() для сервлета [dispatcher] выбросил исключение
	org.springframework.jdbc.datasource.init.UncategorizedScriptException: Failed to execute database script
		at org.springframework.jdbc.datasource.init.DatabasePopulatorUtils.execute(DatabasePopulatorUtils.java:67)
		at org.springframework.jdbc.datasource.init.ResourceDatabasePopulator.execute(ResourceDatabasePopulator.java:269)
		at ru.yandex.practicum.configuration.DataSourceConfiguration.populate(DataSourceConfiguration.java:49)
		at java.base/jdk.internal.reflect.DirectMethodHandleAccessor.invoke(DirectMethodHandleAccessor.java:103)
		at java.base/java.lang.reflect.Method.invoke(Method.java:580)
		at org.springframework.context.event.ApplicationListenerMethodAdapter.doInvoke(ApplicationListenerMethodAdapter.java:382)
		at org.springframework.context.event.ApplicationListenerMethodAdapter.processEvent(ApplicationListenerMethodAdapter.java:254)
		at org.springframework.context.event.ApplicationListenerMethodAdapter.onApplicationEvent(ApplicationListenerMethodAdapter.java:173)
		at org.springframework.context.event.SimpleApplicationEventMulticaster.doInvokeListener(SimpleApplicationEventMulticaster.java:185)
		at org.springframework.context.event.SimpleApplicationEventMulticaster.invokeListener(SimpleApplicationEventMulticaster.java:178)
		at org.springframework.context.event.SimpleApplicationEventMulticaster.multicastEvent(SimpleApplicationEventMulticaster.java:156)
		at org.springframework.context.support.AbstractApplicationContext.publishEvent(AbstractApplicationContext.java:454)
		at org.springframework.context.support.AbstractApplicationContext.publishEvent(AbstractApplicationContext.java:387)
		at org.springframework.context.support.AbstractApplicationContext.finishRefresh(AbstractApplicationContext.java:1009)
		at org.springframework.context.support.AbstractApplicationContext.refresh(AbstractApplicationContext.java:630)
		at org.springframework.web.servlet.FrameworkServlet.configureAndRefreshWebApplicationContext(FrameworkServlet.java:706)
		at org.springframework.web.servlet.FrameworkServlet.createWebApplicationContext(FrameworkServlet.java:672)
		at org.springframework.web.servlet.FrameworkServlet.createWebApplicationContext(FrameworkServlet.java:720)
		at org.springframework.web.servlet.FrameworkServlet.initWebApplicationContext(FrameworkServlet.java:595)
		at org.springframework.web.servlet.FrameworkServlet.initServletBean(FrameworkServlet.java:537)
		at org.springframework.web.servlet.HttpServletBean.init(HttpServletBean.java:169)
		at jakarta.servlet.GenericServlet.init(GenericServlet.java:143)
		at jakarta.servlet.http.HttpServlet.init(HttpServlet.java:122)
		at org.apache.catalina.core.StandardWrapper.initServlet(StandardWrapper.java:817)
		at org.apache.catalina.core.StandardWrapper.loadServlet(StandardWrapper.java:787)
		at org.apache.catalina.core.StandardWrapper.allocate(StandardWrapper.java:568)
		at org.apache.catalina.core.StandardWrapperValve.invoke(StandardWrapperValve.java:115)
		at org.apache.catalina.core.StandardContextValve.invoke(StandardContextValve.java:79)
		at org.apache.catalina.authenticator.AuthenticatorBase.invoke(AuthenticatorBase.java:483)
		at org.apache.catalina.core.StandardHostValve.invoke(StandardHostValve.java:115)
		at org.apache.catalina.valves.ErrorReportValve.invoke(ErrorReportValve.java:93)
		at org.apache.catalina.valves.AbstractAccessLogValve.invoke(AbstractAccessLogValve.java:663)
		at org.apache.catalina.core.StandardEngineValve.invoke(StandardEngineValve.java:74)
		at org.apache.catalina.connector.CoyoteAdapter.service(CoyoteAdapter.java:342)
		at org.apache.coyote.http11.Http11Processor.service(Http11Processor.java:395)
		at org.apache.coyote.AbstractProcessorLight.process(AbstractProcessorLight.java:63)
		at org.apache.coyote.AbstractProtocol$ConnectionHandler.process(AbstractProtocol.java:905)
		at org.apache.tomcat.util.net.NioEndpoint$SocketProcessor.doRun(NioEndpoint.java:1746)
		at org.apache.tomcat.util.net.SocketProcessorBase.run(SocketProcessorBase.java:52)
		at org.apache.tomcat.util.threads.ThreadPoolExecutor.runWorker(ThreadPoolExecutor.java:1148)
		at org.apache.tomcat.util.threads.ThreadPoolExecutor$Worker.run(ThreadPoolExecutor.java:636)
		at org.apache.tomcat.util.threads.TaskThread$WrappingRunnable.run(TaskThread.java:63)
		at java.base/java.lang.Thread.run(Thread.java:1583)
	Caused by: org.springframework.jdbc.CannotGetJdbcConnectionException: Failed to obtain JDBC Connection
		at org.springframework.jdbc.datasource.DataSourceUtils.getConnection(DataSourceUtils.java:84)
		at org.springframework.jdbc.datasource.init.DatabasePopulatorUtils.execute(DatabasePopulatorUtils.java:52)
		... 42 more
	Caused by: java.sql.SQLException: No suitable driver found for ${spring.datasource.url}
		at java.sql/java.sql.DriverManager.getConnection(DriverManager.java:708)
		at java.sql/java.sql.DriverManager.getConnection(DriverManager.java:191)
		at org.springframework.jdbc.datasource.DriverManagerDataSource.getConnectionFromDriverManager(DriverManagerDataSource.java:155)
		at org.springframework.jdbc.datasource.DriverManagerDataSource.getConnectionFromDriver(DriverManagerDataSource.java:146)
		at org.springframework.jdbc.datasource.AbstractDriverBasedDataSource.getConnectionFromDriver(AbstractDriverBasedDataSource.java:205)
		at org.springframework.jdbc.datasource.AbstractDriverBasedDataSource.getConnection(AbstractDriverBasedDataSource.java:169)
		at org.springframework.jdbc.datasource.DataSourceUtils.fetchConnection(DataSourceUtils.java:160)
		at org.springframework.jdbc.datasource.DataSourceUtils.doGetConnection(DataSourceUtils.java:118)
		at org.springframework.jdbc.datasource.DataSourceUtils.getConnection(DataSourceUtils.java:81)
		... 43 more
14-Jan-2025 12:42:38.548 SEVERE [http-nio-8080-exec-1] org.apache.catalina.core.StandardWrapperValve.invoke Ошибка выделения для сервлета [dispatcher]
	java.sql.SQLException: No suitable driver found for ${spring.datasource.url}
		at java.sql/java.sql.DriverManager.getConnection(DriverManager.java:708)
		at java.sql/java.sql.DriverManager.getConnection(DriverManager.java:191)
		at org.springframework.jdbc.datasource.DriverManagerDataSource.getConnectionFromDriverManager(DriverManagerDataSource.java:155)
		at org.springframework.jdbc.datasource.DriverManagerDataSource.getConnectionFromDriver(DriverManagerDataSource.java:146)
		at org.springframework.jdbc.datasource.AbstractDriverBasedDataSource.getConnectionFromDriver(AbstractDriverBasedDataSource.java:205)
		at org.springframework.jdbc.datasource.AbstractDriverBasedDataSource.getConnection(AbstractDriverBasedDataSource.java:169)
		at org.springframework.jdbc.datasource.DataSourceUtils.fetchConnection(DataSourceUtils.java:160)
		at org.springframework.jdbc.datasource.DataSourceUtils.doGetConnection(DataSourceUtils.java:118)
		at org.springframework.jdbc.datasource.DataSourceUtils.getConnection(DataSourceUtils.java:81)
		at org.springframework.jdbc.datasource.init.DatabasePopulatorUtils.execute(DatabasePopulatorUtils.java:52)
		at org.springframework.jdbc.datasource.init.ResourceDatabasePopulator.execute(ResourceDatabasePopulator.java:269)
		at ru.yandex.practicum.configuration.DataSourceConfiguration.populate(DataSourceConfiguration.java:49)
		at java.base/jdk.internal.reflect.DirectMethodHandleAccessor.invoke(DirectMethodHandleAccessor.java:103)
		at java.base/java.lang.reflect.Method.invoke(Method.java:580)
		at org.springframework.context.event.ApplicationListenerMethodAdapter.doInvoke(ApplicationListenerMethodAdapter.java:382)
		at org.springframework.context.event.ApplicationListenerMethodAdapter.processEvent(ApplicationListenerMethodAdapter.java:254)
		at org.springframework.context.event.ApplicationListenerMethodAdapter.onApplicationEvent(ApplicationListenerMethodAdapter.java:173)
		at org.springframework.context.event.SimpleApplicationEventMulticaster.doInvokeListener(SimpleApplicationEventMulticaster.java:185)
		at org.springframework.context.event.SimpleApplicationEventMulticaster.invokeListener(SimpleApplicationEventMulticaster.java:178)
		at org.springframework.context.event.SimpleApplicationEventMulticaster.multicastEvent(SimpleApplicationEventMulticaster.java:156)
		at org.springframework.context.support.AbstractApplicationContext.publishEvent(AbstractApplicationContext.java:454)
		at org.springframework.context.support.AbstractApplicationContext.publishEvent(AbstractApplicationContext.java:387)
		at org.springframework.context.support.AbstractApplicationContext.finishRefresh(AbstractApplicationContext.java:1009)
		at org.springframework.context.support.AbstractApplicationContext.refresh(AbstractApplicationContext.java:630)
		at org.springframework.web.servlet.FrameworkServlet.configureAndRefreshWebApplicationContext(FrameworkServlet.java:706)
		at org.springframework.web.servlet.FrameworkServlet.createWebApplicationContext(FrameworkServlet.java:672)
		at org.springframework.web.servlet.FrameworkServlet.createWebApplicationContext(FrameworkServlet.java:720)
		at org.springframework.web.servlet.FrameworkServlet.initWebApplicationContext(FrameworkServlet.java:595)
		at org.springframework.web.servlet.FrameworkServlet.initServletBean(FrameworkServlet.java:537)
		at org.springframework.web.servlet.HttpServletBean.init(HttpServletBean.java:169)
		at jakarta.servlet.GenericServlet.init(GenericServlet.java:143)
		at jakarta.servlet.http.HttpServlet.init(HttpServlet.java:122)
		at org.apache.catalina.core.StandardWrapper.initServlet(StandardWrapper.java:817)
		at org.apache.catalina.core.StandardWrapper.loadServlet(StandardWrapper.java:787)
		at org.apache.catalina.core.StandardWrapper.allocate(StandardWrapper.java:568)
		at org.apache.catalina.core.StandardWrapperValve.invoke(StandardWrapperValve.java:115)
		at org.apache.catalina.core.StandardContextValve.invoke(StandardContextValve.java:79)
		at org.apache.catalina.authenticator.AuthenticatorBase.invoke(AuthenticatorBase.java:483)
		at org.apache.catalina.core.StandardHostValve.invoke(StandardHostValve.java:115)
		at org.apache.catalina.valves.ErrorReportValve.invoke(ErrorReportValve.java:93)
		at org.apache.catalina.valves.AbstractAccessLogValve.invoke(AbstractAccessLogValve.java:663)
		at org.apache.catalina.core.StandardEngineValve.invoke(StandardEngineValve.java:74)
		at org.apache.catalina.connector.CoyoteAdapter.service(CoyoteAdapter.java:342)
		at org.apache.coyote.http11.Http11Processor.service(Http11Processor.java:395)
		at org.apache.coyote.AbstractProcessorLight.process(AbstractProcessorLight.java:63)
		at org.apache.coyote.AbstractProtocol$ConnectionHandler.process(AbstractProtocol.java:905)
		at org.apache.tomcat.util.net.NioEndpoint$SocketProcessor.doRun(NioEndpoint.java:1746)
		at org.apache.tomcat.util.net.SocketProcessorBase.run(SocketProcessorBase.java:52)
		at org.apache.tomcat.util.threads.ThreadPoolExecutor.runWorker(ThreadPoolExecutor.java:1148)
		at org.apache.tomcat.util.threads.ThreadPoolExecutor$Worker.run(ThreadPoolExecutor.java:636)
		at org.apache.tomcat.util.threads.TaskThread$WrappingRunnable.run(TaskThread.java:63)
		at java.base/java.lang.Thread.run(Thread.java:1583)
14-Jan-2025 12:42:39.704 INFO [http-nio-8080-exec-2] org.apache.catalina.core.ApplicationContext.log Initializing Spring DispatcherServlet 'dispatcher'
14-Jan-2025 12:42:39.782 SEVERE [http-nio-8080-exec-2] org.apache.catalina.core.ApplicationContext.log Servlet.init() для сервлета [dispatcher] выбросил исключение
	org.springframework.jdbc.datasource.init.UncategorizedScriptException: Failed to execute database script
		at org.springframework.jdbc.datasource.init.DatabasePopulatorUtils.execute(DatabasePopulatorUtils.java:67)
		at org.springframework.jdbc.datasource.init.ResourceDatabasePopulator.execute(ResourceDatabasePopulator.java:269)
		at ru.yandex.practicum.configuration.DataSourceConfiguration.populate(DataSourceConfiguration.java:49)
		at java.base/jdk.internal.reflect.DirectMethodHandleAccessor.invoke(DirectMethodHandleAccessor.java:103)
		at java.base/java.lang.reflect.Method.invoke(Method.java:580)
		at org.springframework.context.event.ApplicationListenerMethodAdapter.doInvoke(ApplicationListenerMethodAdapter.java:382)
		at org.springframework.context.event.ApplicationListenerMethodAdapter.processEvent(ApplicationListenerMethodAdapter.java:254)
		at org.springframework.context.event.ApplicationListenerMethodAdapter.onApplicationEvent(ApplicationListenerMethodAdapter.java:173)
		at org.springframework.context.event.SimpleApplicationEventMulticaster.doInvokeListener(SimpleApplicationEventMulticaster.java:185)
		at org.springframework.context.event.SimpleApplicationEventMulticaster.invokeListener(SimpleApplicationEventMulticaster.java:178)
		at org.springframework.context.event.SimpleApplicationEventMulticaster.multicastEvent(SimpleApplicationEventMulticaster.java:156)
		at org.springframework.context.support.AbstractApplicationContext.publishEvent(AbstractApplicationContext.java:454)
		at org.springframework.context.support.AbstractApplicationContext.publishEvent(AbstractApplicationContext.java:387)
		at org.springframework.context.support.AbstractApplicationContext.finishRefresh(AbstractApplicationContext.java:1009)
		at org.springframework.context.support.AbstractApplicationContext.refresh(AbstractApplicationContext.java:630)
		at org.springframework.web.servlet.FrameworkServlet.configureAndRefreshWebApplicationContext(FrameworkServlet.java:706)
		at org.springframework.web.servlet.FrameworkServlet.createWebApplicationContext(FrameworkServlet.java:672)
		at org.springframework.web.servlet.FrameworkServlet.createWebApplicationContext(FrameworkServlet.java:720)
		at org.springframework.web.servlet.FrameworkServlet.initWebApplicationContext(FrameworkServlet.java:595)
		at org.springframework.web.servlet.FrameworkServlet.initServletBean(FrameworkServlet.java:537)
		at org.springframework.web.servlet.HttpServletBean.init(HttpServletBean.java:169)
		at jakarta.servlet.GenericServlet.init(GenericServlet.java:143)
		at jakarta.servlet.http.HttpServlet.init(HttpServlet.java:122)
		at org.apache.catalina.core.StandardWrapper.initServlet(StandardWrapper.java:817)
		at org.apache.catalina.core.StandardWrapper.loadServlet(StandardWrapper.java:787)
		at org.apache.catalina.core.StandardWrapper.allocate(StandardWrapper.java:568)
		at org.apache.catalina.core.StandardWrapperValve.invoke(StandardWrapperValve.java:115)
		at org.apache.catalina.core.StandardContextValve.invoke(StandardContextValve.java:79)
		at org.apache.catalina.authenticator.AuthenticatorBase.invoke(AuthenticatorBase.java:483)
		at org.apache.catalina.core.StandardHostValve.invoke(StandardHostValve.java:115)
		at org.apache.catalina.valves.ErrorReportValve.invoke(ErrorReportValve.java:93)
		at org.apache.catalina.valves.AbstractAccessLogValve.invoke(AbstractAccessLogValve.java:663)
		at org.apache.catalina.core.StandardEngineValve.invoke(StandardEngineValve.java:74)
		at org.apache.catalina.connector.CoyoteAdapter.service(CoyoteAdapter.java:342)
		at org.apache.coyote.http11.Http11Processor.service(Http11Processor.java:395)
		at org.apache.coyote.AbstractProcessorLight.process(AbstractProcessorLight.java:63)
		at org.apache.coyote.AbstractProtocol$ConnectionHandler.process(AbstractProtocol.java:905)
		at org.apache.tomcat.util.net.NioEndpoint$SocketProcessor.doRun(NioEndpoint.java:1746)
		at org.apache.tomcat.util.net.SocketProcessorBase.run(SocketProcessorBase.java:52)
		at org.apache.tomcat.util.threads.ThreadPoolExecutor.runWorker(ThreadPoolExecutor.java:1148)
		at org.apache.tomcat.util.threads.ThreadPoolExecutor$Worker.run(ThreadPoolExecutor.java:636)
		at org.apache.tomcat.util.threads.TaskThread$WrappingRunnable.run(TaskThread.java:63)
		at java.base/java.lang.Thread.run(Thread.java:1583)
	Caused by: org.springframework.jdbc.CannotGetJdbcConnectionException: Failed to obtain JDBC Connection
		at org.springframework.jdbc.datasource.DataSourceUtils.getConnection(DataSourceUtils.java:84)
		at org.springframework.jdbc.datasource.init.DatabasePopulatorUtils.execute(DatabasePopulatorUtils.java:52)
		... 42 more
	Caused by: java.sql.SQLException: No suitable driver found for ${spring.datasource.url}
		at java.sql/java.sql.DriverManager.getConnection(DriverManager.java:708)
		at java.sql/java.sql.DriverManager.getConnection(DriverManager.java:191)
		at org.springframework.jdbc.datasource.DriverManagerDataSource.getConnectionFromDriverManager(DriverManagerDataSource.java:155)
		at org.springframework.jdbc.datasource.DriverManagerDataSource.getConnectionFromDriver(DriverManagerDataSource.java:146)
		at org.springframework.jdbc.datasource.AbstractDriverBasedDataSource.getConnectionFromDriver(AbstractDriverBasedDataSource.java:205)
		at org.springframework.jdbc.datasource.AbstractDriverBasedDataSource.getConnection(AbstractDriverBasedDataSource.java:169)
		at org.springframework.jdbc.datasource.DataSourceUtils.fetchConnection(DataSourceUtils.java:160)
		at org.springframework.jdbc.datasource.DataSourceUtils.doGetConnection(DataSourceUtils.java:118)
		at org.springframework.jdbc.datasource.DataSourceUtils.getConnection(DataSourceUtils.java:81)
		... 43 more
14-Jan-2025 12:42:39.782 SEVERE [http-nio-8080-exec-2] org.apache.catalina.core.StandardWrapperValve.invoke Ошибка выделения для сервлета [dispatcher]
	java.sql.SQLException: No suitable driver found for ${spring.datasource.url}
		at java.sql/java.sql.DriverManager.getConnection(DriverManager.java:708)
		at java.sql/java.sql.DriverManager.getConnection(DriverManager.java:191)
		at org.springframework.jdbc.datasource.DriverManagerDataSource.getConnectionFromDriverManager(DriverManagerDataSource.java:155)
		at org.springframework.jdbc.datasource.DriverManagerDataSource.getConnectionFromDriver(DriverManagerDataSource.java:146)
		at org.springframework.jdbc.datasource.AbstractDriverBasedDataSource.getConnectionFromDriver(AbstractDriverBasedDataSource.java:205)
		at org.springframework.jdbc.datasource.AbstractDriverBasedDataSource.getConnection(AbstractDriverBasedDataSource.java:169)
		at org.springframework.jdbc.datasource.DataSourceUtils.fetchConnection(DataSourceUtils.java:160)
		at org.springframework.jdbc.datasource.DataSourceUtils.doGetConnection(DataSourceUtils.java:118)
		at org.springframework.jdbc.datasource.DataSourceUtils.getConnection(DataSourceUtils.java:81)
		at org.springframework.jdbc.datasource.init.DatabasePopulatorUtils.execute(DatabasePopulatorUtils.java:52)
		at org.springframework.jdbc.datasource.init.ResourceDatabasePopulator.execute(ResourceDatabasePopulator.java:269)
		at ru.yandex.practicum.configuration.DataSourceConfiguration.populate(DataSourceConfiguration.java:49)
		at java.base/jdk.internal.reflect.DirectMethodHandleAccessor.invoke(DirectMethodHandleAccessor.java:103)
		at java.base/java.lang.reflect.Method.invoke(Method.java:580)
		at org.springframework.context.event.ApplicationListenerMethodAdapter.doInvoke(ApplicationListenerMethodAdapter.java:382)
		at org.springframework.context.event.ApplicationListenerMethodAdapter.processEvent(ApplicationListenerMethodAdapter.java:254)
		at org.springframework.context.event.ApplicationListenerMethodAdapter.onApplicationEvent(ApplicationListenerMethodAdapter.java:173)
		at org.springframework.context.event.SimpleApplicationEventMulticaster.doInvokeListener(SimpleApplicationEventMulticaster.java:185)
		at org.springframework.context.event.SimpleApplicationEventMulticaster.invokeListener(SimpleApplicationEventMulticaster.java:178)
		at org.springframework.context.event.SimpleApplicationEventMulticaster.multicastEvent(SimpleApplicationEventMulticaster.java:156)
		at org.springframework.context.support.AbstractApplicationContext.publishEvent(AbstractApplicationContext.java:454)
		at org.springframework.context.support.AbstractApplicationContext.publishEvent(AbstractApplicationContext.java:387)
		at org.springframework.context.support.AbstractApplicationContext.finishRefresh(AbstractApplicationContext.java:1009)
		at org.springframework.context.support.AbstractApplicationContext.refresh(AbstractApplicationContext.java:630)
		at org.springframework.web.servlet.FrameworkServlet.configureAndRefreshWebApplicationContext(FrameworkServlet.java:706)
		at org.springframework.web.servlet.FrameworkServlet.createWebApplicationContext(FrameworkServlet.java:672)
		at org.springframework.web.servlet.FrameworkServlet.createWebApplicationContext(FrameworkServlet.java:720)
		at org.springframework.web.servlet.FrameworkServlet.initWebApplicationContext(FrameworkServlet.java:595)
		at org.springframework.web.servlet.FrameworkServlet.initServletBean(FrameworkServlet.java:537)
		at org.springframework.web.servlet.HttpServletBean.init(HttpServletBean.java:169)
		at jakarta.servlet.GenericServlet.init(GenericServlet.java:143)
		at jakarta.servlet.http.HttpServlet.init(HttpServlet.java:122)
		at org.apache.catalina.core.StandardWrapper.initServlet(StandardWrapper.java:817)
		at org.apache.catalina.core.StandardWrapper.loadServlet(StandardWrapper.java:787)
		at org.apache.catalina.core.StandardWrapper.allocate(StandardWrapper.java:568)
		at org.apache.catalina.core.StandardWrapperValve.invoke(StandardWrapperValve.java:115)
		at org.apache.catalina.core.StandardContextValve.invoke(StandardContextValve.java:79)
		at org.apache.catalina.authenticator.AuthenticatorBase.invoke(AuthenticatorBase.java:483)
		at org.apache.catalina.core.StandardHostValve.invoke(StandardHostValve.java:115)
		at org.apache.catalina.valves.ErrorReportValve.invoke(ErrorReportValve.java:93)
		at org.apache.catalina.valves.AbstractAccessLogValve.invoke(AbstractAccessLogValve.java:663)
		at org.apache.catalina.core.StandardEngineValve.invoke(StandardEngineValve.java:74)
		at org.apache.catalina.connector.CoyoteAdapter.service(CoyoteAdapter.java:342)
		at org.apache.coyote.http11.Http11Processor.service(Http11Processor.java:395)
		at org.apache.coyote.AbstractProcessorLight.process(AbstractProcessorLight.java:63)
		at org.apache.coyote.AbstractProtocol$ConnectionHandler.process(AbstractProtocol.java:905)
		at org.apache.tomcat.util.net.NioEndpoint$SocketProcessor.doRun(NioEndpoint.java:1746)
		at org.apache.tomcat.util.net.SocketProcessorBase.run(SocketProcessorBase.java:52)
		at org.apache.tomcat.util.threads.ThreadPoolExecutor.runWorker(ThreadPoolExecutor.java:1148)
		at org.apache.tomcat.util.threads.ThreadPoolExecutor$Worker.run(ThreadPoolExecutor.java:636)
		at org.apache.tomcat.util.threads.TaskThread$WrappingRunnable.run(TaskThread.java:63)
		at java.base/java.lang.Thread.run(Thread.java:1583)
14-Jan-2025 12:42:45.061 INFO [http-nio-8080-exec-3] org.apache.catalina.core.ApplicationContext.log Initializing Spring DispatcherServlet 'dispatcher'
14-Jan-2025 12:42:45.163 SEVERE [http-nio-8080-exec-3] org.apache.catalina.core.ApplicationContext.log Servlet.init() для сервлета [dispatcher] выбросил исключение
	org.springframework.jdbc.datasource.init.UncategorizedScriptException: Failed to execute database script
		at org.springframework.jdbc.datasource.init.DatabasePopulatorUtils.execute(DatabasePopulatorUtils.java:67)
		at org.springframework.jdbc.datasource.init.ResourceDatabasePopulator.execute(ResourceDatabasePopulator.java:269)
		at ru.yandex.practicum.configuration.DataSourceConfiguration.populate(DataSourceConfiguration.java:49)
		at java.base/jdk.internal.reflect.DirectMethodHandleAccessor.invoke(DirectMethodHandleAccessor.java:103)
		at java.base/java.lang.reflect.Method.invoke(Method.java:580)
		at org.springframework.context.event.ApplicationListenerMethodAdapter.doInvoke(ApplicationListenerMethodAdapter.java:382)
		at org.springframework.context.event.ApplicationListenerMethodAdapter.processEvent(ApplicationListenerMethodAdapter.java:254)
		at org.springframework.context.event.ApplicationListenerMethodAdapter.onApplicationEvent(ApplicationListenerMethodAdapter.java:173)
		at org.springframework.context.event.SimpleApplicationEventMulticaster.doInvokeListener(SimpleApplicationEventMulticaster.java:185)
		at org.springframework.context.event.SimpleApplicationEventMulticaster.invokeListener(SimpleApplicationEventMulticaster.java:178)
		at org.springframework.context.event.SimpleApplicationEventMulticaster.multicastEvent(SimpleApplicationEventMulticaster.java:156)
		at org.springframework.context.support.AbstractApplicationContext.publishEvent(AbstractApplicationContext.java:454)
		at org.springframework.context.support.AbstractApplicationContext.publishEvent(AbstractApplicationContext.java:387)
		at org.springframework.context.support.AbstractApplicationContext.finishRefresh(AbstractApplicationContext.java:1009)
		at org.springframework.context.support.AbstractApplicationContext.refresh(AbstractApplicationContext.java:630)
		at org.springframework.web.servlet.FrameworkServlet.configureAndRefreshWebApplicationContext(FrameworkServlet.java:706)
		at org.springframework.web.servlet.FrameworkServlet.createWebApplicationContext(FrameworkServlet.java:672)
		at org.springframework.web.servlet.FrameworkServlet.createWebApplicationContext(FrameworkServlet.java:720)
		at org.springframework.web.servlet.FrameworkServlet.initWebApplicationContext(FrameworkServlet.java:595)
		at org.springframework.web.servlet.FrameworkServlet.initServletBean(FrameworkServlet.java:537)
		at org.springframework.web.servlet.HttpServletBean.init(HttpServletBean.java:169)
		at jakarta.servlet.GenericServlet.init(GenericServlet.java:143)
		at jakarta.servlet.http.HttpServlet.init(HttpServlet.java:122)
		at org.apache.catalina.core.StandardWrapper.initServlet(StandardWrapper.java:817)
		at org.apache.catalina.core.StandardWrapper.loadServlet(StandardWrapper.java:787)
		at org.apache.catalina.core.StandardWrapper.allocate(StandardWrapper.java:568)
		at org.apache.catalina.core.StandardWrapperValve.invoke(StandardWrapperValve.java:115)
		at org.apache.catalina.core.StandardContextValve.invoke(StandardContextValve.java:79)
		at org.apache.catalina.authenticator.AuthenticatorBase.invoke(AuthenticatorBase.java:483)
		at org.apache.catalina.core.StandardHostValve.invoke(StandardHostValve.java:115)
		at org.apache.catalina.valves.ErrorReportValve.invoke(ErrorReportValve.java:93)
		at org.apache.catalina.valves.AbstractAccessLogValve.invoke(AbstractAccessLogValve.java:663)
		at org.apache.catalina.core.StandardEngineValve.invoke(StandardEngineValve.java:74)
		at org.apache.catalina.connector.CoyoteAdapter.service(CoyoteAdapter.java:342)
		at org.apache.coyote.http11.Http11Processor.service(Http11Processor.java:395)
		at org.apache.coyote.AbstractProcessorLight.process(AbstractProcessorLight.java:63)
		at org.apache.coyote.AbstractProtocol$ConnectionHandler.process(AbstractProtocol.java:905)
		at org.apache.tomcat.util.net.NioEndpoint$SocketProcessor.doRun(NioEndpoint.java:1746)
		at org.apache.tomcat.util.net.SocketProcessorBase.run(SocketProcessorBase.java:52)
		at org.apache.tomcat.util.threads.ThreadPoolExecutor.runWorker(ThreadPoolExecutor.java:1148)
		at org.apache.tomcat.util.threads.ThreadPoolExecutor$Worker.run(ThreadPoolExecutor.java:636)
		at org.apache.tomcat.util.threads.TaskThread$WrappingRunnable.run(TaskThread.java:63)
		at java.base/java.lang.Thread.run(Thread.java:1583)
	Caused by: org.springframework.jdbc.CannotGetJdbcConnectionException: Failed to obtain JDBC Connection
		at org.springframework.jdbc.datasource.DataSourceUtils.getConnection(DataSourceUtils.java:84)
		at org.springframework.jdbc.datasource.init.DatabasePopulatorUtils.execute(DatabasePopulatorUtils.java:52)
		... 42 more
	Caused by: java.sql.SQLException: No suitable driver found for ${spring.datasource.url}
		at java.sql/java.sql.DriverManager.getConnection(DriverManager.java:708)
		at java.sql/java.sql.DriverManager.getConnection(DriverManager.java:191)
		at org.springframework.jdbc.datasource.DriverManagerDataSource.getConnectionFromDriverManager(DriverManagerDataSource.java:155)
		at org.springframework.jdbc.datasource.DriverManagerDataSource.getConnectionFromDriver(DriverManagerDataSource.java:146)
		at org.springframework.jdbc.datasource.AbstractDriverBasedDataSource.getConnectionFromDriver(AbstractDriverBasedDataSource.java:205)
		at org.springframework.jdbc.datasource.AbstractDriverBasedDataSource.getConnection(AbstractDriverBasedDataSource.java:169)
		at org.springframework.jdbc.datasource.DataSourceUtils.fetchConnection(DataSourceUtils.java:160)
		at org.springframework.jdbc.datasource.DataSourceUtils.doGetConnection(DataSourceUtils.java:118)
		at org.springframework.jdbc.datasource.DataSourceUtils.getConnection(DataSourceUtils.java:81)
		... 43 more
14-Jan-2025 12:42:45.164 SEVERE [http-nio-8080-exec-3] org.apache.catalina.core.StandardWrapperValve.invoke Ошибка выделения для сервлета [dispatcher]
	java.sql.SQLException: No suitable driver found for ${spring.datasource.url}
		at java.sql/java.sql.DriverManager.getConnection(DriverManager.java:708)
		at java.sql/java.sql.DriverManager.getConnection(DriverManager.java:191)
		at org.springframework.jdbc.datasource.DriverManagerDataSource.getConnectionFromDriverManager(DriverManagerDataSource.java:155)
		at org.springframework.jdbc.datasource.DriverManagerDataSource.getConnectionFromDriver(DriverManagerDataSource.java:146)
		at org.springframework.jdbc.datasource.AbstractDriverBasedDataSource.getConnectionFromDriver(AbstractDriverBasedDataSource.java:205)
		at org.springframework.jdbc.datasource.AbstractDriverBasedDataSource.getConnection(AbstractDriverBasedDataSource.java:169)
		at org.springframework.jdbc.datasource.DataSourceUtils.fetchConnection(DataSourceUtils.java:160)
		at org.springframework.jdbc.datasource.DataSourceUtils.doGetConnection(DataSourceUtils.java:118)
		at org.springframework.jdbc.datasource.DataSourceUtils.getConnection(DataSourceUtils.java:81)
		at org.springframework.jdbc.datasource.init.DatabasePopulatorUtils.execute(DatabasePopulatorUtils.java:52)
		at org.springframework.jdbc.datasource.init.ResourceDatabasePopulator.execute(ResourceDatabasePopulator.java:269)
		at ru.yandex.practicum.configuration.DataSourceConfiguration.populate(DataSourceConfiguration.java:49)
		at java.base/jdk.internal.reflect.DirectMethodHandleAccessor.invoke(DirectMethodHandleAccessor.java:103)
		at java.base/java.lang.reflect.Method.invoke(Method.java:580)
		at org.springframework.context.event.ApplicationListenerMethodAdapter.doInvoke(ApplicationListenerMethodAdapter.java:382)
		at org.springframework.context.event.ApplicationListenerMethodAdapter.processEvent(ApplicationListenerMethodAdapter.java:254)
		at org.springframework.context.event.ApplicationListenerMethodAdapter.onApplicationEvent(ApplicationListenerMethodAdapter.java:173)
		at org.springframework.context.event.SimpleApplicationEventMulticaster.doInvokeListener(SimpleApplicationEventMulticaster.java:185)
		at org.springframework.context.event.SimpleApplicationEventMulticaster.invokeListener(SimpleApplicationEventMulticaster.java:178)
		at org.springframework.context.event.SimpleApplicationEventMulticaster.multicastEvent(SimpleApplicationEventMulticaster.java:156)
		at org.springframework.context.support.AbstractApplicationContext.publishEvent(AbstractApplicationContext.java:454)
		at org.springframework.context.support.AbstractApplicationContext.publishEvent(AbstractApplicationContext.java:387)
		at org.springframework.context.support.AbstractApplicationContext.finishRefresh(AbstractApplicationContext.java:1009)
		at org.springframework.context.support.AbstractApplicationContext.refresh(AbstractApplicationContext.java:630)
		at org.springframework.web.servlet.FrameworkServlet.configureAndRefreshWebApplicationContext(FrameworkServlet.java:706)
		at org.springframework.web.servlet.FrameworkServlet.createWebApplicationContext(FrameworkServlet.java:672)
		at org.springframework.web.servlet.FrameworkServlet.createWebApplicationContext(FrameworkServlet.java:720)
		at org.springframework.web.servlet.FrameworkServlet.initWebApplicationContext(FrameworkServlet.java:595)
		at org.springframework.web.servlet.FrameworkServlet.initServletBean(FrameworkServlet.java:537)
		at org.springframework.web.servlet.HttpServletBean.init(HttpServletBean.java:169)
		at jakarta.servlet.GenericServlet.init(GenericServlet.java:143)
		at jakarta.servlet.http.HttpServlet.init(HttpServlet.java:122)
		at org.apache.catalina.core.StandardWrapper.initServlet(StandardWrapper.java:817)
		at org.apache.catalina.core.StandardWrapper.loadServlet(StandardWrapper.java:787)
		at org.apache.catalina.core.StandardWrapper.allocate(StandardWrapper.java:568)
		at org.apache.catalina.core.StandardWrapperValve.invoke(StandardWrapperValve.java:115)
		at org.apache.catalina.core.StandardContextValve.invoke(StandardContextValve.java:79)
		at org.apache.catalina.authenticator.AuthenticatorBase.invoke(AuthenticatorBase.java:483)
		at org.apache.catalina.core.StandardHostValve.invoke(StandardHostValve.java:115)
		at org.apache.catalina.valves.ErrorReportValve.invoke(ErrorReportValve.java:93)
		at org.apache.catalina.valves.AbstractAccessLogValve.invoke(AbstractAccessLogValve.java:663)
		at org.apache.catalina.core.StandardEngineValve.invoke(StandardEngineValve.java:74)
		at org.apache.catalina.connector.CoyoteAdapter.service(CoyoteAdapter.java:342)
		at org.apache.coyote.http11.Http11Processor.service(Http11Processor.java:395)
		at org.apache.coyote.AbstractProcessorLight.process(AbstractProcessorLight.java:63)
		at org.apache.coyote.AbstractProtocol$ConnectionHandler.process(AbstractProtocol.java:905)
		at org.apache.tomcat.util.net.NioEndpoint$SocketProcessor.doRun(NioEndpoint.java:1746)
		at org.apache.tomcat.util.net.SocketProcessorBase.run(SocketProcessorBase.java:52)
		at org.apache.tomcat.util.threads.ThreadPoolExecutor.runWorker(ThreadPoolExecutor.java:1148)
		at org.apache.tomcat.util.threads.ThreadPoolExecutor$Worker.run(ThreadPoolExecutor.java:636)
		at org.apache.tomcat.util.threads.TaskThread$WrappingRunnable.run(TaskThread.java:63)
		at java.base/java.lang.Thread.run(Thread.java:1583)
14-Jan-2025 12:44:42.659 INFO [main] org.apache.catalina.core.ApplicationContext.log SessionListener: contextDestroyed()
14-Jan-2025 12:44:42.660 INFO [main] org.apache.catalina.core.ApplicationContext.log ContextListener: contextDestroyed()
14-Jan-2025 12:44:48.191 INFO [main] org.apache.catalina.core.ApplicationContext.log No Spring WebApplicationInitializer types detected on classpath
14-Jan-2025 12:44:48.338 INFO [main] org.apache.catalina.core.ApplicationContext.log Initializing Spring DispatcherServlet 'dispatcher'
14-Jan-2025 12:44:49.208 SEVERE [main] org.apache.catalina.core.ApplicationContext.log Servlet.init() для сервлета [dispatcher] выбросил исключение
	org.springframework.jdbc.datasource.init.UncategorizedScriptException: Failed to execute database script
		at org.springframework.jdbc.datasource.init.DatabasePopulatorUtils.execute(DatabasePopulatorUtils.java:67)
		at org.springframework.jdbc.datasource.init.ResourceDatabasePopulator.execute(ResourceDatabasePopulator.java:269)
		at ru.yandex.practicum.configuration.DataSourceConfiguration.populate(DataSourceConfiguration.java:49)
		at java.base/jdk.internal.reflect.DirectMethodHandleAccessor.invoke(DirectMethodHandleAccessor.java:103)
		at java.base/java.lang.reflect.Method.invoke(Method.java:580)
		at org.springframework.context.event.ApplicationListenerMethodAdapter.doInvoke(ApplicationListenerMethodAdapter.java:382)
		at org.springframework.context.event.ApplicationListenerMethodAdapter.processEvent(ApplicationListenerMethodAdapter.java:254)
		at org.springframework.context.event.ApplicationListenerMethodAdapter.onApplicationEvent(ApplicationListenerMethodAdapter.java:173)
		at org.springframework.context.event.SimpleApplicationEventMulticaster.doInvokeListener(SimpleApplicationEventMulticaster.java:185)
		at org.springframework.context.event.SimpleApplicationEventMulticaster.invokeListener(SimpleApplicationEventMulticaster.java:178)
		at org.springframework.context.event.SimpleApplicationEventMulticaster.multicastEvent(SimpleApplicationEventMulticaster.java:156)
		at org.springframework.context.support.AbstractApplicationContext.publishEvent(AbstractApplicationContext.java:454)
		at org.springframework.context.support.AbstractApplicationContext.publishEvent(AbstractApplicationContext.java:387)
		at org.springframework.context.support.AbstractApplicationContext.finishRefresh(AbstractApplicationContext.java:1009)
		at org.springframework.context.support.AbstractApplicationContext.refresh(AbstractApplicationContext.java:630)
		at org.springframework.web.servlet.FrameworkServlet.configureAndRefreshWebApplicationContext(FrameworkServlet.java:706)
		at org.springframework.web.servlet.FrameworkServlet.createWebApplicationContext(FrameworkServlet.java:672)
		at org.springframework.web.servlet.FrameworkServlet.createWebApplicationContext(FrameworkServlet.java:720)
		at org.springframework.web.servlet.FrameworkServlet.initWebApplicationContext(FrameworkServlet.java:595)
		at org.springframework.web.servlet.FrameworkServlet.initServletBean(FrameworkServlet.java:537)
		at org.springframework.web.servlet.HttpServletBean.init(HttpServletBean.java:169)
		at jakarta.servlet.GenericServlet.init(GenericServlet.java:143)
		at jakarta.servlet.http.HttpServlet.init(HttpServlet.java:122)
		at org.apache.catalina.core.StandardWrapper.initServlet(StandardWrapper.java:817)
		at org.apache.catalina.core.StandardWrapper.loadServlet(StandardWrapper.java:787)
		at org.apache.catalina.core.StandardWrapper.load(StandardWrapper.java:691)
		at org.apache.catalina.core.StandardContext.loadOnStartup(StandardContext.java:4153)
		at org.apache.catalina.core.StandardContext.startInternal(StandardContext.java:4437)
		at org.apache.catalina.util.LifecycleBase.start(LifecycleBase.java:164)
		at org.apache.catalina.core.ContainerBase.addChild(ContainerBase.java:566)
		at org.apache.catalina.core.StandardHost.addChild(StandardHost.java:653)
		at org.apache.catalina.startup.HostConfig.deployWAR(HostConfig.java:933)
		at org.apache.catalina.startup.HostConfig$DeployWar.run(HostConfig.java:1875)
		at java.base/java.util.concurrent.Executors$RunnableAdapter.call(Executors.java:572)
		at java.base/java.util.concurrent.FutureTask.run(FutureTask.java:317)
		at org.apache.tomcat.util.threads.InlineExecutorService.execute(InlineExecutorService.java:75)
		at java.base/java.util.concurrent.AbstractExecutorService.submit(AbstractExecutorService.java:123)
		at org.apache.catalina.startup.HostConfig.deployWARs(HostConfig.java:735)
		at org.apache.catalina.startup.HostConfig.deployApps(HostConfig.java:387)
		at org.apache.catalina.startup.HostConfig.start(HostConfig.java:1593)
		at org.apache.catalina.startup.HostConfig.lifecycleEvent(HostConfig.java:267)
		at org.apache.catalina.util.LifecycleBase.fireLifecycleEvent(LifecycleBase.java:109)
		at org.apache.catalina.util.LifecycleBase.setStateInternal(LifecycleBase.java:389)
		at org.apache.catalina.util.LifecycleBase.setState(LifecycleBase.java:336)
		at org.apache.catalina.core.ContainerBase.startInternal(ContainerBase.java:743)
		at org.apache.catalina.core.StandardHost.startInternal(StandardHost.java:771)
		at org.apache.catalina.util.LifecycleBase.start(LifecycleBase.java:164)
		at org.apache.catalina.core.ContainerBase$StartChild.call(ContainerBase.java:1170)
		at org.apache.catalina.core.ContainerBase$StartChild.call(ContainerBase.java:1160)
		at java.base/java.util.concurrent.FutureTask.run(FutureTask.java:317)
		at org.apache.tomcat.util.threads.InlineExecutorService.execute(InlineExecutorService.java:75)
		at java.base/java.util.concurrent.AbstractExecutorService.submit(AbstractExecutorService.java:145)
		at org.apache.catalina.core.ContainerBase.startInternal(ContainerBase.java:716)
		at org.apache.catalina.core.StandardEngine.startInternal(StandardEngine.java:203)
		at org.apache.catalina.util.LifecycleBase.start(LifecycleBase.java:164)
		at org.apache.catalina.core.StandardService.startInternal(StandardService.java:415)
		at org.apache.catalina.util.LifecycleBase.start(LifecycleBase.java:164)
		at org.apache.catalina.core.StandardServer.startInternal(StandardServer.java:866)
		at org.apache.catalina.util.LifecycleBase.start(LifecycleBase.java:164)
		at org.apache.catalina.startup.Catalina.start(Catalina.java:759)
		at java.base/jdk.internal.reflect.DirectMethodHandleAccessor.invoke(DirectMethodHandleAccessor.java:103)
		at java.base/java.lang.reflect.Method.invoke(Method.java:580)
		at org.apache.catalina.startup.Bootstrap.start(Bootstrap.java:342)
		at org.apache.catalina.startup.Bootstrap.main(Bootstrap.java:470)
	Caused by: org.springframework.jdbc.CannotGetJdbcConnectionException: Failed to obtain JDBC Connection
		at org.springframework.jdbc.datasource.DataSourceUtils.getConnection(DataSourceUtils.java:84)
		at org.springframework.jdbc.datasource.init.DatabasePopulatorUtils.execute(DatabasePopulatorUtils.java:52)
		... 63 more
	Caused by: java.sql.SQLException: No suitable driver found for ${spring.datasource.url}
		at java.sql/java.sql.DriverManager.getConnection(DriverManager.java:708)
		at java.sql/java.sql.DriverManager.getConnection(DriverManager.java:191)
		at org.springframework.jdbc.datasource.DriverManagerDataSource.getConnectionFromDriverManager(DriverManagerDataSource.java:155)
		at org.springframework.jdbc.datasource.DriverManagerDataSource.getConnectionFromDriver(DriverManagerDataSource.java:146)
		at org.springframework.jdbc.datasource.AbstractDriverBasedDataSource.getConnectionFromDriver(AbstractDriverBasedDataSource.java:205)
		at org.springframework.jdbc.datasource.AbstractDriverBasedDataSource.getConnection(AbstractDriverBasedDataSource.java:169)
		at org.springframework.jdbc.datasource.DataSourceUtils.fetchConnection(DataSourceUtils.java:160)
		at org.springframework.jdbc.datasource.DataSourceUtils.doGetConnection(DataSourceUtils.java:118)
		at org.springframework.jdbc.datasource.DataSourceUtils.getConnection(DataSourceUtils.java:81)
		... 64 more
14-Jan-2025 12:44:49.208 SEVERE [main] org.apache.catalina.core.StandardContext.loadOnStartup Servlet [dispatcher] in web application [/study] threw load() exception
	java.sql.SQLException: No suitable driver found for ${spring.datasource.url}
		at java.sql/java.sql.DriverManager.getConnection(DriverManager.java:708)
		at java.sql/java.sql.DriverManager.getConnection(DriverManager.java:191)
		at org.springframework.jdbc.datasource.DriverManagerDataSource.getConnectionFromDriverManager(DriverManagerDataSource.java:155)
		at org.springframework.jdbc.datasource.DriverManagerDataSource.getConnectionFromDriver(DriverManagerDataSource.java:146)
		at org.springframework.jdbc.datasource.AbstractDriverBasedDataSource.getConnectionFromDriver(AbstractDriverBasedDataSource.java:205)
		at org.springframework.jdbc.datasource.AbstractDriverBasedDataSource.getConnection(AbstractDriverBasedDataSource.java:169)
		at org.springframework.jdbc.datasource.DataSourceUtils.fetchConnection(DataSourceUtils.java:160)
		at org.springframework.jdbc.datasource.DataSourceUtils.doGetConnection(DataSourceUtils.java:118)
		at org.springframework.jdbc.datasource.DataSourceUtils.getConnection(DataSourceUtils.java:81)
		at org.springframework.jdbc.datasource.init.DatabasePopulatorUtils.execute(DatabasePopulatorUtils.java:52)
		at org.springframework.jdbc.datasource.init.ResourceDatabasePopulator.execute(ResourceDatabasePopulator.java:269)
		at ru.yandex.practicum.configuration.DataSourceConfiguration.populate(DataSourceConfiguration.java:49)
		at java.base/jdk.internal.reflect.DirectMethodHandleAccessor.invoke(DirectMethodHandleAccessor.java:103)
		at java.base/java.lang.reflect.Method.invoke(Method.java:580)
		at org.springframework.context.event.ApplicationListenerMethodAdapter.doInvoke(ApplicationListenerMethodAdapter.java:382)
		at org.springframework.context.event.ApplicationListenerMethodAdapter.processEvent(ApplicationListenerMethodAdapter.java:254)
		at org.springframework.context.event.ApplicationListenerMethodAdapter.onApplicationEvent(ApplicationListenerMethodAdapter.java:173)
		at org.springframework.context.event.SimpleApplicationEventMulticaster.doInvokeListener(SimpleApplicationEventMulticaster.java:185)
		at org.springframework.context.event.SimpleApplicationEventMulticaster.invokeListener(SimpleApplicationEventMulticaster.java:178)
		at org.springframework.context.event.SimpleApplicationEventMulticaster.multicastEvent(SimpleApplicationEventMulticaster.java:156)
		at org.springframework.context.support.AbstractApplicationContext.publishEvent(AbstractApplicationContext.java:454)
		at org.springframework.context.support.AbstractApplicationContext.publishEvent(AbstractApplicationContext.java:387)
		at org.springframework.context.support.AbstractApplicationContext.finishRefresh(AbstractApplicationContext.java:1009)
		at org.springframework.context.support.AbstractApplicationContext.refresh(AbstractApplicationContext.java:630)
		at org.springframework.web.servlet.FrameworkServlet.configureAndRefreshWebApplicationContext(FrameworkServlet.java:706)
		at org.springframework.web.servlet.FrameworkServlet.createWebApplicationContext(FrameworkServlet.java:672)
		at org.springframework.web.servlet.FrameworkServlet.createWebApplicationContext(FrameworkServlet.java:720)
		at org.springframework.web.servlet.FrameworkServlet.initWebApplicationContext(FrameworkServlet.java:595)
		at org.springframework.web.servlet.FrameworkServlet.initServletBean(FrameworkServlet.java:537)
		at org.springframework.web.servlet.HttpServletBean.init(HttpServletBean.java:169)
		at jakarta.servlet.GenericServlet.init(GenericServlet.java:143)
		at jakarta.servlet.http.HttpServlet.init(HttpServlet.java:122)
		at org.apache.catalina.core.StandardWrapper.initServlet(StandardWrapper.java:817)
		at org.apache.catalina.core.StandardWrapper.loadServlet(StandardWrapper.java:787)
		at org.apache.catalina.core.StandardWrapper.load(StandardWrapper.java:691)
		at org.apache.catalina.core.StandardContext.loadOnStartup(StandardContext.java:4153)
		at org.apache.catalina.core.StandardContext.startInternal(StandardContext.java:4437)
		at org.apache.catalina.util.LifecycleBase.start(LifecycleBase.java:164)
		at org.apache.catalina.core.ContainerBase.addChild(ContainerBase.java:566)
		at org.apache.catalina.core.StandardHost.addChild(StandardHost.java:653)
		at org.apache.catalina.startup.HostConfig.deployWAR(HostConfig.java:933)
		at org.apache.catalina.startup.HostConfig$DeployWar.run(HostConfig.java:1875)
		at java.base/java.util.concurrent.Executors$RunnableAdapter.call(Executors.java:572)
		at java.base/java.util.concurrent.FutureTask.run(FutureTask.java:317)
		at org.apache.tomcat.util.threads.InlineExecutorService.execute(InlineExecutorService.java:75)
		at java.base/java.util.concurrent.AbstractExecutorService.submit(AbstractExecutorService.java:123)
		at org.apache.catalina.startup.HostConfig.deployWARs(HostConfig.java:735)
		at org.apache.catalina.startup.HostConfig.deployApps(HostConfig.java:387)
		at org.apache.catalina.startup.HostConfig.start(HostConfig.java:1593)
		at org.apache.catalina.startup.HostConfig.lifecycleEvent(HostConfig.java:267)
		at org.apache.catalina.util.LifecycleBase.fireLifecycleEvent(LifecycleBase.java:109)
		at org.apache.catalina.util.LifecycleBase.setStateInternal(LifecycleBase.java:389)
		at org.apache.catalina.util.LifecycleBase.setState(LifecycleBase.java:336)
		at org.apache.catalina.core.ContainerBase.startInternal(ContainerBase.java:743)
		at org.apache.catalina.core.StandardHost.startInternal(StandardHost.java:771)
		at org.apache.catalina.util.LifecycleBase.start(LifecycleBase.java:164)
		at org.apache.catalina.core.ContainerBase$StartChild.call(ContainerBase.java:1170)
		at org.apache.catalina.core.ContainerBase$StartChild.call(ContainerBase.java:1160)
		at java.base/java.util.concurrent.FutureTask.run(FutureTask.java:317)
		at org.apache.tomcat.util.threads.InlineExecutorService.execute(InlineExecutorService.java:75)
		at java.base/java.util.concurrent.AbstractExecutorService.submit(AbstractExecutorService.java:145)
		at org.apache.catalina.core.ContainerBase.startInternal(ContainerBase.java:716)
		at org.apache.catalina.core.StandardEngine.startInternal(StandardEngine.java:203)
		at org.apache.catalina.util.LifecycleBase.start(LifecycleBase.java:164)
		at org.apache.catalina.core.StandardService.startInternal(StandardService.java:415)
		at org.apache.catalina.util.LifecycleBase.start(LifecycleBase.java:164)
		at org.apache.catalina.core.StandardServer.startInternal(StandardServer.java:866)
		at org.apache.catalina.util.LifecycleBase.start(LifecycleBase.java:164)
		at org.apache.catalina.startup.Catalina.start(Catalina.java:759)
		at java.base/jdk.internal.reflect.DirectMethodHandleAccessor.invoke(DirectMethodHandleAccessor.java:103)
		at java.base/java.lang.reflect.Method.invoke(Method.java:580)
		at org.apache.catalina.startup.Bootstrap.start(Bootstrap.java:342)
		at org.apache.catalina.startup.Bootstrap.main(Bootstrap.java:470)
14-Jan-2025 12:44:49.478 INFO [main] org.apache.catalina.core.ApplicationContext.log ContextListener: contextInitialized()
14-Jan-2025 12:44:49.478 INFO [main] org.apache.catalina.core.ApplicationContext.log SessionListener: contextInitialized()
14-Jan-2025 12:44:49.479 INFO [main] org.apache.catalina.core.ApplicationContext.log ContextListener: attributeAdded('StockTicker', 'async.Stockticker@6731b6bd')
14-Jan-2025 12:44:52.494 INFO [http-nio-8080-exec-1] org.apache.catalina.core.ApplicationContext.log Initializing Spring DispatcherServlet 'dispatcher'
14-Jan-2025 12:44:52.574 SEVERE [http-nio-8080-exec-1] org.apache.catalina.core.ApplicationContext.log Servlet.init() для сервлета [dispatcher] выбросил исключение
	org.springframework.jdbc.datasource.init.UncategorizedScriptException: Failed to execute database script
		at org.springframework.jdbc.datasource.init.DatabasePopulatorUtils.execute(DatabasePopulatorUtils.java:67)
		at org.springframework.jdbc.datasource.init.ResourceDatabasePopulator.execute(ResourceDatabasePopulator.java:269)
		at ru.yandex.practicum.configuration.DataSourceConfiguration.populate(DataSourceConfiguration.java:49)
		at java.base/jdk.internal.reflect.DirectMethodHandleAccessor.invoke(DirectMethodHandleAccessor.java:103)
		at java.base/java.lang.reflect.Method.invoke(Method.java:580)
		at org.springframework.context.event.ApplicationListenerMethodAdapter.doInvoke(ApplicationListenerMethodAdapter.java:382)
		at org.springframework.context.event.ApplicationListenerMethodAdapter.processEvent(ApplicationListenerMethodAdapter.java:254)
		at org.springframework.context.event.ApplicationListenerMethodAdapter.onApplicationEvent(ApplicationListenerMethodAdapter.java:173)
		at org.springframework.context.event.SimpleApplicationEventMulticaster.doInvokeListener(SimpleApplicationEventMulticaster.java:185)
		at org.springframework.context.event.SimpleApplicationEventMulticaster.invokeListener(SimpleApplicationEventMulticaster.java:178)
		at org.springframework.context.event.SimpleApplicationEventMulticaster.multicastEvent(SimpleApplicationEventMulticaster.java:156)
		at org.springframework.context.support.AbstractApplicationContext.publishEvent(AbstractApplicationContext.java:454)
		at org.springframework.context.support.AbstractApplicationContext.publishEvent(AbstractApplicationContext.java:387)
		at org.springframework.context.support.AbstractApplicationContext.finishRefresh(AbstractApplicationContext.java:1009)
		at org.springframework.context.support.AbstractApplicationContext.refresh(AbstractApplicationContext.java:630)
		at org.springframework.web.servlet.FrameworkServlet.configureAndRefreshWebApplicationContext(FrameworkServlet.java:706)
		at org.springframework.web.servlet.FrameworkServlet.createWebApplicationContext(FrameworkServlet.java:672)
		at org.springframework.web.servlet.FrameworkServlet.createWebApplicationContext(FrameworkServlet.java:720)
		at org.springframework.web.servlet.FrameworkServlet.initWebApplicationContext(FrameworkServlet.java:595)
		at org.springframework.web.servlet.FrameworkServlet.initServletBean(FrameworkServlet.java:537)
		at org.springframework.web.servlet.HttpServletBean.init(HttpServletBean.java:169)
		at jakarta.servlet.GenericServlet.init(GenericServlet.java:143)
		at jakarta.servlet.http.HttpServlet.init(HttpServlet.java:122)
		at org.apache.catalina.core.StandardWrapper.initServlet(StandardWrapper.java:817)
		at org.apache.catalina.core.StandardWrapper.loadServlet(StandardWrapper.java:787)
		at org.apache.catalina.core.StandardWrapper.allocate(StandardWrapper.java:568)
		at org.apache.catalina.core.StandardWrapperValve.invoke(StandardWrapperValve.java:115)
		at org.apache.catalina.core.StandardContextValve.invoke(StandardContextValve.java:79)
		at org.apache.catalina.authenticator.AuthenticatorBase.invoke(AuthenticatorBase.java:483)
		at org.apache.catalina.core.StandardHostValve.invoke(StandardHostValve.java:115)
		at org.apache.catalina.valves.ErrorReportValve.invoke(ErrorReportValve.java:93)
		at org.apache.catalina.valves.AbstractAccessLogValve.invoke(AbstractAccessLogValve.java:663)
		at org.apache.catalina.core.StandardEngineValve.invoke(StandardEngineValve.java:74)
		at org.apache.catalina.connector.CoyoteAdapter.service(CoyoteAdapter.java:342)
		at org.apache.coyote.http11.Http11Processor.service(Http11Processor.java:395)
		at org.apache.coyote.AbstractProcessorLight.process(AbstractProcessorLight.java:63)
		at org.apache.coyote.AbstractProtocol$ConnectionHandler.process(AbstractProtocol.java:905)
		at org.apache.tomcat.util.net.NioEndpoint$SocketProcessor.doRun(NioEndpoint.java:1746)
		at org.apache.tomcat.util.net.SocketProcessorBase.run(SocketProcessorBase.java:52)
		at org.apache.tomcat.util.threads.ThreadPoolExecutor.runWorker(ThreadPoolExecutor.java:1148)
		at org.apache.tomcat.util.threads.ThreadPoolExecutor$Worker.run(ThreadPoolExecutor.java:636)
		at org.apache.tomcat.util.threads.TaskThread$WrappingRunnable.run(TaskThread.java:63)
		at java.base/java.lang.Thread.run(Thread.java:1583)
	Caused by: org.springframework.jdbc.CannotGetJdbcConnectionException: Failed to obtain JDBC Connection
		at org.springframework.jdbc.datasource.DataSourceUtils.getConnection(DataSourceUtils.java:84)
		at org.springframework.jdbc.datasource.init.DatabasePopulatorUtils.execute(DatabasePopulatorUtils.java:52)
		... 42 more
	Caused by: java.sql.SQLException: No suitable driver found for ${spring.datasource.url}
		at java.sql/java.sql.DriverManager.getConnection(DriverManager.java:708)
		at java.sql/java.sql.DriverManager.getConnection(DriverManager.java:191)
		at org.springframework.jdbc.datasource.DriverManagerDataSource.getConnectionFromDriverManager(DriverManagerDataSource.java:155)
		at org.springframework.jdbc.datasource.DriverManagerDataSource.getConnectionFromDriver(DriverManagerDataSource.java:146)
		at org.springframework.jdbc.datasource.AbstractDriverBasedDataSource.getConnectionFromDriver(AbstractDriverBasedDataSource.java:205)
		at org.springframework.jdbc.datasource.AbstractDriverBasedDataSource.getConnection(AbstractDriverBasedDataSource.java:169)
		at org.springframework.jdbc.datasource.DataSourceUtils.fetchConnection(DataSourceUtils.java:160)
		at org.springframework.jdbc.datasource.DataSourceUtils.doGetConnection(DataSourceUtils.java:118)
		at org.springframework.jdbc.datasource.DataSourceUtils.getConnection(DataSourceUtils.java:81)
		... 43 more
14-Jan-2025 12:44:52.574 SEVERE [http-nio-8080-exec-1] org.apache.catalina.core.StandardWrapperValve.invoke Ошибка выделения для сервлета [dispatcher]
	java.sql.SQLException: No suitable driver found for ${spring.datasource.url}
		at java.sql/java.sql.DriverManager.getConnection(DriverManager.java:708)
		at java.sql/java.sql.DriverManager.getConnection(DriverManager.java:191)
		at org.springframework.jdbc.datasource.DriverManagerDataSource.getConnectionFromDriverManager(DriverManagerDataSource.java:155)
		at org.springframework.jdbc.datasource.DriverManagerDataSource.getConnectionFromDriver(DriverManagerDataSource.java:146)
		at org.springframework.jdbc.datasource.AbstractDriverBasedDataSource.getConnectionFromDriver(AbstractDriverBasedDataSource.java:205)
		at org.springframework.jdbc.datasource.AbstractDriverBasedDataSource.getConnection(AbstractDriverBasedDataSource.java:169)
		at org.springframework.jdbc.datasource.DataSourceUtils.fetchConnection(DataSourceUtils.java:160)
		at org.springframework.jdbc.datasource.DataSourceUtils.doGetConnection(DataSourceUtils.java:118)
		at org.springframework.jdbc.datasource.DataSourceUtils.getConnection(DataSourceUtils.java:81)
		at org.springframework.jdbc.datasource.init.DatabasePopulatorUtils.execute(DatabasePopulatorUtils.java:52)
		at org.springframework.jdbc.datasource.init.ResourceDatabasePopulator.execute(ResourceDatabasePopulator.java:269)
		at ru.yandex.practicum.configuration.DataSourceConfiguration.populate(DataSourceConfiguration.java:49)
		at java.base/jdk.internal.reflect.DirectMethodHandleAccessor.invoke(DirectMethodHandleAccessor.java:103)
		at java.base/java.lang.reflect.Method.invoke(Method.java:580)
		at org.springframework.context.event.ApplicationListenerMethodAdapter.doInvoke(ApplicationListenerMethodAdapter.java:382)
		at org.springframework.context.event.ApplicationListenerMethodAdapter.processEvent(ApplicationListenerMethodAdapter.java:254)
		at org.springframework.context.event.ApplicationListenerMethodAdapter.onApplicationEvent(ApplicationListenerMethodAdapter.java:173)
		at org.springframework.context.event.SimpleApplicationEventMulticaster.doInvokeListener(SimpleApplicationEventMulticaster.java:185)
		at org.springframework.context.event.SimpleApplicationEventMulticaster.invokeListener(SimpleApplicationEventMulticaster.java:178)
		at org.springframework.context.event.SimpleApplicationEventMulticaster.multicastEvent(SimpleApplicationEventMulticaster.java:156)
		at org.springframework.context.support.AbstractApplicationContext.publishEvent(AbstractApplicationContext.java:454)
		at org.springframework.context.support.AbstractApplicationContext.publishEvent(AbstractApplicationContext.java:387)
		at org.springframework.context.support.AbstractApplicationContext.finishRefresh(AbstractApplicationContext.java:1009)
		at org.springframework.context.support.AbstractApplicationContext.refresh(AbstractApplicationContext.java:630)
		at org.springframework.web.servlet.FrameworkServlet.configureAndRefreshWebApplicationContext(FrameworkServlet.java:706)
		at org.springframework.web.servlet.FrameworkServlet.createWebApplicationContext(FrameworkServlet.java:672)
		at org.springframework.web.servlet.FrameworkServlet.createWebApplicationContext(FrameworkServlet.java:720)
		at org.springframework.web.servlet.FrameworkServlet.initWebApplicationContext(FrameworkServlet.java:595)
		at org.springframework.web.servlet.FrameworkServlet.initServletBean(FrameworkServlet.java:537)
		at org.springframework.web.servlet.HttpServletBean.init(HttpServletBean.java:169)
		at jakarta.servlet.GenericServlet.init(GenericServlet.java:143)
		at jakarta.servlet.http.HttpServlet.init(HttpServlet.java:122)
		at org.apache.catalina.core.StandardWrapper.initServlet(StandardWrapper.java:817)
		at org.apache.catalina.core.StandardWrapper.loadServlet(StandardWrapper.java:787)
		at org.apache.catalina.core.StandardWrapper.allocate(StandardWrapper.java:568)
		at org.apache.catalina.core.StandardWrapperValve.invoke(StandardWrapperValve.java:115)
		at org.apache.catalina.core.StandardContextValve.invoke(StandardContextValve.java:79)
		at org.apache.catalina.authenticator.AuthenticatorBase.invoke(AuthenticatorBase.java:483)
		at org.apache.catalina.core.StandardHostValve.invoke(StandardHostValve.java:115)
		at org.apache.catalina.valves.ErrorReportValve.invoke(ErrorReportValve.java:93)
		at org.apache.catalina.valves.AbstractAccessLogValve.invoke(AbstractAccessLogValve.java:663)
		at org.apache.catalina.core.StandardEngineValve.invoke(StandardEngineValve.java:74)
		at org.apache.catalina.connector.CoyoteAdapter.service(CoyoteAdapter.java:342)
		at org.apache.coyote.http11.Http11Processor.service(Http11Processor.java:395)
		at org.apache.coyote.AbstractProcessorLight.process(AbstractProcessorLight.java:63)
		at org.apache.coyote.AbstractProtocol$ConnectionHandler.process(AbstractProtocol.java:905)
		at org.apache.tomcat.util.net.NioEndpoint$SocketProcessor.doRun(NioEndpoint.java:1746)
		at org.apache.tomcat.util.net.SocketProcessorBase.run(SocketProcessorBase.java:52)
		at org.apache.tomcat.util.threads.ThreadPoolExecutor.runWorker(ThreadPoolExecutor.java:1148)
		at org.apache.tomcat.util.threads.ThreadPoolExecutor$Worker.run(ThreadPoolExecutor.java:636)
		at org.apache.tomcat.util.threads.TaskThread$WrappingRunnable.run(TaskThread.java:63)
		at java.base/java.lang.Thread.run(Thread.java:1583)
14-Jan-2025 12:44:53.546 INFO [http-nio-8080-exec-2] org.apache.catalina.core.ApplicationContext.log Initializing Spring DispatcherServlet 'dispatcher'
14-Jan-2025 12:44:53.624 SEVERE [http-nio-8080-exec-2] org.apache.catalina.core.ApplicationContext.log Servlet.init() для сервлета [dispatcher] выбросил исключение
	org.springframework.jdbc.datasource.init.UncategorizedScriptException: Failed to execute database script
		at org.springframework.jdbc.datasource.init.DatabasePopulatorUtils.execute(DatabasePopulatorUtils.java:67)
		at org.springframework.jdbc.datasource.init.ResourceDatabasePopulator.execute(ResourceDatabasePopulator.java:269)
		at ru.yandex.practicum.configuration.DataSourceConfiguration.populate(DataSourceConfiguration.java:49)
		at java.base/jdk.internal.reflect.DirectMethodHandleAccessor.invoke(DirectMethodHandleAccessor.java:103)
		at java.base/java.lang.reflect.Method.invoke(Method.java:580)
		at org.springframework.context.event.ApplicationListenerMethodAdapter.doInvoke(ApplicationListenerMethodAdapter.java:382)
		at org.springframework.context.event.ApplicationListenerMethodAdapter.processEvent(ApplicationListenerMethodAdapter.java:254)
		at org.springframework.context.event.ApplicationListenerMethodAdapter.onApplicationEvent(ApplicationListenerMethodAdapter.java:173)
		at org.springframework.context.event.SimpleApplicationEventMulticaster.doInvokeListener(SimpleApplicationEventMulticaster.java:185)
		at org.springframework.context.event.SimpleApplicationEventMulticaster.invokeListener(SimpleApplicationEventMulticaster.java:178)
		at org.springframework.context.event.SimpleApplicationEventMulticaster.multicastEvent(SimpleApplicationEventMulticaster.java:156)
		at org.springframework.context.support.AbstractApplicationContext.publishEvent(AbstractApplicationContext.java:454)
		at org.springframework.context.support.AbstractApplicationContext.publishEvent(AbstractApplicationContext.java:387)
		at org.springframework.context.support.AbstractApplicationContext.finishRefresh(AbstractApplicationContext.java:1009)
		at org.springframework.context.support.AbstractApplicationContext.refresh(AbstractApplicationContext.java:630)
		at org.springframework.web.servlet.FrameworkServlet.configureAndRefreshWebApplicationContext(FrameworkServlet.java:706)
		at org.springframework.web.servlet.FrameworkServlet.createWebApplicationContext(FrameworkServlet.java:672)
		at org.springframework.web.servlet.FrameworkServlet.createWebApplicationContext(FrameworkServlet.java:720)
		at org.springframework.web.servlet.FrameworkServlet.initWebApplicationContext(FrameworkServlet.java:595)
		at org.springframework.web.servlet.FrameworkServlet.initServletBean(FrameworkServlet.java:537)
		at org.springframework.web.servlet.HttpServletBean.init(HttpServletBean.java:169)
		at jakarta.servlet.GenericServlet.init(GenericServlet.java:143)
		at jakarta.servlet.http.HttpServlet.init(HttpServlet.java:122)
		at org.apache.catalina.core.StandardWrapper.initServlet(StandardWrapper.java:817)
		at org.apache.catalina.core.StandardWrapper.loadServlet(StandardWrapper.java:787)
		at org.apache.catalina.core.StandardWrapper.allocate(StandardWrapper.java:568)
		at org.apache.catalina.core.StandardWrapperValve.invoke(StandardWrapperValve.java:115)
		at org.apache.catalina.core.StandardContextValve.invoke(StandardContextValve.java:79)
		at org.apache.catalina.authenticator.AuthenticatorBase.invoke(AuthenticatorBase.java:483)
		at org.apache.catalina.core.StandardHostValve.invoke(StandardHostValve.java:115)
		at org.apache.catalina.valves.ErrorReportValve.invoke(ErrorReportValve.java:93)
		at org.apache.catalina.valves.AbstractAccessLogValve.invoke(AbstractAccessLogValve.java:663)
		at org.apache.catalina.core.StandardEngineValve.invoke(StandardEngineValve.java:74)
		at org.apache.catalina.connector.CoyoteAdapter.service(CoyoteAdapter.java:342)
		at org.apache.coyote.http11.Http11Processor.service(Http11Processor.java:395)
		at org.apache.coyote.AbstractProcessorLight.process(AbstractProcessorLight.java:63)
		at org.apache.coyote.AbstractProtocol$ConnectionHandler.process(AbstractProtocol.java:905)
		at org.apache.tomcat.util.net.NioEndpoint$SocketProcessor.doRun(NioEndpoint.java:1746)
		at org.apache.tomcat.util.net.SocketProcessorBase.run(SocketProcessorBase.java:52)
		at org.apache.tomcat.util.threads.ThreadPoolExecutor.runWorker(ThreadPoolExecutor.java:1148)
		at org.apache.tomcat.util.threads.ThreadPoolExecutor$Worker.run(ThreadPoolExecutor.java:636)
		at org.apache.tomcat.util.threads.TaskThread$WrappingRunnable.run(TaskThread.java:63)
		at java.base/java.lang.Thread.run(Thread.java:1583)
	Caused by: org.springframework.jdbc.CannotGetJdbcConnectionException: Failed to obtain JDBC Connection
		at org.springframework.jdbc.datasource.DataSourceUtils.getConnection(DataSourceUtils.java:84)
		at org.springframework.jdbc.datasource.init.DatabasePopulatorUtils.execute(DatabasePopulatorUtils.java:52)
		... 42 more
	Caused by: java.sql.SQLException: No suitable driver found for ${spring.datasource.url}
		at java.sql/java.sql.DriverManager.getConnection(DriverManager.java:708)
		at java.sql/java.sql.DriverManager.getConnection(DriverManager.java:191)
		at org.springframework.jdbc.datasource.DriverManagerDataSource.getConnectionFromDriverManager(DriverManagerDataSource.java:155)
		at org.springframework.jdbc.datasource.DriverManagerDataSource.getConnectionFromDriver(DriverManagerDataSource.java:146)
		at org.springframework.jdbc.datasource.AbstractDriverBasedDataSource.getConnectionFromDriver(AbstractDriverBasedDataSource.java:205)
		at org.springframework.jdbc.datasource.AbstractDriverBasedDataSource.getConnection(AbstractDriverBasedDataSource.java:169)
		at org.springframework.jdbc.datasource.DataSourceUtils.fetchConnection(DataSourceUtils.java:160)
		at org.springframework.jdbc.datasource.DataSourceUtils.doGetConnection(DataSourceUtils.java:118)
		at org.springframework.jdbc.datasource.DataSourceUtils.getConnection(DataSourceUtils.java:81)
		... 43 more
14-Jan-2025 12:44:53.624 SEVERE [http-nio-8080-exec-2] org.apache.catalina.core.StandardWrapperValve.invoke Ошибка выделения для сервлета [dispatcher]
	java.sql.SQLException: No suitable driver found for ${spring.datasource.url}
		at java.sql/java.sql.DriverManager.getConnection(DriverManager.java:708)
		at java.sql/java.sql.DriverManager.getConnection(DriverManager.java:191)
		at org.springframework.jdbc.datasource.DriverManagerDataSource.getConnectionFromDriverManager(DriverManagerDataSource.java:155)
		at org.springframework.jdbc.datasource.DriverManagerDataSource.getConnectionFromDriver(DriverManagerDataSource.java:146)
		at org.springframework.jdbc.datasource.AbstractDriverBasedDataSource.getConnectionFromDriver(AbstractDriverBasedDataSource.java:205)
		at org.springframework.jdbc.datasource.AbstractDriverBasedDataSource.getConnection(AbstractDriverBasedDataSource.java:169)
		at org.springframework.jdbc.datasource.DataSourceUtils.fetchConnection(DataSourceUtils.java:160)
		at org.springframework.jdbc.datasource.DataSourceUtils.doGetConnection(DataSourceUtils.java:118)
		at org.springframework.jdbc.datasource.DataSourceUtils.getConnection(DataSourceUtils.java:81)
		at org.springframework.jdbc.datasource.init.DatabasePopulatorUtils.execute(DatabasePopulatorUtils.java:52)
		at org.springframework.jdbc.datasource.init.ResourceDatabasePopulator.execute(ResourceDatabasePopulator.java:269)
		at ru.yandex.practicum.configuration.DataSourceConfiguration.populate(DataSourceConfiguration.java:49)
		at java.base/jdk.internal.reflect.DirectMethodHandleAccessor.invoke(DirectMethodHandleAccessor.java:103)
		at java.base/java.lang.reflect.Method.invoke(Method.java:580)
		at org.springframework.context.event.ApplicationListenerMethodAdapter.doInvoke(ApplicationListenerMethodAdapter.java:382)
		at org.springframework.context.event.ApplicationListenerMethodAdapter.processEvent(ApplicationListenerMethodAdapter.java:254)
		at org.springframework.context.event.ApplicationListenerMethodAdapter.onApplicationEvent(ApplicationListenerMethodAdapter.java:173)
		at org.springframework.context.event.SimpleApplicationEventMulticaster.doInvokeListener(SimpleApplicationEventMulticaster.java:185)
		at org.springframework.context.event.SimpleApplicationEventMulticaster.invokeListener(SimpleApplicationEventMulticaster.java:178)
		at org.springframework.context.event.SimpleApplicationEventMulticaster.multicastEvent(SimpleApplicationEventMulticaster.java:156)
		at org.springframework.context.support.AbstractApplicationContext.publishEvent(AbstractApplicationContext.java:454)
		at org.springframework.context.support.AbstractApplicationContext.publishEvent(AbstractApplicationContext.java:387)
		at org.springframework.context.support.AbstractApplicationContext.finishRefresh(AbstractApplicationContext.java:1009)
		at org.springframework.context.support.AbstractApplicationContext.refresh(AbstractApplicationContext.java:630)
		at org.springframework.web.servlet.FrameworkServlet.configureAndRefreshWebApplicationContext(FrameworkServlet.java:706)
		at org.springframework.web.servlet.FrameworkServlet.createWebApplicationContext(FrameworkServlet.java:672)
		at org.springframework.web.servlet.FrameworkServlet.createWebApplicationContext(FrameworkServlet.java:720)
		at org.springframework.web.servlet.FrameworkServlet.initWebApplicationContext(FrameworkServlet.java:595)
		at org.springframework.web.servlet.FrameworkServlet.initServletBean(FrameworkServlet.java:537)
		at org.springframework.web.servlet.HttpServletBean.init(HttpServletBean.java:169)
		at jakarta.servlet.GenericServlet.init(GenericServlet.java:143)
		at jakarta.servlet.http.HttpServlet.init(HttpServlet.java:122)
		at org.apache.catalina.core.StandardWrapper.initServlet(StandardWrapper.java:817)
		at org.apache.catalina.core.StandardWrapper.loadServlet(StandardWrapper.java:787)
		at org.apache.catalina.core.StandardWrapper.allocate(StandardWrapper.java:568)
		at org.apache.catalina.core.StandardWrapperValve.invoke(StandardWrapperValve.java:115)
		at org.apache.catalina.core.StandardContextValve.invoke(StandardContextValve.java:79)
		at org.apache.catalina.authenticator.AuthenticatorBase.invoke(AuthenticatorBase.java:483)
		at org.apache.catalina.core.StandardHostValve.invoke(StandardHostValve.java:115)
		at org.apache.catalina.valves.ErrorReportValve.invoke(ErrorReportValve.java:93)
		at org.apache.catalina.valves.AbstractAccessLogValve.invoke(AbstractAccessLogValve.java:663)
		at org.apache.catalina.core.StandardEngineValve.invoke(StandardEngineValve.java:74)
		at org.apache.catalina.connector.CoyoteAdapter.service(CoyoteAdapter.java:342)
		at org.apache.coyote.http11.Http11Processor.service(Http11Processor.java:395)
		at org.apache.coyote.AbstractProcessorLight.process(AbstractProcessorLight.java:63)
		at org.apache.coyote.AbstractProtocol$ConnectionHandler.process(AbstractProtocol.java:905)
		at org.apache.tomcat.util.net.NioEndpoint$SocketProcessor.doRun(NioEndpoint.java:1746)
		at org.apache.tomcat.util.net.SocketProcessorBase.run(SocketProcessorBase.java:52)
		at org.apache.tomcat.util.threads.ThreadPoolExecutor.runWorker(ThreadPoolExecutor.java:1148)
		at org.apache.tomcat.util.threads.ThreadPoolExecutor$Worker.run(ThreadPoolExecutor.java:636)
		at org.apache.tomcat.util.threads.TaskThread$WrappingRunnable.run(TaskThread.java:63)
		at java.base/java.lang.Thread.run(Thread.java:1583)
14-Jan-2025 12:49:39.531 INFO [main] org.apache.catalina.core.ApplicationContext.log SessionListener: contextDestroyed()
14-Jan-2025 12:49:39.531 INFO [main] org.apache.catalina.core.ApplicationContext.log ContextListener: contextDestroyed()
14-Jan-2025 12:49:50.942 INFO [main] org.apache.catalina.core.ApplicationContext.log No Spring WebApplicationInitializer types detected on classpath
14-Jan-2025 12:49:51.100 INFO [main] org.apache.catalina.core.ApplicationContext.log Initializing Spring DispatcherServlet 'dispatcher'
14-Jan-2025 12:49:52.037 SEVERE [main] org.apache.catalina.core.ApplicationContext.log Servlet.init() для сервлета [dispatcher] выбросил исключение
	org.springframework.jdbc.datasource.init.UncategorizedScriptException: Failed to execute database script
		at org.springframework.jdbc.datasource.init.DatabasePopulatorUtils.execute(DatabasePopulatorUtils.java:67)
		at org.springframework.jdbc.datasource.init.ResourceDatabasePopulator.execute(ResourceDatabasePopulator.java:269)
		at ru.yandex.practicum.configuration.DataSourceConfiguration.populate(DataSourceConfiguration.java:49)
		at java.base/jdk.internal.reflect.DirectMethodHandleAccessor.invoke(DirectMethodHandleAccessor.java:103)
		at java.base/java.lang.reflect.Method.invoke(Method.java:580)
		at org.springframework.context.event.ApplicationListenerMethodAdapter.doInvoke(ApplicationListenerMethodAdapter.java:382)
		at org.springframework.context.event.ApplicationListenerMethodAdapter.processEvent(ApplicationListenerMethodAdapter.java:254)
		at org.springframework.context.event.ApplicationListenerMethodAdapter.onApplicationEvent(ApplicationListenerMethodAdapter.java:173)
		at org.springframework.context.event.SimpleApplicationEventMulticaster.doInvokeListener(SimpleApplicationEventMulticaster.java:185)
		at org.springframework.context.event.SimpleApplicationEventMulticaster.invokeListener(SimpleApplicationEventMulticaster.java:178)
		at org.springframework.context.event.SimpleApplicationEventMulticaster.multicastEvent(SimpleApplicationEventMulticaster.java:156)
		at org.springframework.context.support.AbstractApplicationContext.publishEvent(AbstractApplicationContext.java:454)
		at org.springframework.context.support.AbstractApplicationContext.publishEvent(AbstractApplicationContext.java:387)
		at org.springframework.context.support.AbstractApplicationContext.finishRefresh(AbstractApplicationContext.java:1009)
		at org.springframework.context.support.AbstractApplicationContext.refresh(AbstractApplicationContext.java:630)
		at org.springframework.web.servlet.FrameworkServlet.configureAndRefreshWebApplicationContext(FrameworkServlet.java:706)
		at org.springframework.web.servlet.FrameworkServlet.createWebApplicationContext(FrameworkServlet.java:672)
		at org.springframework.web.servlet.FrameworkServlet.createWebApplicationContext(FrameworkServlet.java:720)
		at org.springframework.web.servlet.FrameworkServlet.initWebApplicationContext(FrameworkServlet.java:595)
		at org.springframework.web.servlet.FrameworkServlet.initServletBean(FrameworkServlet.java:537)
		at org.springframework.web.servlet.HttpServletBean.init(HttpServletBean.java:169)
		at jakarta.servlet.GenericServlet.init(GenericServlet.java:143)
		at jakarta.servlet.http.HttpServlet.init(HttpServlet.java:122)
		at org.apache.catalina.core.StandardWrapper.initServlet(StandardWrapper.java:817)
		at org.apache.catalina.core.StandardWrapper.loadServlet(StandardWrapper.java:787)
		at org.apache.catalina.core.StandardWrapper.load(StandardWrapper.java:691)
		at org.apache.catalina.core.StandardContext.loadOnStartup(StandardContext.java:4153)
		at org.apache.catalina.core.StandardContext.startInternal(StandardContext.java:4437)
		at org.apache.catalina.util.LifecycleBase.start(LifecycleBase.java:164)
		at org.apache.catalina.core.ContainerBase.addChild(ContainerBase.java:566)
		at org.apache.catalina.core.StandardHost.addChild(StandardHost.java:653)
		at org.apache.catalina.startup.HostConfig.deployWAR(HostConfig.java:933)
		at org.apache.catalina.startup.HostConfig$DeployWar.run(HostConfig.java:1875)
		at java.base/java.util.concurrent.Executors$RunnableAdapter.call(Executors.java:572)
		at java.base/java.util.concurrent.FutureTask.run(FutureTask.java:317)
		at org.apache.tomcat.util.threads.InlineExecutorService.execute(InlineExecutorService.java:75)
		at java.base/java.util.concurrent.AbstractExecutorService.submit(AbstractExecutorService.java:123)
		at org.apache.catalina.startup.HostConfig.deployWARs(HostConfig.java:735)
		at org.apache.catalina.startup.HostConfig.deployApps(HostConfig.java:387)
		at org.apache.catalina.startup.HostConfig.start(HostConfig.java:1593)
		at org.apache.catalina.startup.HostConfig.lifecycleEvent(HostConfig.java:267)
		at org.apache.catalina.util.LifecycleBase.fireLifecycleEvent(LifecycleBase.java:109)
		at org.apache.catalina.util.LifecycleBase.setStateInternal(LifecycleBase.java:389)
		at org.apache.catalina.util.LifecycleBase.setState(LifecycleBase.java:336)
		at org.apache.catalina.core.ContainerBase.startInternal(ContainerBase.java:743)
		at org.apache.catalina.core.StandardHost.startInternal(StandardHost.java:771)
		at org.apache.catalina.util.LifecycleBase.start(LifecycleBase.java:164)
		at org.apache.catalina.core.ContainerBase$StartChild.call(ContainerBase.java:1170)
		at org.apache.catalina.core.ContainerBase$StartChild.call(ContainerBase.java:1160)
		at java.base/java.util.concurrent.FutureTask.run(FutureTask.java:317)
		at org.apache.tomcat.util.threads.InlineExecutorService.execute(InlineExecutorService.java:75)
		at java.base/java.util.concurrent.AbstractExecutorService.submit(AbstractExecutorService.java:145)
		at org.apache.catalina.core.ContainerBase.startInternal(ContainerBase.java:716)
		at org.apache.catalina.core.StandardEngine.startInternal(StandardEngine.java:203)
		at org.apache.catalina.util.LifecycleBase.start(LifecycleBase.java:164)
		at org.apache.catalina.core.StandardService.startInternal(StandardService.java:415)
		at org.apache.catalina.util.LifecycleBase.start(LifecycleBase.java:164)
		at org.apache.catalina.core.StandardServer.startInternal(StandardServer.java:866)
		at org.apache.catalina.util.LifecycleBase.start(LifecycleBase.java:164)
		at org.apache.catalina.startup.Catalina.start(Catalina.java:759)
		at java.base/jdk.internal.reflect.DirectMethodHandleAccessor.invoke(DirectMethodHandleAccessor.java:103)
		at java.base/java.lang.reflect.Method.invoke(Method.java:580)
		at org.apache.catalina.startup.Bootstrap.start(Bootstrap.java:342)
		at org.apache.catalina.startup.Bootstrap.main(Bootstrap.java:470)
	Caused by: org.springframework.jdbc.CannotGetJdbcConnectionException: Failed to obtain JDBC Connection
		at org.springframework.jdbc.datasource.DataSourceUtils.getConnection(DataSourceUtils.java:84)
		at org.springframework.jdbc.datasource.init.DatabasePopulatorUtils.execute(DatabasePopulatorUtils.java:52)
		... 63 more
	Caused by: java.sql.SQLException: No suitable driver found for ${spring.datasource.url}
		at java.sql/java.sql.DriverManager.getConnection(DriverManager.java:708)
		at java.sql/java.sql.DriverManager.getConnection(DriverManager.java:191)
		at org.springframework.jdbc.datasource.DriverManagerDataSource.getConnectionFromDriverManager(DriverManagerDataSource.java:155)
		at org.springframework.jdbc.datasource.DriverManagerDataSource.getConnectionFromDriver(DriverManagerDataSource.java:146)
		at org.springframework.jdbc.datasource.AbstractDriverBasedDataSource.getConnectionFromDriver(AbstractDriverBasedDataSource.java:205)
		at org.springframework.jdbc.datasource.AbstractDriverBasedDataSource.getConnection(AbstractDriverBasedDataSource.java:169)
		at org.springframework.jdbc.datasource.DataSourceUtils.fetchConnection(DataSourceUtils.java:160)
		at org.springframework.jdbc.datasource.DataSourceUtils.doGetConnection(DataSourceUtils.java:118)
		at org.springframework.jdbc.datasource.DataSourceUtils.getConnection(DataSourceUtils.java:81)
		... 64 more
14-Jan-2025 12:49:52.037 SEVERE [main] org.apache.catalina.core.StandardContext.loadOnStartup Servlet [dispatcher] in web application [/study] threw load() exception
	java.sql.SQLException: No suitable driver found for ${spring.datasource.url}
		at java.sql/java.sql.DriverManager.getConnection(DriverManager.java:708)
		at java.sql/java.sql.DriverManager.getConnection(DriverManager.java:191)
		at org.springframework.jdbc.datasource.DriverManagerDataSource.getConnectionFromDriverManager(DriverManagerDataSource.java:155)
		at org.springframework.jdbc.datasource.DriverManagerDataSource.getConnectionFromDriver(DriverManagerDataSource.java:146)
		at org.springframework.jdbc.datasource.AbstractDriverBasedDataSource.getConnectionFromDriver(AbstractDriverBasedDataSource.java:205)
		at org.springframework.jdbc.datasource.AbstractDriverBasedDataSource.getConnection(AbstractDriverBasedDataSource.java:169)
		at org.springframework.jdbc.datasource.DataSourceUtils.fetchConnection(DataSourceUtils.java:160)
		at org.springframework.jdbc.datasource.DataSourceUtils.doGetConnection(DataSourceUtils.java:118)
		at org.springframework.jdbc.datasource.DataSourceUtils.getConnection(DataSourceUtils.java:81)
		at org.springframework.jdbc.datasource.init.DatabasePopulatorUtils.execute(DatabasePopulatorUtils.java:52)
		at org.springframework.jdbc.datasource.init.ResourceDatabasePopulator.execute(ResourceDatabasePopulator.java:269)
		at ru.yandex.practicum.configuration.DataSourceConfiguration.populate(DataSourceConfiguration.java:49)
		at java.base/jdk.internal.reflect.DirectMethodHandleAccessor.invoke(DirectMethodHandleAccessor.java:103)
		at java.base/java.lang.reflect.Method.invoke(Method.java:580)
		at org.springframework.context.event.ApplicationListenerMethodAdapter.doInvoke(ApplicationListenerMethodAdapter.java:382)
		at org.springframework.context.event.ApplicationListenerMethodAdapter.processEvent(ApplicationListenerMethodAdapter.java:254)
		at org.springframework.context.event.ApplicationListenerMethodAdapter.onApplicationEvent(ApplicationListenerMethodAdapter.java:173)
		at org.springframework.context.event.SimpleApplicationEventMulticaster.doInvokeListener(SimpleApplicationEventMulticaster.java:185)
		at org.springframework.context.event.SimpleApplicationEventMulticaster.invokeListener(SimpleApplicationEventMulticaster.java:178)
		at org.springframework.context.event.SimpleApplicationEventMulticaster.multicastEvent(SimpleApplicationEventMulticaster.java:156)
		at org.springframework.context.support.AbstractApplicationContext.publishEvent(AbstractApplicationContext.java:454)
		at org.springframework.context.support.AbstractApplicationContext.publishEvent(AbstractApplicationContext.java:387)
		at org.springframework.context.support.AbstractApplicationContext.finishRefresh(AbstractApplicationContext.java:1009)
		at org.springframework.context.support.AbstractApplicationContext.refresh(AbstractApplicationContext.java:630)
		at org.springframework.web.servlet.FrameworkServlet.configureAndRefreshWebApplicationContext(FrameworkServlet.java:706)
		at org.springframework.web.servlet.FrameworkServlet.createWebApplicationContext(FrameworkServlet.java:672)
		at org.springframework.web.servlet.FrameworkServlet.createWebApplicationContext(FrameworkServlet.java:720)
		at org.springframework.web.servlet.FrameworkServlet.initWebApplicationContext(FrameworkServlet.java:595)
		at org.springframework.web.servlet.FrameworkServlet.initServletBean(FrameworkServlet.java:537)
		at org.springframework.web.servlet.HttpServletBean.init(HttpServletBean.java:169)
		at jakarta.servlet.GenericServlet.init(GenericServlet.java:143)
		at jakarta.servlet.http.HttpServlet.init(HttpServlet.java:122)
		at org.apache.catalina.core.StandardWrapper.initServlet(StandardWrapper.java:817)
		at org.apache.catalina.core.StandardWrapper.loadServlet(StandardWrapper.java:787)
		at org.apache.catalina.core.StandardWrapper.load(StandardWrapper.java:691)
		at org.apache.catalina.core.StandardContext.loadOnStartup(StandardContext.java:4153)
		at org.apache.catalina.core.StandardContext.startInternal(StandardContext.java:4437)
		at org.apache.catalina.util.LifecycleBase.start(LifecycleBase.java:164)
		at org.apache.catalina.core.ContainerBase.addChild(ContainerBase.java:566)
		at org.apache.catalina.core.StandardHost.addChild(StandardHost.java:653)
		at org.apache.catalina.startup.HostConfig.deployWAR(HostConfig.java:933)
		at org.apache.catalina.startup.HostConfig$DeployWar.run(HostConfig.java:1875)
		at java.base/java.util.concurrent.Executors$RunnableAdapter.call(Executors.java:572)
		at java.base/java.util.concurrent.FutureTask.run(FutureTask.java:317)
		at org.apache.tomcat.util.threads.InlineExecutorService.execute(InlineExecutorService.java:75)
		at java.base/java.util.concurrent.AbstractExecutorService.submit(AbstractExecutorService.java:123)
		at org.apache.catalina.startup.HostConfig.deployWARs(HostConfig.java:735)
		at org.apache.catalina.startup.HostConfig.deployApps(HostConfig.java:387)
		at org.apache.catalina.startup.HostConfig.start(HostConfig.java:1593)
		at org.apache.catalina.startup.HostConfig.lifecycleEvent(HostConfig.java:267)
		at org.apache.catalina.util.LifecycleBase.fireLifecycleEvent(LifecycleBase.java:109)
		at org.apache.catalina.util.LifecycleBase.setStateInternal(LifecycleBase.java:389)
		at org.apache.catalina.util.LifecycleBase.setState(LifecycleBase.java:336)
		at org.apache.catalina.core.ContainerBase.startInternal(ContainerBase.java:743)
		at org.apache.catalina.core.StandardHost.startInternal(StandardHost.java:771)
		at org.apache.catalina.util.LifecycleBase.start(LifecycleBase.java:164)
		at org.apache.catalina.core.ContainerBase$StartChild.call(ContainerBase.java:1170)
		at org.apache.catalina.core.ContainerBase$StartChild.call(ContainerBase.java:1160)
		at java.base/java.util.concurrent.FutureTask.run(FutureTask.java:317)
		at org.apache.tomcat.util.threads.InlineExecutorService.execute(InlineExecutorService.java:75)
		at java.base/java.util.concurrent.AbstractExecutorService.submit(AbstractExecutorService.java:145)
		at org.apache.catalina.core.ContainerBase.startInternal(ContainerBase.java:716)
		at org.apache.catalina.core.StandardEngine.startInternal(StandardEngine.java:203)
		at org.apache.catalina.util.LifecycleBase.start(LifecycleBase.java:164)
		at org.apache.catalina.core.StandardService.startInternal(StandardService.java:415)
		at org.apache.catalina.util.LifecycleBase.start(LifecycleBase.java:164)
		at org.apache.catalina.core.StandardServer.startInternal(StandardServer.java:866)
		at org.apache.catalina.util.LifecycleBase.start(LifecycleBase.java:164)
		at org.apache.catalina.startup.Catalina.start(Catalina.java:759)
		at java.base/jdk.internal.reflect.DirectMethodHandleAccessor.invoke(DirectMethodHandleAccessor.java:103)
		at java.base/java.lang.reflect.Method.invoke(Method.java:580)
		at org.apache.catalina.startup.Bootstrap.start(Bootstrap.java:342)
		at org.apache.catalina.startup.Bootstrap.main(Bootstrap.java:470)
14-Jan-2025 12:49:52.328 INFO [main] org.apache.catalina.core.ApplicationContext.log ContextListener: contextInitialized()
14-Jan-2025 12:49:52.328 INFO [main] org.apache.catalina.core.ApplicationContext.log SessionListener: contextInitialized()
14-Jan-2025 12:49:52.330 INFO [main] org.apache.catalina.core.ApplicationContext.log ContextListener: attributeAdded('StockTicker', 'async.Stockticker@64dfa1a3')
14-Jan-2025 12:49:55.223 INFO [http-nio-8080-exec-1] org.apache.catalina.core.ApplicationContext.log Initializing Spring DispatcherServlet 'dispatcher'
14-Jan-2025 12:49:55.307 SEVERE [http-nio-8080-exec-1] org.apache.catalina.core.ApplicationContext.log Servlet.init() для сервлета [dispatcher] выбросил исключение
	org.springframework.jdbc.datasource.init.UncategorizedScriptException: Failed to execute database script
		at org.springframework.jdbc.datasource.init.DatabasePopulatorUtils.execute(DatabasePopulatorUtils.java:67)
		at org.springframework.jdbc.datasource.init.ResourceDatabasePopulator.execute(ResourceDatabasePopulator.java:269)
		at ru.yandex.practicum.configuration.DataSourceConfiguration.populate(DataSourceConfiguration.java:49)
		at java.base/jdk.internal.reflect.DirectMethodHandleAccessor.invoke(DirectMethodHandleAccessor.java:103)
		at java.base/java.lang.reflect.Method.invoke(Method.java:580)
		at org.springframework.context.event.ApplicationListenerMethodAdapter.doInvoke(ApplicationListenerMethodAdapter.java:382)
		at org.springframework.context.event.ApplicationListenerMethodAdapter.processEvent(ApplicationListenerMethodAdapter.java:254)
		at org.springframework.context.event.ApplicationListenerMethodAdapter.onApplicationEvent(ApplicationListenerMethodAdapter.java:173)
		at org.springframework.context.event.SimpleApplicationEventMulticaster.doInvokeListener(SimpleApplicationEventMulticaster.java:185)
		at org.springframework.context.event.SimpleApplicationEventMulticaster.invokeListener(SimpleApplicationEventMulticaster.java:178)
		at org.springframework.context.event.SimpleApplicationEventMulticaster.multicastEvent(SimpleApplicationEventMulticaster.java:156)
		at org.springframework.context.support.AbstractApplicationContext.publishEvent(AbstractApplicationContext.java:454)
		at org.springframework.context.support.AbstractApplicationContext.publishEvent(AbstractApplicationContext.java:387)
		at org.springframework.context.support.AbstractApplicationContext.finishRefresh(AbstractApplicationContext.java:1009)
		at org.springframework.context.support.AbstractApplicationContext.refresh(AbstractApplicationContext.java:630)
		at org.springframework.web.servlet.FrameworkServlet.configureAndRefreshWebApplicationContext(FrameworkServlet.java:706)
		at org.springframework.web.servlet.FrameworkServlet.createWebApplicationContext(FrameworkServlet.java:672)
		at org.springframework.web.servlet.FrameworkServlet.createWebApplicationContext(FrameworkServlet.java:720)
		at org.springframework.web.servlet.FrameworkServlet.initWebApplicationContext(FrameworkServlet.java:595)
		at org.springframework.web.servlet.FrameworkServlet.initServletBean(FrameworkServlet.java:537)
		at org.springframework.web.servlet.HttpServletBean.init(HttpServletBean.java:169)
		at jakarta.servlet.GenericServlet.init(GenericServlet.java:143)
		at jakarta.servlet.http.HttpServlet.init(HttpServlet.java:122)
		at org.apache.catalina.core.StandardWrapper.initServlet(StandardWrapper.java:817)
		at org.apache.catalina.core.StandardWrapper.loadServlet(StandardWrapper.java:787)
		at org.apache.catalina.core.StandardWrapper.allocate(StandardWrapper.java:568)
		at org.apache.catalina.core.StandardWrapperValve.invoke(StandardWrapperValve.java:115)
		at org.apache.catalina.core.StandardContextValve.invoke(StandardContextValve.java:79)
		at org.apache.catalina.authenticator.AuthenticatorBase.invoke(AuthenticatorBase.java:483)
		at org.apache.catalina.core.StandardHostValve.invoke(StandardHostValve.java:115)
		at org.apache.catalina.valves.ErrorReportValve.invoke(ErrorReportValve.java:93)
		at org.apache.catalina.valves.AbstractAccessLogValve.invoke(AbstractAccessLogValve.java:663)
		at org.apache.catalina.core.StandardEngineValve.invoke(StandardEngineValve.java:74)
		at org.apache.catalina.connector.CoyoteAdapter.service(CoyoteAdapter.java:342)
		at org.apache.coyote.http11.Http11Processor.service(Http11Processor.java:395)
		at org.apache.coyote.AbstractProcessorLight.process(AbstractProcessorLight.java:63)
		at org.apache.coyote.AbstractProtocol$ConnectionHandler.process(AbstractProtocol.java:905)
		at org.apache.tomcat.util.net.NioEndpoint$SocketProcessor.doRun(NioEndpoint.java:1746)
		at org.apache.tomcat.util.net.SocketProcessorBase.run(SocketProcessorBase.java:52)
		at org.apache.tomcat.util.threads.ThreadPoolExecutor.runWorker(ThreadPoolExecutor.java:1148)
		at org.apache.tomcat.util.threads.ThreadPoolExecutor$Worker.run(ThreadPoolExecutor.java:636)
		at org.apache.tomcat.util.threads.TaskThread$WrappingRunnable.run(TaskThread.java:63)
		at java.base/java.lang.Thread.run(Thread.java:1583)
	Caused by: org.springframework.jdbc.CannotGetJdbcConnectionException: Failed to obtain JDBC Connection
		at org.springframework.jdbc.datasource.DataSourceUtils.getConnection(DataSourceUtils.java:84)
		at org.springframework.jdbc.datasource.init.DatabasePopulatorUtils.execute(DatabasePopulatorUtils.java:52)
		... 42 more
	Caused by: java.sql.SQLException: No suitable driver found for ${spring.datasource.url}
		at java.sql/java.sql.DriverManager.getConnection(DriverManager.java:708)
		at java.sql/java.sql.DriverManager.getConnection(DriverManager.java:191)
		at org.springframework.jdbc.datasource.DriverManagerDataSource.getConnectionFromDriverManager(DriverManagerDataSource.java:155)
		at org.springframework.jdbc.datasource.DriverManagerDataSource.getConnectionFromDriver(DriverManagerDataSource.java:146)
		at org.springframework.jdbc.datasource.AbstractDriverBasedDataSource.getConnectionFromDriver(AbstractDriverBasedDataSource.java:205)
		at org.springframework.jdbc.datasource.AbstractDriverBasedDataSource.getConnection(AbstractDriverBasedDataSource.java:169)
		at org.springframework.jdbc.datasource.DataSourceUtils.fetchConnection(DataSourceUtils.java:160)
		at org.springframework.jdbc.datasource.DataSourceUtils.doGetConnection(DataSourceUtils.java:118)
		at org.springframework.jdbc.datasource.DataSourceUtils.getConnection(DataSourceUtils.java:81)
		... 43 more
14-Jan-2025 12:49:55.307 SEVERE [http-nio-8080-exec-1] org.apache.catalina.core.StandardWrapperValve.invoke Ошибка выделения для сервлета [dispatcher]
	java.sql.SQLException: No suitable driver found for ${spring.datasource.url}
		at java.sql/java.sql.DriverManager.getConnection(DriverManager.java:708)
		at java.sql/java.sql.DriverManager.getConnection(DriverManager.java:191)
		at org.springframework.jdbc.datasource.DriverManagerDataSource.getConnectionFromDriverManager(DriverManagerDataSource.java:155)
		at org.springframework.jdbc.datasource.DriverManagerDataSource.getConnectionFromDriver(DriverManagerDataSource.java:146)
		at org.springframework.jdbc.datasource.AbstractDriverBasedDataSource.getConnectionFromDriver(AbstractDriverBasedDataSource.java:205)
		at org.springframework.jdbc.datasource.AbstractDriverBasedDataSource.getConnection(AbstractDriverBasedDataSource.java:169)
		at org.springframework.jdbc.datasource.DataSourceUtils.fetchConnection(DataSourceUtils.java:160)
		at org.springframework.jdbc.datasource.DataSourceUtils.doGetConnection(DataSourceUtils.java:118)
		at org.springframework.jdbc.datasource.DataSourceUtils.getConnection(DataSourceUtils.java:81)
		at org.springframework.jdbc.datasource.init.DatabasePopulatorUtils.execute(DatabasePopulatorUtils.java:52)
		at org.springframework.jdbc.datasource.init.ResourceDatabasePopulator.execute(ResourceDatabasePopulator.java:269)
		at ru.yandex.practicum.configuration.DataSourceConfiguration.populate(DataSourceConfiguration.java:49)
		at java.base/jdk.internal.reflect.DirectMethodHandleAccessor.invoke(DirectMethodHandleAccessor.java:103)
		at java.base/java.lang.reflect.Method.invoke(Method.java:580)
		at org.springframework.context.event.ApplicationListenerMethodAdapter.doInvoke(ApplicationListenerMethodAdapter.java:382)
		at org.springframework.context.event.ApplicationListenerMethodAdapter.processEvent(ApplicationListenerMethodAdapter.java:254)
		at org.springframework.context.event.ApplicationListenerMethodAdapter.onApplicationEvent(ApplicationListenerMethodAdapter.java:173)
		at org.springframework.context.event.SimpleApplicationEventMulticaster.doInvokeListener(SimpleApplicationEventMulticaster.java:185)
		at org.springframework.context.event.SimpleApplicationEventMulticaster.invokeListener(SimpleApplicationEventMulticaster.java:178)
		at org.springframework.context.event.SimpleApplicationEventMulticaster.multicastEvent(SimpleApplicationEventMulticaster.java:156)
		at org.springframework.context.support.AbstractApplicationContext.publishEvent(AbstractApplicationContext.java:454)
		at org.springframework.context.support.AbstractApplicationContext.publishEvent(AbstractApplicationContext.java:387)
		at org.springframework.context.support.AbstractApplicationContext.finishRefresh(AbstractApplicationContext.java:1009)
		at org.springframework.context.support.AbstractApplicationContext.refresh(AbstractApplicationContext.java:630)
		at org.springframework.web.servlet.FrameworkServlet.configureAndRefreshWebApplicationContext(FrameworkServlet.java:706)
		at org.springframework.web.servlet.FrameworkServlet.createWebApplicationContext(FrameworkServlet.java:672)
		at org.springframework.web.servlet.FrameworkServlet.createWebApplicationContext(FrameworkServlet.java:720)
		at org.springframework.web.servlet.FrameworkServlet.initWebApplicationContext(FrameworkServlet.java:595)
		at org.springframework.web.servlet.FrameworkServlet.initServletBean(FrameworkServlet.java:537)
		at org.springframework.web.servlet.HttpServletBean.init(HttpServletBean.java:169)
		at jakarta.servlet.GenericServlet.init(GenericServlet.java:143)
		at jakarta.servlet.http.HttpServlet.init(HttpServlet.java:122)
		at org.apache.catalina.core.StandardWrapper.initServlet(StandardWrapper.java:817)
		at org.apache.catalina.core.StandardWrapper.loadServlet(StandardWrapper.java:787)
		at org.apache.catalina.core.StandardWrapper.allocate(StandardWrapper.java:568)
		at org.apache.catalina.core.StandardWrapperValve.invoke(StandardWrapperValve.java:115)
		at org.apache.catalina.core.StandardContextValve.invoke(StandardContextValve.java:79)
		at org.apache.catalina.authenticator.AuthenticatorBase.invoke(AuthenticatorBase.java:483)
		at org.apache.catalina.core.StandardHostValve.invoke(StandardHostValve.java:115)
		at org.apache.catalina.valves.ErrorReportValve.invoke(ErrorReportValve.java:93)
		at org.apache.catalina.valves.AbstractAccessLogValve.invoke(AbstractAccessLogValve.java:663)
		at org.apache.catalina.core.StandardEngineValve.invoke(StandardEngineValve.java:74)
		at org.apache.catalina.connector.CoyoteAdapter.service(CoyoteAdapter.java:342)
		at org.apache.coyote.http11.Http11Processor.service(Http11Processor.java:395)
		at org.apache.coyote.AbstractProcessorLight.process(AbstractProcessorLight.java:63)
		at org.apache.coyote.AbstractProtocol$ConnectionHandler.process(AbstractProtocol.java:905)
		at org.apache.tomcat.util.net.NioEndpoint$SocketProcessor.doRun(NioEndpoint.java:1746)
		at org.apache.tomcat.util.net.SocketProcessorBase.run(SocketProcessorBase.java:52)
		at org.apache.tomcat.util.threads.ThreadPoolExecutor.runWorker(ThreadPoolExecutor.java:1148)
		at org.apache.tomcat.util.threads.ThreadPoolExecutor$Worker.run(ThreadPoolExecutor.java:636)
		at org.apache.tomcat.util.threads.TaskThread$WrappingRunnable.run(TaskThread.java:63)
		at java.base/java.lang.Thread.run(Thread.java:1583)
14-Jan-2025 12:49:57.160 INFO [http-nio-8080-exec-2] org.apache.catalina.core.ApplicationContext.log Initializing Spring DispatcherServlet 'dispatcher'
14-Jan-2025 12:49:57.238 SEVERE [http-nio-8080-exec-2] org.apache.catalina.core.ApplicationContext.log Servlet.init() для сервлета [dispatcher] выбросил исключение
	org.springframework.jdbc.datasource.init.UncategorizedScriptException: Failed to execute database script
		at org.springframework.jdbc.datasource.init.DatabasePopulatorUtils.execute(DatabasePopulatorUtils.java:67)
		at org.springframework.jdbc.datasource.init.ResourceDatabasePopulator.execute(ResourceDatabasePopulator.java:269)
		at ru.yandex.practicum.configuration.DataSourceConfiguration.populate(DataSourceConfiguration.java:49)
		at java.base/jdk.internal.reflect.DirectMethodHandleAccessor.invoke(DirectMethodHandleAccessor.java:103)
		at java.base/java.lang.reflect.Method.invoke(Method.java:580)
		at org.springframework.context.event.ApplicationListenerMethodAdapter.doInvoke(ApplicationListenerMethodAdapter.java:382)
		at org.springframework.context.event.ApplicationListenerMethodAdapter.processEvent(ApplicationListenerMethodAdapter.java:254)
		at org.springframework.context.event.ApplicationListenerMethodAdapter.onApplicationEvent(ApplicationListenerMethodAdapter.java:173)
		at org.springframework.context.event.SimpleApplicationEventMulticaster.doInvokeListener(SimpleApplicationEventMulticaster.java:185)
		at org.springframework.context.event.SimpleApplicationEventMulticaster.invokeListener(SimpleApplicationEventMulticaster.java:178)
		at org.springframework.context.event.SimpleApplicationEventMulticaster.multicastEvent(SimpleApplicationEventMulticaster.java:156)
		at org.springframework.context.support.AbstractApplicationContext.publishEvent(AbstractApplicationContext.java:454)
		at org.springframework.context.support.AbstractApplicationContext.publishEvent(AbstractApplicationContext.java:387)
		at org.springframework.context.support.AbstractApplicationContext.finishRefresh(AbstractApplicationContext.java:1009)
		at org.springframework.context.support.AbstractApplicationContext.refresh(AbstractApplicationContext.java:630)
		at org.springframework.web.servlet.FrameworkServlet.configureAndRefreshWebApplicationContext(FrameworkServlet.java:706)
		at org.springframework.web.servlet.FrameworkServlet.createWebApplicationContext(FrameworkServlet.java:672)
		at org.springframework.web.servlet.FrameworkServlet.createWebApplicationContext(FrameworkServlet.java:720)
		at org.springframework.web.servlet.FrameworkServlet.initWebApplicationContext(FrameworkServlet.java:595)
		at org.springframework.web.servlet.FrameworkServlet.initServletBean(FrameworkServlet.java:537)
		at org.springframework.web.servlet.HttpServletBean.init(HttpServletBean.java:169)
		at jakarta.servlet.GenericServlet.init(GenericServlet.java:143)
		at jakarta.servlet.http.HttpServlet.init(HttpServlet.java:122)
		at org.apache.catalina.core.StandardWrapper.initServlet(StandardWrapper.java:817)
		at org.apache.catalina.core.StandardWrapper.loadServlet(StandardWrapper.java:787)
		at org.apache.catalina.core.StandardWrapper.allocate(StandardWrapper.java:568)
		at org.apache.catalina.core.StandardWrapperValve.invoke(StandardWrapperValve.java:115)
		at org.apache.catalina.core.StandardContextValve.invoke(StandardContextValve.java:79)
		at org.apache.catalina.authenticator.AuthenticatorBase.invoke(AuthenticatorBase.java:483)
		at org.apache.catalina.core.StandardHostValve.invoke(StandardHostValve.java:115)
		at org.apache.catalina.valves.ErrorReportValve.invoke(ErrorReportValve.java:93)
		at org.apache.catalina.valves.AbstractAccessLogValve.invoke(AbstractAccessLogValve.java:663)
		at org.apache.catalina.core.StandardEngineValve.invoke(StandardEngineValve.java:74)
		at org.apache.catalina.connector.CoyoteAdapter.service(CoyoteAdapter.java:342)
		at org.apache.coyote.http11.Http11Processor.service(Http11Processor.java:395)
		at org.apache.coyote.AbstractProcessorLight.process(AbstractProcessorLight.java:63)
		at org.apache.coyote.AbstractProtocol$ConnectionHandler.process(AbstractProtocol.java:905)
		at org.apache.tomcat.util.net.NioEndpoint$SocketProcessor.doRun(NioEndpoint.java:1746)
		at org.apache.tomcat.util.net.SocketProcessorBase.run(SocketProcessorBase.java:52)
		at org.apache.tomcat.util.threads.ThreadPoolExecutor.runWorker(ThreadPoolExecutor.java:1148)
		at org.apache.tomcat.util.threads.ThreadPoolExecutor$Worker.run(ThreadPoolExecutor.java:636)
		at org.apache.tomcat.util.threads.TaskThread$WrappingRunnable.run(TaskThread.java:63)
		at java.base/java.lang.Thread.run(Thread.java:1583)
	Caused by: org.springframework.jdbc.CannotGetJdbcConnectionException: Failed to obtain JDBC Connection
		at org.springframework.jdbc.datasource.DataSourceUtils.getConnection(DataSourceUtils.java:84)
		at org.springframework.jdbc.datasource.init.DatabasePopulatorUtils.execute(DatabasePopulatorUtils.java:52)
		... 42 more
	Caused by: java.sql.SQLException: No suitable driver found for ${spring.datasource.url}
		at java.sql/java.sql.DriverManager.getConnection(DriverManager.java:708)
		at java.sql/java.sql.DriverManager.getConnection(DriverManager.java:191)
		at org.springframework.jdbc.datasource.DriverManagerDataSource.getConnectionFromDriverManager(DriverManagerDataSource.java:155)
		at org.springframework.jdbc.datasource.DriverManagerDataSource.getConnectionFromDriver(DriverManagerDataSource.java:146)
		at org.springframework.jdbc.datasource.AbstractDriverBasedDataSource.getConnectionFromDriver(AbstractDriverBasedDataSource.java:205)
		at org.springframework.jdbc.datasource.AbstractDriverBasedDataSource.getConnection(AbstractDriverBasedDataSource.java:169)
		at org.springframework.jdbc.datasource.DataSourceUtils.fetchConnection(DataSourceUtils.java:160)
		at org.springframework.jdbc.datasource.DataSourceUtils.doGetConnection(DataSourceUtils.java:118)
		at org.springframework.jdbc.datasource.DataSourceUtils.getConnection(DataSourceUtils.java:81)
		... 43 more
14-Jan-2025 12:49:57.238 SEVERE [http-nio-8080-exec-2] org.apache.catalina.core.StandardWrapperValve.invoke Ошибка выделения для сервлета [dispatcher]
	java.sql.SQLException: No suitable driver found for ${spring.datasource.url}
		at java.sql/java.sql.DriverManager.getConnection(DriverManager.java:708)
		at java.sql/java.sql.DriverManager.getConnection(DriverManager.java:191)
		at org.springframework.jdbc.datasource.DriverManagerDataSource.getConnectionFromDriverManager(DriverManagerDataSource.java:155)
		at org.springframework.jdbc.datasource.DriverManagerDataSource.getConnectionFromDriver(DriverManagerDataSource.java:146)
		at org.springframework.jdbc.datasource.AbstractDriverBasedDataSource.getConnectionFromDriver(AbstractDriverBasedDataSource.java:205)
		at org.springframework.jdbc.datasource.AbstractDriverBasedDataSource.getConnection(AbstractDriverBasedDataSource.java:169)
		at org.springframework.jdbc.datasource.DataSourceUtils.fetchConnection(DataSourceUtils.java:160)
		at org.springframework.jdbc.datasource.DataSourceUtils.doGetConnection(DataSourceUtils.java:118)
		at org.springframework.jdbc.datasource.DataSourceUtils.getConnection(DataSourceUtils.java:81)
		at org.springframework.jdbc.datasource.init.DatabasePopulatorUtils.execute(DatabasePopulatorUtils.java:52)
		at org.springframework.jdbc.datasource.init.ResourceDatabasePopulator.execute(ResourceDatabasePopulator.java:269)
		at ru.yandex.practicum.configuration.DataSourceConfiguration.populate(DataSourceConfiguration.java:49)
		at java.base/jdk.internal.reflect.DirectMethodHandleAccessor.invoke(DirectMethodHandleAccessor.java:103)
		at java.base/java.lang.reflect.Method.invoke(Method.java:580)
		at org.springframework.context.event.ApplicationListenerMethodAdapter.doInvoke(ApplicationListenerMethodAdapter.java:382)
		at org.springframework.context.event.ApplicationListenerMethodAdapter.processEvent(ApplicationListenerMethodAdapter.java:254)
		at org.springframework.context.event.ApplicationListenerMethodAdapter.onApplicationEvent(ApplicationListenerMethodAdapter.java:173)
		at org.springframework.context.event.SimpleApplicationEventMulticaster.doInvokeListener(SimpleApplicationEventMulticaster.java:185)
		at org.springframework.context.event.SimpleApplicationEventMulticaster.invokeListener(SimpleApplicationEventMulticaster.java:178)
		at org.springframework.context.event.SimpleApplicationEventMulticaster.multicastEvent(SimpleApplicationEventMulticaster.java:156)
		at org.springframework.context.support.AbstractApplicationContext.publishEvent(AbstractApplicationContext.java:454)
		at org.springframework.context.support.AbstractApplicationContext.publishEvent(AbstractApplicationContext.java:387)
		at org.springframework.context.support.AbstractApplicationContext.finishRefresh(AbstractApplicationContext.java:1009)
		at org.springframework.context.support.AbstractApplicationContext.refresh(AbstractApplicationContext.java:630)
		at org.springframework.web.servlet.FrameworkServlet.configureAndRefreshWebApplicationContext(FrameworkServlet.java:706)
		at org.springframework.web.servlet.FrameworkServlet.createWebApplicationContext(FrameworkServlet.java:672)
		at org.springframework.web.servlet.FrameworkServlet.createWebApplicationContext(FrameworkServlet.java:720)
		at org.springframework.web.servlet.FrameworkServlet.initWebApplicationContext(FrameworkServlet.java:595)
		at org.springframework.web.servlet.FrameworkServlet.initServletBean(FrameworkServlet.java:537)
		at org.springframework.web.servlet.HttpServletBean.init(HttpServletBean.java:169)
		at jakarta.servlet.GenericServlet.init(GenericServlet.java:143)
		at jakarta.servlet.http.HttpServlet.init(HttpServlet.java:122)
		at org.apache.catalina.core.StandardWrapper.initServlet(StandardWrapper.java:817)
		at org.apache.catalina.core.StandardWrapper.loadServlet(StandardWrapper.java:787)
		at org.apache.catalina.core.StandardWrapper.allocate(StandardWrapper.java:568)
		at org.apache.catalina.core.StandardWrapperValve.invoke(StandardWrapperValve.java:115)
		at org.apache.catalina.core.StandardContextValve.invoke(StandardContextValve.java:79)
		at org.apache.catalina.authenticator.AuthenticatorBase.invoke(AuthenticatorBase.java:483)
		at org.apache.catalina.core.StandardHostValve.invoke(StandardHostValve.java:115)
		at org.apache.catalina.valves.ErrorReportValve.invoke(ErrorReportValve.java:93)
		at org.apache.catalina.valves.AbstractAccessLogValve.invoke(AbstractAccessLogValve.java:663)
		at org.apache.catalina.core.StandardEngineValve.invoke(StandardEngineValve.java:74)
		at org.apache.catalina.connector.CoyoteAdapter.service(CoyoteAdapter.java:342)
		at org.apache.coyote.http11.Http11Processor.service(Http11Processor.java:395)
		at org.apache.coyote.AbstractProcessorLight.process(AbstractProcessorLight.java:63)
		at org.apache.coyote.AbstractProtocol$ConnectionHandler.process(AbstractProtocol.java:905)
		at org.apache.tomcat.util.net.NioEndpoint$SocketProcessor.doRun(NioEndpoint.java:1746)
		at org.apache.tomcat.util.net.SocketProcessorBase.run(SocketProcessorBase.java:52)
		at org.apache.tomcat.util.threads.ThreadPoolExecutor.runWorker(ThreadPoolExecutor.java:1148)
		at org.apache.tomcat.util.threads.ThreadPoolExecutor$Worker.run(ThreadPoolExecutor.java:636)
		at org.apache.tomcat.util.threads.TaskThread$WrappingRunnable.run(TaskThread.java:63)
		at java.base/java.lang.Thread.run(Thread.java:1583)
14-Jan-2025 12:52:34.847 INFO [main] org.apache.catalina.core.ApplicationContext.log SessionListener: contextDestroyed()
14-Jan-2025 12:52:34.847 INFO [main] org.apache.catalina.core.ApplicationContext.log ContextListener: contextDestroyed()
14-Jan-2025 12:52:47.133 INFO [main] org.apache.catalina.core.ApplicationContext.log No Spring WebApplicationInitializer types detected on classpath
14-Jan-2025 12:52:47.303 INFO [main] org.apache.catalina.core.ApplicationContext.log Initializing Spring DispatcherServlet 'dispatcher'
14-Jan-2025 12:52:48.240 SEVERE [main] org.apache.catalina.core.ApplicationContext.log Servlet.init() для сервлета [dispatcher] выбросил исключение
	org.springframework.jdbc.datasource.init.UncategorizedScriptException: Failed to execute database script
		at org.springframework.jdbc.datasource.init.DatabasePopulatorUtils.execute(DatabasePopulatorUtils.java:67)
		at org.springframework.jdbc.datasource.init.ResourceDatabasePopulator.execute(ResourceDatabasePopulator.java:269)
		at ru.yandex.practicum.configuration.DataSourceConfiguration.populate(DataSourceConfiguration.java:49)
		at java.base/jdk.internal.reflect.DirectMethodHandleAccessor.invoke(DirectMethodHandleAccessor.java:103)
		at java.base/java.lang.reflect.Method.invoke(Method.java:580)
		at org.springframework.context.event.ApplicationListenerMethodAdapter.doInvoke(ApplicationListenerMethodAdapter.java:382)
		at org.springframework.context.event.ApplicationListenerMethodAdapter.processEvent(ApplicationListenerMethodAdapter.java:254)
		at org.springframework.context.event.ApplicationListenerMethodAdapter.onApplicationEvent(ApplicationListenerMethodAdapter.java:173)
		at org.springframework.context.event.SimpleApplicationEventMulticaster.doInvokeListener(SimpleApplicationEventMulticaster.java:185)
		at org.springframework.context.event.SimpleApplicationEventMulticaster.invokeListener(SimpleApplicationEventMulticaster.java:178)
		at org.springframework.context.event.SimpleApplicationEventMulticaster.multicastEvent(SimpleApplicationEventMulticaster.java:156)
		at org.springframework.context.support.AbstractApplicationContext.publishEvent(AbstractApplicationContext.java:454)
		at org.springframework.context.support.AbstractApplicationContext.publishEvent(AbstractApplicationContext.java:387)
		at org.springframework.context.support.AbstractApplicationContext.finishRefresh(AbstractApplicationContext.java:1009)
		at org.springframework.context.support.AbstractApplicationContext.refresh(AbstractApplicationContext.java:630)
		at org.springframework.web.servlet.FrameworkServlet.configureAndRefreshWebApplicationContext(FrameworkServlet.java:706)
		at org.springframework.web.servlet.FrameworkServlet.createWebApplicationContext(FrameworkServlet.java:672)
		at org.springframework.web.servlet.FrameworkServlet.createWebApplicationContext(FrameworkServlet.java:720)
		at org.springframework.web.servlet.FrameworkServlet.initWebApplicationContext(FrameworkServlet.java:595)
		at org.springframework.web.servlet.FrameworkServlet.initServletBean(FrameworkServlet.java:537)
		at org.springframework.web.servlet.HttpServletBean.init(HttpServletBean.java:169)
		at jakarta.servlet.GenericServlet.init(GenericServlet.java:143)
		at jakarta.servlet.http.HttpServlet.init(HttpServlet.java:122)
		at org.apache.catalina.core.StandardWrapper.initServlet(StandardWrapper.java:817)
		at org.apache.catalina.core.StandardWrapper.loadServlet(StandardWrapper.java:787)
		at org.apache.catalina.core.StandardWrapper.load(StandardWrapper.java:691)
		at org.apache.catalina.core.StandardContext.loadOnStartup(StandardContext.java:4153)
		at org.apache.catalina.core.StandardContext.startInternal(StandardContext.java:4437)
		at org.apache.catalina.util.LifecycleBase.start(LifecycleBase.java:164)
		at org.apache.catalina.core.ContainerBase.addChild(ContainerBase.java:566)
		at org.apache.catalina.core.StandardHost.addChild(StandardHost.java:653)
		at org.apache.catalina.startup.HostConfig.deployWAR(HostConfig.java:933)
		at org.apache.catalina.startup.HostConfig$DeployWar.run(HostConfig.java:1875)
		at java.base/java.util.concurrent.Executors$RunnableAdapter.call(Executors.java:572)
		at java.base/java.util.concurrent.FutureTask.run(FutureTask.java:317)
		at org.apache.tomcat.util.threads.InlineExecutorService.execute(InlineExecutorService.java:75)
		at java.base/java.util.concurrent.AbstractExecutorService.submit(AbstractExecutorService.java:123)
		at org.apache.catalina.startup.HostConfig.deployWARs(HostConfig.java:735)
		at org.apache.catalina.startup.HostConfig.deployApps(HostConfig.java:387)
		at org.apache.catalina.startup.HostConfig.start(HostConfig.java:1593)
		at org.apache.catalina.startup.HostConfig.lifecycleEvent(HostConfig.java:267)
		at org.apache.catalina.util.LifecycleBase.fireLifecycleEvent(LifecycleBase.java:109)
		at org.apache.catalina.util.LifecycleBase.setStateInternal(LifecycleBase.java:389)
		at org.apache.catalina.util.LifecycleBase.setState(LifecycleBase.java:336)
		at org.apache.catalina.core.ContainerBase.startInternal(ContainerBase.java:743)
		at org.apache.catalina.core.StandardHost.startInternal(StandardHost.java:771)
		at org.apache.catalina.util.LifecycleBase.start(LifecycleBase.java:164)
		at org.apache.catalina.core.ContainerBase$StartChild.call(ContainerBase.java:1170)
		at org.apache.catalina.core.ContainerBase$StartChild.call(ContainerBase.java:1160)
		at java.base/java.util.concurrent.FutureTask.run(FutureTask.java:317)
		at org.apache.tomcat.util.threads.InlineExecutorService.execute(InlineExecutorService.java:75)
		at java.base/java.util.concurrent.AbstractExecutorService.submit(AbstractExecutorService.java:145)
		at org.apache.catalina.core.ContainerBase.startInternal(ContainerBase.java:716)
		at org.apache.catalina.core.StandardEngine.startInternal(StandardEngine.java:203)
		at org.apache.catalina.util.LifecycleBase.start(LifecycleBase.java:164)
		at org.apache.catalina.core.StandardService.startInternal(StandardService.java:415)
		at org.apache.catalina.util.LifecycleBase.start(LifecycleBase.java:164)
		at org.apache.catalina.core.StandardServer.startInternal(StandardServer.java:866)
		at org.apache.catalina.util.LifecycleBase.start(LifecycleBase.java:164)
		at org.apache.catalina.startup.Catalina.start(Catalina.java:759)
		at java.base/jdk.internal.reflect.DirectMethodHandleAccessor.invoke(DirectMethodHandleAccessor.java:103)
		at java.base/java.lang.reflect.Method.invoke(Method.java:580)
		at org.apache.catalina.startup.Bootstrap.start(Bootstrap.java:342)
		at org.apache.catalina.startup.Bootstrap.main(Bootstrap.java:470)
	Caused by: org.springframework.jdbc.CannotGetJdbcConnectionException: Failed to obtain JDBC Connection
		at org.springframework.jdbc.datasource.DataSourceUtils.getConnection(DataSourceUtils.java:84)
		at org.springframework.jdbc.datasource.init.DatabasePopulatorUtils.execute(DatabasePopulatorUtils.java:52)
		... 63 more
	Caused by: java.sql.SQLException: No suitable driver found for ${spring.datasource.url}
		at java.sql/java.sql.DriverManager.getConnection(DriverManager.java:708)
		at java.sql/java.sql.DriverManager.getConnection(DriverManager.java:191)
		at org.springframework.jdbc.datasource.DriverManagerDataSource.getConnectionFromDriverManager(DriverManagerDataSource.java:155)
		at org.springframework.jdbc.datasource.DriverManagerDataSource.getConnectionFromDriver(DriverManagerDataSource.java:146)
		at org.springframework.jdbc.datasource.AbstractDriverBasedDataSource.getConnectionFromDriver(AbstractDriverBasedDataSource.java:205)
		at org.springframework.jdbc.datasource.AbstractDriverBasedDataSource.getConnection(AbstractDriverBasedDataSource.java:169)
		at org.springframework.jdbc.datasource.DataSourceUtils.fetchConnection(DataSourceUtils.java:160)
		at org.springframework.jdbc.datasource.DataSourceUtils.doGetConnection(DataSourceUtils.java:118)
		at org.springframework.jdbc.datasource.DataSourceUtils.getConnection(DataSourceUtils.java:81)
		... 64 more
14-Jan-2025 12:52:48.240 SEVERE [main] org.apache.catalina.core.StandardContext.loadOnStartup Servlet [dispatcher] in web application [/study] threw load() exception
	java.sql.SQLException: No suitable driver found for ${spring.datasource.url}
		at java.sql/java.sql.DriverManager.getConnection(DriverManager.java:708)
		at java.sql/java.sql.DriverManager.getConnection(DriverManager.java:191)
		at org.springframework.jdbc.datasource.DriverManagerDataSource.getConnectionFromDriverManager(DriverManagerDataSource.java:155)
		at org.springframework.jdbc.datasource.DriverManagerDataSource.getConnectionFromDriver(DriverManagerDataSource.java:146)
		at org.springframework.jdbc.datasource.AbstractDriverBasedDataSource.getConnectionFromDriver(AbstractDriverBasedDataSource.java:205)
		at org.springframework.jdbc.datasource.AbstractDriverBasedDataSource.getConnection(AbstractDriverBasedDataSource.java:169)
		at org.springframework.jdbc.datasource.DataSourceUtils.fetchConnection(DataSourceUtils.java:160)
		at org.springframework.jdbc.datasource.DataSourceUtils.doGetConnection(DataSourceUtils.java:118)
		at org.springframework.jdbc.datasource.DataSourceUtils.getConnection(DataSourceUtils.java:81)
		at org.springframework.jdbc.datasource.init.DatabasePopulatorUtils.execute(DatabasePopulatorUtils.java:52)
		at org.springframework.jdbc.datasource.init.ResourceDatabasePopulator.execute(ResourceDatabasePopulator.java:269)
		at ru.yandex.practicum.configuration.DataSourceConfiguration.populate(DataSourceConfiguration.java:49)
		at java.base/jdk.internal.reflect.DirectMethodHandleAccessor.invoke(DirectMethodHandleAccessor.java:103)
		at java.base/java.lang.reflect.Method.invoke(Method.java:580)
		at org.springframework.context.event.ApplicationListenerMethodAdapter.doInvoke(ApplicationListenerMethodAdapter.java:382)
		at org.springframework.context.event.ApplicationListenerMethodAdapter.processEvent(ApplicationListenerMethodAdapter.java:254)
		at org.springframework.context.event.ApplicationListenerMethodAdapter.onApplicationEvent(ApplicationListenerMethodAdapter.java:173)
		at org.springframework.context.event.SimpleApplicationEventMulticaster.doInvokeListener(SimpleApplicationEventMulticaster.java:185)
		at org.springframework.context.event.SimpleApplicationEventMulticaster.invokeListener(SimpleApplicationEventMulticaster.java:178)
		at org.springframework.context.event.SimpleApplicationEventMulticaster.multicastEvent(SimpleApplicationEventMulticaster.java:156)
		at org.springframework.context.support.AbstractApplicationContext.publishEvent(AbstractApplicationContext.java:454)
		at org.springframework.context.support.AbstractApplicationContext.publishEvent(AbstractApplicationContext.java:387)
		at org.springframework.context.support.AbstractApplicationContext.finishRefresh(AbstractApplicationContext.java:1009)
		at org.springframework.context.support.AbstractApplicationContext.refresh(AbstractApplicationContext.java:630)
		at org.springframework.web.servlet.FrameworkServlet.configureAndRefreshWebApplicationContext(FrameworkServlet.java:706)
		at org.springframework.web.servlet.FrameworkServlet.createWebApplicationContext(FrameworkServlet.java:672)
		at org.springframework.web.servlet.FrameworkServlet.createWebApplicationContext(FrameworkServlet.java:720)
		at org.springframework.web.servlet.FrameworkServlet.initWebApplicationContext(FrameworkServlet.java:595)
		at org.springframework.web.servlet.FrameworkServlet.initServletBean(FrameworkServlet.java:537)
		at org.springframework.web.servlet.HttpServletBean.init(HttpServletBean.java:169)
		at jakarta.servlet.GenericServlet.init(GenericServlet.java:143)
		at jakarta.servlet.http.HttpServlet.init(HttpServlet.java:122)
		at org.apache.catalina.core.StandardWrapper.initServlet(StandardWrapper.java:817)
		at org.apache.catalina.core.StandardWrapper.loadServlet(StandardWrapper.java:787)
		at org.apache.catalina.core.StandardWrapper.load(StandardWrapper.java:691)
		at org.apache.catalina.core.StandardContext.loadOnStartup(StandardContext.java:4153)
		at org.apache.catalina.core.StandardContext.startInternal(StandardContext.java:4437)
		at org.apache.catalina.util.LifecycleBase.start(LifecycleBase.java:164)
		at org.apache.catalina.core.ContainerBase.addChild(ContainerBase.java:566)
		at org.apache.catalina.core.StandardHost.addChild(StandardHost.java:653)
		at org.apache.catalina.startup.HostConfig.deployWAR(HostConfig.java:933)
		at org.apache.catalina.startup.HostConfig$DeployWar.run(HostConfig.java:1875)
		at java.base/java.util.concurrent.Executors$RunnableAdapter.call(Executors.java:572)
		at java.base/java.util.concurrent.FutureTask.run(FutureTask.java:317)
		at org.apache.tomcat.util.threads.InlineExecutorService.execute(InlineExecutorService.java:75)
		at java.base/java.util.concurrent.AbstractExecutorService.submit(AbstractExecutorService.java:123)
		at org.apache.catalina.startup.HostConfig.deployWARs(HostConfig.java:735)
		at org.apache.catalina.startup.HostConfig.deployApps(HostConfig.java:387)
		at org.apache.catalina.startup.HostConfig.start(HostConfig.java:1593)
		at org.apache.catalina.startup.HostConfig.lifecycleEvent(HostConfig.java:267)
		at org.apache.catalina.util.LifecycleBase.fireLifecycleEvent(LifecycleBase.java:109)
		at org.apache.catalina.util.LifecycleBase.setStateInternal(LifecycleBase.java:389)
		at org.apache.catalina.util.LifecycleBase.setState(LifecycleBase.java:336)
		at org.apache.catalina.core.ContainerBase.startInternal(ContainerBase.java:743)
		at org.apache.catalina.core.StandardHost.startInternal(StandardHost.java:771)
		at org.apache.catalina.util.LifecycleBase.start(LifecycleBase.java:164)
		at org.apache.catalina.core.ContainerBase$StartChild.call(ContainerBase.java:1170)
		at org.apache.catalina.core.ContainerBase$StartChild.call(ContainerBase.java:1160)
		at java.base/java.util.concurrent.FutureTask.run(FutureTask.java:317)
		at org.apache.tomcat.util.threads.InlineExecutorService.execute(InlineExecutorService.java:75)
		at java.base/java.util.concurrent.AbstractExecutorService.submit(AbstractExecutorService.java:145)
		at org.apache.catalina.core.ContainerBase.startInternal(ContainerBase.java:716)
		at org.apache.catalina.core.StandardEngine.startInternal(StandardEngine.java:203)
		at org.apache.catalina.util.LifecycleBase.start(LifecycleBase.java:164)
		at org.apache.catalina.core.StandardService.startInternal(StandardService.java:415)
		at org.apache.catalina.util.LifecycleBase.start(LifecycleBase.java:164)
		at org.apache.catalina.core.StandardServer.startInternal(StandardServer.java:866)
		at org.apache.catalina.util.LifecycleBase.start(LifecycleBase.java:164)
		at org.apache.catalina.startup.Catalina.start(Catalina.java:759)
		at java.base/jdk.internal.reflect.DirectMethodHandleAccessor.invoke(DirectMethodHandleAccessor.java:103)
		at java.base/java.lang.reflect.Method.invoke(Method.java:580)
		at org.apache.catalina.startup.Bootstrap.start(Bootstrap.java:342)
		at org.apache.catalina.startup.Bootstrap.main(Bootstrap.java:470)
14-Jan-2025 12:52:48.542 INFO [main] org.apache.catalina.core.ApplicationContext.log ContextListener: contextInitialized()
14-Jan-2025 12:52:48.543 INFO [main] org.apache.catalina.core.ApplicationContext.log SessionListener: contextInitialized()
14-Jan-2025 12:52:48.544 INFO [main] org.apache.catalina.core.ApplicationContext.log ContextListener: attributeAdded('StockTicker', 'async.Stockticker@6e161cea')
14-Jan-2025 12:52:52.482 INFO [http-nio-8080-exec-1] org.apache.catalina.core.ApplicationContext.log Initializing Spring DispatcherServlet 'dispatcher'
14-Jan-2025 12:52:52.554 SEVERE [http-nio-8080-exec-1] org.apache.catalina.core.ApplicationContext.log Servlet.init() для сервлета [dispatcher] выбросил исключение
	org.springframework.jdbc.datasource.init.UncategorizedScriptException: Failed to execute database script
		at org.springframework.jdbc.datasource.init.DatabasePopulatorUtils.execute(DatabasePopulatorUtils.java:67)
		at org.springframework.jdbc.datasource.init.ResourceDatabasePopulator.execute(ResourceDatabasePopulator.java:269)
		at ru.yandex.practicum.configuration.DataSourceConfiguration.populate(DataSourceConfiguration.java:49)
		at java.base/jdk.internal.reflect.DirectMethodHandleAccessor.invoke(DirectMethodHandleAccessor.java:103)
		at java.base/java.lang.reflect.Method.invoke(Method.java:580)
		at org.springframework.context.event.ApplicationListenerMethodAdapter.doInvoke(ApplicationListenerMethodAdapter.java:382)
		at org.springframework.context.event.ApplicationListenerMethodAdapter.processEvent(ApplicationListenerMethodAdapter.java:254)
		at org.springframework.context.event.ApplicationListenerMethodAdapter.onApplicationEvent(ApplicationListenerMethodAdapter.java:173)
		at org.springframework.context.event.SimpleApplicationEventMulticaster.doInvokeListener(SimpleApplicationEventMulticaster.java:185)
		at org.springframework.context.event.SimpleApplicationEventMulticaster.invokeListener(SimpleApplicationEventMulticaster.java:178)
		at org.springframework.context.event.SimpleApplicationEventMulticaster.multicastEvent(SimpleApplicationEventMulticaster.java:156)
		at org.springframework.context.support.AbstractApplicationContext.publishEvent(AbstractApplicationContext.java:454)
		at org.springframework.context.support.AbstractApplicationContext.publishEvent(AbstractApplicationContext.java:387)
		at org.springframework.context.support.AbstractApplicationContext.finishRefresh(AbstractApplicationContext.java:1009)
		at org.springframework.context.support.AbstractApplicationContext.refresh(AbstractApplicationContext.java:630)
		at org.springframework.web.servlet.FrameworkServlet.configureAndRefreshWebApplicationContext(FrameworkServlet.java:706)
		at org.springframework.web.servlet.FrameworkServlet.createWebApplicationContext(FrameworkServlet.java:672)
		at org.springframework.web.servlet.FrameworkServlet.createWebApplicationContext(FrameworkServlet.java:720)
		at org.springframework.web.servlet.FrameworkServlet.initWebApplicationContext(FrameworkServlet.java:595)
		at org.springframework.web.servlet.FrameworkServlet.initServletBean(FrameworkServlet.java:537)
		at org.springframework.web.servlet.HttpServletBean.init(HttpServletBean.java:169)
		at jakarta.servlet.GenericServlet.init(GenericServlet.java:143)
		at jakarta.servlet.http.HttpServlet.init(HttpServlet.java:122)
		at org.apache.catalina.core.StandardWrapper.initServlet(StandardWrapper.java:817)
		at org.apache.catalina.core.StandardWrapper.loadServlet(StandardWrapper.java:787)
		at org.apache.catalina.core.StandardWrapper.allocate(StandardWrapper.java:568)
		at org.apache.catalina.core.StandardWrapperValve.invoke(StandardWrapperValve.java:115)
		at org.apache.catalina.core.StandardContextValve.invoke(StandardContextValve.java:79)
		at org.apache.catalina.authenticator.AuthenticatorBase.invoke(AuthenticatorBase.java:483)
		at org.apache.catalina.core.StandardHostValve.invoke(StandardHostValve.java:115)
		at org.apache.catalina.valves.ErrorReportValve.invoke(ErrorReportValve.java:93)
		at org.apache.catalina.valves.AbstractAccessLogValve.invoke(AbstractAccessLogValve.java:663)
		at org.apache.catalina.core.StandardEngineValve.invoke(StandardEngineValve.java:74)
		at org.apache.catalina.connector.CoyoteAdapter.service(CoyoteAdapter.java:342)
		at org.apache.coyote.http11.Http11Processor.service(Http11Processor.java:395)
		at org.apache.coyote.AbstractProcessorLight.process(AbstractProcessorLight.java:63)
		at org.apache.coyote.AbstractProtocol$ConnectionHandler.process(AbstractProtocol.java:905)
		at org.apache.tomcat.util.net.NioEndpoint$SocketProcessor.doRun(NioEndpoint.java:1746)
		at org.apache.tomcat.util.net.SocketProcessorBase.run(SocketProcessorBase.java:52)
		at org.apache.tomcat.util.threads.ThreadPoolExecutor.runWorker(ThreadPoolExecutor.java:1148)
		at org.apache.tomcat.util.threads.ThreadPoolExecutor$Worker.run(ThreadPoolExecutor.java:636)
		at org.apache.tomcat.util.threads.TaskThread$WrappingRunnable.run(TaskThread.java:63)
		at java.base/java.lang.Thread.run(Thread.java:1583)
	Caused by: org.springframework.jdbc.CannotGetJdbcConnectionException: Failed to obtain JDBC Connection
		at org.springframework.jdbc.datasource.DataSourceUtils.getConnection(DataSourceUtils.java:84)
		at org.springframework.jdbc.datasource.init.DatabasePopulatorUtils.execute(DatabasePopulatorUtils.java:52)
		... 42 more
	Caused by: java.sql.SQLException: No suitable driver found for ${spring.datasource.url}
		at java.sql/java.sql.DriverManager.getConnection(DriverManager.java:708)
		at java.sql/java.sql.DriverManager.getConnection(DriverManager.java:191)
		at org.springframework.jdbc.datasource.DriverManagerDataSource.getConnectionFromDriverManager(DriverManagerDataSource.java:155)
		at org.springframework.jdbc.datasource.DriverManagerDataSource.getConnectionFromDriver(DriverManagerDataSource.java:146)
		at org.springframework.jdbc.datasource.AbstractDriverBasedDataSource.getConnectionFromDriver(AbstractDriverBasedDataSource.java:205)
		at org.springframework.jdbc.datasource.AbstractDriverBasedDataSource.getConnection(AbstractDriverBasedDataSource.java:169)
		at org.springframework.jdbc.datasource.DataSourceUtils.fetchConnection(DataSourceUtils.java:160)
		at org.springframework.jdbc.datasource.DataSourceUtils.doGetConnection(DataSourceUtils.java:118)
		at org.springframework.jdbc.datasource.DataSourceUtils.getConnection(DataSourceUtils.java:81)
		... 43 more
14-Jan-2025 12:52:52.554 SEVERE [http-nio-8080-exec-1] org.apache.catalina.core.StandardWrapperValve.invoke Ошибка выделения для сервлета [dispatcher]
	java.sql.SQLException: No suitable driver found for ${spring.datasource.url}
		at java.sql/java.sql.DriverManager.getConnection(DriverManager.java:708)
		at java.sql/java.sql.DriverManager.getConnection(DriverManager.java:191)
		at org.springframework.jdbc.datasource.DriverManagerDataSource.getConnectionFromDriverManager(DriverManagerDataSource.java:155)
		at org.springframework.jdbc.datasource.DriverManagerDataSource.getConnectionFromDriver(DriverManagerDataSource.java:146)
		at org.springframework.jdbc.datasource.AbstractDriverBasedDataSource.getConnectionFromDriver(AbstractDriverBasedDataSource.java:205)
		at org.springframework.jdbc.datasource.AbstractDriverBasedDataSource.getConnection(AbstractDriverBasedDataSource.java:169)
		at org.springframework.jdbc.datasource.DataSourceUtils.fetchConnection(DataSourceUtils.java:160)
		at org.springframework.jdbc.datasource.DataSourceUtils.doGetConnection(DataSourceUtils.java:118)
		at org.springframework.jdbc.datasource.DataSourceUtils.getConnection(DataSourceUtils.java:81)
		at org.springframework.jdbc.datasource.init.DatabasePopulatorUtils.execute(DatabasePopulatorUtils.java:52)
		at org.springframework.jdbc.datasource.init.ResourceDatabasePopulator.execute(ResourceDatabasePopulator.java:269)
		at ru.yandex.practicum.configuration.DataSourceConfiguration.populate(DataSourceConfiguration.java:49)
		at java.base/jdk.internal.reflect.DirectMethodHandleAccessor.invoke(DirectMethodHandleAccessor.java:103)
		at java.base/java.lang.reflect.Method.invoke(Method.java:580)
		at org.springframework.context.event.ApplicationListenerMethodAdapter.doInvoke(ApplicationListenerMethodAdapter.java:382)
		at org.springframework.context.event.ApplicationListenerMethodAdapter.processEvent(ApplicationListenerMethodAdapter.java:254)
		at org.springframework.context.event.ApplicationListenerMethodAdapter.onApplicationEvent(ApplicationListenerMethodAdapter.java:173)
		at org.springframework.context.event.SimpleApplicationEventMulticaster.doInvokeListener(SimpleApplicationEventMulticaster.java:185)
		at org.springframework.context.event.SimpleApplicationEventMulticaster.invokeListener(SimpleApplicationEventMulticaster.java:178)
		at org.springframework.context.event.SimpleApplicationEventMulticaster.multicastEvent(SimpleApplicationEventMulticaster.java:156)
		at org.springframework.context.support.AbstractApplicationContext.publishEvent(AbstractApplicationContext.java:454)
		at org.springframework.context.support.AbstractApplicationContext.publishEvent(AbstractApplicationContext.java:387)
		at org.springframework.context.support.AbstractApplicationContext.finishRefresh(AbstractApplicationContext.java:1009)
		at org.springframework.context.support.AbstractApplicationContext.refresh(AbstractApplicationContext.java:630)
		at org.springframework.web.servlet.FrameworkServlet.configureAndRefreshWebApplicationContext(FrameworkServlet.java:706)
		at org.springframework.web.servlet.FrameworkServlet.createWebApplicationContext(FrameworkServlet.java:672)
		at org.springframework.web.servlet.FrameworkServlet.createWebApplicationContext(FrameworkServlet.java:720)
		at org.springframework.web.servlet.FrameworkServlet.initWebApplicationContext(FrameworkServlet.java:595)
		at org.springframework.web.servlet.FrameworkServlet.initServletBean(FrameworkServlet.java:537)
		at org.springframework.web.servlet.HttpServletBean.init(HttpServletBean.java:169)
		at jakarta.servlet.GenericServlet.init(GenericServlet.java:143)
		at jakarta.servlet.http.HttpServlet.init(HttpServlet.java:122)
		at org.apache.catalina.core.StandardWrapper.initServlet(StandardWrapper.java:817)
		at org.apache.catalina.core.StandardWrapper.loadServlet(StandardWrapper.java:787)
		at org.apache.catalina.core.StandardWrapper.allocate(StandardWrapper.java:568)
		at org.apache.catalina.core.StandardWrapperValve.invoke(StandardWrapperValve.java:115)
		at org.apache.catalina.core.StandardContextValve.invoke(StandardContextValve.java:79)
		at org.apache.catalina.authenticator.AuthenticatorBase.invoke(AuthenticatorBase.java:483)
		at org.apache.catalina.core.StandardHostValve.invoke(StandardHostValve.java:115)
		at org.apache.catalina.valves.ErrorReportValve.invoke(ErrorReportValve.java:93)
		at org.apache.catalina.valves.AbstractAccessLogValve.invoke(AbstractAccessLogValve.java:663)
		at org.apache.catalina.core.StandardEngineValve.invoke(StandardEngineValve.java:74)
		at org.apache.catalina.connector.CoyoteAdapter.service(CoyoteAdapter.java:342)
		at org.apache.coyote.http11.Http11Processor.service(Http11Processor.java:395)
		at org.apache.coyote.AbstractProcessorLight.process(AbstractProcessorLight.java:63)
		at org.apache.coyote.AbstractProtocol$ConnectionHandler.process(AbstractProtocol.java:905)
		at org.apache.tomcat.util.net.NioEndpoint$SocketProcessor.doRun(NioEndpoint.java:1746)
		at org.apache.tomcat.util.net.SocketProcessorBase.run(SocketProcessorBase.java:52)
		at org.apache.tomcat.util.threads.ThreadPoolExecutor.runWorker(ThreadPoolExecutor.java:1148)
		at org.apache.tomcat.util.threads.ThreadPoolExecutor$Worker.run(ThreadPoolExecutor.java:636)
		at org.apache.tomcat.util.threads.TaskThread$WrappingRunnable.run(TaskThread.java:63)
		at java.base/java.lang.Thread.run(Thread.java:1583)
14-Jan-2025 12:52:53.307 INFO [http-nio-8080-exec-2] org.apache.catalina.core.ApplicationContext.log Initializing Spring DispatcherServlet 'dispatcher'
14-Jan-2025 12:52:53.379 SEVERE [http-nio-8080-exec-2] org.apache.catalina.core.ApplicationContext.log Servlet.init() для сервлета [dispatcher] выбросил исключение
	org.springframework.jdbc.datasource.init.UncategorizedScriptException: Failed to execute database script
		at org.springframework.jdbc.datasource.init.DatabasePopulatorUtils.execute(DatabasePopulatorUtils.java:67)
		at org.springframework.jdbc.datasource.init.ResourceDatabasePopulator.execute(ResourceDatabasePopulator.java:269)
		at ru.yandex.practicum.configuration.DataSourceConfiguration.populate(DataSourceConfiguration.java:49)
		at java.base/jdk.internal.reflect.DirectMethodHandleAccessor.invoke(DirectMethodHandleAccessor.java:103)
		at java.base/java.lang.reflect.Method.invoke(Method.java:580)
		at org.springframework.context.event.ApplicationListenerMethodAdapter.doInvoke(ApplicationListenerMethodAdapter.java:382)
		at org.springframework.context.event.ApplicationListenerMethodAdapter.processEvent(ApplicationListenerMethodAdapter.java:254)
		at org.springframework.context.event.ApplicationListenerMethodAdapter.onApplicationEvent(ApplicationListenerMethodAdapter.java:173)
		at org.springframework.context.event.SimpleApplicationEventMulticaster.doInvokeListener(SimpleApplicationEventMulticaster.java:185)
		at org.springframework.context.event.SimpleApplicationEventMulticaster.invokeListener(SimpleApplicationEventMulticaster.java:178)
		at org.springframework.context.event.SimpleApplicationEventMulticaster.multicastEvent(SimpleApplicationEventMulticaster.java:156)
		at org.springframework.context.support.AbstractApplicationContext.publishEvent(AbstractApplicationContext.java:454)
		at org.springframework.context.support.AbstractApplicationContext.publishEvent(AbstractApplicationContext.java:387)
		at org.springframework.context.support.AbstractApplicationContext.finishRefresh(AbstractApplicationContext.java:1009)
		at org.springframework.context.support.AbstractApplicationContext.refresh(AbstractApplicationContext.java:630)
		at org.springframework.web.servlet.FrameworkServlet.configureAndRefreshWebApplicationContext(FrameworkServlet.java:706)
		at org.springframework.web.servlet.FrameworkServlet.createWebApplicationContext(FrameworkServlet.java:672)
		at org.springframework.web.servlet.FrameworkServlet.createWebApplicationContext(FrameworkServlet.java:720)
		at org.springframework.web.servlet.FrameworkServlet.initWebApplicationContext(FrameworkServlet.java:595)
		at org.springframework.web.servlet.FrameworkServlet.initServletBean(FrameworkServlet.java:537)
		at org.springframework.web.servlet.HttpServletBean.init(HttpServletBean.java:169)
		at jakarta.servlet.GenericServlet.init(GenericServlet.java:143)
		at jakarta.servlet.http.HttpServlet.init(HttpServlet.java:122)
		at org.apache.catalina.core.StandardWrapper.initServlet(StandardWrapper.java:817)
		at org.apache.catalina.core.StandardWrapper.loadServlet(StandardWrapper.java:787)
		at org.apache.catalina.core.StandardWrapper.allocate(StandardWrapper.java:568)
		at org.apache.catalina.core.StandardWrapperValve.invoke(StandardWrapperValve.java:115)
		at org.apache.catalina.core.StandardContextValve.invoke(StandardContextValve.java:79)
		at org.apache.catalina.authenticator.AuthenticatorBase.invoke(AuthenticatorBase.java:483)
		at org.apache.catalina.core.StandardHostValve.invoke(StandardHostValve.java:115)
		at org.apache.catalina.valves.ErrorReportValve.invoke(ErrorReportValve.java:93)
		at org.apache.catalina.valves.AbstractAccessLogValve.invoke(AbstractAccessLogValve.java:663)
		at org.apache.catalina.core.StandardEngineValve.invoke(StandardEngineValve.java:74)
		at org.apache.catalina.connector.CoyoteAdapter.service(CoyoteAdapter.java:342)
		at org.apache.coyote.http11.Http11Processor.service(Http11Processor.java:395)
		at org.apache.coyote.AbstractProcessorLight.process(AbstractProcessorLight.java:63)
		at org.apache.coyote.AbstractProtocol$ConnectionHandler.process(AbstractProtocol.java:905)
		at org.apache.tomcat.util.net.NioEndpoint$SocketProcessor.doRun(NioEndpoint.java:1746)
		at org.apache.tomcat.util.net.SocketProcessorBase.run(SocketProcessorBase.java:52)
		at org.apache.tomcat.util.threads.ThreadPoolExecutor.runWorker(ThreadPoolExecutor.java:1148)
		at org.apache.tomcat.util.threads.ThreadPoolExecutor$Worker.run(ThreadPoolExecutor.java:636)
		at org.apache.tomcat.util.threads.TaskThread$WrappingRunnable.run(TaskThread.java:63)
		at java.base/java.lang.Thread.run(Thread.java:1583)
	Caused by: org.springframework.jdbc.CannotGetJdbcConnectionException: Failed to obtain JDBC Connection
		at org.springframework.jdbc.datasource.DataSourceUtils.getConnection(DataSourceUtils.java:84)
		at org.springframework.jdbc.datasource.init.DatabasePopulatorUtils.execute(DatabasePopulatorUtils.java:52)
		... 42 more
	Caused by: java.sql.SQLException: No suitable driver found for ${spring.datasource.url}
		at java.sql/java.sql.DriverManager.getConnection(DriverManager.java:708)
		at java.sql/java.sql.DriverManager.getConnection(DriverManager.java:191)
		at org.springframework.jdbc.datasource.DriverManagerDataSource.getConnectionFromDriverManager(DriverManagerDataSource.java:155)
		at org.springframework.jdbc.datasource.DriverManagerDataSource.getConnectionFromDriver(DriverManagerDataSource.java:146)
		at org.springframework.jdbc.datasource.AbstractDriverBasedDataSource.getConnectionFromDriver(AbstractDriverBasedDataSource.java:205)
		at org.springframework.jdbc.datasource.AbstractDriverBasedDataSource.getConnection(AbstractDriverBasedDataSource.java:169)
		at org.springframework.jdbc.datasource.DataSourceUtils.fetchConnection(DataSourceUtils.java:160)
		at org.springframework.jdbc.datasource.DataSourceUtils.doGetConnection(DataSourceUtils.java:118)
		at org.springframework.jdbc.datasource.DataSourceUtils.getConnection(DataSourceUtils.java:81)
		... 43 more
14-Jan-2025 12:52:53.379 SEVERE [http-nio-8080-exec-2] org.apache.catalina.core.StandardWrapperValve.invoke Ошибка выделения для сервлета [dispatcher]
	java.sql.SQLException: No suitable driver found for ${spring.datasource.url}
		at java.sql/java.sql.DriverManager.getConnection(DriverManager.java:708)
		at java.sql/java.sql.DriverManager.getConnection(DriverManager.java:191)
		at org.springframework.jdbc.datasource.DriverManagerDataSource.getConnectionFromDriverManager(DriverManagerDataSource.java:155)
		at org.springframework.jdbc.datasource.DriverManagerDataSource.getConnectionFromDriver(DriverManagerDataSource.java:146)
		at org.springframework.jdbc.datasource.AbstractDriverBasedDataSource.getConnectionFromDriver(AbstractDriverBasedDataSource.java:205)
		at org.springframework.jdbc.datasource.AbstractDriverBasedDataSource.getConnection(AbstractDriverBasedDataSource.java:169)
		at org.springframework.jdbc.datasource.DataSourceUtils.fetchConnection(DataSourceUtils.java:160)
		at org.springframework.jdbc.datasource.DataSourceUtils.doGetConnection(DataSourceUtils.java:118)
		at org.springframework.jdbc.datasource.DataSourceUtils.getConnection(DataSourceUtils.java:81)
		at org.springframework.jdbc.datasource.init.DatabasePopulatorUtils.execute(DatabasePopulatorUtils.java:52)
		at org.springframework.jdbc.datasource.init.ResourceDatabasePopulator.execute(ResourceDatabasePopulator.java:269)
		at ru.yandex.practicum.configuration.DataSourceConfiguration.populate(DataSourceConfiguration.java:49)
		at java.base/jdk.internal.reflect.DirectMethodHandleAccessor.invoke(DirectMethodHandleAccessor.java:103)
		at java.base/java.lang.reflect.Method.invoke(Method.java:580)
		at org.springframework.context.event.ApplicationListenerMethodAdapter.doInvoke(ApplicationListenerMethodAdapter.java:382)
		at org.springframework.context.event.ApplicationListenerMethodAdapter.processEvent(ApplicationListenerMethodAdapter.java:254)
		at org.springframework.context.event.ApplicationListenerMethodAdapter.onApplicationEvent(ApplicationListenerMethodAdapter.java:173)
		at org.springframework.context.event.SimpleApplicationEventMulticaster.doInvokeListener(SimpleApplicationEventMulticaster.java:185)
		at org.springframework.context.event.SimpleApplicationEventMulticaster.invokeListener(SimpleApplicationEventMulticaster.java:178)
		at org.springframework.context.event.SimpleApplicationEventMulticaster.multicastEvent(SimpleApplicationEventMulticaster.java:156)
		at org.springframework.context.support.AbstractApplicationContext.publishEvent(AbstractApplicationContext.java:454)
		at org.springframework.context.support.AbstractApplicationContext.publishEvent(AbstractApplicationContext.java:387)
		at org.springframework.context.support.AbstractApplicationContext.finishRefresh(AbstractApplicationContext.java:1009)
		at org.springframework.context.support.AbstractApplicationContext.refresh(AbstractApplicationContext.java:630)
		at org.springframework.web.servlet.FrameworkServlet.configureAndRefreshWebApplicationContext(FrameworkServlet.java:706)
		at org.springframework.web.servlet.FrameworkServlet.createWebApplicationContext(FrameworkServlet.java:672)
		at org.springframework.web.servlet.FrameworkServlet.createWebApplicationContext(FrameworkServlet.java:720)
		at org.springframework.web.servlet.FrameworkServlet.initWebApplicationContext(FrameworkServlet.java:595)
		at org.springframework.web.servlet.FrameworkServlet.initServletBean(FrameworkServlet.java:537)
		at org.springframework.web.servlet.HttpServletBean.init(HttpServletBean.java:169)
		at jakarta.servlet.GenericServlet.init(GenericServlet.java:143)
		at jakarta.servlet.http.HttpServlet.init(HttpServlet.java:122)
		at org.apache.catalina.core.StandardWrapper.initServlet(StandardWrapper.java:817)
		at org.apache.catalina.core.StandardWrapper.loadServlet(StandardWrapper.java:787)
		at org.apache.catalina.core.StandardWrapper.allocate(StandardWrapper.java:568)
		at org.apache.catalina.core.StandardWrapperValve.invoke(StandardWrapperValve.java:115)
		at org.apache.catalina.core.StandardContextValve.invoke(StandardContextValve.java:79)
		at org.apache.catalina.authenticator.AuthenticatorBase.invoke(AuthenticatorBase.java:483)
		at org.apache.catalina.core.StandardHostValve.invoke(StandardHostValve.java:115)
		at org.apache.catalina.valves.ErrorReportValve.invoke(ErrorReportValve.java:93)
		at org.apache.catalina.valves.AbstractAccessLogValve.invoke(AbstractAccessLogValve.java:663)
		at org.apache.catalina.core.StandardEngineValve.invoke(StandardEngineValve.java:74)
		at org.apache.catalina.connector.CoyoteAdapter.service(CoyoteAdapter.java:342)
		at org.apache.coyote.http11.Http11Processor.service(Http11Processor.java:395)
		at org.apache.coyote.AbstractProcessorLight.process(AbstractProcessorLight.java:63)
		at org.apache.coyote.AbstractProtocol$ConnectionHandler.process(AbstractProtocol.java:905)
		at org.apache.tomcat.util.net.NioEndpoint$SocketProcessor.doRun(NioEndpoint.java:1746)
		at org.apache.tomcat.util.net.SocketProcessorBase.run(SocketProcessorBase.java:52)
		at org.apache.tomcat.util.threads.ThreadPoolExecutor.runWorker(ThreadPoolExecutor.java:1148)
		at org.apache.tomcat.util.threads.ThreadPoolExecutor$Worker.run(ThreadPoolExecutor.java:636)
		at org.apache.tomcat.util.threads.TaskThread$WrappingRunnable.run(TaskThread.java:63)
		at java.base/java.lang.Thread.run(Thread.java:1583)
14-Jan-2025 12:54:41.417 INFO [main] org.apache.catalina.core.ApplicationContext.log SessionListener: contextDestroyed()
14-Jan-2025 12:54:41.417 INFO [main] org.apache.catalina.core.ApplicationContext.log ContextListener: contextDestroyed()
14-Jan-2025 12:54:51.114 INFO [main] org.apache.catalina.core.ApplicationContext.log No Spring WebApplicationInitializer types detected on classpath
14-Jan-2025 12:54:51.274 INFO [main] org.apache.catalina.core.ApplicationContext.log Initializing Spring DispatcherServlet 'dispatcher'
14-Jan-2025 12:54:52.318 SEVERE [main] org.apache.catalina.core.ApplicationContext.log Servlet.init() для сервлета [dispatcher] выбросил исключение
	org.springframework.jdbc.datasource.init.UncategorizedScriptException: Failed to execute database script
		at org.springframework.jdbc.datasource.init.DatabasePopulatorUtils.execute(DatabasePopulatorUtils.java:67)
		at org.springframework.jdbc.datasource.init.ResourceDatabasePopulator.execute(ResourceDatabasePopulator.java:269)
		at ru.yandex.practicum.configuration.DataSourceConfiguration.populate(DataSourceConfiguration.java:49)
		at java.base/jdk.internal.reflect.DirectMethodHandleAccessor.invoke(DirectMethodHandleAccessor.java:103)
		at java.base/java.lang.reflect.Method.invoke(Method.java:580)
		at org.springframework.context.event.ApplicationListenerMethodAdapter.doInvoke(ApplicationListenerMethodAdapter.java:382)
		at org.springframework.context.event.ApplicationListenerMethodAdapter.processEvent(ApplicationListenerMethodAdapter.java:254)
		at org.springframework.context.event.ApplicationListenerMethodAdapter.onApplicationEvent(ApplicationListenerMethodAdapter.java:173)
		at org.springframework.context.event.SimpleApplicationEventMulticaster.doInvokeListener(SimpleApplicationEventMulticaster.java:185)
		at org.springframework.context.event.SimpleApplicationEventMulticaster.invokeListener(SimpleApplicationEventMulticaster.java:178)
		at org.springframework.context.event.SimpleApplicationEventMulticaster.multicastEvent(SimpleApplicationEventMulticaster.java:156)
		at org.springframework.context.support.AbstractApplicationContext.publishEvent(AbstractApplicationContext.java:454)
		at org.springframework.context.support.AbstractApplicationContext.publishEvent(AbstractApplicationContext.java:387)
		at org.springframework.context.support.AbstractApplicationContext.finishRefresh(AbstractApplicationContext.java:1009)
		at org.springframework.context.support.AbstractApplicationContext.refresh(AbstractApplicationContext.java:630)
		at org.springframework.web.servlet.FrameworkServlet.configureAndRefreshWebApplicationContext(FrameworkServlet.java:706)
		at org.springframework.web.servlet.FrameworkServlet.createWebApplicationContext(FrameworkServlet.java:672)
		at org.springframework.web.servlet.FrameworkServlet.createWebApplicationContext(FrameworkServlet.java:720)
		at org.springframework.web.servlet.FrameworkServlet.initWebApplicationContext(FrameworkServlet.java:595)
		at org.springframework.web.servlet.FrameworkServlet.initServletBean(FrameworkServlet.java:537)
		at org.springframework.web.servlet.HttpServletBean.init(HttpServletBean.java:169)
		at jakarta.servlet.GenericServlet.init(GenericServlet.java:143)
		at jakarta.servlet.http.HttpServlet.init(HttpServlet.java:122)
		at org.apache.catalina.core.StandardWrapper.initServlet(StandardWrapper.java:817)
		at org.apache.catalina.core.StandardWrapper.loadServlet(StandardWrapper.java:787)
		at org.apache.catalina.core.StandardWrapper.load(StandardWrapper.java:691)
		at org.apache.catalina.core.StandardContext.loadOnStartup(StandardContext.java:4153)
		at org.apache.catalina.core.StandardContext.startInternal(StandardContext.java:4437)
		at org.apache.catalina.util.LifecycleBase.start(LifecycleBase.java:164)
		at org.apache.catalina.core.ContainerBase.addChild(ContainerBase.java:566)
		at org.apache.catalina.core.StandardHost.addChild(StandardHost.java:653)
		at org.apache.catalina.startup.HostConfig.deployWAR(HostConfig.java:933)
		at org.apache.catalina.startup.HostConfig$DeployWar.run(HostConfig.java:1875)
		at java.base/java.util.concurrent.Executors$RunnableAdapter.call(Executors.java:572)
		at java.base/java.util.concurrent.FutureTask.run(FutureTask.java:317)
		at org.apache.tomcat.util.threads.InlineExecutorService.execute(InlineExecutorService.java:75)
		at java.base/java.util.concurrent.AbstractExecutorService.submit(AbstractExecutorService.java:123)
		at org.apache.catalina.startup.HostConfig.deployWARs(HostConfig.java:735)
		at org.apache.catalina.startup.HostConfig.deployApps(HostConfig.java:387)
		at org.apache.catalina.startup.HostConfig.start(HostConfig.java:1593)
		at org.apache.catalina.startup.HostConfig.lifecycleEvent(HostConfig.java:267)
		at org.apache.catalina.util.LifecycleBase.fireLifecycleEvent(LifecycleBase.java:109)
		at org.apache.catalina.util.LifecycleBase.setStateInternal(LifecycleBase.java:389)
		at org.apache.catalina.util.LifecycleBase.setState(LifecycleBase.java:336)
		at org.apache.catalina.core.ContainerBase.startInternal(ContainerBase.java:743)
		at org.apache.catalina.core.StandardHost.startInternal(StandardHost.java:771)
		at org.apache.catalina.util.LifecycleBase.start(LifecycleBase.java:164)
		at org.apache.catalina.core.ContainerBase$StartChild.call(ContainerBase.java:1170)
		at org.apache.catalina.core.ContainerBase$StartChild.call(ContainerBase.java:1160)
		at java.base/java.util.concurrent.FutureTask.run(FutureTask.java:317)
		at org.apache.tomcat.util.threads.InlineExecutorService.execute(InlineExecutorService.java:75)
		at java.base/java.util.concurrent.AbstractExecutorService.submit(AbstractExecutorService.java:145)
		at org.apache.catalina.core.ContainerBase.startInternal(ContainerBase.java:716)
		at org.apache.catalina.core.StandardEngine.startInternal(StandardEngine.java:203)
		at org.apache.catalina.util.LifecycleBase.start(LifecycleBase.java:164)
		at org.apache.catalina.core.StandardService.startInternal(StandardService.java:415)
		at org.apache.catalina.util.LifecycleBase.start(LifecycleBase.java:164)
		at org.apache.catalina.core.StandardServer.startInternal(StandardServer.java:866)
		at org.apache.catalina.util.LifecycleBase.start(LifecycleBase.java:164)
		at org.apache.catalina.startup.Catalina.start(Catalina.java:759)
		at java.base/jdk.internal.reflect.DirectMethodHandleAccessor.invoke(DirectMethodHandleAccessor.java:103)
		at java.base/java.lang.reflect.Method.invoke(Method.java:580)
		at org.apache.catalina.startup.Bootstrap.start(Bootstrap.java:342)
		at org.apache.catalina.startup.Bootstrap.main(Bootstrap.java:470)
	Caused by: org.springframework.jdbc.CannotGetJdbcConnectionException: Failed to obtain JDBC Connection
		at org.springframework.jdbc.datasource.DataSourceUtils.getConnection(DataSourceUtils.java:84)
		at org.springframework.jdbc.datasource.init.DatabasePopulatorUtils.execute(DatabasePopulatorUtils.java:52)
		... 63 more
	Caused by: java.sql.SQLException: No suitable driver found for ${spring.datasource.url}
		at java.sql/java.sql.DriverManager.getConnection(DriverManager.java:708)
		at java.sql/java.sql.DriverManager.getConnection(DriverManager.java:191)
		at org.springframework.jdbc.datasource.DriverManagerDataSource.getConnectionFromDriverManager(DriverManagerDataSource.java:155)
		at org.springframework.jdbc.datasource.DriverManagerDataSource.getConnectionFromDriver(DriverManagerDataSource.java:146)
		at org.springframework.jdbc.datasource.AbstractDriverBasedDataSource.getConnectionFromDriver(AbstractDriverBasedDataSource.java:205)
		at org.springframework.jdbc.datasource.AbstractDriverBasedDataSource.getConnection(AbstractDriverBasedDataSource.java:169)
		at org.springframework.jdbc.datasource.DataSourceUtils.fetchConnection(DataSourceUtils.java:160)
		at org.springframework.jdbc.datasource.DataSourceUtils.doGetConnection(DataSourceUtils.java:118)
		at org.springframework.jdbc.datasource.DataSourceUtils.getConnection(DataSourceUtils.java:81)
		... 64 more
14-Jan-2025 12:54:52.319 SEVERE [main] org.apache.catalina.core.StandardContext.loadOnStartup Servlet [dispatcher] in web application [/study] threw load() exception
	java.sql.SQLException: No suitable driver found for ${spring.datasource.url}
		at java.sql/java.sql.DriverManager.getConnection(DriverManager.java:708)
		at java.sql/java.sql.DriverManager.getConnection(DriverManager.java:191)
		at org.springframework.jdbc.datasource.DriverManagerDataSource.getConnectionFromDriverManager(DriverManagerDataSource.java:155)
		at org.springframework.jdbc.datasource.DriverManagerDataSource.getConnectionFromDriver(DriverManagerDataSource.java:146)
		at org.springframework.jdbc.datasource.AbstractDriverBasedDataSource.getConnectionFromDriver(AbstractDriverBasedDataSource.java:205)
		at org.springframework.jdbc.datasource.AbstractDriverBasedDataSource.getConnection(AbstractDriverBasedDataSource.java:169)
		at org.springframework.jdbc.datasource.DataSourceUtils.fetchConnection(DataSourceUtils.java:160)
		at org.springframework.jdbc.datasource.DataSourceUtils.doGetConnection(DataSourceUtils.java:118)
		at org.springframework.jdbc.datasource.DataSourceUtils.getConnection(DataSourceUtils.java:81)
		at org.springframework.jdbc.datasource.init.DatabasePopulatorUtils.execute(DatabasePopulatorUtils.java:52)
		at org.springframework.jdbc.datasource.init.ResourceDatabasePopulator.execute(ResourceDatabasePopulator.java:269)
		at ru.yandex.practicum.configuration.DataSourceConfiguration.populate(DataSourceConfiguration.java:49)
		at java.base/jdk.internal.reflect.DirectMethodHandleAccessor.invoke(DirectMethodHandleAccessor.java:103)
		at java.base/java.lang.reflect.Method.invoke(Method.java:580)
		at org.springframework.context.event.ApplicationListenerMethodAdapter.doInvoke(ApplicationListenerMethodAdapter.java:382)
		at org.springframework.context.event.ApplicationListenerMethodAdapter.processEvent(ApplicationListenerMethodAdapter.java:254)
		at org.springframework.context.event.ApplicationListenerMethodAdapter.onApplicationEvent(ApplicationListenerMethodAdapter.java:173)
		at org.springframework.context.event.SimpleApplicationEventMulticaster.doInvokeListener(SimpleApplicationEventMulticaster.java:185)
		at org.springframework.context.event.SimpleApplicationEventMulticaster.invokeListener(SimpleApplicationEventMulticaster.java:178)
		at org.springframework.context.event.SimpleApplicationEventMulticaster.multicastEvent(SimpleApplicationEventMulticaster.java:156)
		at org.springframework.context.support.AbstractApplicationContext.publishEvent(AbstractApplicationContext.java:454)
		at org.springframework.context.support.AbstractApplicationContext.publishEvent(AbstractApplicationContext.java:387)
		at org.springframework.context.support.AbstractApplicationContext.finishRefresh(AbstractApplicationContext.java:1009)
		at org.springframework.context.support.AbstractApplicationContext.refresh(AbstractApplicationContext.java:630)
		at org.springframework.web.servlet.FrameworkServlet.configureAndRefreshWebApplicationContext(FrameworkServlet.java:706)
		at org.springframework.web.servlet.FrameworkServlet.createWebApplicationContext(FrameworkServlet.java:672)
		at org.springframework.web.servlet.FrameworkServlet.createWebApplicationContext(FrameworkServlet.java:720)
		at org.springframework.web.servlet.FrameworkServlet.initWebApplicationContext(FrameworkServlet.java:595)
		at org.springframework.web.servlet.FrameworkServlet.initServletBean(FrameworkServlet.java:537)
		at org.springframework.web.servlet.HttpServletBean.init(HttpServletBean.java:169)
		at jakarta.servlet.GenericServlet.init(GenericServlet.java:143)
		at jakarta.servlet.http.HttpServlet.init(HttpServlet.java:122)
		at org.apache.catalina.core.StandardWrapper.initServlet(StandardWrapper.java:817)
		at org.apache.catalina.core.StandardWrapper.loadServlet(StandardWrapper.java:787)
		at org.apache.catalina.core.StandardWrapper.load(StandardWrapper.java:691)
		at org.apache.catalina.core.StandardContext.loadOnStartup(StandardContext.java:4153)
		at org.apache.catalina.core.StandardContext.startInternal(StandardContext.java:4437)
		at org.apache.catalina.util.LifecycleBase.start(LifecycleBase.java:164)
		at org.apache.catalina.core.ContainerBase.addChild(ContainerBase.java:566)
		at org.apache.catalina.core.StandardHost.addChild(StandardHost.java:653)
		at org.apache.catalina.startup.HostConfig.deployWAR(HostConfig.java:933)
		at org.apache.catalina.startup.HostConfig$DeployWar.run(HostConfig.java:1875)
		at java.base/java.util.concurrent.Executors$RunnableAdapter.call(Executors.java:572)
		at java.base/java.util.concurrent.FutureTask.run(FutureTask.java:317)
		at org.apache.tomcat.util.threads.InlineExecutorService.execute(InlineExecutorService.java:75)
		at java.base/java.util.concurrent.AbstractExecutorService.submit(AbstractExecutorService.java:123)
		at org.apache.catalina.startup.HostConfig.deployWARs(HostConfig.java:735)
		at org.apache.catalina.startup.HostConfig.deployApps(HostConfig.java:387)
		at org.apache.catalina.startup.HostConfig.start(HostConfig.java:1593)
		at org.apache.catalina.startup.HostConfig.lifecycleEvent(HostConfig.java:267)
		at org.apache.catalina.util.LifecycleBase.fireLifecycleEvent(LifecycleBase.java:109)
		at org.apache.catalina.util.LifecycleBase.setStateInternal(LifecycleBase.java:389)
		at org.apache.catalina.util.LifecycleBase.setState(LifecycleBase.java:336)
		at org.apache.catalina.core.ContainerBase.startInternal(ContainerBase.java:743)
		at org.apache.catalina.core.StandardHost.startInternal(StandardHost.java:771)
		at org.apache.catalina.util.LifecycleBase.start(LifecycleBase.java:164)
		at org.apache.catalina.core.ContainerBase$StartChild.call(ContainerBase.java:1170)
		at org.apache.catalina.core.ContainerBase$StartChild.call(ContainerBase.java:1160)
		at java.base/java.util.concurrent.FutureTask.run(FutureTask.java:317)
		at org.apache.tomcat.util.threads.InlineExecutorService.execute(InlineExecutorService.java:75)
		at java.base/java.util.concurrent.AbstractExecutorService.submit(AbstractExecutorService.java:145)
		at org.apache.catalina.core.ContainerBase.startInternal(ContainerBase.java:716)
		at org.apache.catalina.core.StandardEngine.startInternal(StandardEngine.java:203)
		at org.apache.catalina.util.LifecycleBase.start(LifecycleBase.java:164)
		at org.apache.catalina.core.StandardService.startInternal(StandardService.java:415)
		at org.apache.catalina.util.LifecycleBase.start(LifecycleBase.java:164)
		at org.apache.catalina.core.StandardServer.startInternal(StandardServer.java:866)
		at org.apache.catalina.util.LifecycleBase.start(LifecycleBase.java:164)
		at org.apache.catalina.startup.Catalina.start(Catalina.java:759)
		at java.base/jdk.internal.reflect.DirectMethodHandleAccessor.invoke(DirectMethodHandleAccessor.java:103)
		at java.base/java.lang.reflect.Method.invoke(Method.java:580)
		at org.apache.catalina.startup.Bootstrap.start(Bootstrap.java:342)
		at org.apache.catalina.startup.Bootstrap.main(Bootstrap.java:470)
14-Jan-2025 12:54:52.623 INFO [main] org.apache.catalina.core.ApplicationContext.log ContextListener: contextInitialized()
14-Jan-2025 12:54:52.624 INFO [main] org.apache.catalina.core.ApplicationContext.log SessionListener: contextInitialized()
14-Jan-2025 12:54:52.625 INFO [main] org.apache.catalina.core.ApplicationContext.log ContextListener: attributeAdded('StockTicker', 'async.Stockticker@55c78556')
14-Jan-2025 12:54:52.836 INFO [http-nio-8080-exec-1] org.apache.catalina.core.ApplicationContext.log Initializing Spring DispatcherServlet 'dispatcher'
14-Jan-2025 12:54:52.927 SEVERE [http-nio-8080-exec-1] org.apache.catalina.core.ApplicationContext.log Servlet.init() для сервлета [dispatcher] выбросил исключение
	org.springframework.jdbc.datasource.init.UncategorizedScriptException: Failed to execute database script
		at org.springframework.jdbc.datasource.init.DatabasePopulatorUtils.execute(DatabasePopulatorUtils.java:67)
		at org.springframework.jdbc.datasource.init.ResourceDatabasePopulator.execute(ResourceDatabasePopulator.java:269)
		at ru.yandex.practicum.configuration.DataSourceConfiguration.populate(DataSourceConfiguration.java:49)
		at java.base/jdk.internal.reflect.DirectMethodHandleAccessor.invoke(DirectMethodHandleAccessor.java:103)
		at java.base/java.lang.reflect.Method.invoke(Method.java:580)
		at org.springframework.context.event.ApplicationListenerMethodAdapter.doInvoke(ApplicationListenerMethodAdapter.java:382)
		at org.springframework.context.event.ApplicationListenerMethodAdapter.processEvent(ApplicationListenerMethodAdapter.java:254)
		at org.springframework.context.event.ApplicationListenerMethodAdapter.onApplicationEvent(ApplicationListenerMethodAdapter.java:173)
		at org.springframework.context.event.SimpleApplicationEventMulticaster.doInvokeListener(SimpleApplicationEventMulticaster.java:185)
		at org.springframework.context.event.SimpleApplicationEventMulticaster.invokeListener(SimpleApplicationEventMulticaster.java:178)
		at org.springframework.context.event.SimpleApplicationEventMulticaster.multicastEvent(SimpleApplicationEventMulticaster.java:156)
		at org.springframework.context.support.AbstractApplicationContext.publishEvent(AbstractApplicationContext.java:454)
		at org.springframework.context.support.AbstractApplicationContext.publishEvent(AbstractApplicationContext.java:387)
		at org.springframework.context.support.AbstractApplicationContext.finishRefresh(AbstractApplicationContext.java:1009)
		at org.springframework.context.support.AbstractApplicationContext.refresh(AbstractApplicationContext.java:630)
		at org.springframework.web.servlet.FrameworkServlet.configureAndRefreshWebApplicationContext(FrameworkServlet.java:706)
		at org.springframework.web.servlet.FrameworkServlet.createWebApplicationContext(FrameworkServlet.java:672)
		at org.springframework.web.servlet.FrameworkServlet.createWebApplicationContext(FrameworkServlet.java:720)
		at org.springframework.web.servlet.FrameworkServlet.initWebApplicationContext(FrameworkServlet.java:595)
		at org.springframework.web.servlet.FrameworkServlet.initServletBean(FrameworkServlet.java:537)
		at org.springframework.web.servlet.HttpServletBean.init(HttpServletBean.java:169)
		at jakarta.servlet.GenericServlet.init(GenericServlet.java:143)
		at jakarta.servlet.http.HttpServlet.init(HttpServlet.java:122)
		at org.apache.catalina.core.StandardWrapper.initServlet(StandardWrapper.java:817)
		at org.apache.catalina.core.StandardWrapper.loadServlet(StandardWrapper.java:787)
		at org.apache.catalina.core.StandardWrapper.allocate(StandardWrapper.java:568)
		at org.apache.catalina.core.StandardWrapperValve.invoke(StandardWrapperValve.java:115)
		at org.apache.catalina.core.StandardContextValve.invoke(StandardContextValve.java:79)
		at org.apache.catalina.authenticator.AuthenticatorBase.invoke(AuthenticatorBase.java:483)
		at org.apache.catalina.core.StandardHostValve.invoke(StandardHostValve.java:115)
		at org.apache.catalina.valves.ErrorReportValve.invoke(ErrorReportValve.java:93)
		at org.apache.catalina.valves.AbstractAccessLogValve.invoke(AbstractAccessLogValve.java:663)
		at org.apache.catalina.core.StandardEngineValve.invoke(StandardEngineValve.java:74)
		at org.apache.catalina.connector.CoyoteAdapter.service(CoyoteAdapter.java:342)
		at org.apache.coyote.http11.Http11Processor.service(Http11Processor.java:395)
		at org.apache.coyote.AbstractProcessorLight.process(AbstractProcessorLight.java:63)
		at org.apache.coyote.AbstractProtocol$ConnectionHandler.process(AbstractProtocol.java:905)
		at org.apache.tomcat.util.net.NioEndpoint$SocketProcessor.doRun(NioEndpoint.java:1746)
		at org.apache.tomcat.util.net.SocketProcessorBase.run(SocketProcessorBase.java:52)
		at org.apache.tomcat.util.threads.ThreadPoolExecutor.runWorker(ThreadPoolExecutor.java:1148)
		at org.apache.tomcat.util.threads.ThreadPoolExecutor$Worker.run(ThreadPoolExecutor.java:636)
		at org.apache.tomcat.util.threads.TaskThread$WrappingRunnable.run(TaskThread.java:63)
		at java.base/java.lang.Thread.run(Thread.java:1583)
	Caused by: org.springframework.jdbc.CannotGetJdbcConnectionException: Failed to obtain JDBC Connection
		at org.springframework.jdbc.datasource.DataSourceUtils.getConnection(DataSourceUtils.java:84)
		at org.springframework.jdbc.datasource.init.DatabasePopulatorUtils.execute(DatabasePopulatorUtils.java:52)
		... 42 more
	Caused by: java.sql.SQLException: No suitable driver found for ${spring.datasource.url}
		at java.sql/java.sql.DriverManager.getConnection(DriverManager.java:708)
		at java.sql/java.sql.DriverManager.getConnection(DriverManager.java:191)
		at org.springframework.jdbc.datasource.DriverManagerDataSource.getConnectionFromDriverManager(DriverManagerDataSource.java:155)
		at org.springframework.jdbc.datasource.DriverManagerDataSource.getConnectionFromDriver(DriverManagerDataSource.java:146)
		at org.springframework.jdbc.datasource.AbstractDriverBasedDataSource.getConnectionFromDriver(AbstractDriverBasedDataSource.java:205)
		at org.springframework.jdbc.datasource.AbstractDriverBasedDataSource.getConnection(AbstractDriverBasedDataSource.java:169)
		at org.springframework.jdbc.datasource.DataSourceUtils.fetchConnection(DataSourceUtils.java:160)
		at org.springframework.jdbc.datasource.DataSourceUtils.doGetConnection(DataSourceUtils.java:118)
		at org.springframework.jdbc.datasource.DataSourceUtils.getConnection(DataSourceUtils.java:81)
		... 43 more
14-Jan-2025 12:54:52.927 SEVERE [http-nio-8080-exec-1] org.apache.catalina.core.StandardWrapperValve.invoke Ошибка выделения для сервлета [dispatcher]
	java.sql.SQLException: No suitable driver found for ${spring.datasource.url}
		at java.sql/java.sql.DriverManager.getConnection(DriverManager.java:708)
		at java.sql/java.sql.DriverManager.getConnection(DriverManager.java:191)
		at org.springframework.jdbc.datasource.DriverManagerDataSource.getConnectionFromDriverManager(DriverManagerDataSource.java:155)
		at org.springframework.jdbc.datasource.DriverManagerDataSource.getConnectionFromDriver(DriverManagerDataSource.java:146)
		at org.springframework.jdbc.datasource.AbstractDriverBasedDataSource.getConnectionFromDriver(AbstractDriverBasedDataSource.java:205)
		at org.springframework.jdbc.datasource.AbstractDriverBasedDataSource.getConnection(AbstractDriverBasedDataSource.java:169)
		at org.springframework.jdbc.datasource.DataSourceUtils.fetchConnection(DataSourceUtils.java:160)
		at org.springframework.jdbc.datasource.DataSourceUtils.doGetConnection(DataSourceUtils.java:118)
		at org.springframework.jdbc.datasource.DataSourceUtils.getConnection(DataSourceUtils.java:81)
		at org.springframework.jdbc.datasource.init.DatabasePopulatorUtils.execute(DatabasePopulatorUtils.java:52)
		at org.springframework.jdbc.datasource.init.ResourceDatabasePopulator.execute(ResourceDatabasePopulator.java:269)
		at ru.yandex.practicum.configuration.DataSourceConfiguration.populate(DataSourceConfiguration.java:49)
		at java.base/jdk.internal.reflect.DirectMethodHandleAccessor.invoke(DirectMethodHandleAccessor.java:103)
		at java.base/java.lang.reflect.Method.invoke(Method.java:580)
		at org.springframework.context.event.ApplicationListenerMethodAdapter.doInvoke(ApplicationListenerMethodAdapter.java:382)
		at org.springframework.context.event.ApplicationListenerMethodAdapter.processEvent(ApplicationListenerMethodAdapter.java:254)
		at org.springframework.context.event.ApplicationListenerMethodAdapter.onApplicationEvent(ApplicationListenerMethodAdapter.java:173)
		at org.springframework.context.event.SimpleApplicationEventMulticaster.doInvokeListener(SimpleApplicationEventMulticaster.java:185)
		at org.springframework.context.event.SimpleApplicationEventMulticaster.invokeListener(SimpleApplicationEventMulticaster.java:178)
		at org.springframework.context.event.SimpleApplicationEventMulticaster.multicastEvent(SimpleApplicationEventMulticaster.java:156)
		at org.springframework.context.support.AbstractApplicationContext.publishEvent(AbstractApplicationContext.java:454)
		at org.springframework.context.support.AbstractApplicationContext.publishEvent(AbstractApplicationContext.java:387)
		at org.springframework.context.support.AbstractApplicationContext.finishRefresh(AbstractApplicationContext.java:1009)
		at org.springframework.context.support.AbstractApplicationContext.refresh(AbstractApplicationContext.java:630)
		at org.springframework.web.servlet.FrameworkServlet.configureAndRefreshWebApplicationContext(FrameworkServlet.java:706)
		at org.springframework.web.servlet.FrameworkServlet.createWebApplicationContext(FrameworkServlet.java:672)
		at org.springframework.web.servlet.FrameworkServlet.createWebApplicationContext(FrameworkServlet.java:720)
		at org.springframework.web.servlet.FrameworkServlet.initWebApplicationContext(FrameworkServlet.java:595)
		at org.springframework.web.servlet.FrameworkServlet.initServletBean(FrameworkServlet.java:537)
		at org.springframework.web.servlet.HttpServletBean.init(HttpServletBean.java:169)
		at jakarta.servlet.GenericServlet.init(GenericServlet.java:143)
		at jakarta.servlet.http.HttpServlet.init(HttpServlet.java:122)
		at org.apache.catalina.core.StandardWrapper.initServlet(StandardWrapper.java:817)
		at org.apache.catalina.core.StandardWrapper.loadServlet(StandardWrapper.java:787)
		at org.apache.catalina.core.StandardWrapper.allocate(StandardWrapper.java:568)
		at org.apache.catalina.core.StandardWrapperValve.invoke(StandardWrapperValve.java:115)
		at org.apache.catalina.core.StandardContextValve.invoke(StandardContextValve.java:79)
		at org.apache.catalina.authenticator.AuthenticatorBase.invoke(AuthenticatorBase.java:483)
		at org.apache.catalina.core.StandardHostValve.invoke(StandardHostValve.java:115)
		at org.apache.catalina.valves.ErrorReportValve.invoke(ErrorReportValve.java:93)
		at org.apache.catalina.valves.AbstractAccessLogValve.invoke(AbstractAccessLogValve.java:663)
		at org.apache.catalina.core.StandardEngineValve.invoke(StandardEngineValve.java:74)
		at org.apache.catalina.connector.CoyoteAdapter.service(CoyoteAdapter.java:342)
		at org.apache.coyote.http11.Http11Processor.service(Http11Processor.java:395)
		at org.apache.coyote.AbstractProcessorLight.process(AbstractProcessorLight.java:63)
		at org.apache.coyote.AbstractProtocol$ConnectionHandler.process(AbstractProtocol.java:905)
		at org.apache.tomcat.util.net.NioEndpoint$SocketProcessor.doRun(NioEndpoint.java:1746)
		at org.apache.tomcat.util.net.SocketProcessorBase.run(SocketProcessorBase.java:52)
		at org.apache.tomcat.util.threads.ThreadPoolExecutor.runWorker(ThreadPoolExecutor.java:1148)
		at org.apache.tomcat.util.threads.ThreadPoolExecutor$Worker.run(ThreadPoolExecutor.java:636)
		at org.apache.tomcat.util.threads.TaskThread$WrappingRunnable.run(TaskThread.java:63)
		at java.base/java.lang.Thread.run(Thread.java:1583)
14-Jan-2025 12:54:53.563 INFO [http-nio-8080-exec-2] org.apache.catalina.core.ApplicationContext.log Initializing Spring DispatcherServlet 'dispatcher'
14-Jan-2025 12:54:53.649 SEVERE [http-nio-8080-exec-2] org.apache.catalina.core.ApplicationContext.log Servlet.init() для сервлета [dispatcher] выбросил исключение
	org.springframework.jdbc.datasource.init.UncategorizedScriptException: Failed to execute database script
		at org.springframework.jdbc.datasource.init.DatabasePopulatorUtils.execute(DatabasePopulatorUtils.java:67)
		at org.springframework.jdbc.datasource.init.ResourceDatabasePopulator.execute(ResourceDatabasePopulator.java:269)
		at ru.yandex.practicum.configuration.DataSourceConfiguration.populate(DataSourceConfiguration.java:49)
		at java.base/jdk.internal.reflect.DirectMethodHandleAccessor.invoke(DirectMethodHandleAccessor.java:103)
		at java.base/java.lang.reflect.Method.invoke(Method.java:580)
		at org.springframework.context.event.ApplicationListenerMethodAdapter.doInvoke(ApplicationListenerMethodAdapter.java:382)
		at org.springframework.context.event.ApplicationListenerMethodAdapter.processEvent(ApplicationListenerMethodAdapter.java:254)
		at org.springframework.context.event.ApplicationListenerMethodAdapter.onApplicationEvent(ApplicationListenerMethodAdapter.java:173)
		at org.springframework.context.event.SimpleApplicationEventMulticaster.doInvokeListener(SimpleApplicationEventMulticaster.java:185)
		at org.springframework.context.event.SimpleApplicationEventMulticaster.invokeListener(SimpleApplicationEventMulticaster.java:178)
		at org.springframework.context.event.SimpleApplicationEventMulticaster.multicastEvent(SimpleApplicationEventMulticaster.java:156)
		at org.springframework.context.support.AbstractApplicationContext.publishEvent(AbstractApplicationContext.java:454)
		at org.springframework.context.support.AbstractApplicationContext.publishEvent(AbstractApplicationContext.java:387)
		at org.springframework.context.support.AbstractApplicationContext.finishRefresh(AbstractApplicationContext.java:1009)
		at org.springframework.context.support.AbstractApplicationContext.refresh(AbstractApplicationContext.java:630)
		at org.springframework.web.servlet.FrameworkServlet.configureAndRefreshWebApplicationContext(FrameworkServlet.java:706)
		at org.springframework.web.servlet.FrameworkServlet.createWebApplicationContext(FrameworkServlet.java:672)
		at org.springframework.web.servlet.FrameworkServlet.createWebApplicationContext(FrameworkServlet.java:720)
		at org.springframework.web.servlet.FrameworkServlet.initWebApplicationContext(FrameworkServlet.java:595)
		at org.springframework.web.servlet.FrameworkServlet.initServletBean(FrameworkServlet.java:537)
		at org.springframework.web.servlet.HttpServletBean.init(HttpServletBean.java:169)
		at jakarta.servlet.GenericServlet.init(GenericServlet.java:143)
		at jakarta.servlet.http.HttpServlet.init(HttpServlet.java:122)
		at org.apache.catalina.core.StandardWrapper.initServlet(StandardWrapper.java:817)
		at org.apache.catalina.core.StandardWrapper.loadServlet(StandardWrapper.java:787)
		at org.apache.catalina.core.StandardWrapper.allocate(StandardWrapper.java:568)
		at org.apache.catalina.core.StandardWrapperValve.invoke(StandardWrapperValve.java:115)
		at org.apache.catalina.core.StandardContextValve.invoke(StandardContextValve.java:79)
		at org.apache.catalina.authenticator.AuthenticatorBase.invoke(AuthenticatorBase.java:483)
		at org.apache.catalina.core.StandardHostValve.invoke(StandardHostValve.java:115)
		at org.apache.catalina.valves.ErrorReportValve.invoke(ErrorReportValve.java:93)
		at org.apache.catalina.valves.AbstractAccessLogValve.invoke(AbstractAccessLogValve.java:663)
		at org.apache.catalina.core.StandardEngineValve.invoke(StandardEngineValve.java:74)
		at org.apache.catalina.connector.CoyoteAdapter.service(CoyoteAdapter.java:342)
		at org.apache.coyote.http11.Http11Processor.service(Http11Processor.java:395)
		at org.apache.coyote.AbstractProcessorLight.process(AbstractProcessorLight.java:63)
		at org.apache.coyote.AbstractProtocol$ConnectionHandler.process(AbstractProtocol.java:905)
		at org.apache.tomcat.util.net.NioEndpoint$SocketProcessor.doRun(NioEndpoint.java:1746)
		at org.apache.tomcat.util.net.SocketProcessorBase.run(SocketProcessorBase.java:52)
		at org.apache.tomcat.util.threads.ThreadPoolExecutor.runWorker(ThreadPoolExecutor.java:1148)
		at org.apache.tomcat.util.threads.ThreadPoolExecutor$Worker.run(ThreadPoolExecutor.java:636)
		at org.apache.tomcat.util.threads.TaskThread$WrappingRunnable.run(TaskThread.java:63)
		at java.base/java.lang.Thread.run(Thread.java:1583)
	Caused by: org.springframework.jdbc.CannotGetJdbcConnectionException: Failed to obtain JDBC Connection
		at org.springframework.jdbc.datasource.DataSourceUtils.getConnection(DataSourceUtils.java:84)
		at org.springframework.jdbc.datasource.init.DatabasePopulatorUtils.execute(DatabasePopulatorUtils.java:52)
		... 42 more
	Caused by: java.sql.SQLException: No suitable driver found for ${spring.datasource.url}
		at java.sql/java.sql.DriverManager.getConnection(DriverManager.java:708)
		at java.sql/java.sql.DriverManager.getConnection(DriverManager.java:191)
		at org.springframework.jdbc.datasource.DriverManagerDataSource.getConnectionFromDriverManager(DriverManagerDataSource.java:155)
		at org.springframework.jdbc.datasource.DriverManagerDataSource.getConnectionFromDriver(DriverManagerDataSource.java:146)
		at org.springframework.jdbc.datasource.AbstractDriverBasedDataSource.getConnectionFromDriver(AbstractDriverBasedDataSource.java:205)
		at org.springframework.jdbc.datasource.AbstractDriverBasedDataSource.getConnection(AbstractDriverBasedDataSource.java:169)
		at org.springframework.jdbc.datasource.DataSourceUtils.fetchConnection(DataSourceUtils.java:160)
		at org.springframework.jdbc.datasource.DataSourceUtils.doGetConnection(DataSourceUtils.java:118)
		at org.springframework.jdbc.datasource.DataSourceUtils.getConnection(DataSourceUtils.java:81)
		... 43 more
14-Jan-2025 12:54:53.650 SEVERE [http-nio-8080-exec-2] org.apache.catalina.core.StandardWrapperValve.invoke Ошибка выделения для сервлета [dispatcher]
	java.sql.SQLException: No suitable driver found for ${spring.datasource.url}
		at java.sql/java.sql.DriverManager.getConnection(DriverManager.java:708)
		at java.sql/java.sql.DriverManager.getConnection(DriverManager.java:191)
		at org.springframework.jdbc.datasource.DriverManagerDataSource.getConnectionFromDriverManager(DriverManagerDataSource.java:155)
		at org.springframework.jdbc.datasource.DriverManagerDataSource.getConnectionFromDriver(DriverManagerDataSource.java:146)
		at org.springframework.jdbc.datasource.AbstractDriverBasedDataSource.getConnectionFromDriver(AbstractDriverBasedDataSource.java:205)
		at org.springframework.jdbc.datasource.AbstractDriverBasedDataSource.getConnection(AbstractDriverBasedDataSource.java:169)
		at org.springframework.jdbc.datasource.DataSourceUtils.fetchConnection(DataSourceUtils.java:160)
		at org.springframework.jdbc.datasource.DataSourceUtils.doGetConnection(DataSourceUtils.java:118)
		at org.springframework.jdbc.datasource.DataSourceUtils.getConnection(DataSourceUtils.java:81)
		at org.springframework.jdbc.datasource.init.DatabasePopulatorUtils.execute(DatabasePopulatorUtils.java:52)
		at org.springframework.jdbc.datasource.init.ResourceDatabasePopulator.execute(ResourceDatabasePopulator.java:269)
		at ru.yandex.practicum.configuration.DataSourceConfiguration.populate(DataSourceConfiguration.java:49)
		at java.base/jdk.internal.reflect.DirectMethodHandleAccessor.invoke(DirectMethodHandleAccessor.java:103)
		at java.base/java.lang.reflect.Method.invoke(Method.java:580)
		at org.springframework.context.event.ApplicationListenerMethodAdapter.doInvoke(ApplicationListenerMethodAdapter.java:382)
		at org.springframework.context.event.ApplicationListenerMethodAdapter.processEvent(ApplicationListenerMethodAdapter.java:254)
		at org.springframework.context.event.ApplicationListenerMethodAdapter.onApplicationEvent(ApplicationListenerMethodAdapter.java:173)
		at org.springframework.context.event.SimpleApplicationEventMulticaster.doInvokeListener(SimpleApplicationEventMulticaster.java:185)
		at org.springframework.context.event.SimpleApplicationEventMulticaster.invokeListener(SimpleApplicationEventMulticaster.java:178)
		at org.springframework.context.event.SimpleApplicationEventMulticaster.multicastEvent(SimpleApplicationEventMulticaster.java:156)
		at org.springframework.context.support.AbstractApplicationContext.publishEvent(AbstractApplicationContext.java:454)
		at org.springframework.context.support.AbstractApplicationContext.publishEvent(AbstractApplicationContext.java:387)
		at org.springframework.context.support.AbstractApplicationContext.finishRefresh(AbstractApplicationContext.java:1009)
		at org.springframework.context.support.AbstractApplicationContext.refresh(AbstractApplicationContext.java:630)
		at org.springframework.web.servlet.FrameworkServlet.configureAndRefreshWebApplicationContext(FrameworkServlet.java:706)
		at org.springframework.web.servlet.FrameworkServlet.createWebApplicationContext(FrameworkServlet.java:672)
		at org.springframework.web.servlet.FrameworkServlet.createWebApplicationContext(FrameworkServlet.java:720)
		at org.springframework.web.servlet.FrameworkServlet.initWebApplicationContext(FrameworkServlet.java:595)
		at org.springframework.web.servlet.FrameworkServlet.initServletBean(FrameworkServlet.java:537)
		at org.springframework.web.servlet.HttpServletBean.init(HttpServletBean.java:169)
		at jakarta.servlet.GenericServlet.init(GenericServlet.java:143)
		at jakarta.servlet.http.HttpServlet.init(HttpServlet.java:122)
		at org.apache.catalina.core.StandardWrapper.initServlet(StandardWrapper.java:817)
		at org.apache.catalina.core.StandardWrapper.loadServlet(StandardWrapper.java:787)
		at org.apache.catalina.core.StandardWrapper.allocate(StandardWrapper.java:568)
		at org.apache.catalina.core.StandardWrapperValve.invoke(StandardWrapperValve.java:115)
		at org.apache.catalina.core.StandardContextValve.invoke(StandardContextValve.java:79)
		at org.apache.catalina.authenticator.AuthenticatorBase.invoke(AuthenticatorBase.java:483)
		at org.apache.catalina.core.StandardHostValve.invoke(StandardHostValve.java:115)
		at org.apache.catalina.valves.ErrorReportValve.invoke(ErrorReportValve.java:93)
		at org.apache.catalina.valves.AbstractAccessLogValve.invoke(AbstractAccessLogValve.java:663)
		at org.apache.catalina.core.StandardEngineValve.invoke(StandardEngineValve.java:74)
		at org.apache.catalina.connector.CoyoteAdapter.service(CoyoteAdapter.java:342)
		at org.apache.coyote.http11.Http11Processor.service(Http11Processor.java:395)
		at org.apache.coyote.AbstractProcessorLight.process(AbstractProcessorLight.java:63)
		at org.apache.coyote.AbstractProtocol$ConnectionHandler.process(AbstractProtocol.java:905)
		at org.apache.tomcat.util.net.NioEndpoint$SocketProcessor.doRun(NioEndpoint.java:1746)
		at org.apache.tomcat.util.net.SocketProcessorBase.run(SocketProcessorBase.java:52)
		at org.apache.tomcat.util.threads.ThreadPoolExecutor.runWorker(ThreadPoolExecutor.java:1148)
		at org.apache.tomcat.util.threads.ThreadPoolExecutor$Worker.run(ThreadPoolExecutor.java:636)
		at org.apache.tomcat.util.threads.TaskThread$WrappingRunnable.run(TaskThread.java:63)
		at java.base/java.lang.Thread.run(Thread.java:1583)
14-Jan-2025 12:58:28.206 INFO [main] org.apache.catalina.core.ApplicationContext.log SessionListener: contextDestroyed()
14-Jan-2025 12:58:28.206 INFO [main] org.apache.catalina.core.ApplicationContext.log ContextListener: contextDestroyed()
14-Jan-2025 12:58:39.501 INFO [main] org.apache.catalina.core.ApplicationContext.log No Spring WebApplicationInitializer types detected on classpath
14-Jan-2025 12:58:39.660 INFO [main] org.apache.catalina.core.ApplicationContext.log Initializing Spring DispatcherServlet 'dispatcher'
14-Jan-2025 12:58:40.900 SEVERE [main] org.apache.catalina.core.ApplicationContext.log Servlet.init() для сервлета [dispatcher] выбросил исключение
	org.springframework.jdbc.datasource.init.ScriptStatementFailedException: Failed to execute SQL script statement #2 of class path resource [schema.sql]: insert into users(first_name, last_name, age, active) values (1, 'Иван', 'Иванов', 30, true)
		at org.springframework.jdbc.datasource.init.ScriptUtils.executeSqlScript(ScriptUtils.java:282)
		at org.springframework.jdbc.datasource.init.ResourceDatabasePopulator.populate(ResourceDatabasePopulator.java:254)
		at org.springframework.jdbc.datasource.init.DatabasePopulatorUtils.execute(DatabasePopulatorUtils.java:54)
		at org.springframework.jdbc.datasource.init.ResourceDatabasePopulator.execute(ResourceDatabasePopulator.java:269)
		at ru.yandex.practicum.configuration.DataSourceConfiguration.populate(DataSourceConfiguration.java:64)
		at java.base/jdk.internal.reflect.DirectMethodHandleAccessor.invoke(DirectMethodHandleAccessor.java:103)
		at java.base/java.lang.reflect.Method.invoke(Method.java:580)
		at org.springframework.context.event.ApplicationListenerMethodAdapter.doInvoke(ApplicationListenerMethodAdapter.java:382)
		at org.springframework.context.event.ApplicationListenerMethodAdapter.processEvent(ApplicationListenerMethodAdapter.java:254)
		at org.springframework.context.event.ApplicationListenerMethodAdapter.onApplicationEvent(ApplicationListenerMethodAdapter.java:173)
		at org.springframework.context.event.SimpleApplicationEventMulticaster.doInvokeListener(SimpleApplicationEventMulticaster.java:185)
		at org.springframework.context.event.SimpleApplicationEventMulticaster.invokeListener(SimpleApplicationEventMulticaster.java:178)
		at org.springframework.context.event.SimpleApplicationEventMulticaster.multicastEvent(SimpleApplicationEventMulticaster.java:156)
		at org.springframework.context.support.AbstractApplicationContext.publishEvent(AbstractApplicationContext.java:454)
		at org.springframework.context.support.AbstractApplicationContext.publishEvent(AbstractApplicationContext.java:387)
		at org.springframework.context.support.AbstractApplicationContext.finishRefresh(AbstractApplicationContext.java:1009)
		at org.springframework.context.support.AbstractApplicationContext.refresh(AbstractApplicationContext.java:630)
		at org.springframework.web.servlet.FrameworkServlet.configureAndRefreshWebApplicationContext(FrameworkServlet.java:706)
		at org.springframework.web.servlet.FrameworkServlet.createWebApplicationContext(FrameworkServlet.java:672)
		at org.springframework.web.servlet.FrameworkServlet.createWebApplicationContext(FrameworkServlet.java:720)
		at org.springframework.web.servlet.FrameworkServlet.initWebApplicationContext(FrameworkServlet.java:595)
		at org.springframework.web.servlet.FrameworkServlet.initServletBean(FrameworkServlet.java:537)
		at org.springframework.web.servlet.HttpServletBean.init(HttpServletBean.java:169)
		at jakarta.servlet.GenericServlet.init(GenericServlet.java:143)
		at jakarta.servlet.http.HttpServlet.init(HttpServlet.java:122)
		at org.apache.catalina.core.StandardWrapper.initServlet(StandardWrapper.java:817)
		at org.apache.catalina.core.StandardWrapper.loadServlet(StandardWrapper.java:787)
		at org.apache.catalina.core.StandardWrapper.load(StandardWrapper.java:691)
		at org.apache.catalina.core.StandardContext.loadOnStartup(StandardContext.java:4153)
		at org.apache.catalina.core.StandardContext.startInternal(StandardContext.java:4437)
		at org.apache.catalina.util.LifecycleBase.start(LifecycleBase.java:164)
		at org.apache.catalina.core.ContainerBase.addChild(ContainerBase.java:566)
		at org.apache.catalina.core.StandardHost.addChild(StandardHost.java:653)
		at org.apache.catalina.startup.HostConfig.deployWAR(HostConfig.java:933)
		at org.apache.catalina.startup.HostConfig$DeployWar.run(HostConfig.java:1875)
		at java.base/java.util.concurrent.Executors$RunnableAdapter.call(Executors.java:572)
		at java.base/java.util.concurrent.FutureTask.run(FutureTask.java:317)
		at org.apache.tomcat.util.threads.InlineExecutorService.execute(InlineExecutorService.java:75)
		at java.base/java.util.concurrent.AbstractExecutorService.submit(AbstractExecutorService.java:123)
		at org.apache.catalina.startup.HostConfig.deployWARs(HostConfig.java:735)
		at org.apache.catalina.startup.HostConfig.deployApps(HostConfig.java:387)
		at org.apache.catalina.startup.HostConfig.start(HostConfig.java:1593)
		at org.apache.catalina.startup.HostConfig.lifecycleEvent(HostConfig.java:267)
		at org.apache.catalina.util.LifecycleBase.fireLifecycleEvent(LifecycleBase.java:109)
		at org.apache.catalina.util.LifecycleBase.setStateInternal(LifecycleBase.java:389)
		at org.apache.catalina.util.LifecycleBase.setState(LifecycleBase.java:336)
		at org.apache.catalina.core.ContainerBase.startInternal(ContainerBase.java:743)
		at org.apache.catalina.core.StandardHost.startInternal(StandardHost.java:771)
		at org.apache.catalina.util.LifecycleBase.start(LifecycleBase.java:164)
		at org.apache.catalina.core.ContainerBase$StartChild.call(ContainerBase.java:1170)
		at org.apache.catalina.core.ContainerBase$StartChild.call(ContainerBase.java:1160)
		at java.base/java.util.concurrent.FutureTask.run(FutureTask.java:317)
		at org.apache.tomcat.util.threads.InlineExecutorService.execute(InlineExecutorService.java:75)
		at java.base/java.util.concurrent.AbstractExecutorService.submit(AbstractExecutorService.java:145)
		at org.apache.catalina.core.ContainerBase.startInternal(ContainerBase.java:716)
		at org.apache.catalina.core.StandardEngine.startInternal(StandardEngine.java:203)
		at org.apache.catalina.util.LifecycleBase.start(LifecycleBase.java:164)
		at org.apache.catalina.core.StandardService.startInternal(StandardService.java:415)
		at org.apache.catalina.util.LifecycleBase.start(LifecycleBase.java:164)
		at org.apache.catalina.core.StandardServer.startInternal(StandardServer.java:866)
		at org.apache.catalina.util.LifecycleBase.start(LifecycleBase.java:164)
		at org.apache.catalina.startup.Catalina.start(Catalina.java:759)
		at java.base/jdk.internal.reflect.DirectMethodHandleAccessor.invoke(DirectMethodHandleAccessor.java:103)
		at java.base/java.lang.reflect.Method.invoke(Method.java:580)
		at org.apache.catalina.startup.Bootstrap.start(Bootstrap.java:342)
		at org.apache.catalina.startup.Bootstrap.main(Bootstrap.java:470)
	Caused by: org.h2.jdbc.JdbcSQLSyntaxErrorException: Неверное количество столбцов
Column count does not match; SQL statement:
insert into users(first_name, last_name, age, active) values (1, 'Иван', 'Иванов', 30, true) [21002-214]
		at org.h2.message.DbException.getJdbcSQLException(DbException.java:502)
		at org.h2.message.DbException.getJdbcSQLException(DbException.java:477)
		at org.h2.message.DbException.get(DbException.java:223)
		at org.h2.message.DbException.get(DbException.java:199)
		at org.h2.message.DbException.get(DbException.java:188)
		at org.h2.command.dml.Insert.doPrepare(Insert.java:295)
		at org.h2.command.dml.DataChangeStatement.prepare(DataChangeStatement.java:37)
		at org.h2.command.Parser.prepareCommand(Parser.java:575)
		at org.h2.engine.SessionLocal.prepareLocal(SessionLocal.java:631)
		at org.h2.engine.SessionLocal.prepareCommand(SessionLocal.java:554)
		at org.h2.jdbc.JdbcConnection.prepareCommand(JdbcConnection.java:1116)
		at org.h2.jdbc.JdbcStatement.executeInternal(JdbcStatement.java:237)
		at org.h2.jdbc.JdbcStatement.execute(JdbcStatement.java:223)
		at org.springframework.jdbc.datasource.init.ScriptUtils.executeSqlScript(ScriptUtils.java:261)
		... 65 more
14-Jan-2025 12:58:40.901 SEVERE [main] org.apache.catalina.core.StandardContext.loadOnStartup Servlet [dispatcher] in web application [/study] threw load() exception
	org.h2.jdbc.JdbcSQLSyntaxErrorException: Неверное количество столбцов
Column count does not match; SQL statement:
insert into users(first_name, last_name, age, active) values (1, 'Иван', 'Иванов', 30, true) [21002-214]
		at org.h2.message.DbException.getJdbcSQLException(DbException.java:502)
		at org.h2.message.DbException.getJdbcSQLException(DbException.java:477)
		at org.h2.message.DbException.get(DbException.java:223)
		at org.h2.message.DbException.get(DbException.java:199)
		at org.h2.message.DbException.get(DbException.java:188)
		at org.h2.command.dml.Insert.doPrepare(Insert.java:295)
		at org.h2.command.dml.DataChangeStatement.prepare(DataChangeStatement.java:37)
		at org.h2.command.Parser.prepareCommand(Parser.java:575)
		at org.h2.engine.SessionLocal.prepareLocal(SessionLocal.java:631)
		at org.h2.engine.SessionLocal.prepareCommand(SessionLocal.java:554)
		at org.h2.jdbc.JdbcConnection.prepareCommand(JdbcConnection.java:1116)
		at org.h2.jdbc.JdbcStatement.executeInternal(JdbcStatement.java:237)
		at org.h2.jdbc.JdbcStatement.execute(JdbcStatement.java:223)
		at org.springframework.jdbc.datasource.init.ScriptUtils.executeSqlScript(ScriptUtils.java:261)
		at org.springframework.jdbc.datasource.init.ResourceDatabasePopulator.populate(ResourceDatabasePopulator.java:254)
		at org.springframework.jdbc.datasource.init.DatabasePopulatorUtils.execute(DatabasePopulatorUtils.java:54)
		at org.springframework.jdbc.datasource.init.ResourceDatabasePopulator.execute(ResourceDatabasePopulator.java:269)
		at ru.yandex.practicum.configuration.DataSourceConfiguration.populate(DataSourceConfiguration.java:64)
		at java.base/jdk.internal.reflect.DirectMethodHandleAccessor.invoke(DirectMethodHandleAccessor.java:103)
		at java.base/java.lang.reflect.Method.invoke(Method.java:580)
		at org.springframework.context.event.ApplicationListenerMethodAdapter.doInvoke(ApplicationListenerMethodAdapter.java:382)
		at org.springframework.context.event.ApplicationListenerMethodAdapter.processEvent(ApplicationListenerMethodAdapter.java:254)
		at org.springframework.context.event.ApplicationListenerMethodAdapter.onApplicationEvent(ApplicationListenerMethodAdapter.java:173)
		at org.springframework.context.event.SimpleApplicationEventMulticaster.doInvokeListener(SimpleApplicationEventMulticaster.java:185)
		at org.springframework.context.event.SimpleApplicationEventMulticaster.invokeListener(SimpleApplicationEventMulticaster.java:178)
		at org.springframework.context.event.SimpleApplicationEventMulticaster.multicastEvent(SimpleApplicationEventMulticaster.java:156)
		at org.springframework.context.support.AbstractApplicationContext.publishEvent(AbstractApplicationContext.java:454)
		at org.springframework.context.support.AbstractApplicationContext.publishEvent(AbstractApplicationContext.java:387)
		at org.springframework.context.support.AbstractApplicationContext.finishRefresh(AbstractApplicationContext.java:1009)
		at org.springframework.context.support.AbstractApplicationContext.refresh(AbstractApplicationContext.java:630)
		at org.springframework.web.servlet.FrameworkServlet.configureAndRefreshWebApplicationContext(FrameworkServlet.java:706)
		at org.springframework.web.servlet.FrameworkServlet.createWebApplicationContext(FrameworkServlet.java:672)
		at org.springframework.web.servlet.FrameworkServlet.createWebApplicationContext(FrameworkServlet.java:720)
		at org.springframework.web.servlet.FrameworkServlet.initWebApplicationContext(FrameworkServlet.java:595)
		at org.springframework.web.servlet.FrameworkServlet.initServletBean(FrameworkServlet.java:537)
		at org.springframework.web.servlet.HttpServletBean.init(HttpServletBean.java:169)
		at jakarta.servlet.GenericServlet.init(GenericServlet.java:143)
		at jakarta.servlet.http.HttpServlet.init(HttpServlet.java:122)
		at org.apache.catalina.core.StandardWrapper.initServlet(StandardWrapper.java:817)
		at org.apache.catalina.core.StandardWrapper.loadServlet(StandardWrapper.java:787)
		at org.apache.catalina.core.StandardWrapper.load(StandardWrapper.java:691)
		at org.apache.catalina.core.StandardContext.loadOnStartup(StandardContext.java:4153)
		at org.apache.catalina.core.StandardContext.startInternal(StandardContext.java:4437)
		at org.apache.catalina.util.LifecycleBase.start(LifecycleBase.java:164)
		at org.apache.catalina.core.ContainerBase.addChild(ContainerBase.java:566)
		at org.apache.catalina.core.StandardHost.addChild(StandardHost.java:653)
		at org.apache.catalina.startup.HostConfig.deployWAR(HostConfig.java:933)
		at org.apache.catalina.startup.HostConfig$DeployWar.run(HostConfig.java:1875)
		at java.base/java.util.concurrent.Executors$RunnableAdapter.call(Executors.java:572)
		at java.base/java.util.concurrent.FutureTask.run(FutureTask.java:317)
		at org.apache.tomcat.util.threads.InlineExecutorService.execute(InlineExecutorService.java:75)
		at java.base/java.util.concurrent.AbstractExecutorService.submit(AbstractExecutorService.java:123)
		at org.apache.catalina.startup.HostConfig.deployWARs(HostConfig.java:735)
		at org.apache.catalina.startup.HostConfig.deployApps(HostConfig.java:387)
		at org.apache.catalina.startup.HostConfig.start(HostConfig.java:1593)
		at org.apache.catalina.startup.HostConfig.lifecycleEvent(HostConfig.java:267)
		at org.apache.catalina.util.LifecycleBase.fireLifecycleEvent(LifecycleBase.java:109)
		at org.apache.catalina.util.LifecycleBase.setStateInternal(LifecycleBase.java:389)
		at org.apache.catalina.util.LifecycleBase.setState(LifecycleBase.java:336)
		at org.apache.catalina.core.ContainerBase.startInternal(ContainerBase.java:743)
		at org.apache.catalina.core.StandardHost.startInternal(StandardHost.java:771)
		at org.apache.catalina.util.LifecycleBase.start(LifecycleBase.java:164)
		at org.apache.catalina.core.ContainerBase$StartChild.call(ContainerBase.java:1170)
		at org.apache.catalina.core.ContainerBase$StartChild.call(ContainerBase.java:1160)
		at java.base/java.util.concurrent.FutureTask.run(FutureTask.java:317)
		at org.apache.tomcat.util.threads.InlineExecutorService.execute(InlineExecutorService.java:75)
		at java.base/java.util.concurrent.AbstractExecutorService.submit(AbstractExecutorService.java:145)
		at org.apache.catalina.core.ContainerBase.startInternal(ContainerBase.java:716)
		at org.apache.catalina.core.StandardEngine.startInternal(StandardEngine.java:203)
		at org.apache.catalina.util.LifecycleBase.start(LifecycleBase.java:164)
		at org.apache.catalina.core.StandardService.startInternal(StandardService.java:415)
		at org.apache.catalina.util.LifecycleBase.start(LifecycleBase.java:164)
		at org.apache.catalina.core.StandardServer.startInternal(StandardServer.java:866)
		at org.apache.catalina.util.LifecycleBase.start(LifecycleBase.java:164)
		at org.apache.catalina.startup.Catalina.start(Catalina.java:759)
		at java.base/jdk.internal.reflect.DirectMethodHandleAccessor.invoke(DirectMethodHandleAccessor.java:103)
		at java.base/java.lang.reflect.Method.invoke(Method.java:580)
		at org.apache.catalina.startup.Bootstrap.start(Bootstrap.java:342)
		at org.apache.catalina.startup.Bootstrap.main(Bootstrap.java:470)
14-Jan-2025 12:58:41.233 INFO [main] org.apache.catalina.core.ApplicationContext.log ContextListener: contextInitialized()
14-Jan-2025 12:58:41.234 INFO [main] org.apache.catalina.core.ApplicationContext.log SessionListener: contextInitialized()
14-Jan-2025 12:58:41.235 INFO [main] org.apache.catalina.core.ApplicationContext.log ContextListener: attributeAdded('StockTicker', 'async.Stockticker@62682ece')
14-Jan-2025 12:58:41.926 INFO [http-nio-8080-exec-1] org.apache.catalina.core.ApplicationContext.log Initializing Spring DispatcherServlet 'dispatcher'
14-Jan-2025 12:58:42.026 SEVERE [http-nio-8080-exec-1] org.apache.catalina.core.ApplicationContext.log Servlet.init() для сервлета [dispatcher] выбросил исключение
	org.springframework.jdbc.datasource.init.ScriptStatementFailedException: Failed to execute SQL script statement #2 of class path resource [schema.sql]: insert into users(first_name, last_name, age, active) values (1, 'Иван', 'Иванов', 30, true)
		at org.springframework.jdbc.datasource.init.ScriptUtils.executeSqlScript(ScriptUtils.java:282)
		at org.springframework.jdbc.datasource.init.ResourceDatabasePopulator.populate(ResourceDatabasePopulator.java:254)
		at org.springframework.jdbc.datasource.init.DatabasePopulatorUtils.execute(DatabasePopulatorUtils.java:54)
		at org.springframework.jdbc.datasource.init.ResourceDatabasePopulator.execute(ResourceDatabasePopulator.java:269)
		at ru.yandex.practicum.configuration.DataSourceConfiguration.populate(DataSourceConfiguration.java:64)
		at java.base/jdk.internal.reflect.DirectMethodHandleAccessor.invoke(DirectMethodHandleAccessor.java:103)
		at java.base/java.lang.reflect.Method.invoke(Method.java:580)
		at org.springframework.context.event.ApplicationListenerMethodAdapter.doInvoke(ApplicationListenerMethodAdapter.java:382)
		at org.springframework.context.event.ApplicationListenerMethodAdapter.processEvent(ApplicationListenerMethodAdapter.java:254)
		at org.springframework.context.event.ApplicationListenerMethodAdapter.onApplicationEvent(ApplicationListenerMethodAdapter.java:173)
		at org.springframework.context.event.SimpleApplicationEventMulticaster.doInvokeListener(SimpleApplicationEventMulticaster.java:185)
		at org.springframework.context.event.SimpleApplicationEventMulticaster.invokeListener(SimpleApplicationEventMulticaster.java:178)
		at org.springframework.context.event.SimpleApplicationEventMulticaster.multicastEvent(SimpleApplicationEventMulticaster.java:156)
		at org.springframework.context.support.AbstractApplicationContext.publishEvent(AbstractApplicationContext.java:454)
		at org.springframework.context.support.AbstractApplicationContext.publishEvent(AbstractApplicationContext.java:387)
		at org.springframework.context.support.AbstractApplicationContext.finishRefresh(AbstractApplicationContext.java:1009)
		at org.springframework.context.support.AbstractApplicationContext.refresh(AbstractApplicationContext.java:630)
		at org.springframework.web.servlet.FrameworkServlet.configureAndRefreshWebApplicationContext(FrameworkServlet.java:706)
		at org.springframework.web.servlet.FrameworkServlet.createWebApplicationContext(FrameworkServlet.java:672)
		at org.springframework.web.servlet.FrameworkServlet.createWebApplicationContext(FrameworkServlet.java:720)
		at org.springframework.web.servlet.FrameworkServlet.initWebApplicationContext(FrameworkServlet.java:595)
		at org.springframework.web.servlet.FrameworkServlet.initServletBean(FrameworkServlet.java:537)
		at org.springframework.web.servlet.HttpServletBean.init(HttpServletBean.java:169)
		at jakarta.servlet.GenericServlet.init(GenericServlet.java:143)
		at jakarta.servlet.http.HttpServlet.init(HttpServlet.java:122)
		at org.apache.catalina.core.StandardWrapper.initServlet(StandardWrapper.java:817)
		at org.apache.catalina.core.StandardWrapper.loadServlet(StandardWrapper.java:787)
		at org.apache.catalina.core.StandardWrapper.allocate(StandardWrapper.java:568)
		at org.apache.catalina.core.StandardWrapperValve.invoke(StandardWrapperValve.java:115)
		at org.apache.catalina.core.StandardContextValve.invoke(StandardContextValve.java:79)
		at org.apache.catalina.authenticator.AuthenticatorBase.invoke(AuthenticatorBase.java:483)
		at org.apache.catalina.core.StandardHostValve.invoke(StandardHostValve.java:115)
		at org.apache.catalina.valves.ErrorReportValve.invoke(ErrorReportValve.java:93)
		at org.apache.catalina.valves.AbstractAccessLogValve.invoke(AbstractAccessLogValve.java:663)
		at org.apache.catalina.core.StandardEngineValve.invoke(StandardEngineValve.java:74)
		at org.apache.catalina.connector.CoyoteAdapter.service(CoyoteAdapter.java:342)
		at org.apache.coyote.http11.Http11Processor.service(Http11Processor.java:395)
		at org.apache.coyote.AbstractProcessorLight.process(AbstractProcessorLight.java:63)
		at org.apache.coyote.AbstractProtocol$ConnectionHandler.process(AbstractProtocol.java:905)
		at org.apache.tomcat.util.net.NioEndpoint$SocketProcessor.doRun(NioEndpoint.java:1746)
		at org.apache.tomcat.util.net.SocketProcessorBase.run(SocketProcessorBase.java:52)
		at org.apache.tomcat.util.threads.ThreadPoolExecutor.runWorker(ThreadPoolExecutor.java:1148)
		at org.apache.tomcat.util.threads.ThreadPoolExecutor$Worker.run(ThreadPoolExecutor.java:636)
		at org.apache.tomcat.util.threads.TaskThread$WrappingRunnable.run(TaskThread.java:63)
		at java.base/java.lang.Thread.run(Thread.java:1583)
	Caused by: org.h2.jdbc.JdbcSQLSyntaxErrorException: Неверное количество столбцов
Column count does not match; SQL statement:
insert into users(first_name, last_name, age, active) values (1, 'Иван', 'Иванов', 30, true) [21002-214]
		at org.h2.message.DbException.getJdbcSQLException(DbException.java:502)
		at org.h2.message.DbException.getJdbcSQLException(DbException.java:477)
		at org.h2.message.DbException.get(DbException.java:223)
		at org.h2.message.DbException.get(DbException.java:199)
		at org.h2.message.DbException.get(DbException.java:188)
		at org.h2.command.dml.Insert.doPrepare(Insert.java:295)
		at org.h2.command.dml.DataChangeStatement.prepare(DataChangeStatement.java:37)
		at org.h2.command.Parser.prepareCommand(Parser.java:575)
		at org.h2.engine.SessionLocal.prepareLocal(SessionLocal.java:631)
		at org.h2.engine.SessionLocal.prepareCommand(SessionLocal.java:554)
		at org.h2.jdbc.JdbcConnection.prepareCommand(JdbcConnection.java:1116)
		at org.h2.jdbc.JdbcStatement.executeInternal(JdbcStatement.java:237)
		at org.h2.jdbc.JdbcStatement.execute(JdbcStatement.java:223)
		at org.springframework.jdbc.datasource.init.ScriptUtils.executeSqlScript(ScriptUtils.java:261)
		... 44 more
14-Jan-2025 12:58:42.026 SEVERE [http-nio-8080-exec-1] org.apache.catalina.core.StandardWrapperValve.invoke Ошибка выделения для сервлета [dispatcher]
	org.h2.jdbc.JdbcSQLSyntaxErrorException: Неверное количество столбцов
Column count does not match; SQL statement:
insert into users(first_name, last_name, age, active) values (1, 'Иван', 'Иванов', 30, true) [21002-214]
		at org.h2.message.DbException.getJdbcSQLException(DbException.java:502)
		at org.h2.message.DbException.getJdbcSQLException(DbException.java:477)
		at org.h2.message.DbException.get(DbException.java:223)
		at org.h2.message.DbException.get(DbException.java:199)
		at org.h2.message.DbException.get(DbException.java:188)
		at org.h2.command.dml.Insert.doPrepare(Insert.java:295)
		at org.h2.command.dml.DataChangeStatement.prepare(DataChangeStatement.java:37)
		at org.h2.command.Parser.prepareCommand(Parser.java:575)
		at org.h2.engine.SessionLocal.prepareLocal(SessionLocal.java:631)
		at org.h2.engine.SessionLocal.prepareCommand(SessionLocal.java:554)
		at org.h2.jdbc.JdbcConnection.prepareCommand(JdbcConnection.java:1116)
		at org.h2.jdbc.JdbcStatement.executeInternal(JdbcStatement.java:237)
		at org.h2.jdbc.JdbcStatement.execute(JdbcStatement.java:223)
		at org.springframework.jdbc.datasource.init.ScriptUtils.executeSqlScript(ScriptUtils.java:261)
		at org.springframework.jdbc.datasource.init.ResourceDatabasePopulator.populate(ResourceDatabasePopulator.java:254)
		at org.springframework.jdbc.datasource.init.DatabasePopulatorUtils.execute(DatabasePopulatorUtils.java:54)
		at org.springframework.jdbc.datasource.init.ResourceDatabasePopulator.execute(ResourceDatabasePopulator.java:269)
		at ru.yandex.practicum.configuration.DataSourceConfiguration.populate(DataSourceConfiguration.java:64)
		at java.base/jdk.internal.reflect.DirectMethodHandleAccessor.invoke(DirectMethodHandleAccessor.java:103)
		at java.base/java.lang.reflect.Method.invoke(Method.java:580)
		at org.springframework.context.event.ApplicationListenerMethodAdapter.doInvoke(ApplicationListenerMethodAdapter.java:382)
		at org.springframework.context.event.ApplicationListenerMethodAdapter.processEvent(ApplicationListenerMethodAdapter.java:254)
		at org.springframework.context.event.ApplicationListenerMethodAdapter.onApplicationEvent(ApplicationListenerMethodAdapter.java:173)
		at org.springframework.context.event.SimpleApplicationEventMulticaster.doInvokeListener(SimpleApplicationEventMulticaster.java:185)
		at org.springframework.context.event.SimpleApplicationEventMulticaster.invokeListener(SimpleApplicationEventMulticaster.java:178)
		at org.springframework.context.event.SimpleApplicationEventMulticaster.multicastEvent(SimpleApplicationEventMulticaster.java:156)
		at org.springframework.context.support.AbstractApplicationContext.publishEvent(AbstractApplicationContext.java:454)
		at org.springframework.context.support.AbstractApplicationContext.publishEvent(AbstractApplicationContext.java:387)
		at org.springframework.context.support.AbstractApplicationContext.finishRefresh(AbstractApplicationContext.java:1009)
		at org.springframework.context.support.AbstractApplicationContext.refresh(AbstractApplicationContext.java:630)
		at org.springframework.web.servlet.FrameworkServlet.configureAndRefreshWebApplicationContext(FrameworkServlet.java:706)
		at org.springframework.web.servlet.FrameworkServlet.createWebApplicationContext(FrameworkServlet.java:672)
		at org.springframework.web.servlet.FrameworkServlet.createWebApplicationContext(FrameworkServlet.java:720)
		at org.springframework.web.servlet.FrameworkServlet.initWebApplicationContext(FrameworkServlet.java:595)
		at org.springframework.web.servlet.FrameworkServlet.initServletBean(FrameworkServlet.java:537)
		at org.springframework.web.servlet.HttpServletBean.init(HttpServletBean.java:169)
		at jakarta.servlet.GenericServlet.init(GenericServlet.java:143)
		at jakarta.servlet.http.HttpServlet.init(HttpServlet.java:122)
		at org.apache.catalina.core.StandardWrapper.initServlet(StandardWrapper.java:817)
		at org.apache.catalina.core.StandardWrapper.loadServlet(StandardWrapper.java:787)
		at org.apache.catalina.core.StandardWrapper.allocate(StandardWrapper.java:568)
		at org.apache.catalina.core.StandardWrapperValve.invoke(StandardWrapperValve.java:115)
		at org.apache.catalina.core.StandardContextValve.invoke(StandardContextValve.java:79)
		at org.apache.catalina.authenticator.AuthenticatorBase.invoke(AuthenticatorBase.java:483)
		at org.apache.catalina.core.StandardHostValve.invoke(StandardHostValve.java:115)
		at org.apache.catalina.valves.ErrorReportValve.invoke(ErrorReportValve.java:93)
		at org.apache.catalina.valves.AbstractAccessLogValve.invoke(AbstractAccessLogValve.java:663)
		at org.apache.catalina.core.StandardEngineValve.invoke(StandardEngineValve.java:74)
		at org.apache.catalina.connector.CoyoteAdapter.service(CoyoteAdapter.java:342)
		at org.apache.coyote.http11.Http11Processor.service(Http11Processor.java:395)
		at org.apache.coyote.AbstractProcessorLight.process(AbstractProcessorLight.java:63)
		at org.apache.coyote.AbstractProtocol$ConnectionHandler.process(AbstractProtocol.java:905)
		at org.apache.tomcat.util.net.NioEndpoint$SocketProcessor.doRun(NioEndpoint.java:1746)
		at org.apache.tomcat.util.net.SocketProcessorBase.run(SocketProcessorBase.java:52)
		at org.apache.tomcat.util.threads.ThreadPoolExecutor.runWorker(ThreadPoolExecutor.java:1148)
		at org.apache.tomcat.util.threads.ThreadPoolExecutor$Worker.run(ThreadPoolExecutor.java:636)
		at org.apache.tomcat.util.threads.TaskThread$WrappingRunnable.run(TaskThread.java:63)
		at java.base/java.lang.Thread.run(Thread.java:1583)
14-Jan-2025 12:59:29.350 INFO [main] org.apache.catalina.core.ApplicationContext.log SessionListener: contextDestroyed()
14-Jan-2025 12:59:29.350 INFO [main] org.apache.catalina.core.ApplicationContext.log ContextListener: contextDestroyed()
14-Jan-2025 12:59:43.069 INFO [main] org.apache.catalina.core.ApplicationContext.log No Spring WebApplicationInitializer types detected on classpath
14-Jan-2025 12:59:43.237 INFO [main] org.apache.catalina.core.ApplicationContext.log Initializing Spring DispatcherServlet 'dispatcher'
14-Jan-2025 12:59:44.724 INFO [main] org.apache.catalina.core.ApplicationContext.log ContextListener: contextInitialized()
14-Jan-2025 12:59:44.724 INFO [main] org.apache.catalina.core.ApplicationContext.log SessionListener: contextInitialized()
14-Jan-2025 12:59:44.726 INFO [main] org.apache.catalina.core.ApplicationContext.log ContextListener: attributeAdded('StockTicker', 'async.Stockticker@70a8654')
14-Jan-2025 13:02:05.771 INFO [main] org.apache.catalina.core.ApplicationContext.log Destroying Spring FrameworkServlet 'dispatcher'
14-Jan-2025 13:02:05.777 INFO [main] org.apache.catalina.core.ApplicationContext.log SessionListener: contextDestroyed()
14-Jan-2025 13:02:05.777 INFO [main] org.apache.catalina.core.ApplicationContext.log ContextListener: contextDestroyed()
14-Jan-2025 13:02:15.332 INFO [main] org.apache.catalina.core.ApplicationContext.log No Spring WebApplicationInitializer types detected on classpath
14-Jan-2025 13:02:15.504 INFO [main] org.apache.catalina.core.ApplicationContext.log Initializing Spring DispatcherServlet 'dispatcher'
14-Jan-2025 13:02:17.020 INFO [main] org.apache.catalina.core.ApplicationContext.log ContextListener: contextInitialized()
14-Jan-2025 13:02:17.021 INFO [main] org.apache.catalina.core.ApplicationContext.log SessionListener: contextInitialized()
14-Jan-2025 13:02:17.022 INFO [main] org.apache.catalina.core.ApplicationContext.log ContextListener: attributeAdded('StockTicker', 'async.Stockticker@6137dc84')
14-Jan-2025 13:05:56.548 INFO [main] org.apache.catalina.core.ApplicationContext.log Destroying Spring FrameworkServlet 'dispatcher'
14-Jan-2025 13:05:56.556 INFO [main] org.apache.catalina.core.ApplicationContext.log SessionListener: contextDestroyed()
14-Jan-2025 13:05:56.556 INFO [main] org.apache.catalina.core.ApplicationContext.log ContextListener: contextDestroyed()
14-Jan-2025 13:06:09.145 INFO [main] org.apache.catalina.core.ApplicationContext.log No Spring WebApplicationInitializer types detected on classpath
14-Jan-2025 13:06:09.297 INFO [main] org.apache.catalina.core.ApplicationContext.log Initializing Spring DispatcherServlet 'dispatcher'
14-Jan-2025 13:06:10.835 INFO [main] org.apache.catalina.core.ApplicationContext.log ContextListener: contextInitialized()
14-Jan-2025 13:06:10.835 INFO [main] org.apache.catalina.core.ApplicationContext.log SessionListener: contextInitialized()
14-Jan-2025 13:06:10.836 INFO [main] org.apache.catalina.core.ApplicationContext.log ContextListener: attributeAdded('StockTicker', 'async.Stockticker@3445341')
14-Jan-2025 13:06:50.972 INFO [main] org.apache.catalina.core.ApplicationContext.log Destroying Spring FrameworkServlet 'dispatcher'
14-Jan-2025 13:06:50.980 INFO [main] org.apache.catalina.core.ApplicationContext.log SessionListener: contextDestroyed()
14-Jan-2025 13:06:50.980 INFO [main] org.apache.catalina.core.ApplicationContext.log ContextListener: contextDestroyed()
14-Jan-2025 13:07:07.262 INFO [main] org.apache.catalina.core.ApplicationContext.log No Spring WebApplicationInitializer types detected on classpath
14-Jan-2025 13:07:07.440 INFO [main] org.apache.catalina.core.ApplicationContext.log Initializing Spring DispatcherServlet 'dispatcher'
14-Jan-2025 13:07:09.001 INFO [main] org.apache.catalina.core.ApplicationContext.log ContextListener: contextInitialized()
14-Jan-2025 13:07:09.001 INFO [main] org.apache.catalina.core.ApplicationContext.log SessionListener: contextInitialized()
14-Jan-2025 13:07:09.002 INFO [main] org.apache.catalina.core.ApplicationContext.log ContextListener: attributeAdded('StockTicker', 'async.Stockticker@7154a248')
14-Jan-2025 13:08:06.615 INFO [main] org.apache.catalina.core.ApplicationContext.log Destroying Spring FrameworkServlet 'dispatcher'
14-Jan-2025 13:08:06.622 INFO [main] org.apache.catalina.core.ApplicationContext.log SessionListener: contextDestroyed()
14-Jan-2025 13:08:06.622 INFO [main] org.apache.catalina.core.ApplicationContext.log ContextListener: contextDestroyed()
14-Jan-2025 13:08:15.517 INFO [main] org.apache.catalina.core.ApplicationContext.log No Spring WebApplicationInitializer types detected on classpath
14-Jan-2025 13:08:15.682 INFO [main] org.apache.catalina.core.ApplicationContext.log Initializing Spring DispatcherServlet 'dispatcher'
14-Jan-2025 13:08:16.538 SEVERE [main] org.apache.catalina.core.ApplicationContext.log Servlet.init() для сервлета [dispatcher] выбросил исключение
	org.springframework.jdbc.datasource.init.UncategorizedScriptException: Failed to execute database script
		at org.springframework.jdbc.datasource.init.DatabasePopulatorUtils.execute(DatabasePopulatorUtils.java:67)
		at org.springframework.jdbc.datasource.init.ResourceDatabasePopulator.execute(ResourceDatabasePopulator.java:269)
		at ru.yandex.practicum.configuration.DataSourceConfiguration.populate(DataSourceConfiguration.java:64)
		at java.base/jdk.internal.reflect.DirectMethodHandleAccessor.invoke(DirectMethodHandleAccessor.java:103)
		at java.base/java.lang.reflect.Method.invoke(Method.java:580)
		at org.springframework.context.event.ApplicationListenerMethodAdapter.doInvoke(ApplicationListenerMethodAdapter.java:382)
		at org.springframework.context.event.ApplicationListenerMethodAdapter.processEvent(ApplicationListenerMethodAdapter.java:254)
		at org.springframework.context.event.ApplicationListenerMethodAdapter.onApplicationEvent(ApplicationListenerMethodAdapter.java:173)
		at org.springframework.context.event.SimpleApplicationEventMulticaster.doInvokeListener(SimpleApplicationEventMulticaster.java:185)
		at org.springframework.context.event.SimpleApplicationEventMulticaster.invokeListener(SimpleApplicationEventMulticaster.java:178)
		at org.springframework.context.event.SimpleApplicationEventMulticaster.multicastEvent(SimpleApplicationEventMulticaster.java:156)
		at org.springframework.context.support.AbstractApplicationContext.publishEvent(AbstractApplicationContext.java:454)
		at org.springframework.context.support.AbstractApplicationContext.publishEvent(AbstractApplicationContext.java:387)
		at org.springframework.context.support.AbstractApplicationContext.finishRefresh(AbstractApplicationContext.java:1009)
		at org.springframework.context.support.AbstractApplicationContext.refresh(AbstractApplicationContext.java:630)
		at org.springframework.web.servlet.FrameworkServlet.configureAndRefreshWebApplicationContext(FrameworkServlet.java:706)
		at org.springframework.web.servlet.FrameworkServlet.createWebApplicationContext(FrameworkServlet.java:672)
		at org.springframework.web.servlet.FrameworkServlet.createWebApplicationContext(FrameworkServlet.java:720)
		at org.springframework.web.servlet.FrameworkServlet.initWebApplicationContext(FrameworkServlet.java:595)
		at org.springframework.web.servlet.FrameworkServlet.initServletBean(FrameworkServlet.java:537)
		at org.springframework.web.servlet.HttpServletBean.init(HttpServletBean.java:169)
		at jakarta.servlet.GenericServlet.init(GenericServlet.java:143)
		at jakarta.servlet.http.HttpServlet.init(HttpServlet.java:122)
		at org.apache.catalina.core.StandardWrapper.initServlet(StandardWrapper.java:817)
		at org.apache.catalina.core.StandardWrapper.loadServlet(StandardWrapper.java:787)
		at org.apache.catalina.core.StandardWrapper.load(StandardWrapper.java:691)
		at org.apache.catalina.core.StandardContext.loadOnStartup(StandardContext.java:4153)
		at org.apache.catalina.core.StandardContext.startInternal(StandardContext.java:4437)
		at org.apache.catalina.util.LifecycleBase.start(LifecycleBase.java:164)
		at org.apache.catalina.core.ContainerBase.addChild(ContainerBase.java:566)
		at org.apache.catalina.core.StandardHost.addChild(StandardHost.java:653)
		at org.apache.catalina.startup.HostConfig.deployWAR(HostConfig.java:933)
		at org.apache.catalina.startup.HostConfig$DeployWar.run(HostConfig.java:1875)
		at java.base/java.util.concurrent.Executors$RunnableAdapter.call(Executors.java:572)
		at java.base/java.util.concurrent.FutureTask.run(FutureTask.java:317)
		at org.apache.tomcat.util.threads.InlineExecutorService.execute(InlineExecutorService.java:75)
		at java.base/java.util.concurrent.AbstractExecutorService.submit(AbstractExecutorService.java:123)
		at org.apache.catalina.startup.HostConfig.deployWARs(HostConfig.java:735)
		at org.apache.catalina.startup.HostConfig.deployApps(HostConfig.java:387)
		at org.apache.catalina.startup.HostConfig.start(HostConfig.java:1593)
		at org.apache.catalina.startup.HostConfig.lifecycleEvent(HostConfig.java:267)
		at org.apache.catalina.util.LifecycleBase.fireLifecycleEvent(LifecycleBase.java:109)
		at org.apache.catalina.util.LifecycleBase.setStateInternal(LifecycleBase.java:389)
		at org.apache.catalina.util.LifecycleBase.setState(LifecycleBase.java:336)
		at org.apache.catalina.core.ContainerBase.startInternal(ContainerBase.java:743)
		at org.apache.catalina.core.StandardHost.startInternal(StandardHost.java:771)
		at org.apache.catalina.util.LifecycleBase.start(LifecycleBase.java:164)
		at org.apache.catalina.core.ContainerBase$StartChild.call(ContainerBase.java:1170)
		at org.apache.catalina.core.ContainerBase$StartChild.call(ContainerBase.java:1160)
		at java.base/java.util.concurrent.FutureTask.run(FutureTask.java:317)
		at org.apache.tomcat.util.threads.InlineExecutorService.execute(InlineExecutorService.java:75)
		at java.base/java.util.concurrent.AbstractExecutorService.submit(AbstractExecutorService.java:145)
		at org.apache.catalina.core.ContainerBase.startInternal(ContainerBase.java:716)
		at org.apache.catalina.core.StandardEngine.startInternal(StandardEngine.java:203)
		at org.apache.catalina.util.LifecycleBase.start(LifecycleBase.java:164)
		at org.apache.catalina.core.StandardService.startInternal(StandardService.java:415)
		at org.apache.catalina.util.LifecycleBase.start(LifecycleBase.java:164)
		at org.apache.catalina.core.StandardServer.startInternal(StandardServer.java:866)
		at org.apache.catalina.util.LifecycleBase.start(LifecycleBase.java:164)
		at org.apache.catalina.startup.Catalina.start(Catalina.java:759)
		at java.base/jdk.internal.reflect.DirectMethodHandleAccessor.invoke(DirectMethodHandleAccessor.java:103)
		at java.base/java.lang.reflect.Method.invoke(Method.java:580)
		at org.apache.catalina.startup.Bootstrap.start(Bootstrap.java:342)
		at org.apache.catalina.startup.Bootstrap.main(Bootstrap.java:470)
	Caused by: org.springframework.jdbc.CannotGetJdbcConnectionException: Failed to obtain JDBC Connection
		at org.springframework.jdbc.datasource.DataSourceUtils.getConnection(DataSourceUtils.java:84)
		at org.springframework.jdbc.datasource.init.DatabasePopulatorUtils.execute(DatabasePopulatorUtils.java:52)
		... 63 more
	Caused by: java.sql.SQLException: No suitable driver found for ${spring.datasource.url}
		at java.sql/java.sql.DriverManager.getConnection(DriverManager.java:708)
		at java.sql/java.sql.DriverManager.getConnection(DriverManager.java:191)
		at org.springframework.jdbc.datasource.DriverManagerDataSource.getConnectionFromDriverManager(DriverManagerDataSource.java:155)
		at org.springframework.jdbc.datasource.DriverManagerDataSource.getConnectionFromDriver(DriverManagerDataSource.java:146)
		at org.springframework.jdbc.datasource.AbstractDriverBasedDataSource.getConnectionFromDriver(AbstractDriverBasedDataSource.java:205)
		at org.springframework.jdbc.datasource.AbstractDriverBasedDataSource.getConnection(AbstractDriverBasedDataSource.java:169)
		at org.springframework.jdbc.datasource.DataSourceUtils.fetchConnection(DataSourceUtils.java:160)
		at org.springframework.jdbc.datasource.DataSourceUtils.doGetConnection(DataSourceUtils.java:118)
		at org.springframework.jdbc.datasource.DataSourceUtils.getConnection(DataSourceUtils.java:81)
		... 64 more
14-Jan-2025 13:08:16.538 SEVERE [main] org.apache.catalina.core.StandardContext.loadOnStartup Servlet [dispatcher] in web application [/study] threw load() exception
	java.sql.SQLException: No suitable driver found for ${spring.datasource.url}
		at java.sql/java.sql.DriverManager.getConnection(DriverManager.java:708)
		at java.sql/java.sql.DriverManager.getConnection(DriverManager.java:191)
		at org.springframework.jdbc.datasource.DriverManagerDataSource.getConnectionFromDriverManager(DriverManagerDataSource.java:155)
		at org.springframework.jdbc.datasource.DriverManagerDataSource.getConnectionFromDriver(DriverManagerDataSource.java:146)
		at org.springframework.jdbc.datasource.AbstractDriverBasedDataSource.getConnectionFromDriver(AbstractDriverBasedDataSource.java:205)
		at org.springframework.jdbc.datasource.AbstractDriverBasedDataSource.getConnection(AbstractDriverBasedDataSource.java:169)
		at org.springframework.jdbc.datasource.DataSourceUtils.fetchConnection(DataSourceUtils.java:160)
		at org.springframework.jdbc.datasource.DataSourceUtils.doGetConnection(DataSourceUtils.java:118)
		at org.springframework.jdbc.datasource.DataSourceUtils.getConnection(DataSourceUtils.java:81)
		at org.springframework.jdbc.datasource.init.DatabasePopulatorUtils.execute(DatabasePopulatorUtils.java:52)
		at org.springframework.jdbc.datasource.init.ResourceDatabasePopulator.execute(ResourceDatabasePopulator.java:269)
		at ru.yandex.practicum.configuration.DataSourceConfiguration.populate(DataSourceConfiguration.java:64)
		at java.base/jdk.internal.reflect.DirectMethodHandleAccessor.invoke(DirectMethodHandleAccessor.java:103)
		at java.base/java.lang.reflect.Method.invoke(Method.java:580)
		at org.springframework.context.event.ApplicationListenerMethodAdapter.doInvoke(ApplicationListenerMethodAdapter.java:382)
		at org.springframework.context.event.ApplicationListenerMethodAdapter.processEvent(ApplicationListenerMethodAdapter.java:254)
		at org.springframework.context.event.ApplicationListenerMethodAdapter.onApplicationEvent(ApplicationListenerMethodAdapter.java:173)
		at org.springframework.context.event.SimpleApplicationEventMulticaster.doInvokeListener(SimpleApplicationEventMulticaster.java:185)
		at org.springframework.context.event.SimpleApplicationEventMulticaster.invokeListener(SimpleApplicationEventMulticaster.java:178)
		at org.springframework.context.event.SimpleApplicationEventMulticaster.multicastEvent(SimpleApplicationEventMulticaster.java:156)
		at org.springframework.context.support.AbstractApplicationContext.publishEvent(AbstractApplicationContext.java:454)
		at org.springframework.context.support.AbstractApplicationContext.publishEvent(AbstractApplicationContext.java:387)
		at org.springframework.context.support.AbstractApplicationContext.finishRefresh(AbstractApplicationContext.java:1009)
		at org.springframework.context.support.AbstractApplicationContext.refresh(AbstractApplicationContext.java:630)
		at org.springframework.web.servlet.FrameworkServlet.configureAndRefreshWebApplicationContext(FrameworkServlet.java:706)
		at org.springframework.web.servlet.FrameworkServlet.createWebApplicationContext(FrameworkServlet.java:672)
		at org.springframework.web.servlet.FrameworkServlet.createWebApplicationContext(FrameworkServlet.java:720)
		at org.springframework.web.servlet.FrameworkServlet.initWebApplicationContext(FrameworkServlet.java:595)
		at org.springframework.web.servlet.FrameworkServlet.initServletBean(FrameworkServlet.java:537)
		at org.springframework.web.servlet.HttpServletBean.init(HttpServletBean.java:169)
		at jakarta.servlet.GenericServlet.init(GenericServlet.java:143)
		at jakarta.servlet.http.HttpServlet.init(HttpServlet.java:122)
		at org.apache.catalina.core.StandardWrapper.initServlet(StandardWrapper.java:817)
		at org.apache.catalina.core.StandardWrapper.loadServlet(StandardWrapper.java:787)
		at org.apache.catalina.core.StandardWrapper.load(StandardWrapper.java:691)
		at org.apache.catalina.core.StandardContext.loadOnStartup(StandardContext.java:4153)
		at org.apache.catalina.core.StandardContext.startInternal(StandardContext.java:4437)
		at org.apache.catalina.util.LifecycleBase.start(LifecycleBase.java:164)
		at org.apache.catalina.core.ContainerBase.addChild(ContainerBase.java:566)
		at org.apache.catalina.core.StandardHost.addChild(StandardHost.java:653)
		at org.apache.catalina.startup.HostConfig.deployWAR(HostConfig.java:933)
		at org.apache.catalina.startup.HostConfig$DeployWar.run(HostConfig.java:1875)
		at java.base/java.util.concurrent.Executors$RunnableAdapter.call(Executors.java:572)
		at java.base/java.util.concurrent.FutureTask.run(FutureTask.java:317)
		at org.apache.tomcat.util.threads.InlineExecutorService.execute(InlineExecutorService.java:75)
		at java.base/java.util.concurrent.AbstractExecutorService.submit(AbstractExecutorService.java:123)
		at org.apache.catalina.startup.HostConfig.deployWARs(HostConfig.java:735)
		at org.apache.catalina.startup.HostConfig.deployApps(HostConfig.java:387)
		at org.apache.catalina.startup.HostConfig.start(HostConfig.java:1593)
		at org.apache.catalina.startup.HostConfig.lifecycleEvent(HostConfig.java:267)
		at org.apache.catalina.util.LifecycleBase.fireLifecycleEvent(LifecycleBase.java:109)
		at org.apache.catalina.util.LifecycleBase.setStateInternal(LifecycleBase.java:389)
		at org.apache.catalina.util.LifecycleBase.setState(LifecycleBase.java:336)
		at org.apache.catalina.core.ContainerBase.startInternal(ContainerBase.java:743)
		at org.apache.catalina.core.StandardHost.startInternal(StandardHost.java:771)
		at org.apache.catalina.util.LifecycleBase.start(LifecycleBase.java:164)
		at org.apache.catalina.core.ContainerBase$StartChild.call(ContainerBase.java:1170)
		at org.apache.catalina.core.ContainerBase$StartChild.call(ContainerBase.java:1160)
		at java.base/java.util.concurrent.FutureTask.run(FutureTask.java:317)
		at org.apache.tomcat.util.threads.InlineExecutorService.execute(InlineExecutorService.java:75)
		at java.base/java.util.concurrent.AbstractExecutorService.submit(AbstractExecutorService.java:145)
		at org.apache.catalina.core.ContainerBase.startInternal(ContainerBase.java:716)
		at org.apache.catalina.core.StandardEngine.startInternal(StandardEngine.java:203)
		at org.apache.catalina.util.LifecycleBase.start(LifecycleBase.java:164)
		at org.apache.catalina.core.StandardService.startInternal(StandardService.java:415)
		at org.apache.catalina.util.LifecycleBase.start(LifecycleBase.java:164)
		at org.apache.catalina.core.StandardServer.startInternal(StandardServer.java:866)
		at org.apache.catalina.util.LifecycleBase.start(LifecycleBase.java:164)
		at org.apache.catalina.startup.Catalina.start(Catalina.java:759)
		at java.base/jdk.internal.reflect.DirectMethodHandleAccessor.invoke(DirectMethodHandleAccessor.java:103)
		at java.base/java.lang.reflect.Method.invoke(Method.java:580)
		at org.apache.catalina.startup.Bootstrap.start(Bootstrap.java:342)
		at org.apache.catalina.startup.Bootstrap.main(Bootstrap.java:470)
14-Jan-2025 13:08:16.797 INFO [main] org.apache.catalina.core.ApplicationContext.log ContextListener: contextInitialized()
14-Jan-2025 13:08:16.798 INFO [main] org.apache.catalina.core.ApplicationContext.log SessionListener: contextInitialized()
14-Jan-2025 13:08:16.799 INFO [main] org.apache.catalina.core.ApplicationContext.log ContextListener: attributeAdded('StockTicker', 'async.Stockticker@3b8ce72')
14-Jan-2025 13:08:19.503 INFO [http-nio-8080-exec-1] org.apache.catalina.core.ApplicationContext.log Initializing Spring DispatcherServlet 'dispatcher'
14-Jan-2025 13:08:19.578 SEVERE [http-nio-8080-exec-1] org.apache.catalina.core.ApplicationContext.log Servlet.init() для сервлета [dispatcher] выбросил исключение
	org.springframework.jdbc.datasource.init.UncategorizedScriptException: Failed to execute database script
		at org.springframework.jdbc.datasource.init.DatabasePopulatorUtils.execute(DatabasePopulatorUtils.java:67)
		at org.springframework.jdbc.datasource.init.ResourceDatabasePopulator.execute(ResourceDatabasePopulator.java:269)
		at ru.yandex.practicum.configuration.DataSourceConfiguration.populate(DataSourceConfiguration.java:64)
		at java.base/jdk.internal.reflect.DirectMethodHandleAccessor.invoke(DirectMethodHandleAccessor.java:103)
		at java.base/java.lang.reflect.Method.invoke(Method.java:580)
		at org.springframework.context.event.ApplicationListenerMethodAdapter.doInvoke(ApplicationListenerMethodAdapter.java:382)
		at org.springframework.context.event.ApplicationListenerMethodAdapter.processEvent(ApplicationListenerMethodAdapter.java:254)
		at org.springframework.context.event.ApplicationListenerMethodAdapter.onApplicationEvent(ApplicationListenerMethodAdapter.java:173)
		at org.springframework.context.event.SimpleApplicationEventMulticaster.doInvokeListener(SimpleApplicationEventMulticaster.java:185)
		at org.springframework.context.event.SimpleApplicationEventMulticaster.invokeListener(SimpleApplicationEventMulticaster.java:178)
		at org.springframework.context.event.SimpleApplicationEventMulticaster.multicastEvent(SimpleApplicationEventMulticaster.java:156)
		at org.springframework.context.support.AbstractApplicationContext.publishEvent(AbstractApplicationContext.java:454)
		at org.springframework.context.support.AbstractApplicationContext.publishEvent(AbstractApplicationContext.java:387)
		at org.springframework.context.support.AbstractApplicationContext.finishRefresh(AbstractApplicationContext.java:1009)
		at org.springframework.context.support.AbstractApplicationContext.refresh(AbstractApplicationContext.java:630)
		at org.springframework.web.servlet.FrameworkServlet.configureAndRefreshWebApplicationContext(FrameworkServlet.java:706)
		at org.springframework.web.servlet.FrameworkServlet.createWebApplicationContext(FrameworkServlet.java:672)
		at org.springframework.web.servlet.FrameworkServlet.createWebApplicationContext(FrameworkServlet.java:720)
		at org.springframework.web.servlet.FrameworkServlet.initWebApplicationContext(FrameworkServlet.java:595)
		at org.springframework.web.servlet.FrameworkServlet.initServletBean(FrameworkServlet.java:537)
		at org.springframework.web.servlet.HttpServletBean.init(HttpServletBean.java:169)
		at jakarta.servlet.GenericServlet.init(GenericServlet.java:143)
		at jakarta.servlet.http.HttpServlet.init(HttpServlet.java:122)
		at org.apache.catalina.core.StandardWrapper.initServlet(StandardWrapper.java:817)
		at org.apache.catalina.core.StandardWrapper.loadServlet(StandardWrapper.java:787)
		at org.apache.catalina.core.StandardWrapper.allocate(StandardWrapper.java:568)
		at org.apache.catalina.core.StandardWrapperValve.invoke(StandardWrapperValve.java:115)
		at org.apache.catalina.core.StandardContextValve.invoke(StandardContextValve.java:79)
		at org.apache.catalina.authenticator.AuthenticatorBase.invoke(AuthenticatorBase.java:483)
		at org.apache.catalina.core.StandardHostValve.invoke(StandardHostValve.java:115)
		at org.apache.catalina.valves.ErrorReportValve.invoke(ErrorReportValve.java:93)
		at org.apache.catalina.valves.AbstractAccessLogValve.invoke(AbstractAccessLogValve.java:663)
		at org.apache.catalina.core.StandardEngineValve.invoke(StandardEngineValve.java:74)
		at org.apache.catalina.connector.CoyoteAdapter.service(CoyoteAdapter.java:342)
		at org.apache.coyote.http11.Http11Processor.service(Http11Processor.java:395)
		at org.apache.coyote.AbstractProcessorLight.process(AbstractProcessorLight.java:63)
		at org.apache.coyote.AbstractProtocol$ConnectionHandler.process(AbstractProtocol.java:905)
		at org.apache.tomcat.util.net.NioEndpoint$SocketProcessor.doRun(NioEndpoint.java:1746)
		at org.apache.tomcat.util.net.SocketProcessorBase.run(SocketProcessorBase.java:52)
		at org.apache.tomcat.util.threads.ThreadPoolExecutor.runWorker(ThreadPoolExecutor.java:1148)
		at org.apache.tomcat.util.threads.ThreadPoolExecutor$Worker.run(ThreadPoolExecutor.java:636)
		at org.apache.tomcat.util.threads.TaskThread$WrappingRunnable.run(TaskThread.java:63)
		at java.base/java.lang.Thread.run(Thread.java:1583)
	Caused by: org.springframework.jdbc.CannotGetJdbcConnectionException: Failed to obtain JDBC Connection
		at org.springframework.jdbc.datasource.DataSourceUtils.getConnection(DataSourceUtils.java:84)
		at org.springframework.jdbc.datasource.init.DatabasePopulatorUtils.execute(DatabasePopulatorUtils.java:52)
		... 42 more
	Caused by: java.sql.SQLException: No suitable driver found for ${spring.datasource.url}
		at java.sql/java.sql.DriverManager.getConnection(DriverManager.java:708)
		at java.sql/java.sql.DriverManager.getConnection(DriverManager.java:191)
		at org.springframework.jdbc.datasource.DriverManagerDataSource.getConnectionFromDriverManager(DriverManagerDataSource.java:155)
		at org.springframework.jdbc.datasource.DriverManagerDataSource.getConnectionFromDriver(DriverManagerDataSource.java:146)
		at org.springframework.jdbc.datasource.AbstractDriverBasedDataSource.getConnectionFromDriver(AbstractDriverBasedDataSource.java:205)
		at org.springframework.jdbc.datasource.AbstractDriverBasedDataSource.getConnection(AbstractDriverBasedDataSource.java:169)
		at org.springframework.jdbc.datasource.DataSourceUtils.fetchConnection(DataSourceUtils.java:160)
		at org.springframework.jdbc.datasource.DataSourceUtils.doGetConnection(DataSourceUtils.java:118)
		at org.springframework.jdbc.datasource.DataSourceUtils.getConnection(DataSourceUtils.java:81)
		... 43 more
14-Jan-2025 13:08:19.578 SEVERE [http-nio-8080-exec-1] org.apache.catalina.core.StandardWrapperValve.invoke Ошибка выделения для сервлета [dispatcher]
	java.sql.SQLException: No suitable driver found for ${spring.datasource.url}
		at java.sql/java.sql.DriverManager.getConnection(DriverManager.java:708)
		at java.sql/java.sql.DriverManager.getConnection(DriverManager.java:191)
		at org.springframework.jdbc.datasource.DriverManagerDataSource.getConnectionFromDriverManager(DriverManagerDataSource.java:155)
		at org.springframework.jdbc.datasource.DriverManagerDataSource.getConnectionFromDriver(DriverManagerDataSource.java:146)
		at org.springframework.jdbc.datasource.AbstractDriverBasedDataSource.getConnectionFromDriver(AbstractDriverBasedDataSource.java:205)
		at org.springframework.jdbc.datasource.AbstractDriverBasedDataSource.getConnection(AbstractDriverBasedDataSource.java:169)
		at org.springframework.jdbc.datasource.DataSourceUtils.fetchConnection(DataSourceUtils.java:160)
		at org.springframework.jdbc.datasource.DataSourceUtils.doGetConnection(DataSourceUtils.java:118)
		at org.springframework.jdbc.datasource.DataSourceUtils.getConnection(DataSourceUtils.java:81)
		at org.springframework.jdbc.datasource.init.DatabasePopulatorUtils.execute(DatabasePopulatorUtils.java:52)
		at org.springframework.jdbc.datasource.init.ResourceDatabasePopulator.execute(ResourceDatabasePopulator.java:269)
		at ru.yandex.practicum.configuration.DataSourceConfiguration.populate(DataSourceConfiguration.java:64)
		at java.base/jdk.internal.reflect.DirectMethodHandleAccessor.invoke(DirectMethodHandleAccessor.java:103)
		at java.base/java.lang.reflect.Method.invoke(Method.java:580)
		at org.springframework.context.event.ApplicationListenerMethodAdapter.doInvoke(ApplicationListenerMethodAdapter.java:382)
		at org.springframework.context.event.ApplicationListenerMethodAdapter.processEvent(ApplicationListenerMethodAdapter.java:254)
		at org.springframework.context.event.ApplicationListenerMethodAdapter.onApplicationEvent(ApplicationListenerMethodAdapter.java:173)
		at org.springframework.context.event.SimpleApplicationEventMulticaster.doInvokeListener(SimpleApplicationEventMulticaster.java:185)
		at org.springframework.context.event.SimpleApplicationEventMulticaster.invokeListener(SimpleApplicationEventMulticaster.java:178)
		at org.springframework.context.event.SimpleApplicationEventMulticaster.multicastEvent(SimpleApplicationEventMulticaster.java:156)
		at org.springframework.context.support.AbstractApplicationContext.publishEvent(AbstractApplicationContext.java:454)
		at org.springframework.context.support.AbstractApplicationContext.publishEvent(AbstractApplicationContext.java:387)
		at org.springframework.context.support.AbstractApplicationContext.finishRefresh(AbstractApplicationContext.java:1009)
		at org.springframework.context.support.AbstractApplicationContext.refresh(AbstractApplicationContext.java:630)
		at org.springframework.web.servlet.FrameworkServlet.configureAndRefreshWebApplicationContext(FrameworkServlet.java:706)
		at org.springframework.web.servlet.FrameworkServlet.createWebApplicationContext(FrameworkServlet.java:672)
		at org.springframework.web.servlet.FrameworkServlet.createWebApplicationContext(FrameworkServlet.java:720)
		at org.springframework.web.servlet.FrameworkServlet.initWebApplicationContext(FrameworkServlet.java:595)
		at org.springframework.web.servlet.FrameworkServlet.initServletBean(FrameworkServlet.java:537)
		at org.springframework.web.servlet.HttpServletBean.init(HttpServletBean.java:169)
		at jakarta.servlet.GenericServlet.init(GenericServlet.java:143)
		at jakarta.servlet.http.HttpServlet.init(HttpServlet.java:122)
		at org.apache.catalina.core.StandardWrapper.initServlet(StandardWrapper.java:817)
		at org.apache.catalina.core.StandardWrapper.loadServlet(StandardWrapper.java:787)
		at org.apache.catalina.core.StandardWrapper.allocate(StandardWrapper.java:568)
		at org.apache.catalina.core.StandardWrapperValve.invoke(StandardWrapperValve.java:115)
		at org.apache.catalina.core.StandardContextValve.invoke(StandardContextValve.java:79)
		at org.apache.catalina.authenticator.AuthenticatorBase.invoke(AuthenticatorBase.java:483)
		at org.apache.catalina.core.StandardHostValve.invoke(StandardHostValve.java:115)
		at org.apache.catalina.valves.ErrorReportValve.invoke(ErrorReportValve.java:93)
		at org.apache.catalina.valves.AbstractAccessLogValve.invoke(AbstractAccessLogValve.java:663)
		at org.apache.catalina.core.StandardEngineValve.invoke(StandardEngineValve.java:74)
		at org.apache.catalina.connector.CoyoteAdapter.service(CoyoteAdapter.java:342)
		at org.apache.coyote.http11.Http11Processor.service(Http11Processor.java:395)
		at org.apache.coyote.AbstractProcessorLight.process(AbstractProcessorLight.java:63)
		at org.apache.coyote.AbstractProtocol$ConnectionHandler.process(AbstractProtocol.java:905)
		at org.apache.tomcat.util.net.NioEndpoint$SocketProcessor.doRun(NioEndpoint.java:1746)
		at org.apache.tomcat.util.net.SocketProcessorBase.run(SocketProcessorBase.java:52)
		at org.apache.tomcat.util.threads.ThreadPoolExecutor.runWorker(ThreadPoolExecutor.java:1148)
		at org.apache.tomcat.util.threads.ThreadPoolExecutor$Worker.run(ThreadPoolExecutor.java:636)
		at org.apache.tomcat.util.threads.TaskThread$WrappingRunnable.run(TaskThread.java:63)
		at java.base/java.lang.Thread.run(Thread.java:1583)
14-Jan-2025 13:10:15.933 INFO [main] org.apache.catalina.core.ApplicationContext.log SessionListener: contextDestroyed()
14-Jan-2025 13:10:15.933 INFO [main] org.apache.catalina.core.ApplicationContext.log ContextListener: contextDestroyed()
14-Jan-2025 13:10:25.007 INFO [main] org.apache.catalina.core.ApplicationContext.log No Spring WebApplicationInitializer types detected on classpath
14-Jan-2025 13:10:25.199 INFO [main] org.apache.catalina.core.ApplicationContext.log Initializing Spring DispatcherServlet 'dispatcher'
14-Jan-2025 13:10:26.932 INFO [main] org.apache.catalina.core.ApplicationContext.log ContextListener: contextInitialized()
14-Jan-2025 13:10:26.932 INFO [main] org.apache.catalina.core.ApplicationContext.log SessionListener: contextInitialized()
14-Jan-2025 13:10:26.934 INFO [main] org.apache.catalina.core.ApplicationContext.log ContextListener: attributeAdded('StockTicker', 'async.Stockticker@5fdcc63f')
14-Jan-2025 13:13:20.939 INFO [main] org.apache.catalina.core.ApplicationContext.log Destroying Spring FrameworkServlet 'dispatcher'
14-Jan-2025 13:13:20.945 INFO [main] org.apache.catalina.core.ApplicationContext.log SessionListener: contextDestroyed()
14-Jan-2025 13:13:20.945 INFO [main] org.apache.catalina.core.ApplicationContext.log ContextListener: contextDestroyed()
14-Jan-2025 13:13:55.097 INFO [main] org.apache.catalina.core.ApplicationContext.log No Spring WebApplicationInitializer types detected on classpath
14-Jan-2025 13:13:55.252 INFO [main] org.apache.catalina.core.ApplicationContext.log Initializing Spring DispatcherServlet 'dispatcher'
14-Jan-2025 13:13:56.821 INFO [main] org.apache.catalina.core.ApplicationContext.log ContextListener: contextInitialized()
14-Jan-2025 13:13:56.822 INFO [main] org.apache.catalina.core.ApplicationContext.log SessionListener: contextInitialized()
14-Jan-2025 13:13:56.823 INFO [main] org.apache.catalina.core.ApplicationContext.log ContextListener: attributeAdded('StockTicker', 'async.Stockticker@757ad227')
14-Jan-2025 13:30:29.795 INFO [main] org.apache.catalina.core.ApplicationContext.log Destroying Spring FrameworkServlet 'dispatcher'
14-Jan-2025 13:30:29.803 INFO [main] org.apache.catalina.core.ApplicationContext.log SessionListener: contextDestroyed()
14-Jan-2025 13:30:29.803 INFO [main] org.apache.catalina.core.ApplicationContext.log ContextListener: contextDestroyed()
14-Jan-2025 17:13:43.259 INFO [main] org.apache.catalina.core.ApplicationContext.log No Spring WebApplicationInitializer types detected on classpath
14-Jan-2025 17:13:43.423 INFO [main] org.apache.catalina.core.ApplicationContext.log Initializing Spring DispatcherServlet 'dispatcher'
14-Jan-2025 17:13:45.090 INFO [main] org.apache.catalina.core.ApplicationContext.log ContextListener: contextInitialized()
14-Jan-2025 17:13:45.090 INFO [main] org.apache.catalina.core.ApplicationContext.log SessionListener: contextInitialized()
14-Jan-2025 17:13:45.092 INFO [main] org.apache.catalina.core.ApplicationContext.log ContextListener: attributeAdded('StockTicker', 'async.Stockticker@75a5a912')
14-Jan-2025 17:16:26.191 INFO [main] org.apache.catalina.core.ApplicationContext.log Destroying Spring FrameworkServlet 'dispatcher'
14-Jan-2025 17:16:26.206 INFO [main] org.apache.catalina.core.ApplicationContext.log SessionListener: contextDestroyed()
14-Jan-2025 17:16:26.206 INFO [main] org.apache.catalina.core.ApplicationContext.log ContextListener: contextDestroyed()
14-Jan-2025 17:17:07.540 INFO [main] org.apache.catalina.core.ApplicationContext.log No Spring WebApplicationInitializer types detected on classpath
14-Jan-2025 17:17:07.712 INFO [main] org.apache.catalina.core.ApplicationContext.log Initializing Spring DispatcherServlet 'dispatcher'
14-Jan-2025 17:17:09.205 INFO [main] org.apache.catalina.core.ApplicationContext.log ContextListener: contextInitialized()
14-Jan-2025 17:17:09.205 INFO [main] org.apache.catalina.core.ApplicationContext.log SessionListener: contextInitialized()
14-Jan-2025 17:17:09.207 INFO [main] org.apache.catalina.core.ApplicationContext.log ContextListener: attributeAdded('StockTicker', 'async.Stockticker@3aae9e8f')
14-Jan-2025 17:18:00.627 INFO [main] org.apache.catalina.core.ApplicationContext.log Destroying Spring FrameworkServlet 'dispatcher'
14-Jan-2025 17:18:00.635 INFO [main] org.apache.catalina.core.ApplicationContext.log SessionListener: contextDestroyed()
14-Jan-2025 17:18:00.635 INFO [main] org.apache.catalina.core.ApplicationContext.log ContextListener: contextDestroyed()
14-Jan-2025 17:18:10.379 INFO [main] org.apache.catalina.core.ApplicationContext.log No Spring WebApplicationInitializer types detected on classpath
14-Jan-2025 17:18:10.533 INFO [main] org.apache.catalina.core.ApplicationContext.log Initializing Spring DispatcherServlet 'dispatcher'
14-Jan-2025 17:18:11.923 INFO [main] org.apache.catalina.core.ApplicationContext.log ContextListener: contextInitialized()
14-Jan-2025 17:18:11.924 INFO [main] org.apache.catalina.core.ApplicationContext.log SessionListener: contextInitialized()
14-Jan-2025 17:18:11.925 INFO [main] org.apache.catalina.core.ApplicationContext.log ContextListener: attributeAdded('StockTicker', 'async.Stockticker@4f466207')
14-Jan-2025 17:23:21.397 INFO [main] org.apache.catalina.core.ApplicationContext.log Destroying Spring FrameworkServlet 'dispatcher'
14-Jan-2025 17:23:21.405 INFO [main] org.apache.catalina.core.ApplicationContext.log SessionListener: contextDestroyed()
14-Jan-2025 17:23:21.405 INFO [main] org.apache.catalina.core.ApplicationContext.log ContextListener: contextDestroyed()
14-Jan-2025 17:32:40.614 INFO [main] org.apache.catalina.core.ApplicationContext.log No Spring WebApplicationInitializer types detected on classpath
14-Jan-2025 17:32:40.803 INFO [main] org.apache.catalina.core.ApplicationContext.log Initializing Spring DispatcherServlet 'dispatcher'
14-Jan-2025 17:32:42.743 INFO [main] org.apache.catalina.core.ApplicationContext.log ContextListener: contextInitialized()
14-Jan-2025 17:32:42.743 INFO [main] org.apache.catalina.core.ApplicationContext.log SessionListener: contextInitialized()
14-Jan-2025 17:32:42.745 INFO [main] org.apache.catalina.core.ApplicationContext.log ContextListener: attributeAdded('StockTicker', 'async.Stockticker@5f3bc119')
14-Jan-2025 18:50:13.337 INFO [main] org.apache.catalina.core.ApplicationContext.log Destroying Spring FrameworkServlet 'dispatcher'
14-Jan-2025 18:50:13.343 INFO [main] org.apache.catalina.core.ApplicationContext.log SessionListener: contextDestroyed()
14-Jan-2025 18:50:13.344 INFO [main] org.apache.catalina.core.ApplicationContext.log ContextListener: contextDestroyed()
14-Jan-2025 18:50:23.796 INFO [main] org.apache.catalina.core.ApplicationContext.log No Spring WebApplicationInitializer types detected on classpath
14-Jan-2025 18:50:23.950 INFO [main] org.apache.catalina.core.ApplicationContext.log Initializing Spring DispatcherServlet 'dispatcher'
14-Jan-2025 18:50:25.530 INFO [main] org.apache.catalina.core.ApplicationContext.log ContextListener: contextInitialized()
14-Jan-2025 18:50:25.530 INFO [main] org.apache.catalina.core.ApplicationContext.log SessionListener: contextInitialized()
14-Jan-2025 18:50:25.532 INFO [main] org.apache.catalina.core.ApplicationContext.log ContextListener: attributeAdded('StockTicker', 'async.Stockticker@669b8190')
14-Jan-2025 20:08:58.421 INFO [main] org.apache.catalina.core.ApplicationContext.log Destroying Spring FrameworkServlet 'dispatcher'
14-Jan-2025 20:08:58.428 INFO [main] org.apache.catalina.core.ApplicationContext.log SessionListener: contextDestroyed()
14-Jan-2025 20:08:58.429 INFO [main] org.apache.catalina.core.ApplicationContext.log ContextListener: contextDestroyed()
14-Jan-2025 20:09:09.120 INFO [main] org.apache.catalina.core.ApplicationContext.log No Spring WebApplicationInitializer types detected on classpath
14-Jan-2025 20:09:09.272 INFO [main] org.apache.catalina.core.ApplicationContext.log Initializing Spring DispatcherServlet 'dispatcher'
14-Jan-2025 20:09:10.731 INFO [main] org.apache.catalina.core.ApplicationContext.log ContextListener: contextInitialized()
14-Jan-2025 20:09:10.731 INFO [main] org.apache.catalina.core.ApplicationContext.log SessionListener: contextInitialized()
14-Jan-2025 20:09:10.732 INFO [main] org.apache.catalina.core.ApplicationContext.log ContextListener: attributeAdded('StockTicker', 'async.Stockticker@49314684')
14-Jan-2025 20:14:28.963 INFO [main] org.apache.catalina.core.ApplicationContext.log Destroying Spring FrameworkServlet 'dispatcher'
14-Jan-2025 20:14:28.972 INFO [main] org.apache.catalina.core.ApplicationContext.log SessionListener: contextDestroyed()
14-Jan-2025 20:14:28.972 INFO [main] org.apache.catalina.core.ApplicationContext.log ContextListener: contextDestroyed()
