19-Jan-2025 19:10:03.209 INFO [main] org.apache.catalina.core.ApplicationContext.log No Spring WebApplicationInitializer types detected on classpath
19-Jan-2025 19:10:03.364 INFO [main] org.apache.catalina.core.ApplicationContext.log Initializing Spring DispatcherServlet 'dispatcher'
19-Jan-2025 19:10:04.417 SEVERE [main] org.apache.catalina.core.ApplicationContext.log Servlet.init() для сервлета [dispatcher] выбросил исключение
	org.springframework.jdbc.datasource.init.ScriptStatementFailedException: Failed to execute SQL script statement #4 of class path resource [schema.sql]: CREATE TABLE IF NOT EXISTS "COMMENT" ( "ID" INTEGER GENERATED BY DEFAULT AS IDENTITY PRIMARY KEY, "POST_COMMENT" text[], "POST_ID" INTEGER NOT NULL, CONSTRAINT "PK_COMMENT_ID" PRIMARY KEY ("ID"), CONSTRAINT "FK_COMMENT_POST_ID" FOREIGN KEY ("POST_ID") REFERENCES "POST" ("ID") ON DELETE CASCADE )
		at org.springframework.jdbc.datasource.init.ScriptUtils.executeSqlScript(ScriptUtils.java:282)
		at org.springframework.jdbc.datasource.init.ResourceDatabasePopulator.populate(ResourceDatabasePopulator.java:254)
		at org.springframework.jdbc.datasource.init.DatabasePopulatorUtils.execute(DatabasePopulatorUtils.java:54)
		at org.springframework.jdbc.datasource.init.ResourceDatabasePopulator.execute(ResourceDatabasePopulator.java:269)
		at ru.yandex.practicum.configuration.DataSourceConfiguration.populate(DataSourceConfiguration.java:45)
		at java.base/jdk.internal.reflect.DirectMethodHandleAccessor.invoke(DirectMethodHandleAccessor.java:103)
		at java.base/java.lang.reflect.Method.invoke(Method.java:580)
		at org.springframework.context.event.ApplicationListenerMethodAdapter.doInvoke(ApplicationListenerMethodAdapter.java:382)
		at org.springframework.context.event.ApplicationListenerMethodAdapter.processEvent(ApplicationListenerMethodAdapter.java:254)
		at org.springframework.context.event.ApplicationListenerMethodAdapter.onApplicationEvent(ApplicationListenerMethodAdapter.java:173)
		at org.springframework.context.event.SimpleApplicationEventMulticaster.doInvokeListener(SimpleApplicationEventMulticaster.java:185)
		at org.springframework.context.event.SimpleApplicationEventMulticaster.invokeListener(SimpleApplicationEventMulticaster.java:178)
		at org.springframework.context.event.SimpleApplicationEventMulticaster.multicastEvent(SimpleApplicationEventMulticaster.java:156)
		at org.springframework.context.support.AbstractApplicationContext.publishEvent(AbstractApplicationContext.java:454)
		at org.springframework.context.support.AbstractApplicationContext.publishEvent(AbstractApplicationContext.java:387)
		at org.springframework.context.support.AbstractApplicationContext.finishRefresh(AbstractApplicationContext.java:1009)
		at org.springframework.context.support.AbstractApplicationContext.refresh(AbstractApplicationContext.java:630)
		at org.springframework.web.servlet.FrameworkServlet.configureAndRefreshWebApplicationContext(FrameworkServlet.java:706)
		at org.springframework.web.servlet.FrameworkServlet.createWebApplicationContext(FrameworkServlet.java:672)
		at org.springframework.web.servlet.FrameworkServlet.createWebApplicationContext(FrameworkServlet.java:720)
		at org.springframework.web.servlet.FrameworkServlet.initWebApplicationContext(FrameworkServlet.java:595)
		at org.springframework.web.servlet.FrameworkServlet.initServletBean(FrameworkServlet.java:537)
		at org.springframework.web.servlet.HttpServletBean.init(HttpServletBean.java:169)
		at jakarta.servlet.GenericServlet.init(GenericServlet.java:143)
		at jakarta.servlet.http.HttpServlet.init(HttpServlet.java:122)
		at org.apache.catalina.core.StandardWrapper.initServlet(StandardWrapper.java:817)
		at org.apache.catalina.core.StandardWrapper.loadServlet(StandardWrapper.java:787)
		at org.apache.catalina.core.StandardWrapper.load(StandardWrapper.java:691)
		at org.apache.catalina.core.StandardContext.loadOnStartup(StandardContext.java:4153)
		at org.apache.catalina.core.StandardContext.startInternal(StandardContext.java:4437)
		at org.apache.catalina.util.LifecycleBase.start(LifecycleBase.java:164)
		at org.apache.catalina.core.ContainerBase.addChild(ContainerBase.java:566)
		at org.apache.catalina.core.StandardHost.addChild(StandardHost.java:653)
		at org.apache.catalina.startup.HostConfig.deployWAR(HostConfig.java:933)
		at org.apache.catalina.startup.HostConfig$DeployWar.run(HostConfig.java:1875)
		at java.base/java.util.concurrent.Executors$RunnableAdapter.call(Executors.java:572)
		at java.base/java.util.concurrent.FutureTask.run(FutureTask.java:317)
		at org.apache.tomcat.util.threads.InlineExecutorService.execute(InlineExecutorService.java:75)
		at java.base/java.util.concurrent.AbstractExecutorService.submit(AbstractExecutorService.java:123)
		at org.apache.catalina.startup.HostConfig.deployWARs(HostConfig.java:735)
		at org.apache.catalina.startup.HostConfig.deployApps(HostConfig.java:387)
		at org.apache.catalina.startup.HostConfig.start(HostConfig.java:1593)
		at org.apache.catalina.startup.HostConfig.lifecycleEvent(HostConfig.java:267)
		at org.apache.catalina.util.LifecycleBase.fireLifecycleEvent(LifecycleBase.java:109)
		at org.apache.catalina.util.LifecycleBase.setStateInternal(LifecycleBase.java:389)
		at org.apache.catalina.util.LifecycleBase.setState(LifecycleBase.java:336)
		at org.apache.catalina.core.ContainerBase.startInternal(ContainerBase.java:743)
		at org.apache.catalina.core.StandardHost.startInternal(StandardHost.java:771)
		at org.apache.catalina.util.LifecycleBase.start(LifecycleBase.java:164)
		at org.apache.catalina.core.ContainerBase$StartChild.call(ContainerBase.java:1170)
		at org.apache.catalina.core.ContainerBase$StartChild.call(ContainerBase.java:1160)
		at java.base/java.util.concurrent.FutureTask.run(FutureTask.java:317)
		at org.apache.tomcat.util.threads.InlineExecutorService.execute(InlineExecutorService.java:75)
		at java.base/java.util.concurrent.AbstractExecutorService.submit(AbstractExecutorService.java:145)
		at org.apache.catalina.core.ContainerBase.startInternal(ContainerBase.java:716)
		at org.apache.catalina.core.StandardEngine.startInternal(StandardEngine.java:203)
		at org.apache.catalina.util.LifecycleBase.start(LifecycleBase.java:164)
		at org.apache.catalina.core.StandardService.startInternal(StandardService.java:415)
		at org.apache.catalina.util.LifecycleBase.start(LifecycleBase.java:164)
		at org.apache.catalina.core.StandardServer.startInternal(StandardServer.java:866)
		at org.apache.catalina.util.LifecycleBase.start(LifecycleBase.java:164)
		at org.apache.catalina.startup.Catalina.start(Catalina.java:759)
		at java.base/jdk.internal.reflect.DirectMethodHandleAccessor.invoke(DirectMethodHandleAccessor.java:103)
		at java.base/java.lang.reflect.Method.invoke(Method.java:580)
		at org.apache.catalina.startup.Bootstrap.start(Bootstrap.java:342)
		at org.apache.catalina.startup.Bootstrap.main(Bootstrap.java:470)
	Caused by: org.h2.jdbc.JdbcSQLSyntaxErrorException: Синтаксическая ошибка в выражении SQL "CREATE TABLE IF NOT EXISTS ""COMMENT"" ( ""ID"" INTEGER GENERATED BY DEFAULT AS IDENTITY PRIMARY KEY, ""POST_COMMENT"" text[*][], ""POST_ID"" INTEGER NOT NULL, CONSTRAINT ""PK_COMMENT_ID"" PRIMARY KEY (""ID""), CONSTRAINT ""FK_COMMENT_POST_ID"" FOREIGN KEY (""POST_ID"") REFERENCES ""POST"" (""ID"") ON DELETE CASCADE )"; ожидалось "(, ARRAY, INVISIBLE, VISIBLE, NOT NULL, NULL, AS, DEFAULT, GENERATED, ON UPDATE, NOT NULL, NULL, AUTO_INCREMENT, DEFAULT ON NULL, NULL_TO_DEFAULT, SEQUENCE, SELECTIVITY, COMMENT, CONSTRAINT, COMMENT, PRIMARY KEY, UNIQUE, NOT NULL, NULL, CHECK, REFERENCES, AUTO_INCREMENT, ,, )"
Syntax error in SQL statement "CREATE TABLE IF NOT EXISTS ""COMMENT"" ( ""ID"" INTEGER GENERATED BY DEFAULT AS IDENTITY PRIMARY KEY, ""POST_COMMENT"" text[*][], ""POST_ID"" INTEGER NOT NULL, CONSTRAINT ""PK_COMMENT_ID"" PRIMARY KEY (""ID""), CONSTRAINT ""FK_COMMENT_POST_ID"" FOREIGN KEY (""POST_ID"") REFERENCES ""POST"" (""ID"") ON DELETE CASCADE )"; expected "(, ARRAY, INVISIBLE, VISIBLE, NOT NULL, NULL, AS, DEFAULT, GENERATED, ON UPDATE, NOT NULL, NULL, AUTO_INCREMENT, DEFAULT ON NULL, NULL_TO_DEFAULT, SEQUENCE, SELECTIVITY, COMMENT, CONSTRAINT, COMMENT, PRIMARY KEY, UNIQUE, NOT NULL, NULL, CHECK, REFERENCES, AUTO_INCREMENT, ,, )"; SQL statement:
CREATE TABLE IF NOT EXISTS "COMMENT" ( "ID" INTEGER GENERATED BY DEFAULT AS IDENTITY PRIMARY KEY, "POST_COMMENT" text[], "POST_ID" INTEGER NOT NULL, CONSTRAINT "PK_COMMENT_ID" PRIMARY KEY ("ID"), CONSTRAINT "FK_COMMENT_POST_ID" FOREIGN KEY ("POST_ID") REFERENCES "POST" ("ID") ON DELETE CASCADE ) [42001-220]
		at org.h2.message.DbException.getJdbcSQLException(DbException.java:514)
		at org.h2.message.DbException.getJdbcSQLException(DbException.java:489)
		at org.h2.message.DbException.getSyntaxError(DbException.java:261)
		at org.h2.command.Parser.getSyntaxError(Parser.java:910)
		at org.h2.command.Parser.read(Parser.java:5793)
		at org.h2.command.Parser.readIfMore(Parser.java:1312)
		at org.h2.command.Parser.parseCreateTable(Parser.java:9437)
		at org.h2.command.Parser.parseCreate(Parser.java:6905)
		at org.h2.command.Parser.parsePrepared(Parser.java:771)
		at org.h2.command.Parser.parse(Parser.java:697)
		at org.h2.command.Parser.parse(Parser.java:674)
		at org.h2.command.Parser.prepareCommand(Parser.java:577)
		at org.h2.engine.SessionLocal.prepareLocal(SessionLocal.java:634)
		at org.h2.engine.SessionLocal.prepareCommand(SessionLocal.java:557)
		at org.h2.jdbc.JdbcConnection.prepareCommand(JdbcConnection.java:1116)
		at org.h2.jdbc.JdbcStatement.executeInternal(JdbcStatement.java:237)
		at org.h2.jdbc.JdbcStatement.execute(JdbcStatement.java:223)
		at org.springframework.jdbc.datasource.init.ScriptUtils.executeSqlScript(ScriptUtils.java:261)
		... 65 more
19-Jan-2025 19:10:04.417 SEVERE [main] org.apache.catalina.core.StandardContext.loadOnStartup Servlet [dispatcher] in web application [/blog] threw load() exception
	org.h2.jdbc.JdbcSQLSyntaxErrorException: Синтаксическая ошибка в выражении SQL "CREATE TABLE IF NOT EXISTS ""COMMENT"" ( ""ID"" INTEGER GENERATED BY DEFAULT AS IDENTITY PRIMARY KEY, ""POST_COMMENT"" text[*][], ""POST_ID"" INTEGER NOT NULL, CONSTRAINT ""PK_COMMENT_ID"" PRIMARY KEY (""ID""), CONSTRAINT ""FK_COMMENT_POST_ID"" FOREIGN KEY (""POST_ID"") REFERENCES ""POST"" (""ID"") ON DELETE CASCADE )"; ожидалось "(, ARRAY, INVISIBLE, VISIBLE, NOT NULL, NULL, AS, DEFAULT, GENERATED, ON UPDATE, NOT NULL, NULL, AUTO_INCREMENT, DEFAULT ON NULL, NULL_TO_DEFAULT, SEQUENCE, SELECTIVITY, COMMENT, CONSTRAINT, COMMENT, PRIMARY KEY, UNIQUE, NOT NULL, NULL, CHECK, REFERENCES, AUTO_INCREMENT, ,, )"
Syntax error in SQL statement "CREATE TABLE IF NOT EXISTS ""COMMENT"" ( ""ID"" INTEGER GENERATED BY DEFAULT AS IDENTITY PRIMARY KEY, ""POST_COMMENT"" text[*][], ""POST_ID"" INTEGER NOT NULL, CONSTRAINT ""PK_COMMENT_ID"" PRIMARY KEY (""ID""), CONSTRAINT ""FK_COMMENT_POST_ID"" FOREIGN KEY (""POST_ID"") REFERENCES ""POST"" (""ID"") ON DELETE CASCADE )"; expected "(, ARRAY, INVISIBLE, VISIBLE, NOT NULL, NULL, AS, DEFAULT, GENERATED, ON UPDATE, NOT NULL, NULL, AUTO_INCREMENT, DEFAULT ON NULL, NULL_TO_DEFAULT, SEQUENCE, SELECTIVITY, COMMENT, CONSTRAINT, COMMENT, PRIMARY KEY, UNIQUE, NOT NULL, NULL, CHECK, REFERENCES, AUTO_INCREMENT, ,, )"; SQL statement:
CREATE TABLE IF NOT EXISTS "COMMENT" ( "ID" INTEGER GENERATED BY DEFAULT AS IDENTITY PRIMARY KEY, "POST_COMMENT" text[], "POST_ID" INTEGER NOT NULL, CONSTRAINT "PK_COMMENT_ID" PRIMARY KEY ("ID"), CONSTRAINT "FK_COMMENT_POST_ID" FOREIGN KEY ("POST_ID") REFERENCES "POST" ("ID") ON DELETE CASCADE ) [42001-220]
		at org.h2.message.DbException.getJdbcSQLException(DbException.java:514)
		at org.h2.message.DbException.getJdbcSQLException(DbException.java:489)
		at org.h2.message.DbException.getSyntaxError(DbException.java:261)
		at org.h2.command.Parser.getSyntaxError(Parser.java:910)
		at org.h2.command.Parser.read(Parser.java:5793)
		at org.h2.command.Parser.readIfMore(Parser.java:1312)
		at org.h2.command.Parser.parseCreateTable(Parser.java:9437)
		at org.h2.command.Parser.parseCreate(Parser.java:6905)
		at org.h2.command.Parser.parsePrepared(Parser.java:771)
		at org.h2.command.Parser.parse(Parser.java:697)
		at org.h2.command.Parser.parse(Parser.java:674)
		at org.h2.command.Parser.prepareCommand(Parser.java:577)
		at org.h2.engine.SessionLocal.prepareLocal(SessionLocal.java:634)
		at org.h2.engine.SessionLocal.prepareCommand(SessionLocal.java:557)
		at org.h2.jdbc.JdbcConnection.prepareCommand(JdbcConnection.java:1116)
		at org.h2.jdbc.JdbcStatement.executeInternal(JdbcStatement.java:237)
		at org.h2.jdbc.JdbcStatement.execute(JdbcStatement.java:223)
		at org.springframework.jdbc.datasource.init.ScriptUtils.executeSqlScript(ScriptUtils.java:261)
		at org.springframework.jdbc.datasource.init.ResourceDatabasePopulator.populate(ResourceDatabasePopulator.java:254)
		at org.springframework.jdbc.datasource.init.DatabasePopulatorUtils.execute(DatabasePopulatorUtils.java:54)
		at org.springframework.jdbc.datasource.init.ResourceDatabasePopulator.execute(ResourceDatabasePopulator.java:269)
		at ru.yandex.practicum.configuration.DataSourceConfiguration.populate(DataSourceConfiguration.java:45)
		at java.base/jdk.internal.reflect.DirectMethodHandleAccessor.invoke(DirectMethodHandleAccessor.java:103)
		at java.base/java.lang.reflect.Method.invoke(Method.java:580)
		at org.springframework.context.event.ApplicationListenerMethodAdapter.doInvoke(ApplicationListenerMethodAdapter.java:382)
		at org.springframework.context.event.ApplicationListenerMethodAdapter.processEvent(ApplicationListenerMethodAdapter.java:254)
		at org.springframework.context.event.ApplicationListenerMethodAdapter.onApplicationEvent(ApplicationListenerMethodAdapter.java:173)
		at org.springframework.context.event.SimpleApplicationEventMulticaster.doInvokeListener(SimpleApplicationEventMulticaster.java:185)
		at org.springframework.context.event.SimpleApplicationEventMulticaster.invokeListener(SimpleApplicationEventMulticaster.java:178)
		at org.springframework.context.event.SimpleApplicationEventMulticaster.multicastEvent(SimpleApplicationEventMulticaster.java:156)
		at org.springframework.context.support.AbstractApplicationContext.publishEvent(AbstractApplicationContext.java:454)
		at org.springframework.context.support.AbstractApplicationContext.publishEvent(AbstractApplicationContext.java:387)
		at org.springframework.context.support.AbstractApplicationContext.finishRefresh(AbstractApplicationContext.java:1009)
		at org.springframework.context.support.AbstractApplicationContext.refresh(AbstractApplicationContext.java:630)
		at org.springframework.web.servlet.FrameworkServlet.configureAndRefreshWebApplicationContext(FrameworkServlet.java:706)
		at org.springframework.web.servlet.FrameworkServlet.createWebApplicationContext(FrameworkServlet.java:672)
		at org.springframework.web.servlet.FrameworkServlet.createWebApplicationContext(FrameworkServlet.java:720)
		at org.springframework.web.servlet.FrameworkServlet.initWebApplicationContext(FrameworkServlet.java:595)
		at org.springframework.web.servlet.FrameworkServlet.initServletBean(FrameworkServlet.java:537)
		at org.springframework.web.servlet.HttpServletBean.init(HttpServletBean.java:169)
		at jakarta.servlet.GenericServlet.init(GenericServlet.java:143)
		at jakarta.servlet.http.HttpServlet.init(HttpServlet.java:122)
		at org.apache.catalina.core.StandardWrapper.initServlet(StandardWrapper.java:817)
		at org.apache.catalina.core.StandardWrapper.loadServlet(StandardWrapper.java:787)
		at org.apache.catalina.core.StandardWrapper.load(StandardWrapper.java:691)
		at org.apache.catalina.core.StandardContext.loadOnStartup(StandardContext.java:4153)
		at org.apache.catalina.core.StandardContext.startInternal(StandardContext.java:4437)
		at org.apache.catalina.util.LifecycleBase.start(LifecycleBase.java:164)
		at org.apache.catalina.core.ContainerBase.addChild(ContainerBase.java:566)
		at org.apache.catalina.core.StandardHost.addChild(StandardHost.java:653)
		at org.apache.catalina.startup.HostConfig.deployWAR(HostConfig.java:933)
		at org.apache.catalina.startup.HostConfig$DeployWar.run(HostConfig.java:1875)
		at java.base/java.util.concurrent.Executors$RunnableAdapter.call(Executors.java:572)
		at java.base/java.util.concurrent.FutureTask.run(FutureTask.java:317)
		at org.apache.tomcat.util.threads.InlineExecutorService.execute(InlineExecutorService.java:75)
		at java.base/java.util.concurrent.AbstractExecutorService.submit(AbstractExecutorService.java:123)
		at org.apache.catalina.startup.HostConfig.deployWARs(HostConfig.java:735)
		at org.apache.catalina.startup.HostConfig.deployApps(HostConfig.java:387)
		at org.apache.catalina.startup.HostConfig.start(HostConfig.java:1593)
		at org.apache.catalina.startup.HostConfig.lifecycleEvent(HostConfig.java:267)
		at org.apache.catalina.util.LifecycleBase.fireLifecycleEvent(LifecycleBase.java:109)
		at org.apache.catalina.util.LifecycleBase.setStateInternal(LifecycleBase.java:389)
		at org.apache.catalina.util.LifecycleBase.setState(LifecycleBase.java:336)
		at org.apache.catalina.core.ContainerBase.startInternal(ContainerBase.java:743)
		at org.apache.catalina.core.StandardHost.startInternal(StandardHost.java:771)
		at org.apache.catalina.util.LifecycleBase.start(LifecycleBase.java:164)
		at org.apache.catalina.core.ContainerBase$StartChild.call(ContainerBase.java:1170)
		at org.apache.catalina.core.ContainerBase$StartChild.call(ContainerBase.java:1160)
		at java.base/java.util.concurrent.FutureTask.run(FutureTask.java:317)
		at org.apache.tomcat.util.threads.InlineExecutorService.execute(InlineExecutorService.java:75)
		at java.base/java.util.concurrent.AbstractExecutorService.submit(AbstractExecutorService.java:145)
		at org.apache.catalina.core.ContainerBase.startInternal(ContainerBase.java:716)
		at org.apache.catalina.core.StandardEngine.startInternal(StandardEngine.java:203)
		at org.apache.catalina.util.LifecycleBase.start(LifecycleBase.java:164)
		at org.apache.catalina.core.StandardService.startInternal(StandardService.java:415)
		at org.apache.catalina.util.LifecycleBase.start(LifecycleBase.java:164)
		at org.apache.catalina.core.StandardServer.startInternal(StandardServer.java:866)
		at org.apache.catalina.util.LifecycleBase.start(LifecycleBase.java:164)
		at org.apache.catalina.startup.Catalina.start(Catalina.java:759)
		at java.base/jdk.internal.reflect.DirectMethodHandleAccessor.invoke(DirectMethodHandleAccessor.java:103)
		at java.base/java.lang.reflect.Method.invoke(Method.java:580)
		at org.apache.catalina.startup.Bootstrap.start(Bootstrap.java:342)
		at org.apache.catalina.startup.Bootstrap.main(Bootstrap.java:470)
19-Jan-2025 19:10:04.732 INFO [main] org.apache.catalina.core.ApplicationContext.log ContextListener: contextInitialized()
19-Jan-2025 19:10:04.732 INFO [main] org.apache.catalina.core.ApplicationContext.log SessionListener: contextInitialized()
19-Jan-2025 19:10:04.733 INFO [main] org.apache.catalina.core.ApplicationContext.log ContextListener: attributeAdded('StockTicker', 'async.Stockticker@7ec5d3e1')
19-Jan-2025 19:10:40.255 INFO [main] org.apache.catalina.core.ApplicationContext.log SessionListener: contextDestroyed()
19-Jan-2025 19:10:40.256 INFO [main] org.apache.catalina.core.ApplicationContext.log ContextListener: contextDestroyed()
19-Jan-2025 19:11:19.555 INFO [main] org.apache.catalina.core.ApplicationContext.log No Spring WebApplicationInitializer types detected on classpath
19-Jan-2025 19:11:19.711 INFO [main] org.apache.catalina.core.ApplicationContext.log Initializing Spring DispatcherServlet 'dispatcher'
19-Jan-2025 19:11:20.844 SEVERE [main] org.apache.catalina.core.ApplicationContext.log Servlet.init() для сервлета [dispatcher] выбросил исключение
	org.springframework.jdbc.datasource.init.ScriptStatementFailedException: Failed to execute SQL script statement #1 of class path resource [schema.sql]: CREATE TABLE IF NOT EXISTS post ( id INTEGER GENERATED BY DEFAULT AS IDENTITY, name varchar(64) NOT NULL, image_url varchar(512) NOT NULL, description text[] NOT NULL, CONSTRAINT pk_post_id PRIMARY KEY (id), CONSTRAINT uk_post_name UNIQUE (name) )
		at org.springframework.jdbc.datasource.init.ScriptUtils.executeSqlScript(ScriptUtils.java:282)
		at org.springframework.jdbc.datasource.init.ResourceDatabasePopulator.populate(ResourceDatabasePopulator.java:254)
		at org.springframework.jdbc.datasource.init.DatabasePopulatorUtils.execute(DatabasePopulatorUtils.java:54)
		at org.springframework.jdbc.datasource.init.ResourceDatabasePopulator.execute(ResourceDatabasePopulator.java:269)
		at ru.yandex.practicum.configuration.DataSourceConfiguration.populate(DataSourceConfiguration.java:45)
		at java.base/jdk.internal.reflect.DirectMethodHandleAccessor.invoke(DirectMethodHandleAccessor.java:103)
		at java.base/java.lang.reflect.Method.invoke(Method.java:580)
		at org.springframework.context.event.ApplicationListenerMethodAdapter.doInvoke(ApplicationListenerMethodAdapter.java:382)
		at org.springframework.context.event.ApplicationListenerMethodAdapter.processEvent(ApplicationListenerMethodAdapter.java:254)
		at org.springframework.context.event.ApplicationListenerMethodAdapter.onApplicationEvent(ApplicationListenerMethodAdapter.java:173)
		at org.springframework.context.event.SimpleApplicationEventMulticaster.doInvokeListener(SimpleApplicationEventMulticaster.java:185)
		at org.springframework.context.event.SimpleApplicationEventMulticaster.invokeListener(SimpleApplicationEventMulticaster.java:178)
		at org.springframework.context.event.SimpleApplicationEventMulticaster.multicastEvent(SimpleApplicationEventMulticaster.java:156)
		at org.springframework.context.support.AbstractApplicationContext.publishEvent(AbstractApplicationContext.java:454)
		at org.springframework.context.support.AbstractApplicationContext.publishEvent(AbstractApplicationContext.java:387)
		at org.springframework.context.support.AbstractApplicationContext.finishRefresh(AbstractApplicationContext.java:1009)
		at org.springframework.context.support.AbstractApplicationContext.refresh(AbstractApplicationContext.java:630)
		at org.springframework.web.servlet.FrameworkServlet.configureAndRefreshWebApplicationContext(FrameworkServlet.java:706)
		at org.springframework.web.servlet.FrameworkServlet.createWebApplicationContext(FrameworkServlet.java:672)
		at org.springframework.web.servlet.FrameworkServlet.createWebApplicationContext(FrameworkServlet.java:720)
		at org.springframework.web.servlet.FrameworkServlet.initWebApplicationContext(FrameworkServlet.java:595)
		at org.springframework.web.servlet.FrameworkServlet.initServletBean(FrameworkServlet.java:537)
		at org.springframework.web.servlet.HttpServletBean.init(HttpServletBean.java:169)
		at jakarta.servlet.GenericServlet.init(GenericServlet.java:143)
		at jakarta.servlet.http.HttpServlet.init(HttpServlet.java:122)
		at org.apache.catalina.core.StandardWrapper.initServlet(StandardWrapper.java:817)
		at org.apache.catalina.core.StandardWrapper.loadServlet(StandardWrapper.java:787)
		at org.apache.catalina.core.StandardWrapper.load(StandardWrapper.java:691)
		at org.apache.catalina.core.StandardContext.loadOnStartup(StandardContext.java:4153)
		at org.apache.catalina.core.StandardContext.startInternal(StandardContext.java:4437)
		at org.apache.catalina.util.LifecycleBase.start(LifecycleBase.java:164)
		at org.apache.catalina.core.ContainerBase.addChild(ContainerBase.java:566)
		at org.apache.catalina.core.StandardHost.addChild(StandardHost.java:653)
		at org.apache.catalina.startup.HostConfig.deployWAR(HostConfig.java:933)
		at org.apache.catalina.startup.HostConfig$DeployWar.run(HostConfig.java:1875)
		at java.base/java.util.concurrent.Executors$RunnableAdapter.call(Executors.java:572)
		at java.base/java.util.concurrent.FutureTask.run(FutureTask.java:317)
		at org.apache.tomcat.util.threads.InlineExecutorService.execute(InlineExecutorService.java:75)
		at java.base/java.util.concurrent.AbstractExecutorService.submit(AbstractExecutorService.java:123)
		at org.apache.catalina.startup.HostConfig.deployWARs(HostConfig.java:735)
		at org.apache.catalina.startup.HostConfig.deployApps(HostConfig.java:387)
		at org.apache.catalina.startup.HostConfig.start(HostConfig.java:1593)
		at org.apache.catalina.startup.HostConfig.lifecycleEvent(HostConfig.java:267)
		at org.apache.catalina.util.LifecycleBase.fireLifecycleEvent(LifecycleBase.java:109)
		at org.apache.catalina.util.LifecycleBase.setStateInternal(LifecycleBase.java:389)
		at org.apache.catalina.util.LifecycleBase.setState(LifecycleBase.java:336)
		at org.apache.catalina.core.ContainerBase.startInternal(ContainerBase.java:743)
		at org.apache.catalina.core.StandardHost.startInternal(StandardHost.java:771)
		at org.apache.catalina.util.LifecycleBase.start(LifecycleBase.java:164)
		at org.apache.catalina.core.ContainerBase$StartChild.call(ContainerBase.java:1170)
		at org.apache.catalina.core.ContainerBase$StartChild.call(ContainerBase.java:1160)
		at java.base/java.util.concurrent.FutureTask.run(FutureTask.java:317)
		at org.apache.tomcat.util.threads.InlineExecutorService.execute(InlineExecutorService.java:75)
		at java.base/java.util.concurrent.AbstractExecutorService.submit(AbstractExecutorService.java:145)
		at org.apache.catalina.core.ContainerBase.startInternal(ContainerBase.java:716)
		at org.apache.catalina.core.StandardEngine.startInternal(StandardEngine.java:203)
		at org.apache.catalina.util.LifecycleBase.start(LifecycleBase.java:164)
		at org.apache.catalina.core.StandardService.startInternal(StandardService.java:415)
		at org.apache.catalina.util.LifecycleBase.start(LifecycleBase.java:164)
		at org.apache.catalina.core.StandardServer.startInternal(StandardServer.java:866)
		at org.apache.catalina.util.LifecycleBase.start(LifecycleBase.java:164)
		at org.apache.catalina.startup.Catalina.start(Catalina.java:759)
		at java.base/jdk.internal.reflect.DirectMethodHandleAccessor.invoke(DirectMethodHandleAccessor.java:103)
		at java.base/java.lang.reflect.Method.invoke(Method.java:580)
		at org.apache.catalina.startup.Bootstrap.start(Bootstrap.java:342)
		at org.apache.catalina.startup.Bootstrap.main(Bootstrap.java:470)
	Caused by: org.h2.jdbc.JdbcSQLSyntaxErrorException: Синтаксическая ошибка в выражении SQL "CREATE TABLE IF NOT EXISTS post ( id INTEGER GENERATED BY DEFAULT AS IDENTITY, name varchar(64) NOT NULL, image_url varchar(512) NOT NULL, description text[*][] NOT NULL, CONSTRAINT pk_post_id PRIMARY KEY (id), CONSTRAINT uk_post_name UNIQUE (name) )"; ожидалось "(, ARRAY, INVISIBLE, VISIBLE, NOT NULL, NULL, AS, DEFAULT, GENERATED, ON UPDATE, NOT NULL, NULL, AUTO_INCREMENT, DEFAULT ON NULL, NULL_TO_DEFAULT, SEQUENCE, SELECTIVITY, COMMENT, CONSTRAINT, COMMENT, PRIMARY KEY, UNIQUE, NOT NULL, NULL, CHECK, REFERENCES, AUTO_INCREMENT, ,, )"
Syntax error in SQL statement "CREATE TABLE IF NOT EXISTS post ( id INTEGER GENERATED BY DEFAULT AS IDENTITY, name varchar(64) NOT NULL, image_url varchar(512) NOT NULL, description text[*][] NOT NULL, CONSTRAINT pk_post_id PRIMARY KEY (id), CONSTRAINT uk_post_name UNIQUE (name) )"; expected "(, ARRAY, INVISIBLE, VISIBLE, NOT NULL, NULL, AS, DEFAULT, GENERATED, ON UPDATE, NOT NULL, NULL, AUTO_INCREMENT, DEFAULT ON NULL, NULL_TO_DEFAULT, SEQUENCE, SELECTIVITY, COMMENT, CONSTRAINT, COMMENT, PRIMARY KEY, UNIQUE, NOT NULL, NULL, CHECK, REFERENCES, AUTO_INCREMENT, ,, )"; SQL statement:
CREATE TABLE IF NOT EXISTS post ( id INTEGER GENERATED BY DEFAULT AS IDENTITY, name varchar(64) NOT NULL, image_url varchar(512) NOT NULL, description text[] NOT NULL, CONSTRAINT pk_post_id PRIMARY KEY (id), CONSTRAINT uk_post_name UNIQUE (name) ) [42001-220]
		at org.h2.message.DbException.getJdbcSQLException(DbException.java:514)
		at org.h2.message.DbException.getJdbcSQLException(DbException.java:489)
		at org.h2.message.DbException.getSyntaxError(DbException.java:261)
		at org.h2.command.Parser.getSyntaxError(Parser.java:910)
		at org.h2.command.Parser.read(Parser.java:5793)
		at org.h2.command.Parser.readIfMore(Parser.java:1312)
		at org.h2.command.Parser.parseCreateTable(Parser.java:9437)
		at org.h2.command.Parser.parseCreate(Parser.java:6905)
		at org.h2.command.Parser.parsePrepared(Parser.java:771)
		at org.h2.command.Parser.parse(Parser.java:697)
		at org.h2.command.Parser.parse(Parser.java:674)
		at org.h2.command.Parser.prepareCommand(Parser.java:577)
		at org.h2.engine.SessionLocal.prepareLocal(SessionLocal.java:634)
		at org.h2.engine.SessionLocal.prepareCommand(SessionLocal.java:557)
		at org.h2.jdbc.JdbcConnection.prepareCommand(JdbcConnection.java:1116)
		at org.h2.jdbc.JdbcStatement.executeInternal(JdbcStatement.java:237)
		at org.h2.jdbc.JdbcStatement.execute(JdbcStatement.java:223)
		at org.springframework.jdbc.datasource.init.ScriptUtils.executeSqlScript(ScriptUtils.java:261)
		... 65 more
19-Jan-2025 19:11:20.844 SEVERE [main] org.apache.catalina.core.StandardContext.loadOnStartup Servlet [dispatcher] in web application [/blog] threw load() exception
	org.h2.jdbc.JdbcSQLSyntaxErrorException: Синтаксическая ошибка в выражении SQL "CREATE TABLE IF NOT EXISTS post ( id INTEGER GENERATED BY DEFAULT AS IDENTITY, name varchar(64) NOT NULL, image_url varchar(512) NOT NULL, description text[*][] NOT NULL, CONSTRAINT pk_post_id PRIMARY KEY (id), CONSTRAINT uk_post_name UNIQUE (name) )"; ожидалось "(, ARRAY, INVISIBLE, VISIBLE, NOT NULL, NULL, AS, DEFAULT, GENERATED, ON UPDATE, NOT NULL, NULL, AUTO_INCREMENT, DEFAULT ON NULL, NULL_TO_DEFAULT, SEQUENCE, SELECTIVITY, COMMENT, CONSTRAINT, COMMENT, PRIMARY KEY, UNIQUE, NOT NULL, NULL, CHECK, REFERENCES, AUTO_INCREMENT, ,, )"
Syntax error in SQL statement "CREATE TABLE IF NOT EXISTS post ( id INTEGER GENERATED BY DEFAULT AS IDENTITY, name varchar(64) NOT NULL, image_url varchar(512) NOT NULL, description text[*][] NOT NULL, CONSTRAINT pk_post_id PRIMARY KEY (id), CONSTRAINT uk_post_name UNIQUE (name) )"; expected "(, ARRAY, INVISIBLE, VISIBLE, NOT NULL, NULL, AS, DEFAULT, GENERATED, ON UPDATE, NOT NULL, NULL, AUTO_INCREMENT, DEFAULT ON NULL, NULL_TO_DEFAULT, SEQUENCE, SELECTIVITY, COMMENT, CONSTRAINT, COMMENT, PRIMARY KEY, UNIQUE, NOT NULL, NULL, CHECK, REFERENCES, AUTO_INCREMENT, ,, )"; SQL statement:
CREATE TABLE IF NOT EXISTS post ( id INTEGER GENERATED BY DEFAULT AS IDENTITY, name varchar(64) NOT NULL, image_url varchar(512) NOT NULL, description text[] NOT NULL, CONSTRAINT pk_post_id PRIMARY KEY (id), CONSTRAINT uk_post_name UNIQUE (name) ) [42001-220]
		at org.h2.message.DbException.getJdbcSQLException(DbException.java:514)
		at org.h2.message.DbException.getJdbcSQLException(DbException.java:489)
		at org.h2.message.DbException.getSyntaxError(DbException.java:261)
		at org.h2.command.Parser.getSyntaxError(Parser.java:910)
		at org.h2.command.Parser.read(Parser.java:5793)
		at org.h2.command.Parser.readIfMore(Parser.java:1312)
		at org.h2.command.Parser.parseCreateTable(Parser.java:9437)
		at org.h2.command.Parser.parseCreate(Parser.java:6905)
		at org.h2.command.Parser.parsePrepared(Parser.java:771)
		at org.h2.command.Parser.parse(Parser.java:697)
		at org.h2.command.Parser.parse(Parser.java:674)
		at org.h2.command.Parser.prepareCommand(Parser.java:577)
		at org.h2.engine.SessionLocal.prepareLocal(SessionLocal.java:634)
		at org.h2.engine.SessionLocal.prepareCommand(SessionLocal.java:557)
		at org.h2.jdbc.JdbcConnection.prepareCommand(JdbcConnection.java:1116)
		at org.h2.jdbc.JdbcStatement.executeInternal(JdbcStatement.java:237)
		at org.h2.jdbc.JdbcStatement.execute(JdbcStatement.java:223)
		at org.springframework.jdbc.datasource.init.ScriptUtils.executeSqlScript(ScriptUtils.java:261)
		at org.springframework.jdbc.datasource.init.ResourceDatabasePopulator.populate(ResourceDatabasePopulator.java:254)
		at org.springframework.jdbc.datasource.init.DatabasePopulatorUtils.execute(DatabasePopulatorUtils.java:54)
		at org.springframework.jdbc.datasource.init.ResourceDatabasePopulator.execute(ResourceDatabasePopulator.java:269)
		at ru.yandex.practicum.configuration.DataSourceConfiguration.populate(DataSourceConfiguration.java:45)
		at java.base/jdk.internal.reflect.DirectMethodHandleAccessor.invoke(DirectMethodHandleAccessor.java:103)
		at java.base/java.lang.reflect.Method.invoke(Method.java:580)
		at org.springframework.context.event.ApplicationListenerMethodAdapter.doInvoke(ApplicationListenerMethodAdapter.java:382)
		at org.springframework.context.event.ApplicationListenerMethodAdapter.processEvent(ApplicationListenerMethodAdapter.java:254)
		at org.springframework.context.event.ApplicationListenerMethodAdapter.onApplicationEvent(ApplicationListenerMethodAdapter.java:173)
		at org.springframework.context.event.SimpleApplicationEventMulticaster.doInvokeListener(SimpleApplicationEventMulticaster.java:185)
		at org.springframework.context.event.SimpleApplicationEventMulticaster.invokeListener(SimpleApplicationEventMulticaster.java:178)
		at org.springframework.context.event.SimpleApplicationEventMulticaster.multicastEvent(SimpleApplicationEventMulticaster.java:156)
		at org.springframework.context.support.AbstractApplicationContext.publishEvent(AbstractApplicationContext.java:454)
		at org.springframework.context.support.AbstractApplicationContext.publishEvent(AbstractApplicationContext.java:387)
		at org.springframework.context.support.AbstractApplicationContext.finishRefresh(AbstractApplicationContext.java:1009)
		at org.springframework.context.support.AbstractApplicationContext.refresh(AbstractApplicationContext.java:630)
		at org.springframework.web.servlet.FrameworkServlet.configureAndRefreshWebApplicationContext(FrameworkServlet.java:706)
		at org.springframework.web.servlet.FrameworkServlet.createWebApplicationContext(FrameworkServlet.java:672)
		at org.springframework.web.servlet.FrameworkServlet.createWebApplicationContext(FrameworkServlet.java:720)
		at org.springframework.web.servlet.FrameworkServlet.initWebApplicationContext(FrameworkServlet.java:595)
		at org.springframework.web.servlet.FrameworkServlet.initServletBean(FrameworkServlet.java:537)
		at org.springframework.web.servlet.HttpServletBean.init(HttpServletBean.java:169)
		at jakarta.servlet.GenericServlet.init(GenericServlet.java:143)
		at jakarta.servlet.http.HttpServlet.init(HttpServlet.java:122)
		at org.apache.catalina.core.StandardWrapper.initServlet(StandardWrapper.java:817)
		at org.apache.catalina.core.StandardWrapper.loadServlet(StandardWrapper.java:787)
		at org.apache.catalina.core.StandardWrapper.load(StandardWrapper.java:691)
		at org.apache.catalina.core.StandardContext.loadOnStartup(StandardContext.java:4153)
		at org.apache.catalina.core.StandardContext.startInternal(StandardContext.java:4437)
		at org.apache.catalina.util.LifecycleBase.start(LifecycleBase.java:164)
		at org.apache.catalina.core.ContainerBase.addChild(ContainerBase.java:566)
		at org.apache.catalina.core.StandardHost.addChild(StandardHost.java:653)
		at org.apache.catalina.startup.HostConfig.deployWAR(HostConfig.java:933)
		at org.apache.catalina.startup.HostConfig$DeployWar.run(HostConfig.java:1875)
		at java.base/java.util.concurrent.Executors$RunnableAdapter.call(Executors.java:572)
		at java.base/java.util.concurrent.FutureTask.run(FutureTask.java:317)
		at org.apache.tomcat.util.threads.InlineExecutorService.execute(InlineExecutorService.java:75)
		at java.base/java.util.concurrent.AbstractExecutorService.submit(AbstractExecutorService.java:123)
		at org.apache.catalina.startup.HostConfig.deployWARs(HostConfig.java:735)
		at org.apache.catalina.startup.HostConfig.deployApps(HostConfig.java:387)
		at org.apache.catalina.startup.HostConfig.start(HostConfig.java:1593)
		at org.apache.catalina.startup.HostConfig.lifecycleEvent(HostConfig.java:267)
		at org.apache.catalina.util.LifecycleBase.fireLifecycleEvent(LifecycleBase.java:109)
		at org.apache.catalina.util.LifecycleBase.setStateInternal(LifecycleBase.java:389)
		at org.apache.catalina.util.LifecycleBase.setState(LifecycleBase.java:336)
		at org.apache.catalina.core.ContainerBase.startInternal(ContainerBase.java:743)
		at org.apache.catalina.core.StandardHost.startInternal(StandardHost.java:771)
		at org.apache.catalina.util.LifecycleBase.start(LifecycleBase.java:164)
		at org.apache.catalina.core.ContainerBase$StartChild.call(ContainerBase.java:1170)
		at org.apache.catalina.core.ContainerBase$StartChild.call(ContainerBase.java:1160)
		at java.base/java.util.concurrent.FutureTask.run(FutureTask.java:317)
		at org.apache.tomcat.util.threads.InlineExecutorService.execute(InlineExecutorService.java:75)
		at java.base/java.util.concurrent.AbstractExecutorService.submit(AbstractExecutorService.java:145)
		at org.apache.catalina.core.ContainerBase.startInternal(ContainerBase.java:716)
		at org.apache.catalina.core.StandardEngine.startInternal(StandardEngine.java:203)
		at org.apache.catalina.util.LifecycleBase.start(LifecycleBase.java:164)
		at org.apache.catalina.core.StandardService.startInternal(StandardService.java:415)
		at org.apache.catalina.util.LifecycleBase.start(LifecycleBase.java:164)
		at org.apache.catalina.core.StandardServer.startInternal(StandardServer.java:866)
		at org.apache.catalina.util.LifecycleBase.start(LifecycleBase.java:164)
		at org.apache.catalina.startup.Catalina.start(Catalina.java:759)
		at java.base/jdk.internal.reflect.DirectMethodHandleAccessor.invoke(DirectMethodHandleAccessor.java:103)
		at java.base/java.lang.reflect.Method.invoke(Method.java:580)
		at org.apache.catalina.startup.Bootstrap.start(Bootstrap.java:342)
		at org.apache.catalina.startup.Bootstrap.main(Bootstrap.java:470)
19-Jan-2025 19:11:21.144 INFO [main] org.apache.catalina.core.ApplicationContext.log ContextListener: contextInitialized()
19-Jan-2025 19:11:21.144 INFO [main] org.apache.catalina.core.ApplicationContext.log SessionListener: contextInitialized()
19-Jan-2025 19:11:21.145 INFO [main] org.apache.catalina.core.ApplicationContext.log ContextListener: attributeAdded('StockTicker', 'async.Stockticker@66ab3716')
19-Jan-2025 19:11:43.695 INFO [http-nio-8080-exec-2] org.apache.catalina.core.ApplicationContext.log Initializing Spring DispatcherServlet 'dispatcher'
19-Jan-2025 19:11:43.810 SEVERE [http-nio-8080-exec-2] org.apache.catalina.core.ApplicationContext.log Servlet.init() для сервлета [dispatcher] выбросил исключение
	org.springframework.jdbc.datasource.init.ScriptStatementFailedException: Failed to execute SQL script statement #1 of class path resource [schema.sql]: CREATE TABLE IF NOT EXISTS post ( id INTEGER GENERATED BY DEFAULT AS IDENTITY, name varchar(64) NOT NULL, image_url varchar(512) NOT NULL, description text[] NOT NULL, CONSTRAINT pk_post_id PRIMARY KEY (id), CONSTRAINT uk_post_name UNIQUE (name) )
		at org.springframework.jdbc.datasource.init.ScriptUtils.executeSqlScript(ScriptUtils.java:282)
		at org.springframework.jdbc.datasource.init.ResourceDatabasePopulator.populate(ResourceDatabasePopulator.java:254)
		at org.springframework.jdbc.datasource.init.DatabasePopulatorUtils.execute(DatabasePopulatorUtils.java:54)
		at org.springframework.jdbc.datasource.init.ResourceDatabasePopulator.execute(ResourceDatabasePopulator.java:269)
		at ru.yandex.practicum.configuration.DataSourceConfiguration.populate(DataSourceConfiguration.java:45)
		at java.base/jdk.internal.reflect.DirectMethodHandleAccessor.invoke(DirectMethodHandleAccessor.java:103)
		at java.base/java.lang.reflect.Method.invoke(Method.java:580)
		at org.springframework.context.event.ApplicationListenerMethodAdapter.doInvoke(ApplicationListenerMethodAdapter.java:382)
		at org.springframework.context.event.ApplicationListenerMethodAdapter.processEvent(ApplicationListenerMethodAdapter.java:254)
		at org.springframework.context.event.ApplicationListenerMethodAdapter.onApplicationEvent(ApplicationListenerMethodAdapter.java:173)
		at org.springframework.context.event.SimpleApplicationEventMulticaster.doInvokeListener(SimpleApplicationEventMulticaster.java:185)
		at org.springframework.context.event.SimpleApplicationEventMulticaster.invokeListener(SimpleApplicationEventMulticaster.java:178)
		at org.springframework.context.event.SimpleApplicationEventMulticaster.multicastEvent(SimpleApplicationEventMulticaster.java:156)
		at org.springframework.context.support.AbstractApplicationContext.publishEvent(AbstractApplicationContext.java:454)
		at org.springframework.context.support.AbstractApplicationContext.publishEvent(AbstractApplicationContext.java:387)
		at org.springframework.context.support.AbstractApplicationContext.finishRefresh(AbstractApplicationContext.java:1009)
		at org.springframework.context.support.AbstractApplicationContext.refresh(AbstractApplicationContext.java:630)
		at org.springframework.web.servlet.FrameworkServlet.configureAndRefreshWebApplicationContext(FrameworkServlet.java:706)
		at org.springframework.web.servlet.FrameworkServlet.createWebApplicationContext(FrameworkServlet.java:672)
		at org.springframework.web.servlet.FrameworkServlet.createWebApplicationContext(FrameworkServlet.java:720)
		at org.springframework.web.servlet.FrameworkServlet.initWebApplicationContext(FrameworkServlet.java:595)
		at org.springframework.web.servlet.FrameworkServlet.initServletBean(FrameworkServlet.java:537)
		at org.springframework.web.servlet.HttpServletBean.init(HttpServletBean.java:169)
		at jakarta.servlet.GenericServlet.init(GenericServlet.java:143)
		at jakarta.servlet.http.HttpServlet.init(HttpServlet.java:122)
		at org.apache.catalina.core.StandardWrapper.initServlet(StandardWrapper.java:817)
		at org.apache.catalina.core.StandardWrapper.loadServlet(StandardWrapper.java:787)
		at org.apache.catalina.core.StandardWrapper.allocate(StandardWrapper.java:568)
		at org.apache.catalina.core.StandardWrapperValve.invoke(StandardWrapperValve.java:115)
		at org.apache.catalina.core.StandardContextValve.invoke(StandardContextValve.java:79)
		at org.apache.catalina.authenticator.AuthenticatorBase.invoke(AuthenticatorBase.java:483)
		at org.apache.catalina.core.StandardHostValve.invoke(StandardHostValve.java:115)
		at org.apache.catalina.valves.ErrorReportValve.invoke(ErrorReportValve.java:93)
		at org.apache.catalina.valves.AbstractAccessLogValve.invoke(AbstractAccessLogValve.java:663)
		at org.apache.catalina.core.StandardEngineValve.invoke(StandardEngineValve.java:74)
		at org.apache.catalina.connector.CoyoteAdapter.service(CoyoteAdapter.java:342)
		at org.apache.coyote.http11.Http11Processor.service(Http11Processor.java:395)
		at org.apache.coyote.AbstractProcessorLight.process(AbstractProcessorLight.java:63)
		at org.apache.coyote.AbstractProtocol$ConnectionHandler.process(AbstractProtocol.java:905)
		at org.apache.tomcat.util.net.NioEndpoint$SocketProcessor.doRun(NioEndpoint.java:1746)
		at org.apache.tomcat.util.net.SocketProcessorBase.run(SocketProcessorBase.java:52)
		at org.apache.tomcat.util.threads.ThreadPoolExecutor.runWorker(ThreadPoolExecutor.java:1148)
		at org.apache.tomcat.util.threads.ThreadPoolExecutor$Worker.run(ThreadPoolExecutor.java:636)
		at org.apache.tomcat.util.threads.TaskThread$WrappingRunnable.run(TaskThread.java:63)
		at java.base/java.lang.Thread.run(Thread.java:1583)
	Caused by: org.h2.jdbc.JdbcSQLSyntaxErrorException: Синтаксическая ошибка в выражении SQL "CREATE TABLE IF NOT EXISTS post ( id INTEGER GENERATED BY DEFAULT AS IDENTITY, name varchar(64) NOT NULL, image_url varchar(512) NOT NULL, description text[*][] NOT NULL, CONSTRAINT pk_post_id PRIMARY KEY (id), CONSTRAINT uk_post_name UNIQUE (name) )"; ожидалось "(, ARRAY, INVISIBLE, VISIBLE, NOT NULL, NULL, AS, DEFAULT, GENERATED, ON UPDATE, NOT NULL, NULL, AUTO_INCREMENT, DEFAULT ON NULL, NULL_TO_DEFAULT, SEQUENCE, SELECTIVITY, COMMENT, CONSTRAINT, COMMENT, PRIMARY KEY, UNIQUE, NOT NULL, NULL, CHECK, REFERENCES, AUTO_INCREMENT, ,, )"
Syntax error in SQL statement "CREATE TABLE IF NOT EXISTS post ( id INTEGER GENERATED BY DEFAULT AS IDENTITY, name varchar(64) NOT NULL, image_url varchar(512) NOT NULL, description text[*][] NOT NULL, CONSTRAINT pk_post_id PRIMARY KEY (id), CONSTRAINT uk_post_name UNIQUE (name) )"; expected "(, ARRAY, INVISIBLE, VISIBLE, NOT NULL, NULL, AS, DEFAULT, GENERATED, ON UPDATE, NOT NULL, NULL, AUTO_INCREMENT, DEFAULT ON NULL, NULL_TO_DEFAULT, SEQUENCE, SELECTIVITY, COMMENT, CONSTRAINT, COMMENT, PRIMARY KEY, UNIQUE, NOT NULL, NULL, CHECK, REFERENCES, AUTO_INCREMENT, ,, )"; SQL statement:
CREATE TABLE IF NOT EXISTS post ( id INTEGER GENERATED BY DEFAULT AS IDENTITY, name varchar(64) NOT NULL, image_url varchar(512) NOT NULL, description text[] NOT NULL, CONSTRAINT pk_post_id PRIMARY KEY (id), CONSTRAINT uk_post_name UNIQUE (name) ) [42001-220]
		at org.h2.message.DbException.getJdbcSQLException(DbException.java:514)
		at org.h2.message.DbException.getJdbcSQLException(DbException.java:489)
		at org.h2.message.DbException.getSyntaxError(DbException.java:261)
		at org.h2.command.Parser.getSyntaxError(Parser.java:910)
		at org.h2.command.Parser.read(Parser.java:5793)
		at org.h2.command.Parser.readIfMore(Parser.java:1312)
		at org.h2.command.Parser.parseCreateTable(Parser.java:9437)
		at org.h2.command.Parser.parseCreate(Parser.java:6905)
		at org.h2.command.Parser.parsePrepared(Parser.java:771)
		at org.h2.command.Parser.parse(Parser.java:697)
		at org.h2.command.Parser.parse(Parser.java:674)
		at org.h2.command.Parser.prepareCommand(Parser.java:577)
		at org.h2.engine.SessionLocal.prepareLocal(SessionLocal.java:634)
		at org.h2.engine.SessionLocal.prepareCommand(SessionLocal.java:557)
		at org.h2.jdbc.JdbcConnection.prepareCommand(JdbcConnection.java:1116)
		at org.h2.jdbc.JdbcStatement.executeInternal(JdbcStatement.java:237)
		at org.h2.jdbc.JdbcStatement.execute(JdbcStatement.java:223)
		at org.springframework.jdbc.datasource.init.ScriptUtils.executeSqlScript(ScriptUtils.java:261)
		... 44 more
19-Jan-2025 19:11:43.810 SEVERE [http-nio-8080-exec-2] org.apache.catalina.core.StandardWrapperValve.invoke Ошибка выделения для сервлета [dispatcher]
	org.h2.jdbc.JdbcSQLSyntaxErrorException: Синтаксическая ошибка в выражении SQL "CREATE TABLE IF NOT EXISTS post ( id INTEGER GENERATED BY DEFAULT AS IDENTITY, name varchar(64) NOT NULL, image_url varchar(512) NOT NULL, description text[*][] NOT NULL, CONSTRAINT pk_post_id PRIMARY KEY (id), CONSTRAINT uk_post_name UNIQUE (name) )"; ожидалось "(, ARRAY, INVISIBLE, VISIBLE, NOT NULL, NULL, AS, DEFAULT, GENERATED, ON UPDATE, NOT NULL, NULL, AUTO_INCREMENT, DEFAULT ON NULL, NULL_TO_DEFAULT, SEQUENCE, SELECTIVITY, COMMENT, CONSTRAINT, COMMENT, PRIMARY KEY, UNIQUE, NOT NULL, NULL, CHECK, REFERENCES, AUTO_INCREMENT, ,, )"
Syntax error in SQL statement "CREATE TABLE IF NOT EXISTS post ( id INTEGER GENERATED BY DEFAULT AS IDENTITY, name varchar(64) NOT NULL, image_url varchar(512) NOT NULL, description text[*][] NOT NULL, CONSTRAINT pk_post_id PRIMARY KEY (id), CONSTRAINT uk_post_name UNIQUE (name) )"; expected "(, ARRAY, INVISIBLE, VISIBLE, NOT NULL, NULL, AS, DEFAULT, GENERATED, ON UPDATE, NOT NULL, NULL, AUTO_INCREMENT, DEFAULT ON NULL, NULL_TO_DEFAULT, SEQUENCE, SELECTIVITY, COMMENT, CONSTRAINT, COMMENT, PRIMARY KEY, UNIQUE, NOT NULL, NULL, CHECK, REFERENCES, AUTO_INCREMENT, ,, )"; SQL statement:
CREATE TABLE IF NOT EXISTS post ( id INTEGER GENERATED BY DEFAULT AS IDENTITY, name varchar(64) NOT NULL, image_url varchar(512) NOT NULL, description text[] NOT NULL, CONSTRAINT pk_post_id PRIMARY KEY (id), CONSTRAINT uk_post_name UNIQUE (name) ) [42001-220]
		at org.h2.message.DbException.getJdbcSQLException(DbException.java:514)
		at org.h2.message.DbException.getJdbcSQLException(DbException.java:489)
		at org.h2.message.DbException.getSyntaxError(DbException.java:261)
		at org.h2.command.Parser.getSyntaxError(Parser.java:910)
		at org.h2.command.Parser.read(Parser.java:5793)
		at org.h2.command.Parser.readIfMore(Parser.java:1312)
		at org.h2.command.Parser.parseCreateTable(Parser.java:9437)
		at org.h2.command.Parser.parseCreate(Parser.java:6905)
		at org.h2.command.Parser.parsePrepared(Parser.java:771)
		at org.h2.command.Parser.parse(Parser.java:697)
		at org.h2.command.Parser.parse(Parser.java:674)
		at org.h2.command.Parser.prepareCommand(Parser.java:577)
		at org.h2.engine.SessionLocal.prepareLocal(SessionLocal.java:634)
		at org.h2.engine.SessionLocal.prepareCommand(SessionLocal.java:557)
		at org.h2.jdbc.JdbcConnection.prepareCommand(JdbcConnection.java:1116)
		at org.h2.jdbc.JdbcStatement.executeInternal(JdbcStatement.java:237)
		at org.h2.jdbc.JdbcStatement.execute(JdbcStatement.java:223)
		at org.springframework.jdbc.datasource.init.ScriptUtils.executeSqlScript(ScriptUtils.java:261)
		at org.springframework.jdbc.datasource.init.ResourceDatabasePopulator.populate(ResourceDatabasePopulator.java:254)
		at org.springframework.jdbc.datasource.init.DatabasePopulatorUtils.execute(DatabasePopulatorUtils.java:54)
		at org.springframework.jdbc.datasource.init.ResourceDatabasePopulator.execute(ResourceDatabasePopulator.java:269)
		at ru.yandex.practicum.configuration.DataSourceConfiguration.populate(DataSourceConfiguration.java:45)
		at java.base/jdk.internal.reflect.DirectMethodHandleAccessor.invoke(DirectMethodHandleAccessor.java:103)
		at java.base/java.lang.reflect.Method.invoke(Method.java:580)
		at org.springframework.context.event.ApplicationListenerMethodAdapter.doInvoke(ApplicationListenerMethodAdapter.java:382)
		at org.springframework.context.event.ApplicationListenerMethodAdapter.processEvent(ApplicationListenerMethodAdapter.java:254)
		at org.springframework.context.event.ApplicationListenerMethodAdapter.onApplicationEvent(ApplicationListenerMethodAdapter.java:173)
		at org.springframework.context.event.SimpleApplicationEventMulticaster.doInvokeListener(SimpleApplicationEventMulticaster.java:185)
		at org.springframework.context.event.SimpleApplicationEventMulticaster.invokeListener(SimpleApplicationEventMulticaster.java:178)
		at org.springframework.context.event.SimpleApplicationEventMulticaster.multicastEvent(SimpleApplicationEventMulticaster.java:156)
		at org.springframework.context.support.AbstractApplicationContext.publishEvent(AbstractApplicationContext.java:454)
		at org.springframework.context.support.AbstractApplicationContext.publishEvent(AbstractApplicationContext.java:387)
		at org.springframework.context.support.AbstractApplicationContext.finishRefresh(AbstractApplicationContext.java:1009)
		at org.springframework.context.support.AbstractApplicationContext.refresh(AbstractApplicationContext.java:630)
		at org.springframework.web.servlet.FrameworkServlet.configureAndRefreshWebApplicationContext(FrameworkServlet.java:706)
		at org.springframework.web.servlet.FrameworkServlet.createWebApplicationContext(FrameworkServlet.java:672)
		at org.springframework.web.servlet.FrameworkServlet.createWebApplicationContext(FrameworkServlet.java:720)
		at org.springframework.web.servlet.FrameworkServlet.initWebApplicationContext(FrameworkServlet.java:595)
		at org.springframework.web.servlet.FrameworkServlet.initServletBean(FrameworkServlet.java:537)
		at org.springframework.web.servlet.HttpServletBean.init(HttpServletBean.java:169)
		at jakarta.servlet.GenericServlet.init(GenericServlet.java:143)
		at jakarta.servlet.http.HttpServlet.init(HttpServlet.java:122)
		at org.apache.catalina.core.StandardWrapper.initServlet(StandardWrapper.java:817)
		at org.apache.catalina.core.StandardWrapper.loadServlet(StandardWrapper.java:787)
		at org.apache.catalina.core.StandardWrapper.allocate(StandardWrapper.java:568)
		at org.apache.catalina.core.StandardWrapperValve.invoke(StandardWrapperValve.java:115)
		at org.apache.catalina.core.StandardContextValve.invoke(StandardContextValve.java:79)
		at org.apache.catalina.authenticator.AuthenticatorBase.invoke(AuthenticatorBase.java:483)
		at org.apache.catalina.core.StandardHostValve.invoke(StandardHostValve.java:115)
		at org.apache.catalina.valves.ErrorReportValve.invoke(ErrorReportValve.java:93)
		at org.apache.catalina.valves.AbstractAccessLogValve.invoke(AbstractAccessLogValve.java:663)
		at org.apache.catalina.core.StandardEngineValve.invoke(StandardEngineValve.java:74)
		at org.apache.catalina.connector.CoyoteAdapter.service(CoyoteAdapter.java:342)
		at org.apache.coyote.http11.Http11Processor.service(Http11Processor.java:395)
		at org.apache.coyote.AbstractProcessorLight.process(AbstractProcessorLight.java:63)
		at org.apache.coyote.AbstractProtocol$ConnectionHandler.process(AbstractProtocol.java:905)
		at org.apache.tomcat.util.net.NioEndpoint$SocketProcessor.doRun(NioEndpoint.java:1746)
		at org.apache.tomcat.util.net.SocketProcessorBase.run(SocketProcessorBase.java:52)
		at org.apache.tomcat.util.threads.ThreadPoolExecutor.runWorker(ThreadPoolExecutor.java:1148)
		at org.apache.tomcat.util.threads.ThreadPoolExecutor$Worker.run(ThreadPoolExecutor.java:636)
		at org.apache.tomcat.util.threads.TaskThread$WrappingRunnable.run(TaskThread.java:63)
		at java.base/java.lang.Thread.run(Thread.java:1583)
19-Jan-2025 19:12:48.336 INFO [http-nio-8080-exec-4] org.apache.catalina.core.ApplicationContext.log Initializing Spring DispatcherServlet 'dispatcher'
19-Jan-2025 19:12:48.427 SEVERE [http-nio-8080-exec-4] org.apache.catalina.core.ApplicationContext.log Servlet.init() для сервлета [dispatcher] выбросил исключение
	org.springframework.jdbc.datasource.init.ScriptStatementFailedException: Failed to execute SQL script statement #1 of class path resource [schema.sql]: CREATE TABLE IF NOT EXISTS post ( id INTEGER GENERATED BY DEFAULT AS IDENTITY, name varchar(64) NOT NULL, image_url varchar(512) NOT NULL, description text[] NOT NULL, CONSTRAINT pk_post_id PRIMARY KEY (id), CONSTRAINT uk_post_name UNIQUE (name) )
		at org.springframework.jdbc.datasource.init.ScriptUtils.executeSqlScript(ScriptUtils.java:282)
		at org.springframework.jdbc.datasource.init.ResourceDatabasePopulator.populate(ResourceDatabasePopulator.java:254)
		at org.springframework.jdbc.datasource.init.DatabasePopulatorUtils.execute(DatabasePopulatorUtils.java:54)
		at org.springframework.jdbc.datasource.init.ResourceDatabasePopulator.execute(ResourceDatabasePopulator.java:269)
		at ru.yandex.practicum.configuration.DataSourceConfiguration.populate(DataSourceConfiguration.java:45)
		at java.base/jdk.internal.reflect.DirectMethodHandleAccessor.invoke(DirectMethodHandleAccessor.java:103)
		at java.base/java.lang.reflect.Method.invoke(Method.java:580)
		at org.springframework.context.event.ApplicationListenerMethodAdapter.doInvoke(ApplicationListenerMethodAdapter.java:382)
		at org.springframework.context.event.ApplicationListenerMethodAdapter.processEvent(ApplicationListenerMethodAdapter.java:254)
		at org.springframework.context.event.ApplicationListenerMethodAdapter.onApplicationEvent(ApplicationListenerMethodAdapter.java:173)
		at org.springframework.context.event.SimpleApplicationEventMulticaster.doInvokeListener(SimpleApplicationEventMulticaster.java:185)
		at org.springframework.context.event.SimpleApplicationEventMulticaster.invokeListener(SimpleApplicationEventMulticaster.java:178)
		at org.springframework.context.event.SimpleApplicationEventMulticaster.multicastEvent(SimpleApplicationEventMulticaster.java:156)
		at org.springframework.context.support.AbstractApplicationContext.publishEvent(AbstractApplicationContext.java:454)
		at org.springframework.context.support.AbstractApplicationContext.publishEvent(AbstractApplicationContext.java:387)
		at org.springframework.context.support.AbstractApplicationContext.finishRefresh(AbstractApplicationContext.java:1009)
		at org.springframework.context.support.AbstractApplicationContext.refresh(AbstractApplicationContext.java:630)
		at org.springframework.web.servlet.FrameworkServlet.configureAndRefreshWebApplicationContext(FrameworkServlet.java:706)
		at org.springframework.web.servlet.FrameworkServlet.createWebApplicationContext(FrameworkServlet.java:672)
		at org.springframework.web.servlet.FrameworkServlet.createWebApplicationContext(FrameworkServlet.java:720)
		at org.springframework.web.servlet.FrameworkServlet.initWebApplicationContext(FrameworkServlet.java:595)
		at org.springframework.web.servlet.FrameworkServlet.initServletBean(FrameworkServlet.java:537)
		at org.springframework.web.servlet.HttpServletBean.init(HttpServletBean.java:169)
		at jakarta.servlet.GenericServlet.init(GenericServlet.java:143)
		at jakarta.servlet.http.HttpServlet.init(HttpServlet.java:122)
		at org.apache.catalina.core.StandardWrapper.initServlet(StandardWrapper.java:817)
		at org.apache.catalina.core.StandardWrapper.loadServlet(StandardWrapper.java:787)
		at org.apache.catalina.core.StandardWrapper.allocate(StandardWrapper.java:568)
		at org.apache.catalina.core.StandardWrapperValve.invoke(StandardWrapperValve.java:115)
		at org.apache.catalina.core.StandardContextValve.invoke(StandardContextValve.java:79)
		at org.apache.catalina.authenticator.AuthenticatorBase.invoke(AuthenticatorBase.java:483)
		at org.apache.catalina.core.StandardHostValve.invoke(StandardHostValve.java:115)
		at org.apache.catalina.valves.ErrorReportValve.invoke(ErrorReportValve.java:93)
		at org.apache.catalina.valves.AbstractAccessLogValve.invoke(AbstractAccessLogValve.java:663)
		at org.apache.catalina.core.StandardEngineValve.invoke(StandardEngineValve.java:74)
		at org.apache.catalina.connector.CoyoteAdapter.service(CoyoteAdapter.java:342)
		at org.apache.coyote.http11.Http11Processor.service(Http11Processor.java:395)
		at org.apache.coyote.AbstractProcessorLight.process(AbstractProcessorLight.java:63)
		at org.apache.coyote.AbstractProtocol$ConnectionHandler.process(AbstractProtocol.java:905)
		at org.apache.tomcat.util.net.NioEndpoint$SocketProcessor.doRun(NioEndpoint.java:1746)
		at org.apache.tomcat.util.net.SocketProcessorBase.run(SocketProcessorBase.java:52)
		at org.apache.tomcat.util.threads.ThreadPoolExecutor.runWorker(ThreadPoolExecutor.java:1148)
		at org.apache.tomcat.util.threads.ThreadPoolExecutor$Worker.run(ThreadPoolExecutor.java:636)
		at org.apache.tomcat.util.threads.TaskThread$WrappingRunnable.run(TaskThread.java:63)
		at java.base/java.lang.Thread.run(Thread.java:1583)
	Caused by: org.h2.jdbc.JdbcSQLSyntaxErrorException: Синтаксическая ошибка в выражении SQL "CREATE TABLE IF NOT EXISTS post ( id INTEGER GENERATED BY DEFAULT AS IDENTITY, name varchar(64) NOT NULL, image_url varchar(512) NOT NULL, description text[*][] NOT NULL, CONSTRAINT pk_post_id PRIMARY KEY (id), CONSTRAINT uk_post_name UNIQUE (name) )"; ожидалось "(, ARRAY, INVISIBLE, VISIBLE, NOT NULL, NULL, AS, DEFAULT, GENERATED, ON UPDATE, NOT NULL, NULL, AUTO_INCREMENT, DEFAULT ON NULL, NULL_TO_DEFAULT, SEQUENCE, SELECTIVITY, COMMENT, CONSTRAINT, COMMENT, PRIMARY KEY, UNIQUE, NOT NULL, NULL, CHECK, REFERENCES, AUTO_INCREMENT, ,, )"
Syntax error in SQL statement "CREATE TABLE IF NOT EXISTS post ( id INTEGER GENERATED BY DEFAULT AS IDENTITY, name varchar(64) NOT NULL, image_url varchar(512) NOT NULL, description text[*][] NOT NULL, CONSTRAINT pk_post_id PRIMARY KEY (id), CONSTRAINT uk_post_name UNIQUE (name) )"; expected "(, ARRAY, INVISIBLE, VISIBLE, NOT NULL, NULL, AS, DEFAULT, GENERATED, ON UPDATE, NOT NULL, NULL, AUTO_INCREMENT, DEFAULT ON NULL, NULL_TO_DEFAULT, SEQUENCE, SELECTIVITY, COMMENT, CONSTRAINT, COMMENT, PRIMARY KEY, UNIQUE, NOT NULL, NULL, CHECK, REFERENCES, AUTO_INCREMENT, ,, )"; SQL statement:
CREATE TABLE IF NOT EXISTS post ( id INTEGER GENERATED BY DEFAULT AS IDENTITY, name varchar(64) NOT NULL, image_url varchar(512) NOT NULL, description text[] NOT NULL, CONSTRAINT pk_post_id PRIMARY KEY (id), CONSTRAINT uk_post_name UNIQUE (name) ) [42001-220]
		at org.h2.message.DbException.getJdbcSQLException(DbException.java:514)
		at org.h2.message.DbException.getJdbcSQLException(DbException.java:489)
		at org.h2.message.DbException.getSyntaxError(DbException.java:261)
		at org.h2.command.Parser.getSyntaxError(Parser.java:910)
		at org.h2.command.Parser.read(Parser.java:5793)
		at org.h2.command.Parser.readIfMore(Parser.java:1312)
		at org.h2.command.Parser.parseCreateTable(Parser.java:9437)
		at org.h2.command.Parser.parseCreate(Parser.java:6905)
		at org.h2.command.Parser.parsePrepared(Parser.java:771)
		at org.h2.command.Parser.parse(Parser.java:697)
		at org.h2.command.Parser.parse(Parser.java:674)
		at org.h2.command.Parser.prepareCommand(Parser.java:577)
		at org.h2.engine.SessionLocal.prepareLocal(SessionLocal.java:634)
		at org.h2.engine.SessionLocal.prepareCommand(SessionLocal.java:557)
		at org.h2.jdbc.JdbcConnection.prepareCommand(JdbcConnection.java:1116)
		at org.h2.jdbc.JdbcStatement.executeInternal(JdbcStatement.java:237)
		at org.h2.jdbc.JdbcStatement.execute(JdbcStatement.java:223)
		at org.springframework.jdbc.datasource.init.ScriptUtils.executeSqlScript(ScriptUtils.java:261)
		... 44 more
19-Jan-2025 19:12:48.428 SEVERE [http-nio-8080-exec-4] org.apache.catalina.core.StandardWrapperValve.invoke Ошибка выделения для сервлета [dispatcher]
	org.h2.jdbc.JdbcSQLSyntaxErrorException: Синтаксическая ошибка в выражении SQL "CREATE TABLE IF NOT EXISTS post ( id INTEGER GENERATED BY DEFAULT AS IDENTITY, name varchar(64) NOT NULL, image_url varchar(512) NOT NULL, description text[*][] NOT NULL, CONSTRAINT pk_post_id PRIMARY KEY (id), CONSTRAINT uk_post_name UNIQUE (name) )"; ожидалось "(, ARRAY, INVISIBLE, VISIBLE, NOT NULL, NULL, AS, DEFAULT, GENERATED, ON UPDATE, NOT NULL, NULL, AUTO_INCREMENT, DEFAULT ON NULL, NULL_TO_DEFAULT, SEQUENCE, SELECTIVITY, COMMENT, CONSTRAINT, COMMENT, PRIMARY KEY, UNIQUE, NOT NULL, NULL, CHECK, REFERENCES, AUTO_INCREMENT, ,, )"
Syntax error in SQL statement "CREATE TABLE IF NOT EXISTS post ( id INTEGER GENERATED BY DEFAULT AS IDENTITY, name varchar(64) NOT NULL, image_url varchar(512) NOT NULL, description text[*][] NOT NULL, CONSTRAINT pk_post_id PRIMARY KEY (id), CONSTRAINT uk_post_name UNIQUE (name) )"; expected "(, ARRAY, INVISIBLE, VISIBLE, NOT NULL, NULL, AS, DEFAULT, GENERATED, ON UPDATE, NOT NULL, NULL, AUTO_INCREMENT, DEFAULT ON NULL, NULL_TO_DEFAULT, SEQUENCE, SELECTIVITY, COMMENT, CONSTRAINT, COMMENT, PRIMARY KEY, UNIQUE, NOT NULL, NULL, CHECK, REFERENCES, AUTO_INCREMENT, ,, )"; SQL statement:
CREATE TABLE IF NOT EXISTS post ( id INTEGER GENERATED BY DEFAULT AS IDENTITY, name varchar(64) NOT NULL, image_url varchar(512) NOT NULL, description text[] NOT NULL, CONSTRAINT pk_post_id PRIMARY KEY (id), CONSTRAINT uk_post_name UNIQUE (name) ) [42001-220]
		at org.h2.message.DbException.getJdbcSQLException(DbException.java:514)
		at org.h2.message.DbException.getJdbcSQLException(DbException.java:489)
		at org.h2.message.DbException.getSyntaxError(DbException.java:261)
		at org.h2.command.Parser.getSyntaxError(Parser.java:910)
		at org.h2.command.Parser.read(Parser.java:5793)
		at org.h2.command.Parser.readIfMore(Parser.java:1312)
		at org.h2.command.Parser.parseCreateTable(Parser.java:9437)
		at org.h2.command.Parser.parseCreate(Parser.java:6905)
		at org.h2.command.Parser.parsePrepared(Parser.java:771)
		at org.h2.command.Parser.parse(Parser.java:697)
		at org.h2.command.Parser.parse(Parser.java:674)
		at org.h2.command.Parser.prepareCommand(Parser.java:577)
		at org.h2.engine.SessionLocal.prepareLocal(SessionLocal.java:634)
		at org.h2.engine.SessionLocal.prepareCommand(SessionLocal.java:557)
		at org.h2.jdbc.JdbcConnection.prepareCommand(JdbcConnection.java:1116)
		at org.h2.jdbc.JdbcStatement.executeInternal(JdbcStatement.java:237)
		at org.h2.jdbc.JdbcStatement.execute(JdbcStatement.java:223)
		at org.springframework.jdbc.datasource.init.ScriptUtils.executeSqlScript(ScriptUtils.java:261)
		at org.springframework.jdbc.datasource.init.ResourceDatabasePopulator.populate(ResourceDatabasePopulator.java:254)
		at org.springframework.jdbc.datasource.init.DatabasePopulatorUtils.execute(DatabasePopulatorUtils.java:54)
		at org.springframework.jdbc.datasource.init.ResourceDatabasePopulator.execute(ResourceDatabasePopulator.java:269)
		at ru.yandex.practicum.configuration.DataSourceConfiguration.populate(DataSourceConfiguration.java:45)
		at java.base/jdk.internal.reflect.DirectMethodHandleAccessor.invoke(DirectMethodHandleAccessor.java:103)
		at java.base/java.lang.reflect.Method.invoke(Method.java:580)
		at org.springframework.context.event.ApplicationListenerMethodAdapter.doInvoke(ApplicationListenerMethodAdapter.java:382)
		at org.springframework.context.event.ApplicationListenerMethodAdapter.processEvent(ApplicationListenerMethodAdapter.java:254)
		at org.springframework.context.event.ApplicationListenerMethodAdapter.onApplicationEvent(ApplicationListenerMethodAdapter.java:173)
		at org.springframework.context.event.SimpleApplicationEventMulticaster.doInvokeListener(SimpleApplicationEventMulticaster.java:185)
		at org.springframework.context.event.SimpleApplicationEventMulticaster.invokeListener(SimpleApplicationEventMulticaster.java:178)
		at org.springframework.context.event.SimpleApplicationEventMulticaster.multicastEvent(SimpleApplicationEventMulticaster.java:156)
		at org.springframework.context.support.AbstractApplicationContext.publishEvent(AbstractApplicationContext.java:454)
		at org.springframework.context.support.AbstractApplicationContext.publishEvent(AbstractApplicationContext.java:387)
		at org.springframework.context.support.AbstractApplicationContext.finishRefresh(AbstractApplicationContext.java:1009)
		at org.springframework.context.support.AbstractApplicationContext.refresh(AbstractApplicationContext.java:630)
		at org.springframework.web.servlet.FrameworkServlet.configureAndRefreshWebApplicationContext(FrameworkServlet.java:706)
		at org.springframework.web.servlet.FrameworkServlet.createWebApplicationContext(FrameworkServlet.java:672)
		at org.springframework.web.servlet.FrameworkServlet.createWebApplicationContext(FrameworkServlet.java:720)
		at org.springframework.web.servlet.FrameworkServlet.initWebApplicationContext(FrameworkServlet.java:595)
		at org.springframework.web.servlet.FrameworkServlet.initServletBean(FrameworkServlet.java:537)
		at org.springframework.web.servlet.HttpServletBean.init(HttpServletBean.java:169)
		at jakarta.servlet.GenericServlet.init(GenericServlet.java:143)
		at jakarta.servlet.http.HttpServlet.init(HttpServlet.java:122)
		at org.apache.catalina.core.StandardWrapper.initServlet(StandardWrapper.java:817)
		at org.apache.catalina.core.StandardWrapper.loadServlet(StandardWrapper.java:787)
		at org.apache.catalina.core.StandardWrapper.allocate(StandardWrapper.java:568)
		at org.apache.catalina.core.StandardWrapperValve.invoke(StandardWrapperValve.java:115)
		at org.apache.catalina.core.StandardContextValve.invoke(StandardContextValve.java:79)
		at org.apache.catalina.authenticator.AuthenticatorBase.invoke(AuthenticatorBase.java:483)
		at org.apache.catalina.core.StandardHostValve.invoke(StandardHostValve.java:115)
		at org.apache.catalina.valves.ErrorReportValve.invoke(ErrorReportValve.java:93)
		at org.apache.catalina.valves.AbstractAccessLogValve.invoke(AbstractAccessLogValve.java:663)
		at org.apache.catalina.core.StandardEngineValve.invoke(StandardEngineValve.java:74)
		at org.apache.catalina.connector.CoyoteAdapter.service(CoyoteAdapter.java:342)
		at org.apache.coyote.http11.Http11Processor.service(Http11Processor.java:395)
		at org.apache.coyote.AbstractProcessorLight.process(AbstractProcessorLight.java:63)
		at org.apache.coyote.AbstractProtocol$ConnectionHandler.process(AbstractProtocol.java:905)
		at org.apache.tomcat.util.net.NioEndpoint$SocketProcessor.doRun(NioEndpoint.java:1746)
		at org.apache.tomcat.util.net.SocketProcessorBase.run(SocketProcessorBase.java:52)
		at org.apache.tomcat.util.threads.ThreadPoolExecutor.runWorker(ThreadPoolExecutor.java:1148)
		at org.apache.tomcat.util.threads.ThreadPoolExecutor$Worker.run(ThreadPoolExecutor.java:636)
		at org.apache.tomcat.util.threads.TaskThread$WrappingRunnable.run(TaskThread.java:63)
		at java.base/java.lang.Thread.run(Thread.java:1583)
19-Jan-2025 19:12:53.824 INFO [http-nio-8080-exec-6] org.apache.catalina.core.ApplicationContext.log Initializing Spring DispatcherServlet 'dispatcher'
19-Jan-2025 19:12:53.899 SEVERE [http-nio-8080-exec-6] org.apache.catalina.core.ApplicationContext.log Servlet.init() для сервлета [dispatcher] выбросил исключение
	org.springframework.jdbc.datasource.init.ScriptStatementFailedException: Failed to execute SQL script statement #1 of class path resource [schema.sql]: CREATE TABLE IF NOT EXISTS post ( id INTEGER GENERATED BY DEFAULT AS IDENTITY, name varchar(64) NOT NULL, image_url varchar(512) NOT NULL, description text[] NOT NULL, CONSTRAINT pk_post_id PRIMARY KEY (id), CONSTRAINT uk_post_name UNIQUE (name) )
		at org.springframework.jdbc.datasource.init.ScriptUtils.executeSqlScript(ScriptUtils.java:282)
		at org.springframework.jdbc.datasource.init.ResourceDatabasePopulator.populate(ResourceDatabasePopulator.java:254)
		at org.springframework.jdbc.datasource.init.DatabasePopulatorUtils.execute(DatabasePopulatorUtils.java:54)
		at org.springframework.jdbc.datasource.init.ResourceDatabasePopulator.execute(ResourceDatabasePopulator.java:269)
		at ru.yandex.practicum.configuration.DataSourceConfiguration.populate(DataSourceConfiguration.java:45)
		at java.base/jdk.internal.reflect.DirectMethodHandleAccessor.invoke(DirectMethodHandleAccessor.java:103)
		at java.base/java.lang.reflect.Method.invoke(Method.java:580)
		at org.springframework.context.event.ApplicationListenerMethodAdapter.doInvoke(ApplicationListenerMethodAdapter.java:382)
		at org.springframework.context.event.ApplicationListenerMethodAdapter.processEvent(ApplicationListenerMethodAdapter.java:254)
		at org.springframework.context.event.ApplicationListenerMethodAdapter.onApplicationEvent(ApplicationListenerMethodAdapter.java:173)
		at org.springframework.context.event.SimpleApplicationEventMulticaster.doInvokeListener(SimpleApplicationEventMulticaster.java:185)
		at org.springframework.context.event.SimpleApplicationEventMulticaster.invokeListener(SimpleApplicationEventMulticaster.java:178)
		at org.springframework.context.event.SimpleApplicationEventMulticaster.multicastEvent(SimpleApplicationEventMulticaster.java:156)
		at org.springframework.context.support.AbstractApplicationContext.publishEvent(AbstractApplicationContext.java:454)
		at org.springframework.context.support.AbstractApplicationContext.publishEvent(AbstractApplicationContext.java:387)
		at org.springframework.context.support.AbstractApplicationContext.finishRefresh(AbstractApplicationContext.java:1009)
		at org.springframework.context.support.AbstractApplicationContext.refresh(AbstractApplicationContext.java:630)
		at org.springframework.web.servlet.FrameworkServlet.configureAndRefreshWebApplicationContext(FrameworkServlet.java:706)
		at org.springframework.web.servlet.FrameworkServlet.createWebApplicationContext(FrameworkServlet.java:672)
		at org.springframework.web.servlet.FrameworkServlet.createWebApplicationContext(FrameworkServlet.java:720)
		at org.springframework.web.servlet.FrameworkServlet.initWebApplicationContext(FrameworkServlet.java:595)
		at org.springframework.web.servlet.FrameworkServlet.initServletBean(FrameworkServlet.java:537)
		at org.springframework.web.servlet.HttpServletBean.init(HttpServletBean.java:169)
		at jakarta.servlet.GenericServlet.init(GenericServlet.java:143)
		at jakarta.servlet.http.HttpServlet.init(HttpServlet.java:122)
		at org.apache.catalina.core.StandardWrapper.initServlet(StandardWrapper.java:817)
		at org.apache.catalina.core.StandardWrapper.loadServlet(StandardWrapper.java:787)
		at org.apache.catalina.core.StandardWrapper.allocate(StandardWrapper.java:568)
		at org.apache.catalina.core.StandardWrapperValve.invoke(StandardWrapperValve.java:115)
		at org.apache.catalina.core.StandardContextValve.invoke(StandardContextValve.java:79)
		at org.apache.catalina.authenticator.AuthenticatorBase.invoke(AuthenticatorBase.java:483)
		at org.apache.catalina.core.StandardHostValve.invoke(StandardHostValve.java:115)
		at org.apache.catalina.valves.ErrorReportValve.invoke(ErrorReportValve.java:93)
		at org.apache.catalina.valves.AbstractAccessLogValve.invoke(AbstractAccessLogValve.java:663)
		at org.apache.catalina.core.StandardEngineValve.invoke(StandardEngineValve.java:74)
		at org.apache.catalina.connector.CoyoteAdapter.service(CoyoteAdapter.java:342)
		at org.apache.coyote.http11.Http11Processor.service(Http11Processor.java:395)
		at org.apache.coyote.AbstractProcessorLight.process(AbstractProcessorLight.java:63)
		at org.apache.coyote.AbstractProtocol$ConnectionHandler.process(AbstractProtocol.java:905)
		at org.apache.tomcat.util.net.NioEndpoint$SocketProcessor.doRun(NioEndpoint.java:1746)
		at org.apache.tomcat.util.net.SocketProcessorBase.run(SocketProcessorBase.java:52)
		at org.apache.tomcat.util.threads.ThreadPoolExecutor.runWorker(ThreadPoolExecutor.java:1148)
		at org.apache.tomcat.util.threads.ThreadPoolExecutor$Worker.run(ThreadPoolExecutor.java:636)
		at org.apache.tomcat.util.threads.TaskThread$WrappingRunnable.run(TaskThread.java:63)
		at java.base/java.lang.Thread.run(Thread.java:1583)
	Caused by: org.h2.jdbc.JdbcSQLSyntaxErrorException: Синтаксическая ошибка в выражении SQL "CREATE TABLE IF NOT EXISTS post ( id INTEGER GENERATED BY DEFAULT AS IDENTITY, name varchar(64) NOT NULL, image_url varchar(512) NOT NULL, description text[*][] NOT NULL, CONSTRAINT pk_post_id PRIMARY KEY (id), CONSTRAINT uk_post_name UNIQUE (name) )"; ожидалось "(, ARRAY, INVISIBLE, VISIBLE, NOT NULL, NULL, AS, DEFAULT, GENERATED, ON UPDATE, NOT NULL, NULL, AUTO_INCREMENT, DEFAULT ON NULL, NULL_TO_DEFAULT, SEQUENCE, SELECTIVITY, COMMENT, CONSTRAINT, COMMENT, PRIMARY KEY, UNIQUE, NOT NULL, NULL, CHECK, REFERENCES, AUTO_INCREMENT, ,, )"
Syntax error in SQL statement "CREATE TABLE IF NOT EXISTS post ( id INTEGER GENERATED BY DEFAULT AS IDENTITY, name varchar(64) NOT NULL, image_url varchar(512) NOT NULL, description text[*][] NOT NULL, CONSTRAINT pk_post_id PRIMARY KEY (id), CONSTRAINT uk_post_name UNIQUE (name) )"; expected "(, ARRAY, INVISIBLE, VISIBLE, NOT NULL, NULL, AS, DEFAULT, GENERATED, ON UPDATE, NOT NULL, NULL, AUTO_INCREMENT, DEFAULT ON NULL, NULL_TO_DEFAULT, SEQUENCE, SELECTIVITY, COMMENT, CONSTRAINT, COMMENT, PRIMARY KEY, UNIQUE, NOT NULL, NULL, CHECK, REFERENCES, AUTO_INCREMENT, ,, )"; SQL statement:
CREATE TABLE IF NOT EXISTS post ( id INTEGER GENERATED BY DEFAULT AS IDENTITY, name varchar(64) NOT NULL, image_url varchar(512) NOT NULL, description text[] NOT NULL, CONSTRAINT pk_post_id PRIMARY KEY (id), CONSTRAINT uk_post_name UNIQUE (name) ) [42001-220]
		at org.h2.message.DbException.getJdbcSQLException(DbException.java:514)
		at org.h2.message.DbException.getJdbcSQLException(DbException.java:489)
		at org.h2.message.DbException.getSyntaxError(DbException.java:261)
		at org.h2.command.Parser.getSyntaxError(Parser.java:910)
		at org.h2.command.Parser.read(Parser.java:5793)
		at org.h2.command.Parser.readIfMore(Parser.java:1312)
		at org.h2.command.Parser.parseCreateTable(Parser.java:9437)
		at org.h2.command.Parser.parseCreate(Parser.java:6905)
		at org.h2.command.Parser.parsePrepared(Parser.java:771)
		at org.h2.command.Parser.parse(Parser.java:697)
		at org.h2.command.Parser.parse(Parser.java:674)
		at org.h2.command.Parser.prepareCommand(Parser.java:577)
		at org.h2.engine.SessionLocal.prepareLocal(SessionLocal.java:634)
		at org.h2.engine.SessionLocal.prepareCommand(SessionLocal.java:557)
		at org.h2.jdbc.JdbcConnection.prepareCommand(JdbcConnection.java:1116)
		at org.h2.jdbc.JdbcStatement.executeInternal(JdbcStatement.java:237)
		at org.h2.jdbc.JdbcStatement.execute(JdbcStatement.java:223)
		at org.springframework.jdbc.datasource.init.ScriptUtils.executeSqlScript(ScriptUtils.java:261)
		... 44 more
19-Jan-2025 19:12:53.900 SEVERE [http-nio-8080-exec-6] org.apache.catalina.core.StandardWrapperValve.invoke Ошибка выделения для сервлета [dispatcher]
	org.h2.jdbc.JdbcSQLSyntaxErrorException: Синтаксическая ошибка в выражении SQL "CREATE TABLE IF NOT EXISTS post ( id INTEGER GENERATED BY DEFAULT AS IDENTITY, name varchar(64) NOT NULL, image_url varchar(512) NOT NULL, description text[*][] NOT NULL, CONSTRAINT pk_post_id PRIMARY KEY (id), CONSTRAINT uk_post_name UNIQUE (name) )"; ожидалось "(, ARRAY, INVISIBLE, VISIBLE, NOT NULL, NULL, AS, DEFAULT, GENERATED, ON UPDATE, NOT NULL, NULL, AUTO_INCREMENT, DEFAULT ON NULL, NULL_TO_DEFAULT, SEQUENCE, SELECTIVITY, COMMENT, CONSTRAINT, COMMENT, PRIMARY KEY, UNIQUE, NOT NULL, NULL, CHECK, REFERENCES, AUTO_INCREMENT, ,, )"
Syntax error in SQL statement "CREATE TABLE IF NOT EXISTS post ( id INTEGER GENERATED BY DEFAULT AS IDENTITY, name varchar(64) NOT NULL, image_url varchar(512) NOT NULL, description text[*][] NOT NULL, CONSTRAINT pk_post_id PRIMARY KEY (id), CONSTRAINT uk_post_name UNIQUE (name) )"; expected "(, ARRAY, INVISIBLE, VISIBLE, NOT NULL, NULL, AS, DEFAULT, GENERATED, ON UPDATE, NOT NULL, NULL, AUTO_INCREMENT, DEFAULT ON NULL, NULL_TO_DEFAULT, SEQUENCE, SELECTIVITY, COMMENT, CONSTRAINT, COMMENT, PRIMARY KEY, UNIQUE, NOT NULL, NULL, CHECK, REFERENCES, AUTO_INCREMENT, ,, )"; SQL statement:
CREATE TABLE IF NOT EXISTS post ( id INTEGER GENERATED BY DEFAULT AS IDENTITY, name varchar(64) NOT NULL, image_url varchar(512) NOT NULL, description text[] NOT NULL, CONSTRAINT pk_post_id PRIMARY KEY (id), CONSTRAINT uk_post_name UNIQUE (name) ) [42001-220]
		at org.h2.message.DbException.getJdbcSQLException(DbException.java:514)
		at org.h2.message.DbException.getJdbcSQLException(DbException.java:489)
		at org.h2.message.DbException.getSyntaxError(DbException.java:261)
		at org.h2.command.Parser.getSyntaxError(Parser.java:910)
		at org.h2.command.Parser.read(Parser.java:5793)
		at org.h2.command.Parser.readIfMore(Parser.java:1312)
		at org.h2.command.Parser.parseCreateTable(Parser.java:9437)
		at org.h2.command.Parser.parseCreate(Parser.java:6905)
		at org.h2.command.Parser.parsePrepared(Parser.java:771)
		at org.h2.command.Parser.parse(Parser.java:697)
		at org.h2.command.Parser.parse(Parser.java:674)
		at org.h2.command.Parser.prepareCommand(Parser.java:577)
		at org.h2.engine.SessionLocal.prepareLocal(SessionLocal.java:634)
		at org.h2.engine.SessionLocal.prepareCommand(SessionLocal.java:557)
		at org.h2.jdbc.JdbcConnection.prepareCommand(JdbcConnection.java:1116)
		at org.h2.jdbc.JdbcStatement.executeInternal(JdbcStatement.java:237)
		at org.h2.jdbc.JdbcStatement.execute(JdbcStatement.java:223)
		at org.springframework.jdbc.datasource.init.ScriptUtils.executeSqlScript(ScriptUtils.java:261)
		at org.springframework.jdbc.datasource.init.ResourceDatabasePopulator.populate(ResourceDatabasePopulator.java:254)
		at org.springframework.jdbc.datasource.init.DatabasePopulatorUtils.execute(DatabasePopulatorUtils.java:54)
		at org.springframework.jdbc.datasource.init.ResourceDatabasePopulator.execute(ResourceDatabasePopulator.java:269)
		at ru.yandex.practicum.configuration.DataSourceConfiguration.populate(DataSourceConfiguration.java:45)
		at java.base/jdk.internal.reflect.DirectMethodHandleAccessor.invoke(DirectMethodHandleAccessor.java:103)
		at java.base/java.lang.reflect.Method.invoke(Method.java:580)
		at org.springframework.context.event.ApplicationListenerMethodAdapter.doInvoke(ApplicationListenerMethodAdapter.java:382)
		at org.springframework.context.event.ApplicationListenerMethodAdapter.processEvent(ApplicationListenerMethodAdapter.java:254)
		at org.springframework.context.event.ApplicationListenerMethodAdapter.onApplicationEvent(ApplicationListenerMethodAdapter.java:173)
		at org.springframework.context.event.SimpleApplicationEventMulticaster.doInvokeListener(SimpleApplicationEventMulticaster.java:185)
		at org.springframework.context.event.SimpleApplicationEventMulticaster.invokeListener(SimpleApplicationEventMulticaster.java:178)
		at org.springframework.context.event.SimpleApplicationEventMulticaster.multicastEvent(SimpleApplicationEventMulticaster.java:156)
		at org.springframework.context.support.AbstractApplicationContext.publishEvent(AbstractApplicationContext.java:454)
		at org.springframework.context.support.AbstractApplicationContext.publishEvent(AbstractApplicationContext.java:387)
		at org.springframework.context.support.AbstractApplicationContext.finishRefresh(AbstractApplicationContext.java:1009)
		at org.springframework.context.support.AbstractApplicationContext.refresh(AbstractApplicationContext.java:630)
		at org.springframework.web.servlet.FrameworkServlet.configureAndRefreshWebApplicationContext(FrameworkServlet.java:706)
		at org.springframework.web.servlet.FrameworkServlet.createWebApplicationContext(FrameworkServlet.java:672)
		at org.springframework.web.servlet.FrameworkServlet.createWebApplicationContext(FrameworkServlet.java:720)
		at org.springframework.web.servlet.FrameworkServlet.initWebApplicationContext(FrameworkServlet.java:595)
		at org.springframework.web.servlet.FrameworkServlet.initServletBean(FrameworkServlet.java:537)
		at org.springframework.web.servlet.HttpServletBean.init(HttpServletBean.java:169)
		at jakarta.servlet.GenericServlet.init(GenericServlet.java:143)
		at jakarta.servlet.http.HttpServlet.init(HttpServlet.java:122)
		at org.apache.catalina.core.StandardWrapper.initServlet(StandardWrapper.java:817)
		at org.apache.catalina.core.StandardWrapper.loadServlet(StandardWrapper.java:787)
		at org.apache.catalina.core.StandardWrapper.allocate(StandardWrapper.java:568)
		at org.apache.catalina.core.StandardWrapperValve.invoke(StandardWrapperValve.java:115)
		at org.apache.catalina.core.StandardContextValve.invoke(StandardContextValve.java:79)
		at org.apache.catalina.authenticator.AuthenticatorBase.invoke(AuthenticatorBase.java:483)
		at org.apache.catalina.core.StandardHostValve.invoke(StandardHostValve.java:115)
		at org.apache.catalina.valves.ErrorReportValve.invoke(ErrorReportValve.java:93)
		at org.apache.catalina.valves.AbstractAccessLogValve.invoke(AbstractAccessLogValve.java:663)
		at org.apache.catalina.core.StandardEngineValve.invoke(StandardEngineValve.java:74)
		at org.apache.catalina.connector.CoyoteAdapter.service(CoyoteAdapter.java:342)
		at org.apache.coyote.http11.Http11Processor.service(Http11Processor.java:395)
		at org.apache.coyote.AbstractProcessorLight.process(AbstractProcessorLight.java:63)
		at org.apache.coyote.AbstractProtocol$ConnectionHandler.process(AbstractProtocol.java:905)
		at org.apache.tomcat.util.net.NioEndpoint$SocketProcessor.doRun(NioEndpoint.java:1746)
		at org.apache.tomcat.util.net.SocketProcessorBase.run(SocketProcessorBase.java:52)
		at org.apache.tomcat.util.threads.ThreadPoolExecutor.runWorker(ThreadPoolExecutor.java:1148)
		at org.apache.tomcat.util.threads.ThreadPoolExecutor$Worker.run(ThreadPoolExecutor.java:636)
		at org.apache.tomcat.util.threads.TaskThread$WrappingRunnable.run(TaskThread.java:63)
		at java.base/java.lang.Thread.run(Thread.java:1583)
19-Jan-2025 19:15:37.645 INFO [main] org.apache.catalina.core.ApplicationContext.log SessionListener: contextDestroyed()
19-Jan-2025 19:15:37.645 INFO [main] org.apache.catalina.core.ApplicationContext.log ContextListener: contextDestroyed()
19-Jan-2025 19:15:47.988 INFO [main] org.apache.catalina.core.ApplicationContext.log No Spring WebApplicationInitializer types detected on classpath
19-Jan-2025 19:15:48.165 INFO [main] org.apache.catalina.core.ApplicationContext.log Initializing Spring DispatcherServlet 'dispatcher'
19-Jan-2025 19:15:49.387 SEVERE [main] org.apache.catalina.core.ApplicationContext.log Servlet.init() для сервлета [dispatcher] выбросил исключение
	org.springframework.jdbc.datasource.init.ScriptStatementFailedException: Failed to execute SQL script statement #1 of class path resource [schema.sql]: CREATE TABLE IF NOT EXISTS "POST" ( "ID" INTEGER GENERATED BY DEFAULT AS IDENTITY, "NAME" varchar(64) NOT NULL, "IMAGE_URL" varchar(512) NOT NULL, "DESCRIPTION" text[] NOT NULL, CONSTRAINT "PK_POST_ID" PRIMARY KEY ("ID"), CONSTRAINT "UK_POST_NAME" UNIQUE ("NAME") )
		at org.springframework.jdbc.datasource.init.ScriptUtils.executeSqlScript(ScriptUtils.java:282)
		at org.springframework.jdbc.datasource.init.ResourceDatabasePopulator.populate(ResourceDatabasePopulator.java:254)
		at org.springframework.jdbc.datasource.init.DatabasePopulatorUtils.execute(DatabasePopulatorUtils.java:54)
		at org.springframework.jdbc.datasource.init.ResourceDatabasePopulator.execute(ResourceDatabasePopulator.java:269)
		at ru.yandex.practicum.configuration.DataSourceConfiguration.populate(DataSourceConfiguration.java:45)
		at java.base/jdk.internal.reflect.DirectMethodHandleAccessor.invoke(DirectMethodHandleAccessor.java:103)
		at java.base/java.lang.reflect.Method.invoke(Method.java:580)
		at org.springframework.context.event.ApplicationListenerMethodAdapter.doInvoke(ApplicationListenerMethodAdapter.java:382)
		at org.springframework.context.event.ApplicationListenerMethodAdapter.processEvent(ApplicationListenerMethodAdapter.java:254)
		at org.springframework.context.event.ApplicationListenerMethodAdapter.onApplicationEvent(ApplicationListenerMethodAdapter.java:173)
		at org.springframework.context.event.SimpleApplicationEventMulticaster.doInvokeListener(SimpleApplicationEventMulticaster.java:185)
		at org.springframework.context.event.SimpleApplicationEventMulticaster.invokeListener(SimpleApplicationEventMulticaster.java:178)
		at org.springframework.context.event.SimpleApplicationEventMulticaster.multicastEvent(SimpleApplicationEventMulticaster.java:156)
		at org.springframework.context.support.AbstractApplicationContext.publishEvent(AbstractApplicationContext.java:454)
		at org.springframework.context.support.AbstractApplicationContext.publishEvent(AbstractApplicationContext.java:387)
		at org.springframework.context.support.AbstractApplicationContext.finishRefresh(AbstractApplicationContext.java:1009)
		at org.springframework.context.support.AbstractApplicationContext.refresh(AbstractApplicationContext.java:630)
		at org.springframework.web.servlet.FrameworkServlet.configureAndRefreshWebApplicationContext(FrameworkServlet.java:706)
		at org.springframework.web.servlet.FrameworkServlet.createWebApplicationContext(FrameworkServlet.java:672)
		at org.springframework.web.servlet.FrameworkServlet.createWebApplicationContext(FrameworkServlet.java:720)
		at org.springframework.web.servlet.FrameworkServlet.initWebApplicationContext(FrameworkServlet.java:595)
		at org.springframework.web.servlet.FrameworkServlet.initServletBean(FrameworkServlet.java:537)
		at org.springframework.web.servlet.HttpServletBean.init(HttpServletBean.java:169)
		at jakarta.servlet.GenericServlet.init(GenericServlet.java:143)
		at jakarta.servlet.http.HttpServlet.init(HttpServlet.java:122)
		at org.apache.catalina.core.StandardWrapper.initServlet(StandardWrapper.java:817)
		at org.apache.catalina.core.StandardWrapper.loadServlet(StandardWrapper.java:787)
		at org.apache.catalina.core.StandardWrapper.load(StandardWrapper.java:691)
		at org.apache.catalina.core.StandardContext.loadOnStartup(StandardContext.java:4153)
		at org.apache.catalina.core.StandardContext.startInternal(StandardContext.java:4437)
		at org.apache.catalina.util.LifecycleBase.start(LifecycleBase.java:164)
		at org.apache.catalina.core.ContainerBase.addChild(ContainerBase.java:566)
		at org.apache.catalina.core.StandardHost.addChild(StandardHost.java:653)
		at org.apache.catalina.startup.HostConfig.deployWAR(HostConfig.java:933)
		at org.apache.catalina.startup.HostConfig$DeployWar.run(HostConfig.java:1875)
		at java.base/java.util.concurrent.Executors$RunnableAdapter.call(Executors.java:572)
		at java.base/java.util.concurrent.FutureTask.run(FutureTask.java:317)
		at org.apache.tomcat.util.threads.InlineExecutorService.execute(InlineExecutorService.java:75)
		at java.base/java.util.concurrent.AbstractExecutorService.submit(AbstractExecutorService.java:123)
		at org.apache.catalina.startup.HostConfig.deployWARs(HostConfig.java:735)
		at org.apache.catalina.startup.HostConfig.deployApps(HostConfig.java:387)
		at org.apache.catalina.startup.HostConfig.start(HostConfig.java:1593)
		at org.apache.catalina.startup.HostConfig.lifecycleEvent(HostConfig.java:267)
		at org.apache.catalina.util.LifecycleBase.fireLifecycleEvent(LifecycleBase.java:109)
		at org.apache.catalina.util.LifecycleBase.setStateInternal(LifecycleBase.java:389)
		at org.apache.catalina.util.LifecycleBase.setState(LifecycleBase.java:336)
		at org.apache.catalina.core.ContainerBase.startInternal(ContainerBase.java:743)
		at org.apache.catalina.core.StandardHost.startInternal(StandardHost.java:771)
		at org.apache.catalina.util.LifecycleBase.start(LifecycleBase.java:164)
		at org.apache.catalina.core.ContainerBase$StartChild.call(ContainerBase.java:1170)
		at org.apache.catalina.core.ContainerBase$StartChild.call(ContainerBase.java:1160)
		at java.base/java.util.concurrent.FutureTask.run(FutureTask.java:317)
		at org.apache.tomcat.util.threads.InlineExecutorService.execute(InlineExecutorService.java:75)
		at java.base/java.util.concurrent.AbstractExecutorService.submit(AbstractExecutorService.java:145)
		at org.apache.catalina.core.ContainerBase.startInternal(ContainerBase.java:716)
		at org.apache.catalina.core.StandardEngine.startInternal(StandardEngine.java:203)
		at org.apache.catalina.util.LifecycleBase.start(LifecycleBase.java:164)
		at org.apache.catalina.core.StandardService.startInternal(StandardService.java:415)
		at org.apache.catalina.util.LifecycleBase.start(LifecycleBase.java:164)
		at org.apache.catalina.core.StandardServer.startInternal(StandardServer.java:866)
		at org.apache.catalina.util.LifecycleBase.start(LifecycleBase.java:164)
		at org.apache.catalina.startup.Catalina.start(Catalina.java:759)
		at java.base/jdk.internal.reflect.DirectMethodHandleAccessor.invoke(DirectMethodHandleAccessor.java:103)
		at java.base/java.lang.reflect.Method.invoke(Method.java:580)
		at org.apache.catalina.startup.Bootstrap.start(Bootstrap.java:342)
		at org.apache.catalina.startup.Bootstrap.main(Bootstrap.java:470)
	Caused by: org.h2.jdbc.JdbcSQLSyntaxErrorException: Синтаксическая ошибка в выражении SQL "CREATE TABLE IF NOT EXISTS ""POST"" ( ""ID"" INTEGER GENERATED BY DEFAULT AS IDENTITY, ""NAME"" varchar(64) NOT NULL, ""IMAGE_URL"" varchar(512) NOT NULL, ""DESCRIPTION"" text[*][] NOT NULL, CONSTRAINT ""PK_POST_ID"" PRIMARY KEY (""ID""), CONSTRAINT ""UK_POST_NAME"" UNIQUE (""NAME"") )"; ожидалось "(, ARRAY, INVISIBLE, VISIBLE, NOT NULL, NULL, AS, DEFAULT, GENERATED, ON UPDATE, NOT NULL, NULL, AUTO_INCREMENT, DEFAULT ON NULL, NULL_TO_DEFAULT, SEQUENCE, SELECTIVITY, COMMENT, CONSTRAINT, COMMENT, PRIMARY KEY, UNIQUE, NOT NULL, NULL, CHECK, REFERENCES, AUTO_INCREMENT, ,, )"
Syntax error in SQL statement "CREATE TABLE IF NOT EXISTS ""POST"" ( ""ID"" INTEGER GENERATED BY DEFAULT AS IDENTITY, ""NAME"" varchar(64) NOT NULL, ""IMAGE_URL"" varchar(512) NOT NULL, ""DESCRIPTION"" text[*][] NOT NULL, CONSTRAINT ""PK_POST_ID"" PRIMARY KEY (""ID""), CONSTRAINT ""UK_POST_NAME"" UNIQUE (""NAME"") )"; expected "(, ARRAY, INVISIBLE, VISIBLE, NOT NULL, NULL, AS, DEFAULT, GENERATED, ON UPDATE, NOT NULL, NULL, AUTO_INCREMENT, DEFAULT ON NULL, NULL_TO_DEFAULT, SEQUENCE, SELECTIVITY, COMMENT, CONSTRAINT, COMMENT, PRIMARY KEY, UNIQUE, NOT NULL, NULL, CHECK, REFERENCES, AUTO_INCREMENT, ,, )"; SQL statement:
CREATE TABLE IF NOT EXISTS "POST" ( "ID" INTEGER GENERATED BY DEFAULT AS IDENTITY, "NAME" varchar(64) NOT NULL, "IMAGE_URL" varchar(512) NOT NULL, "DESCRIPTION" text[] NOT NULL, CONSTRAINT "PK_POST_ID" PRIMARY KEY ("ID"), CONSTRAINT "UK_POST_NAME" UNIQUE ("NAME") ) [42001-220]
		at org.h2.message.DbException.getJdbcSQLException(DbException.java:514)
		at org.h2.message.DbException.getJdbcSQLException(DbException.java:489)
		at org.h2.message.DbException.getSyntaxError(DbException.java:261)
		at org.h2.command.Parser.getSyntaxError(Parser.java:910)
		at org.h2.command.Parser.read(Parser.java:5793)
		at org.h2.command.Parser.readIfMore(Parser.java:1312)
		at org.h2.command.Parser.parseCreateTable(Parser.java:9437)
		at org.h2.command.Parser.parseCreate(Parser.java:6905)
		at org.h2.command.Parser.parsePrepared(Parser.java:771)
		at org.h2.command.Parser.parse(Parser.java:697)
		at org.h2.command.Parser.parse(Parser.java:674)
		at org.h2.command.Parser.prepareCommand(Parser.java:577)
		at org.h2.engine.SessionLocal.prepareLocal(SessionLocal.java:634)
		at org.h2.engine.SessionLocal.prepareCommand(SessionLocal.java:557)
		at org.h2.jdbc.JdbcConnection.prepareCommand(JdbcConnection.java:1116)
		at org.h2.jdbc.JdbcStatement.executeInternal(JdbcStatement.java:237)
		at org.h2.jdbc.JdbcStatement.execute(JdbcStatement.java:223)
		at org.springframework.jdbc.datasource.init.ScriptUtils.executeSqlScript(ScriptUtils.java:261)
		... 65 more
19-Jan-2025 19:15:49.387 SEVERE [main] org.apache.catalina.core.StandardContext.loadOnStartup Servlet [dispatcher] in web application [/blog] threw load() exception
	org.h2.jdbc.JdbcSQLSyntaxErrorException: Синтаксическая ошибка в выражении SQL "CREATE TABLE IF NOT EXISTS ""POST"" ( ""ID"" INTEGER GENERATED BY DEFAULT AS IDENTITY, ""NAME"" varchar(64) NOT NULL, ""IMAGE_URL"" varchar(512) NOT NULL, ""DESCRIPTION"" text[*][] NOT NULL, CONSTRAINT ""PK_POST_ID"" PRIMARY KEY (""ID""), CONSTRAINT ""UK_POST_NAME"" UNIQUE (""NAME"") )"; ожидалось "(, ARRAY, INVISIBLE, VISIBLE, NOT NULL, NULL, AS, DEFAULT, GENERATED, ON UPDATE, NOT NULL, NULL, AUTO_INCREMENT, DEFAULT ON NULL, NULL_TO_DEFAULT, SEQUENCE, SELECTIVITY, COMMENT, CONSTRAINT, COMMENT, PRIMARY KEY, UNIQUE, NOT NULL, NULL, CHECK, REFERENCES, AUTO_INCREMENT, ,, )"
Syntax error in SQL statement "CREATE TABLE IF NOT EXISTS ""POST"" ( ""ID"" INTEGER GENERATED BY DEFAULT AS IDENTITY, ""NAME"" varchar(64) NOT NULL, ""IMAGE_URL"" varchar(512) NOT NULL, ""DESCRIPTION"" text[*][] NOT NULL, CONSTRAINT ""PK_POST_ID"" PRIMARY KEY (""ID""), CONSTRAINT ""UK_POST_NAME"" UNIQUE (""NAME"") )"; expected "(, ARRAY, INVISIBLE, VISIBLE, NOT NULL, NULL, AS, DEFAULT, GENERATED, ON UPDATE, NOT NULL, NULL, AUTO_INCREMENT, DEFAULT ON NULL, NULL_TO_DEFAULT, SEQUENCE, SELECTIVITY, COMMENT, CONSTRAINT, COMMENT, PRIMARY KEY, UNIQUE, NOT NULL, NULL, CHECK, REFERENCES, AUTO_INCREMENT, ,, )"; SQL statement:
CREATE TABLE IF NOT EXISTS "POST" ( "ID" INTEGER GENERATED BY DEFAULT AS IDENTITY, "NAME" varchar(64) NOT NULL, "IMAGE_URL" varchar(512) NOT NULL, "DESCRIPTION" text[] NOT NULL, CONSTRAINT "PK_POST_ID" PRIMARY KEY ("ID"), CONSTRAINT "UK_POST_NAME" UNIQUE ("NAME") ) [42001-220]
		at org.h2.message.DbException.getJdbcSQLException(DbException.java:514)
		at org.h2.message.DbException.getJdbcSQLException(DbException.java:489)
		at org.h2.message.DbException.getSyntaxError(DbException.java:261)
		at org.h2.command.Parser.getSyntaxError(Parser.java:910)
		at org.h2.command.Parser.read(Parser.java:5793)
		at org.h2.command.Parser.readIfMore(Parser.java:1312)
		at org.h2.command.Parser.parseCreateTable(Parser.java:9437)
		at org.h2.command.Parser.parseCreate(Parser.java:6905)
		at org.h2.command.Parser.parsePrepared(Parser.java:771)
		at org.h2.command.Parser.parse(Parser.java:697)
		at org.h2.command.Parser.parse(Parser.java:674)
		at org.h2.command.Parser.prepareCommand(Parser.java:577)
		at org.h2.engine.SessionLocal.prepareLocal(SessionLocal.java:634)
		at org.h2.engine.SessionLocal.prepareCommand(SessionLocal.java:557)
		at org.h2.jdbc.JdbcConnection.prepareCommand(JdbcConnection.java:1116)
		at org.h2.jdbc.JdbcStatement.executeInternal(JdbcStatement.java:237)
		at org.h2.jdbc.JdbcStatement.execute(JdbcStatement.java:223)
		at org.springframework.jdbc.datasource.init.ScriptUtils.executeSqlScript(ScriptUtils.java:261)
		at org.springframework.jdbc.datasource.init.ResourceDatabasePopulator.populate(ResourceDatabasePopulator.java:254)
		at org.springframework.jdbc.datasource.init.DatabasePopulatorUtils.execute(DatabasePopulatorUtils.java:54)
		at org.springframework.jdbc.datasource.init.ResourceDatabasePopulator.execute(ResourceDatabasePopulator.java:269)
		at ru.yandex.practicum.configuration.DataSourceConfiguration.populate(DataSourceConfiguration.java:45)
		at java.base/jdk.internal.reflect.DirectMethodHandleAccessor.invoke(DirectMethodHandleAccessor.java:103)
		at java.base/java.lang.reflect.Method.invoke(Method.java:580)
		at org.springframework.context.event.ApplicationListenerMethodAdapter.doInvoke(ApplicationListenerMethodAdapter.java:382)
		at org.springframework.context.event.ApplicationListenerMethodAdapter.processEvent(ApplicationListenerMethodAdapter.java:254)
		at org.springframework.context.event.ApplicationListenerMethodAdapter.onApplicationEvent(ApplicationListenerMethodAdapter.java:173)
		at org.springframework.context.event.SimpleApplicationEventMulticaster.doInvokeListener(SimpleApplicationEventMulticaster.java:185)
		at org.springframework.context.event.SimpleApplicationEventMulticaster.invokeListener(SimpleApplicationEventMulticaster.java:178)
		at org.springframework.context.event.SimpleApplicationEventMulticaster.multicastEvent(SimpleApplicationEventMulticaster.java:156)
		at org.springframework.context.support.AbstractApplicationContext.publishEvent(AbstractApplicationContext.java:454)
		at org.springframework.context.support.AbstractApplicationContext.publishEvent(AbstractApplicationContext.java:387)
		at org.springframework.context.support.AbstractApplicationContext.finishRefresh(AbstractApplicationContext.java:1009)
		at org.springframework.context.support.AbstractApplicationContext.refresh(AbstractApplicationContext.java:630)
		at org.springframework.web.servlet.FrameworkServlet.configureAndRefreshWebApplicationContext(FrameworkServlet.java:706)
		at org.springframework.web.servlet.FrameworkServlet.createWebApplicationContext(FrameworkServlet.java:672)
		at org.springframework.web.servlet.FrameworkServlet.createWebApplicationContext(FrameworkServlet.java:720)
		at org.springframework.web.servlet.FrameworkServlet.initWebApplicationContext(FrameworkServlet.java:595)
		at org.springframework.web.servlet.FrameworkServlet.initServletBean(FrameworkServlet.java:537)
		at org.springframework.web.servlet.HttpServletBean.init(HttpServletBean.java:169)
		at jakarta.servlet.GenericServlet.init(GenericServlet.java:143)
		at jakarta.servlet.http.HttpServlet.init(HttpServlet.java:122)
		at org.apache.catalina.core.StandardWrapper.initServlet(StandardWrapper.java:817)
		at org.apache.catalina.core.StandardWrapper.loadServlet(StandardWrapper.java:787)
		at org.apache.catalina.core.StandardWrapper.load(StandardWrapper.java:691)
		at org.apache.catalina.core.StandardContext.loadOnStartup(StandardContext.java:4153)
		at org.apache.catalina.core.StandardContext.startInternal(StandardContext.java:4437)
		at org.apache.catalina.util.LifecycleBase.start(LifecycleBase.java:164)
		at org.apache.catalina.core.ContainerBase.addChild(ContainerBase.java:566)
		at org.apache.catalina.core.StandardHost.addChild(StandardHost.java:653)
		at org.apache.catalina.startup.HostConfig.deployWAR(HostConfig.java:933)
		at org.apache.catalina.startup.HostConfig$DeployWar.run(HostConfig.java:1875)
		at java.base/java.util.concurrent.Executors$RunnableAdapter.call(Executors.java:572)
		at java.base/java.util.concurrent.FutureTask.run(FutureTask.java:317)
		at org.apache.tomcat.util.threads.InlineExecutorService.execute(InlineExecutorService.java:75)
		at java.base/java.util.concurrent.AbstractExecutorService.submit(AbstractExecutorService.java:123)
		at org.apache.catalina.startup.HostConfig.deployWARs(HostConfig.java:735)
		at org.apache.catalina.startup.HostConfig.deployApps(HostConfig.java:387)
		at org.apache.catalina.startup.HostConfig.start(HostConfig.java:1593)
		at org.apache.catalina.startup.HostConfig.lifecycleEvent(HostConfig.java:267)
		at org.apache.catalina.util.LifecycleBase.fireLifecycleEvent(LifecycleBase.java:109)
		at org.apache.catalina.util.LifecycleBase.setStateInternal(LifecycleBase.java:389)
		at org.apache.catalina.util.LifecycleBase.setState(LifecycleBase.java:336)
		at org.apache.catalina.core.ContainerBase.startInternal(ContainerBase.java:743)
		at org.apache.catalina.core.StandardHost.startInternal(StandardHost.java:771)
		at org.apache.catalina.util.LifecycleBase.start(LifecycleBase.java:164)
		at org.apache.catalina.core.ContainerBase$StartChild.call(ContainerBase.java:1170)
		at org.apache.catalina.core.ContainerBase$StartChild.call(ContainerBase.java:1160)
		at java.base/java.util.concurrent.FutureTask.run(FutureTask.java:317)
		at org.apache.tomcat.util.threads.InlineExecutorService.execute(InlineExecutorService.java:75)
		at java.base/java.util.concurrent.AbstractExecutorService.submit(AbstractExecutorService.java:145)
		at org.apache.catalina.core.ContainerBase.startInternal(ContainerBase.java:716)
		at org.apache.catalina.core.StandardEngine.startInternal(StandardEngine.java:203)
		at org.apache.catalina.util.LifecycleBase.start(LifecycleBase.java:164)
		at org.apache.catalina.core.StandardService.startInternal(StandardService.java:415)
		at org.apache.catalina.util.LifecycleBase.start(LifecycleBase.java:164)
		at org.apache.catalina.core.StandardServer.startInternal(StandardServer.java:866)
		at org.apache.catalina.util.LifecycleBase.start(LifecycleBase.java:164)
		at org.apache.catalina.startup.Catalina.start(Catalina.java:759)
		at java.base/jdk.internal.reflect.DirectMethodHandleAccessor.invoke(DirectMethodHandleAccessor.java:103)
		at java.base/java.lang.reflect.Method.invoke(Method.java:580)
		at org.apache.catalina.startup.Bootstrap.start(Bootstrap.java:342)
		at org.apache.catalina.startup.Bootstrap.main(Bootstrap.java:470)
19-Jan-2025 19:15:49.722 INFO [main] org.apache.catalina.core.ApplicationContext.log ContextListener: contextInitialized()
19-Jan-2025 19:15:49.722 INFO [main] org.apache.catalina.core.ApplicationContext.log SessionListener: contextInitialized()
19-Jan-2025 19:15:49.723 INFO [main] org.apache.catalina.core.ApplicationContext.log ContextListener: attributeAdded('StockTicker', 'async.Stockticker@66ab3716')
19-Jan-2025 19:15:50.915 INFO [http-nio-8080-exec-1] org.apache.catalina.core.ApplicationContext.log Initializing Spring DispatcherServlet 'dispatcher'
19-Jan-2025 19:15:51.130 SEVERE [http-nio-8080-exec-1] org.apache.catalina.core.ApplicationContext.log Servlet.init() для сервлета [dispatcher] выбросил исключение
	org.springframework.jdbc.datasource.init.ScriptStatementFailedException: Failed to execute SQL script statement #1 of class path resource [schema.sql]: CREATE TABLE IF NOT EXISTS "POST" ( "ID" INTEGER GENERATED BY DEFAULT AS IDENTITY, "NAME" varchar(64) NOT NULL, "IMAGE_URL" varchar(512) NOT NULL, "DESCRIPTION" text[] NOT NULL, CONSTRAINT "PK_POST_ID" PRIMARY KEY ("ID"), CONSTRAINT "UK_POST_NAME" UNIQUE ("NAME") )
		at org.springframework.jdbc.datasource.init.ScriptUtils.executeSqlScript(ScriptUtils.java:282)
		at org.springframework.jdbc.datasource.init.ResourceDatabasePopulator.populate(ResourceDatabasePopulator.java:254)
		at org.springframework.jdbc.datasource.init.DatabasePopulatorUtils.execute(DatabasePopulatorUtils.java:54)
		at org.springframework.jdbc.datasource.init.ResourceDatabasePopulator.execute(ResourceDatabasePopulator.java:269)
		at ru.yandex.practicum.configuration.DataSourceConfiguration.populate(DataSourceConfiguration.java:45)
		at java.base/jdk.internal.reflect.DirectMethodHandleAccessor.invoke(DirectMethodHandleAccessor.java:103)
		at java.base/java.lang.reflect.Method.invoke(Method.java:580)
		at org.springframework.context.event.ApplicationListenerMethodAdapter.doInvoke(ApplicationListenerMethodAdapter.java:382)
		at org.springframework.context.event.ApplicationListenerMethodAdapter.processEvent(ApplicationListenerMethodAdapter.java:254)
		at org.springframework.context.event.ApplicationListenerMethodAdapter.onApplicationEvent(ApplicationListenerMethodAdapter.java:173)
		at org.springframework.context.event.SimpleApplicationEventMulticaster.doInvokeListener(SimpleApplicationEventMulticaster.java:185)
		at org.springframework.context.event.SimpleApplicationEventMulticaster.invokeListener(SimpleApplicationEventMulticaster.java:178)
		at org.springframework.context.event.SimpleApplicationEventMulticaster.multicastEvent(SimpleApplicationEventMulticaster.java:156)
		at org.springframework.context.support.AbstractApplicationContext.publishEvent(AbstractApplicationContext.java:454)
		at org.springframework.context.support.AbstractApplicationContext.publishEvent(AbstractApplicationContext.java:387)
		at org.springframework.context.support.AbstractApplicationContext.finishRefresh(AbstractApplicationContext.java:1009)
		at org.springframework.context.support.AbstractApplicationContext.refresh(AbstractApplicationContext.java:630)
		at org.springframework.web.servlet.FrameworkServlet.configureAndRefreshWebApplicationContext(FrameworkServlet.java:706)
		at org.springframework.web.servlet.FrameworkServlet.createWebApplicationContext(FrameworkServlet.java:672)
		at org.springframework.web.servlet.FrameworkServlet.createWebApplicationContext(FrameworkServlet.java:720)
		at org.springframework.web.servlet.FrameworkServlet.initWebApplicationContext(FrameworkServlet.java:595)
		at org.springframework.web.servlet.FrameworkServlet.initServletBean(FrameworkServlet.java:537)
		at org.springframework.web.servlet.HttpServletBean.init(HttpServletBean.java:169)
		at jakarta.servlet.GenericServlet.init(GenericServlet.java:143)
		at jakarta.servlet.http.HttpServlet.init(HttpServlet.java:122)
		at org.apache.catalina.core.StandardWrapper.initServlet(StandardWrapper.java:817)
		at org.apache.catalina.core.StandardWrapper.loadServlet(StandardWrapper.java:787)
		at org.apache.catalina.core.StandardWrapper.allocate(StandardWrapper.java:568)
		at org.apache.catalina.core.StandardWrapperValve.invoke(StandardWrapperValve.java:115)
		at org.apache.catalina.core.StandardContextValve.invoke(StandardContextValve.java:79)
		at org.apache.catalina.authenticator.AuthenticatorBase.invoke(AuthenticatorBase.java:483)
		at org.apache.catalina.core.StandardHostValve.invoke(StandardHostValve.java:115)
		at org.apache.catalina.valves.ErrorReportValve.invoke(ErrorReportValve.java:93)
		at org.apache.catalina.valves.AbstractAccessLogValve.invoke(AbstractAccessLogValve.java:663)
		at org.apache.catalina.core.StandardEngineValve.invoke(StandardEngineValve.java:74)
		at org.apache.catalina.connector.CoyoteAdapter.service(CoyoteAdapter.java:342)
		at org.apache.coyote.http11.Http11Processor.service(Http11Processor.java:395)
		at org.apache.coyote.AbstractProcessorLight.process(AbstractProcessorLight.java:63)
		at org.apache.coyote.AbstractProtocol$ConnectionHandler.process(AbstractProtocol.java:905)
		at org.apache.tomcat.util.net.NioEndpoint$SocketProcessor.doRun(NioEndpoint.java:1746)
		at org.apache.tomcat.util.net.SocketProcessorBase.run(SocketProcessorBase.java:52)
		at org.apache.tomcat.util.threads.ThreadPoolExecutor.runWorker(ThreadPoolExecutor.java:1148)
		at org.apache.tomcat.util.threads.ThreadPoolExecutor$Worker.run(ThreadPoolExecutor.java:636)
		at org.apache.tomcat.util.threads.TaskThread$WrappingRunnable.run(TaskThread.java:63)
		at java.base/java.lang.Thread.run(Thread.java:1583)
	Caused by: org.h2.jdbc.JdbcSQLSyntaxErrorException: Синтаксическая ошибка в выражении SQL "CREATE TABLE IF NOT EXISTS ""POST"" ( ""ID"" INTEGER GENERATED BY DEFAULT AS IDENTITY, ""NAME"" varchar(64) NOT NULL, ""IMAGE_URL"" varchar(512) NOT NULL, ""DESCRIPTION"" text[*][] NOT NULL, CONSTRAINT ""PK_POST_ID"" PRIMARY KEY (""ID""), CONSTRAINT ""UK_POST_NAME"" UNIQUE (""NAME"") )"; ожидалось "(, ARRAY, INVISIBLE, VISIBLE, NOT NULL, NULL, AS, DEFAULT, GENERATED, ON UPDATE, NOT NULL, NULL, AUTO_INCREMENT, DEFAULT ON NULL, NULL_TO_DEFAULT, SEQUENCE, SELECTIVITY, COMMENT, CONSTRAINT, COMMENT, PRIMARY KEY, UNIQUE, NOT NULL, NULL, CHECK, REFERENCES, AUTO_INCREMENT, ,, )"
Syntax error in SQL statement "CREATE TABLE IF NOT EXISTS ""POST"" ( ""ID"" INTEGER GENERATED BY DEFAULT AS IDENTITY, ""NAME"" varchar(64) NOT NULL, ""IMAGE_URL"" varchar(512) NOT NULL, ""DESCRIPTION"" text[*][] NOT NULL, CONSTRAINT ""PK_POST_ID"" PRIMARY KEY (""ID""), CONSTRAINT ""UK_POST_NAME"" UNIQUE (""NAME"") )"; expected "(, ARRAY, INVISIBLE, VISIBLE, NOT NULL, NULL, AS, DEFAULT, GENERATED, ON UPDATE, NOT NULL, NULL, AUTO_INCREMENT, DEFAULT ON NULL, NULL_TO_DEFAULT, SEQUENCE, SELECTIVITY, COMMENT, CONSTRAINT, COMMENT, PRIMARY KEY, UNIQUE, NOT NULL, NULL, CHECK, REFERENCES, AUTO_INCREMENT, ,, )"; SQL statement:
CREATE TABLE IF NOT EXISTS "POST" ( "ID" INTEGER GENERATED BY DEFAULT AS IDENTITY, "NAME" varchar(64) NOT NULL, "IMAGE_URL" varchar(512) NOT NULL, "DESCRIPTION" text[] NOT NULL, CONSTRAINT "PK_POST_ID" PRIMARY KEY ("ID"), CONSTRAINT "UK_POST_NAME" UNIQUE ("NAME") ) [42001-220]
		at org.h2.message.DbException.getJdbcSQLException(DbException.java:514)
		at org.h2.message.DbException.getJdbcSQLException(DbException.java:489)
		at org.h2.message.DbException.getSyntaxError(DbException.java:261)
		at org.h2.command.Parser.getSyntaxError(Parser.java:910)
		at org.h2.command.Parser.read(Parser.java:5793)
		at org.h2.command.Parser.readIfMore(Parser.java:1312)
		at org.h2.command.Parser.parseCreateTable(Parser.java:9437)
		at org.h2.command.Parser.parseCreate(Parser.java:6905)
		at org.h2.command.Parser.parsePrepared(Parser.java:771)
		at org.h2.command.Parser.parse(Parser.java:697)
		at org.h2.command.Parser.parse(Parser.java:674)
		at org.h2.command.Parser.prepareCommand(Parser.java:577)
		at org.h2.engine.SessionLocal.prepareLocal(SessionLocal.java:634)
		at org.h2.engine.SessionLocal.prepareCommand(SessionLocal.java:557)
		at org.h2.jdbc.JdbcConnection.prepareCommand(JdbcConnection.java:1116)
		at org.h2.jdbc.JdbcStatement.executeInternal(JdbcStatement.java:237)
		at org.h2.jdbc.JdbcStatement.execute(JdbcStatement.java:223)
		at org.springframework.jdbc.datasource.init.ScriptUtils.executeSqlScript(ScriptUtils.java:261)
		... 44 more
19-Jan-2025 19:15:51.131 SEVERE [http-nio-8080-exec-1] org.apache.catalina.core.StandardWrapperValve.invoke Ошибка выделения для сервлета [dispatcher]
	org.h2.jdbc.JdbcSQLSyntaxErrorException: Синтаксическая ошибка в выражении SQL "CREATE TABLE IF NOT EXISTS ""POST"" ( ""ID"" INTEGER GENERATED BY DEFAULT AS IDENTITY, ""NAME"" varchar(64) NOT NULL, ""IMAGE_URL"" varchar(512) NOT NULL, ""DESCRIPTION"" text[*][] NOT NULL, CONSTRAINT ""PK_POST_ID"" PRIMARY KEY (""ID""), CONSTRAINT ""UK_POST_NAME"" UNIQUE (""NAME"") )"; ожидалось "(, ARRAY, INVISIBLE, VISIBLE, NOT NULL, NULL, AS, DEFAULT, GENERATED, ON UPDATE, NOT NULL, NULL, AUTO_INCREMENT, DEFAULT ON NULL, NULL_TO_DEFAULT, SEQUENCE, SELECTIVITY, COMMENT, CONSTRAINT, COMMENT, PRIMARY KEY, UNIQUE, NOT NULL, NULL, CHECK, REFERENCES, AUTO_INCREMENT, ,, )"
Syntax error in SQL statement "CREATE TABLE IF NOT EXISTS ""POST"" ( ""ID"" INTEGER GENERATED BY DEFAULT AS IDENTITY, ""NAME"" varchar(64) NOT NULL, ""IMAGE_URL"" varchar(512) NOT NULL, ""DESCRIPTION"" text[*][] NOT NULL, CONSTRAINT ""PK_POST_ID"" PRIMARY KEY (""ID""), CONSTRAINT ""UK_POST_NAME"" UNIQUE (""NAME"") )"; expected "(, ARRAY, INVISIBLE, VISIBLE, NOT NULL, NULL, AS, DEFAULT, GENERATED, ON UPDATE, NOT NULL, NULL, AUTO_INCREMENT, DEFAULT ON NULL, NULL_TO_DEFAULT, SEQUENCE, SELECTIVITY, COMMENT, CONSTRAINT, COMMENT, PRIMARY KEY, UNIQUE, NOT NULL, NULL, CHECK, REFERENCES, AUTO_INCREMENT, ,, )"; SQL statement:
CREATE TABLE IF NOT EXISTS "POST" ( "ID" INTEGER GENERATED BY DEFAULT AS IDENTITY, "NAME" varchar(64) NOT NULL, "IMAGE_URL" varchar(512) NOT NULL, "DESCRIPTION" text[] NOT NULL, CONSTRAINT "PK_POST_ID" PRIMARY KEY ("ID"), CONSTRAINT "UK_POST_NAME" UNIQUE ("NAME") ) [42001-220]
		at org.h2.message.DbException.getJdbcSQLException(DbException.java:514)
		at org.h2.message.DbException.getJdbcSQLException(DbException.java:489)
		at org.h2.message.DbException.getSyntaxError(DbException.java:261)
		at org.h2.command.Parser.getSyntaxError(Parser.java:910)
		at org.h2.command.Parser.read(Parser.java:5793)
		at org.h2.command.Parser.readIfMore(Parser.java:1312)
		at org.h2.command.Parser.parseCreateTable(Parser.java:9437)
		at org.h2.command.Parser.parseCreate(Parser.java:6905)
		at org.h2.command.Parser.parsePrepared(Parser.java:771)
		at org.h2.command.Parser.parse(Parser.java:697)
		at org.h2.command.Parser.parse(Parser.java:674)
		at org.h2.command.Parser.prepareCommand(Parser.java:577)
		at org.h2.engine.SessionLocal.prepareLocal(SessionLocal.java:634)
		at org.h2.engine.SessionLocal.prepareCommand(SessionLocal.java:557)
		at org.h2.jdbc.JdbcConnection.prepareCommand(JdbcConnection.java:1116)
		at org.h2.jdbc.JdbcStatement.executeInternal(JdbcStatement.java:237)
		at org.h2.jdbc.JdbcStatement.execute(JdbcStatement.java:223)
		at org.springframework.jdbc.datasource.init.ScriptUtils.executeSqlScript(ScriptUtils.java:261)
		at org.springframework.jdbc.datasource.init.ResourceDatabasePopulator.populate(ResourceDatabasePopulator.java:254)
		at org.springframework.jdbc.datasource.init.DatabasePopulatorUtils.execute(DatabasePopulatorUtils.java:54)
		at org.springframework.jdbc.datasource.init.ResourceDatabasePopulator.execute(ResourceDatabasePopulator.java:269)
		at ru.yandex.practicum.configuration.DataSourceConfiguration.populate(DataSourceConfiguration.java:45)
		at java.base/jdk.internal.reflect.DirectMethodHandleAccessor.invoke(DirectMethodHandleAccessor.java:103)
		at java.base/java.lang.reflect.Method.invoke(Method.java:580)
		at org.springframework.context.event.ApplicationListenerMethodAdapter.doInvoke(ApplicationListenerMethodAdapter.java:382)
		at org.springframework.context.event.ApplicationListenerMethodAdapter.processEvent(ApplicationListenerMethodAdapter.java:254)
		at org.springframework.context.event.ApplicationListenerMethodAdapter.onApplicationEvent(ApplicationListenerMethodAdapter.java:173)
		at org.springframework.context.event.SimpleApplicationEventMulticaster.doInvokeListener(SimpleApplicationEventMulticaster.java:185)
		at org.springframework.context.event.SimpleApplicationEventMulticaster.invokeListener(SimpleApplicationEventMulticaster.java:178)
		at org.springframework.context.event.SimpleApplicationEventMulticaster.multicastEvent(SimpleApplicationEventMulticaster.java:156)
		at org.springframework.context.support.AbstractApplicationContext.publishEvent(AbstractApplicationContext.java:454)
		at org.springframework.context.support.AbstractApplicationContext.publishEvent(AbstractApplicationContext.java:387)
		at org.springframework.context.support.AbstractApplicationContext.finishRefresh(AbstractApplicationContext.java:1009)
		at org.springframework.context.support.AbstractApplicationContext.refresh(AbstractApplicationContext.java:630)
		at org.springframework.web.servlet.FrameworkServlet.configureAndRefreshWebApplicationContext(FrameworkServlet.java:706)
		at org.springframework.web.servlet.FrameworkServlet.createWebApplicationContext(FrameworkServlet.java:672)
		at org.springframework.web.servlet.FrameworkServlet.createWebApplicationContext(FrameworkServlet.java:720)
		at org.springframework.web.servlet.FrameworkServlet.initWebApplicationContext(FrameworkServlet.java:595)
		at org.springframework.web.servlet.FrameworkServlet.initServletBean(FrameworkServlet.java:537)
		at org.springframework.web.servlet.HttpServletBean.init(HttpServletBean.java:169)
		at jakarta.servlet.GenericServlet.init(GenericServlet.java:143)
		at jakarta.servlet.http.HttpServlet.init(HttpServlet.java:122)
		at org.apache.catalina.core.StandardWrapper.initServlet(StandardWrapper.java:817)
		at org.apache.catalina.core.StandardWrapper.loadServlet(StandardWrapper.java:787)
		at org.apache.catalina.core.StandardWrapper.allocate(StandardWrapper.java:568)
		at org.apache.catalina.core.StandardWrapperValve.invoke(StandardWrapperValve.java:115)
		at org.apache.catalina.core.StandardContextValve.invoke(StandardContextValve.java:79)
		at org.apache.catalina.authenticator.AuthenticatorBase.invoke(AuthenticatorBase.java:483)
		at org.apache.catalina.core.StandardHostValve.invoke(StandardHostValve.java:115)
		at org.apache.catalina.valves.ErrorReportValve.invoke(ErrorReportValve.java:93)
		at org.apache.catalina.valves.AbstractAccessLogValve.invoke(AbstractAccessLogValve.java:663)
		at org.apache.catalina.core.StandardEngineValve.invoke(StandardEngineValve.java:74)
		at org.apache.catalina.connector.CoyoteAdapter.service(CoyoteAdapter.java:342)
		at org.apache.coyote.http11.Http11Processor.service(Http11Processor.java:395)
		at org.apache.coyote.AbstractProcessorLight.process(AbstractProcessorLight.java:63)
		at org.apache.coyote.AbstractProtocol$ConnectionHandler.process(AbstractProtocol.java:905)
		at org.apache.tomcat.util.net.NioEndpoint$SocketProcessor.doRun(NioEndpoint.java:1746)
		at org.apache.tomcat.util.net.SocketProcessorBase.run(SocketProcessorBase.java:52)
		at org.apache.tomcat.util.threads.ThreadPoolExecutor.runWorker(ThreadPoolExecutor.java:1148)
		at org.apache.tomcat.util.threads.ThreadPoolExecutor$Worker.run(ThreadPoolExecutor.java:636)
		at org.apache.tomcat.util.threads.TaskThread$WrappingRunnable.run(TaskThread.java:63)
		at java.base/java.lang.Thread.run(Thread.java:1583)
19-Jan-2025 19:24:17.166 INFO [main] org.apache.catalina.core.ApplicationContext.log SessionListener: contextDestroyed()
19-Jan-2025 19:24:17.166 INFO [main] org.apache.catalina.core.ApplicationContext.log ContextListener: contextDestroyed()
19-Jan-2025 19:24:28.045 INFO [main] org.apache.catalina.core.ApplicationContext.log No Spring WebApplicationInitializer types detected on classpath
19-Jan-2025 19:24:28.196 INFO [main] org.apache.catalina.core.ApplicationContext.log Initializing Spring DispatcherServlet 'dispatcher'
19-Jan-2025 19:24:29.346 SEVERE [main] org.apache.catalina.core.ApplicationContext.log Servlet.init() для сервлета [dispatcher] выбросил исключение
	org.springframework.jdbc.datasource.init.ScriptStatementFailedException: Failed to execute SQL script statement #1 of class path resource [schema.sql]: create table if not exists post( id integer generated by default as identity, name varchar(64) not null, image_url varchar(512) not null, description text[] not null, constraint pk_post_id primary key (id), constraint uk_post_name unique (name) )
		at org.springframework.jdbc.datasource.init.ScriptUtils.executeSqlScript(ScriptUtils.java:282)
		at org.springframework.jdbc.datasource.init.ResourceDatabasePopulator.populate(ResourceDatabasePopulator.java:254)
		at org.springframework.jdbc.datasource.init.DatabasePopulatorUtils.execute(DatabasePopulatorUtils.java:54)
		at org.springframework.jdbc.datasource.init.ResourceDatabasePopulator.execute(ResourceDatabasePopulator.java:269)
		at ru.yandex.practicum.configuration.DataSourceConfiguration.populate(DataSourceConfiguration.java:45)
		at java.base/jdk.internal.reflect.DirectMethodHandleAccessor.invoke(DirectMethodHandleAccessor.java:103)
		at java.base/java.lang.reflect.Method.invoke(Method.java:580)
		at org.springframework.context.event.ApplicationListenerMethodAdapter.doInvoke(ApplicationListenerMethodAdapter.java:382)
		at org.springframework.context.event.ApplicationListenerMethodAdapter.processEvent(ApplicationListenerMethodAdapter.java:254)
		at org.springframework.context.event.ApplicationListenerMethodAdapter.onApplicationEvent(ApplicationListenerMethodAdapter.java:173)
		at org.springframework.context.event.SimpleApplicationEventMulticaster.doInvokeListener(SimpleApplicationEventMulticaster.java:185)
		at org.springframework.context.event.SimpleApplicationEventMulticaster.invokeListener(SimpleApplicationEventMulticaster.java:178)
		at org.springframework.context.event.SimpleApplicationEventMulticaster.multicastEvent(SimpleApplicationEventMulticaster.java:156)
		at org.springframework.context.support.AbstractApplicationContext.publishEvent(AbstractApplicationContext.java:454)
		at org.springframework.context.support.AbstractApplicationContext.publishEvent(AbstractApplicationContext.java:387)
		at org.springframework.context.support.AbstractApplicationContext.finishRefresh(AbstractApplicationContext.java:1009)
		at org.springframework.context.support.AbstractApplicationContext.refresh(AbstractApplicationContext.java:630)
		at org.springframework.web.servlet.FrameworkServlet.configureAndRefreshWebApplicationContext(FrameworkServlet.java:706)
		at org.springframework.web.servlet.FrameworkServlet.createWebApplicationContext(FrameworkServlet.java:672)
		at org.springframework.web.servlet.FrameworkServlet.createWebApplicationContext(FrameworkServlet.java:720)
		at org.springframework.web.servlet.FrameworkServlet.initWebApplicationContext(FrameworkServlet.java:595)
		at org.springframework.web.servlet.FrameworkServlet.initServletBean(FrameworkServlet.java:537)
		at org.springframework.web.servlet.HttpServletBean.init(HttpServletBean.java:169)
		at jakarta.servlet.GenericServlet.init(GenericServlet.java:143)
		at jakarta.servlet.http.HttpServlet.init(HttpServlet.java:122)
		at org.apache.catalina.core.StandardWrapper.initServlet(StandardWrapper.java:817)
		at org.apache.catalina.core.StandardWrapper.loadServlet(StandardWrapper.java:787)
		at org.apache.catalina.core.StandardWrapper.load(StandardWrapper.java:691)
		at org.apache.catalina.core.StandardContext.loadOnStartup(StandardContext.java:4153)
		at org.apache.catalina.core.StandardContext.startInternal(StandardContext.java:4437)
		at org.apache.catalina.util.LifecycleBase.start(LifecycleBase.java:164)
		at org.apache.catalina.core.ContainerBase.addChild(ContainerBase.java:566)
		at org.apache.catalina.core.StandardHost.addChild(StandardHost.java:653)
		at org.apache.catalina.startup.HostConfig.deployWAR(HostConfig.java:933)
		at org.apache.catalina.startup.HostConfig$DeployWar.run(HostConfig.java:1875)
		at java.base/java.util.concurrent.Executors$RunnableAdapter.call(Executors.java:572)
		at java.base/java.util.concurrent.FutureTask.run(FutureTask.java:317)
		at org.apache.tomcat.util.threads.InlineExecutorService.execute(InlineExecutorService.java:75)
		at java.base/java.util.concurrent.AbstractExecutorService.submit(AbstractExecutorService.java:123)
		at org.apache.catalina.startup.HostConfig.deployWARs(HostConfig.java:735)
		at org.apache.catalina.startup.HostConfig.deployApps(HostConfig.java:387)
		at org.apache.catalina.startup.HostConfig.start(HostConfig.java:1593)
		at org.apache.catalina.startup.HostConfig.lifecycleEvent(HostConfig.java:267)
		at org.apache.catalina.util.LifecycleBase.fireLifecycleEvent(LifecycleBase.java:109)
		at org.apache.catalina.util.LifecycleBase.setStateInternal(LifecycleBase.java:389)
		at org.apache.catalina.util.LifecycleBase.setState(LifecycleBase.java:336)
		at org.apache.catalina.core.ContainerBase.startInternal(ContainerBase.java:743)
		at org.apache.catalina.core.StandardHost.startInternal(StandardHost.java:771)
		at org.apache.catalina.util.LifecycleBase.start(LifecycleBase.java:164)
		at org.apache.catalina.core.ContainerBase$StartChild.call(ContainerBase.java:1170)
		at org.apache.catalina.core.ContainerBase$StartChild.call(ContainerBase.java:1160)
		at java.base/java.util.concurrent.FutureTask.run(FutureTask.java:317)
		at org.apache.tomcat.util.threads.InlineExecutorService.execute(InlineExecutorService.java:75)
		at java.base/java.util.concurrent.AbstractExecutorService.submit(AbstractExecutorService.java:145)
		at org.apache.catalina.core.ContainerBase.startInternal(ContainerBase.java:716)
		at org.apache.catalina.core.StandardEngine.startInternal(StandardEngine.java:203)
		at org.apache.catalina.util.LifecycleBase.start(LifecycleBase.java:164)
		at org.apache.catalina.core.StandardService.startInternal(StandardService.java:415)
		at org.apache.catalina.util.LifecycleBase.start(LifecycleBase.java:164)
		at org.apache.catalina.core.StandardServer.startInternal(StandardServer.java:866)
		at org.apache.catalina.util.LifecycleBase.start(LifecycleBase.java:164)
		at org.apache.catalina.startup.Catalina.start(Catalina.java:759)
		at java.base/jdk.internal.reflect.DirectMethodHandleAccessor.invoke(DirectMethodHandleAccessor.java:103)
		at java.base/java.lang.reflect.Method.invoke(Method.java:580)
		at org.apache.catalina.startup.Bootstrap.start(Bootstrap.java:342)
		at org.apache.catalina.startup.Bootstrap.main(Bootstrap.java:470)
	Caused by: org.h2.jdbc.JdbcSQLSyntaxErrorException: Синтаксическая ошибка в выражении SQL "create table if not exists post( id integer generated by default as identity, name varchar(64) not null, image_url varchar(512) not null, description text[*][] not null, constraint pk_post_id primary key (id), constraint uk_post_name unique (name) )"; ожидалось "(, ARRAY, INVISIBLE, VISIBLE, NOT NULL, NULL, AS, DEFAULT, GENERATED, ON UPDATE, NOT NULL, NULL, AUTO_INCREMENT, DEFAULT ON NULL, NULL_TO_DEFAULT, SEQUENCE, SELECTIVITY, COMMENT, CONSTRAINT, COMMENT, PRIMARY KEY, UNIQUE, NOT NULL, NULL, CHECK, REFERENCES, AUTO_INCREMENT, ,, )"
Syntax error in SQL statement "create table if not exists post( id integer generated by default as identity, name varchar(64) not null, image_url varchar(512) not null, description text[*][] not null, constraint pk_post_id primary key (id), constraint uk_post_name unique (name) )"; expected "(, ARRAY, INVISIBLE, VISIBLE, NOT NULL, NULL, AS, DEFAULT, GENERATED, ON UPDATE, NOT NULL, NULL, AUTO_INCREMENT, DEFAULT ON NULL, NULL_TO_DEFAULT, SEQUENCE, SELECTIVITY, COMMENT, CONSTRAINT, COMMENT, PRIMARY KEY, UNIQUE, NOT NULL, NULL, CHECK, REFERENCES, AUTO_INCREMENT, ,, )"; SQL statement:
create table if not exists post( id integer generated by default as identity, name varchar(64) not null, image_url varchar(512) not null, description text[] not null, constraint pk_post_id primary key (id), constraint uk_post_name unique (name) ) [42001-220]
		at org.h2.message.DbException.getJdbcSQLException(DbException.java:514)
		at org.h2.message.DbException.getJdbcSQLException(DbException.java:489)
		at org.h2.message.DbException.getSyntaxError(DbException.java:261)
		at org.h2.command.Parser.getSyntaxError(Parser.java:910)
		at org.h2.command.Parser.read(Parser.java:5793)
		at org.h2.command.Parser.readIfMore(Parser.java:1312)
		at org.h2.command.Parser.parseCreateTable(Parser.java:9437)
		at org.h2.command.Parser.parseCreate(Parser.java:6905)
		at org.h2.command.Parser.parsePrepared(Parser.java:771)
		at org.h2.command.Parser.parse(Parser.java:697)
		at org.h2.command.Parser.parse(Parser.java:674)
		at org.h2.command.Parser.prepareCommand(Parser.java:577)
		at org.h2.engine.SessionLocal.prepareLocal(SessionLocal.java:634)
		at org.h2.engine.SessionLocal.prepareCommand(SessionLocal.java:557)
		at org.h2.jdbc.JdbcConnection.prepareCommand(JdbcConnection.java:1116)
		at org.h2.jdbc.JdbcStatement.executeInternal(JdbcStatement.java:237)
		at org.h2.jdbc.JdbcStatement.execute(JdbcStatement.java:223)
		at org.springframework.jdbc.datasource.init.ScriptUtils.executeSqlScript(ScriptUtils.java:261)
		... 65 more
19-Jan-2025 19:24:29.346 SEVERE [main] org.apache.catalina.core.StandardContext.loadOnStartup Servlet [dispatcher] in web application [/blog] threw load() exception
	org.h2.jdbc.JdbcSQLSyntaxErrorException: Синтаксическая ошибка в выражении SQL "create table if not exists post( id integer generated by default as identity, name varchar(64) not null, image_url varchar(512) not null, description text[*][] not null, constraint pk_post_id primary key (id), constraint uk_post_name unique (name) )"; ожидалось "(, ARRAY, INVISIBLE, VISIBLE, NOT NULL, NULL, AS, DEFAULT, GENERATED, ON UPDATE, NOT NULL, NULL, AUTO_INCREMENT, DEFAULT ON NULL, NULL_TO_DEFAULT, SEQUENCE, SELECTIVITY, COMMENT, CONSTRAINT, COMMENT, PRIMARY KEY, UNIQUE, NOT NULL, NULL, CHECK, REFERENCES, AUTO_INCREMENT, ,, )"
Syntax error in SQL statement "create table if not exists post( id integer generated by default as identity, name varchar(64) not null, image_url varchar(512) not null, description text[*][] not null, constraint pk_post_id primary key (id), constraint uk_post_name unique (name) )"; expected "(, ARRAY, INVISIBLE, VISIBLE, NOT NULL, NULL, AS, DEFAULT, GENERATED, ON UPDATE, NOT NULL, NULL, AUTO_INCREMENT, DEFAULT ON NULL, NULL_TO_DEFAULT, SEQUENCE, SELECTIVITY, COMMENT, CONSTRAINT, COMMENT, PRIMARY KEY, UNIQUE, NOT NULL, NULL, CHECK, REFERENCES, AUTO_INCREMENT, ,, )"; SQL statement:
create table if not exists post( id integer generated by default as identity, name varchar(64) not null, image_url varchar(512) not null, description text[] not null, constraint pk_post_id primary key (id), constraint uk_post_name unique (name) ) [42001-220]
		at org.h2.message.DbException.getJdbcSQLException(DbException.java:514)
		at org.h2.message.DbException.getJdbcSQLException(DbException.java:489)
		at org.h2.message.DbException.getSyntaxError(DbException.java:261)
		at org.h2.command.Parser.getSyntaxError(Parser.java:910)
		at org.h2.command.Parser.read(Parser.java:5793)
		at org.h2.command.Parser.readIfMore(Parser.java:1312)
		at org.h2.command.Parser.parseCreateTable(Parser.java:9437)
		at org.h2.command.Parser.parseCreate(Parser.java:6905)
		at org.h2.command.Parser.parsePrepared(Parser.java:771)
		at org.h2.command.Parser.parse(Parser.java:697)
		at org.h2.command.Parser.parse(Parser.java:674)
		at org.h2.command.Parser.prepareCommand(Parser.java:577)
		at org.h2.engine.SessionLocal.prepareLocal(SessionLocal.java:634)
		at org.h2.engine.SessionLocal.prepareCommand(SessionLocal.java:557)
		at org.h2.jdbc.JdbcConnection.prepareCommand(JdbcConnection.java:1116)
		at org.h2.jdbc.JdbcStatement.executeInternal(JdbcStatement.java:237)
		at org.h2.jdbc.JdbcStatement.execute(JdbcStatement.java:223)
		at org.springframework.jdbc.datasource.init.ScriptUtils.executeSqlScript(ScriptUtils.java:261)
		at org.springframework.jdbc.datasource.init.ResourceDatabasePopulator.populate(ResourceDatabasePopulator.java:254)
		at org.springframework.jdbc.datasource.init.DatabasePopulatorUtils.execute(DatabasePopulatorUtils.java:54)
		at org.springframework.jdbc.datasource.init.ResourceDatabasePopulator.execute(ResourceDatabasePopulator.java:269)
		at ru.yandex.practicum.configuration.DataSourceConfiguration.populate(DataSourceConfiguration.java:45)
		at java.base/jdk.internal.reflect.DirectMethodHandleAccessor.invoke(DirectMethodHandleAccessor.java:103)
		at java.base/java.lang.reflect.Method.invoke(Method.java:580)
		at org.springframework.context.event.ApplicationListenerMethodAdapter.doInvoke(ApplicationListenerMethodAdapter.java:382)
		at org.springframework.context.event.ApplicationListenerMethodAdapter.processEvent(ApplicationListenerMethodAdapter.java:254)
		at org.springframework.context.event.ApplicationListenerMethodAdapter.onApplicationEvent(ApplicationListenerMethodAdapter.java:173)
		at org.springframework.context.event.SimpleApplicationEventMulticaster.doInvokeListener(SimpleApplicationEventMulticaster.java:185)
		at org.springframework.context.event.SimpleApplicationEventMulticaster.invokeListener(SimpleApplicationEventMulticaster.java:178)
		at org.springframework.context.event.SimpleApplicationEventMulticaster.multicastEvent(SimpleApplicationEventMulticaster.java:156)
		at org.springframework.context.support.AbstractApplicationContext.publishEvent(AbstractApplicationContext.java:454)
		at org.springframework.context.support.AbstractApplicationContext.publishEvent(AbstractApplicationContext.java:387)
		at org.springframework.context.support.AbstractApplicationContext.finishRefresh(AbstractApplicationContext.java:1009)
		at org.springframework.context.support.AbstractApplicationContext.refresh(AbstractApplicationContext.java:630)
		at org.springframework.web.servlet.FrameworkServlet.configureAndRefreshWebApplicationContext(FrameworkServlet.java:706)
		at org.springframework.web.servlet.FrameworkServlet.createWebApplicationContext(FrameworkServlet.java:672)
		at org.springframework.web.servlet.FrameworkServlet.createWebApplicationContext(FrameworkServlet.java:720)
		at org.springframework.web.servlet.FrameworkServlet.initWebApplicationContext(FrameworkServlet.java:595)
		at org.springframework.web.servlet.FrameworkServlet.initServletBean(FrameworkServlet.java:537)
		at org.springframework.web.servlet.HttpServletBean.init(HttpServletBean.java:169)
		at jakarta.servlet.GenericServlet.init(GenericServlet.java:143)
		at jakarta.servlet.http.HttpServlet.init(HttpServlet.java:122)
		at org.apache.catalina.core.StandardWrapper.initServlet(StandardWrapper.java:817)
		at org.apache.catalina.core.StandardWrapper.loadServlet(StandardWrapper.java:787)
		at org.apache.catalina.core.StandardWrapper.load(StandardWrapper.java:691)
		at org.apache.catalina.core.StandardContext.loadOnStartup(StandardContext.java:4153)
		at org.apache.catalina.core.StandardContext.startInternal(StandardContext.java:4437)
		at org.apache.catalina.util.LifecycleBase.start(LifecycleBase.java:164)
		at org.apache.catalina.core.ContainerBase.addChild(ContainerBase.java:566)
		at org.apache.catalina.core.StandardHost.addChild(StandardHost.java:653)
		at org.apache.catalina.startup.HostConfig.deployWAR(HostConfig.java:933)
		at org.apache.catalina.startup.HostConfig$DeployWar.run(HostConfig.java:1875)
		at java.base/java.util.concurrent.Executors$RunnableAdapter.call(Executors.java:572)
		at java.base/java.util.concurrent.FutureTask.run(FutureTask.java:317)
		at org.apache.tomcat.util.threads.InlineExecutorService.execute(InlineExecutorService.java:75)
		at java.base/java.util.concurrent.AbstractExecutorService.submit(AbstractExecutorService.java:123)
		at org.apache.catalina.startup.HostConfig.deployWARs(HostConfig.java:735)
		at org.apache.catalina.startup.HostConfig.deployApps(HostConfig.java:387)
		at org.apache.catalina.startup.HostConfig.start(HostConfig.java:1593)
		at org.apache.catalina.startup.HostConfig.lifecycleEvent(HostConfig.java:267)
		at org.apache.catalina.util.LifecycleBase.fireLifecycleEvent(LifecycleBase.java:109)
		at org.apache.catalina.util.LifecycleBase.setStateInternal(LifecycleBase.java:389)
		at org.apache.catalina.util.LifecycleBase.setState(LifecycleBase.java:336)
		at org.apache.catalina.core.ContainerBase.startInternal(ContainerBase.java:743)
		at org.apache.catalina.core.StandardHost.startInternal(StandardHost.java:771)
		at org.apache.catalina.util.LifecycleBase.start(LifecycleBase.java:164)
		at org.apache.catalina.core.ContainerBase$StartChild.call(ContainerBase.java:1170)
		at org.apache.catalina.core.ContainerBase$StartChild.call(ContainerBase.java:1160)
		at java.base/java.util.concurrent.FutureTask.run(FutureTask.java:317)
		at org.apache.tomcat.util.threads.InlineExecutorService.execute(InlineExecutorService.java:75)
		at java.base/java.util.concurrent.AbstractExecutorService.submit(AbstractExecutorService.java:145)
		at org.apache.catalina.core.ContainerBase.startInternal(ContainerBase.java:716)
		at org.apache.catalina.core.StandardEngine.startInternal(StandardEngine.java:203)
		at org.apache.catalina.util.LifecycleBase.start(LifecycleBase.java:164)
		at org.apache.catalina.core.StandardService.startInternal(StandardService.java:415)
		at org.apache.catalina.util.LifecycleBase.start(LifecycleBase.java:164)
		at org.apache.catalina.core.StandardServer.startInternal(StandardServer.java:866)
		at org.apache.catalina.util.LifecycleBase.start(LifecycleBase.java:164)
		at org.apache.catalina.startup.Catalina.start(Catalina.java:759)
		at java.base/jdk.internal.reflect.DirectMethodHandleAccessor.invoke(DirectMethodHandleAccessor.java:103)
		at java.base/java.lang.reflect.Method.invoke(Method.java:580)
		at org.apache.catalina.startup.Bootstrap.start(Bootstrap.java:342)
		at org.apache.catalina.startup.Bootstrap.main(Bootstrap.java:470)
19-Jan-2025 19:24:29.610 INFO [main] org.apache.catalina.core.ApplicationContext.log ContextListener: contextInitialized()
19-Jan-2025 19:24:29.610 INFO [main] org.apache.catalina.core.ApplicationContext.log SessionListener: contextInitialized()
19-Jan-2025 19:24:29.611 INFO [main] org.apache.catalina.core.ApplicationContext.log ContextListener: attributeAdded('StockTicker', 'async.Stockticker@4d5d945d')
19-Jan-2025 19:24:31.718 INFO [http-nio-8080-exec-1] org.apache.catalina.core.ApplicationContext.log Initializing Spring DispatcherServlet 'dispatcher'
19-Jan-2025 19:24:31.812 SEVERE [http-nio-8080-exec-1] org.apache.catalina.core.ApplicationContext.log Servlet.init() для сервлета [dispatcher] выбросил исключение
	org.springframework.jdbc.datasource.init.ScriptStatementFailedException: Failed to execute SQL script statement #1 of class path resource [schema.sql]: create table if not exists post( id integer generated by default as identity, name varchar(64) not null, image_url varchar(512) not null, description text[] not null, constraint pk_post_id primary key (id), constraint uk_post_name unique (name) )
		at org.springframework.jdbc.datasource.init.ScriptUtils.executeSqlScript(ScriptUtils.java:282)
		at org.springframework.jdbc.datasource.init.ResourceDatabasePopulator.populate(ResourceDatabasePopulator.java:254)
		at org.springframework.jdbc.datasource.init.DatabasePopulatorUtils.execute(DatabasePopulatorUtils.java:54)
		at org.springframework.jdbc.datasource.init.ResourceDatabasePopulator.execute(ResourceDatabasePopulator.java:269)
		at ru.yandex.practicum.configuration.DataSourceConfiguration.populate(DataSourceConfiguration.java:45)
		at java.base/jdk.internal.reflect.DirectMethodHandleAccessor.invoke(DirectMethodHandleAccessor.java:103)
		at java.base/java.lang.reflect.Method.invoke(Method.java:580)
		at org.springframework.context.event.ApplicationListenerMethodAdapter.doInvoke(ApplicationListenerMethodAdapter.java:382)
		at org.springframework.context.event.ApplicationListenerMethodAdapter.processEvent(ApplicationListenerMethodAdapter.java:254)
		at org.springframework.context.event.ApplicationListenerMethodAdapter.onApplicationEvent(ApplicationListenerMethodAdapter.java:173)
		at org.springframework.context.event.SimpleApplicationEventMulticaster.doInvokeListener(SimpleApplicationEventMulticaster.java:185)
		at org.springframework.context.event.SimpleApplicationEventMulticaster.invokeListener(SimpleApplicationEventMulticaster.java:178)
		at org.springframework.context.event.SimpleApplicationEventMulticaster.multicastEvent(SimpleApplicationEventMulticaster.java:156)
		at org.springframework.context.support.AbstractApplicationContext.publishEvent(AbstractApplicationContext.java:454)
		at org.springframework.context.support.AbstractApplicationContext.publishEvent(AbstractApplicationContext.java:387)
		at org.springframework.context.support.AbstractApplicationContext.finishRefresh(AbstractApplicationContext.java:1009)
		at org.springframework.context.support.AbstractApplicationContext.refresh(AbstractApplicationContext.java:630)
		at org.springframework.web.servlet.FrameworkServlet.configureAndRefreshWebApplicationContext(FrameworkServlet.java:706)
		at org.springframework.web.servlet.FrameworkServlet.createWebApplicationContext(FrameworkServlet.java:672)
		at org.springframework.web.servlet.FrameworkServlet.createWebApplicationContext(FrameworkServlet.java:720)
		at org.springframework.web.servlet.FrameworkServlet.initWebApplicationContext(FrameworkServlet.java:595)
		at org.springframework.web.servlet.FrameworkServlet.initServletBean(FrameworkServlet.java:537)
		at org.springframework.web.servlet.HttpServletBean.init(HttpServletBean.java:169)
		at jakarta.servlet.GenericServlet.init(GenericServlet.java:143)
		at jakarta.servlet.http.HttpServlet.init(HttpServlet.java:122)
		at org.apache.catalina.core.StandardWrapper.initServlet(StandardWrapper.java:817)
		at org.apache.catalina.core.StandardWrapper.loadServlet(StandardWrapper.java:787)
		at org.apache.catalina.core.StandardWrapper.allocate(StandardWrapper.java:568)
		at org.apache.catalina.core.StandardWrapperValve.invoke(StandardWrapperValve.java:115)
		at org.apache.catalina.core.StandardContextValve.invoke(StandardContextValve.java:79)
		at org.apache.catalina.authenticator.AuthenticatorBase.invoke(AuthenticatorBase.java:483)
		at org.apache.catalina.core.StandardHostValve.invoke(StandardHostValve.java:115)
		at org.apache.catalina.valves.ErrorReportValve.invoke(ErrorReportValve.java:93)
		at org.apache.catalina.valves.AbstractAccessLogValve.invoke(AbstractAccessLogValve.java:663)
		at org.apache.catalina.core.StandardEngineValve.invoke(StandardEngineValve.java:74)
		at org.apache.catalina.connector.CoyoteAdapter.service(CoyoteAdapter.java:342)
		at org.apache.coyote.http11.Http11Processor.service(Http11Processor.java:395)
		at org.apache.coyote.AbstractProcessorLight.process(AbstractProcessorLight.java:63)
		at org.apache.coyote.AbstractProtocol$ConnectionHandler.process(AbstractProtocol.java:905)
		at org.apache.tomcat.util.net.NioEndpoint$SocketProcessor.doRun(NioEndpoint.java:1746)
		at org.apache.tomcat.util.net.SocketProcessorBase.run(SocketProcessorBase.java:52)
		at org.apache.tomcat.util.threads.ThreadPoolExecutor.runWorker(ThreadPoolExecutor.java:1148)
		at org.apache.tomcat.util.threads.ThreadPoolExecutor$Worker.run(ThreadPoolExecutor.java:636)
		at org.apache.tomcat.util.threads.TaskThread$WrappingRunnable.run(TaskThread.java:63)
		at java.base/java.lang.Thread.run(Thread.java:1583)
	Caused by: org.h2.jdbc.JdbcSQLSyntaxErrorException: Синтаксическая ошибка в выражении SQL "create table if not exists post( id integer generated by default as identity, name varchar(64) not null, image_url varchar(512) not null, description text[*][] not null, constraint pk_post_id primary key (id), constraint uk_post_name unique (name) )"; ожидалось "(, ARRAY, INVISIBLE, VISIBLE, NOT NULL, NULL, AS, DEFAULT, GENERATED, ON UPDATE, NOT NULL, NULL, AUTO_INCREMENT, DEFAULT ON NULL, NULL_TO_DEFAULT, SEQUENCE, SELECTIVITY, COMMENT, CONSTRAINT, COMMENT, PRIMARY KEY, UNIQUE, NOT NULL, NULL, CHECK, REFERENCES, AUTO_INCREMENT, ,, )"
Syntax error in SQL statement "create table if not exists post( id integer generated by default as identity, name varchar(64) not null, image_url varchar(512) not null, description text[*][] not null, constraint pk_post_id primary key (id), constraint uk_post_name unique (name) )"; expected "(, ARRAY, INVISIBLE, VISIBLE, NOT NULL, NULL, AS, DEFAULT, GENERATED, ON UPDATE, NOT NULL, NULL, AUTO_INCREMENT, DEFAULT ON NULL, NULL_TO_DEFAULT, SEQUENCE, SELECTIVITY, COMMENT, CONSTRAINT, COMMENT, PRIMARY KEY, UNIQUE, NOT NULL, NULL, CHECK, REFERENCES, AUTO_INCREMENT, ,, )"; SQL statement:
create table if not exists post( id integer generated by default as identity, name varchar(64) not null, image_url varchar(512) not null, description text[] not null, constraint pk_post_id primary key (id), constraint uk_post_name unique (name) ) [42001-220]
		at org.h2.message.DbException.getJdbcSQLException(DbException.java:514)
		at org.h2.message.DbException.getJdbcSQLException(DbException.java:489)
		at org.h2.message.DbException.getSyntaxError(DbException.java:261)
		at org.h2.command.Parser.getSyntaxError(Parser.java:910)
		at org.h2.command.Parser.read(Parser.java:5793)
		at org.h2.command.Parser.readIfMore(Parser.java:1312)
		at org.h2.command.Parser.parseCreateTable(Parser.java:9437)
		at org.h2.command.Parser.parseCreate(Parser.java:6905)
		at org.h2.command.Parser.parsePrepared(Parser.java:771)
		at org.h2.command.Parser.parse(Parser.java:697)
		at org.h2.command.Parser.parse(Parser.java:674)
		at org.h2.command.Parser.prepareCommand(Parser.java:577)
		at org.h2.engine.SessionLocal.prepareLocal(SessionLocal.java:634)
		at org.h2.engine.SessionLocal.prepareCommand(SessionLocal.java:557)
		at org.h2.jdbc.JdbcConnection.prepareCommand(JdbcConnection.java:1116)
		at org.h2.jdbc.JdbcStatement.executeInternal(JdbcStatement.java:237)
		at org.h2.jdbc.JdbcStatement.execute(JdbcStatement.java:223)
		at org.springframework.jdbc.datasource.init.ScriptUtils.executeSqlScript(ScriptUtils.java:261)
		... 44 more
19-Jan-2025 19:24:31.812 SEVERE [http-nio-8080-exec-1] org.apache.catalina.core.StandardWrapperValve.invoke Ошибка выделения для сервлета [dispatcher]
	org.h2.jdbc.JdbcSQLSyntaxErrorException: Синтаксическая ошибка в выражении SQL "create table if not exists post( id integer generated by default as identity, name varchar(64) not null, image_url varchar(512) not null, description text[*][] not null, constraint pk_post_id primary key (id), constraint uk_post_name unique (name) )"; ожидалось "(, ARRAY, INVISIBLE, VISIBLE, NOT NULL, NULL, AS, DEFAULT, GENERATED, ON UPDATE, NOT NULL, NULL, AUTO_INCREMENT, DEFAULT ON NULL, NULL_TO_DEFAULT, SEQUENCE, SELECTIVITY, COMMENT, CONSTRAINT, COMMENT, PRIMARY KEY, UNIQUE, NOT NULL, NULL, CHECK, REFERENCES, AUTO_INCREMENT, ,, )"
Syntax error in SQL statement "create table if not exists post( id integer generated by default as identity, name varchar(64) not null, image_url varchar(512) not null, description text[*][] not null, constraint pk_post_id primary key (id), constraint uk_post_name unique (name) )"; expected "(, ARRAY, INVISIBLE, VISIBLE, NOT NULL, NULL, AS, DEFAULT, GENERATED, ON UPDATE, NOT NULL, NULL, AUTO_INCREMENT, DEFAULT ON NULL, NULL_TO_DEFAULT, SEQUENCE, SELECTIVITY, COMMENT, CONSTRAINT, COMMENT, PRIMARY KEY, UNIQUE, NOT NULL, NULL, CHECK, REFERENCES, AUTO_INCREMENT, ,, )"; SQL statement:
create table if not exists post( id integer generated by default as identity, name varchar(64) not null, image_url varchar(512) not null, description text[] not null, constraint pk_post_id primary key (id), constraint uk_post_name unique (name) ) [42001-220]
		at org.h2.message.DbException.getJdbcSQLException(DbException.java:514)
		at org.h2.message.DbException.getJdbcSQLException(DbException.java:489)
		at org.h2.message.DbException.getSyntaxError(DbException.java:261)
		at org.h2.command.Parser.getSyntaxError(Parser.java:910)
		at org.h2.command.Parser.read(Parser.java:5793)
		at org.h2.command.Parser.readIfMore(Parser.java:1312)
		at org.h2.command.Parser.parseCreateTable(Parser.java:9437)
		at org.h2.command.Parser.parseCreate(Parser.java:6905)
		at org.h2.command.Parser.parsePrepared(Parser.java:771)
		at org.h2.command.Parser.parse(Parser.java:697)
		at org.h2.command.Parser.parse(Parser.java:674)
		at org.h2.command.Parser.prepareCommand(Parser.java:577)
		at org.h2.engine.SessionLocal.prepareLocal(SessionLocal.java:634)
		at org.h2.engine.SessionLocal.prepareCommand(SessionLocal.java:557)
		at org.h2.jdbc.JdbcConnection.prepareCommand(JdbcConnection.java:1116)
		at org.h2.jdbc.JdbcStatement.executeInternal(JdbcStatement.java:237)
		at org.h2.jdbc.JdbcStatement.execute(JdbcStatement.java:223)
		at org.springframework.jdbc.datasource.init.ScriptUtils.executeSqlScript(ScriptUtils.java:261)
		at org.springframework.jdbc.datasource.init.ResourceDatabasePopulator.populate(ResourceDatabasePopulator.java:254)
		at org.springframework.jdbc.datasource.init.DatabasePopulatorUtils.execute(DatabasePopulatorUtils.java:54)
		at org.springframework.jdbc.datasource.init.ResourceDatabasePopulator.execute(ResourceDatabasePopulator.java:269)
		at ru.yandex.practicum.configuration.DataSourceConfiguration.populate(DataSourceConfiguration.java:45)
		at java.base/jdk.internal.reflect.DirectMethodHandleAccessor.invoke(DirectMethodHandleAccessor.java:103)
		at java.base/java.lang.reflect.Method.invoke(Method.java:580)
		at org.springframework.context.event.ApplicationListenerMethodAdapter.doInvoke(ApplicationListenerMethodAdapter.java:382)
		at org.springframework.context.event.ApplicationListenerMethodAdapter.processEvent(ApplicationListenerMethodAdapter.java:254)
		at org.springframework.context.event.ApplicationListenerMethodAdapter.onApplicationEvent(ApplicationListenerMethodAdapter.java:173)
		at org.springframework.context.event.SimpleApplicationEventMulticaster.doInvokeListener(SimpleApplicationEventMulticaster.java:185)
		at org.springframework.context.event.SimpleApplicationEventMulticaster.invokeListener(SimpleApplicationEventMulticaster.java:178)
		at org.springframework.context.event.SimpleApplicationEventMulticaster.multicastEvent(SimpleApplicationEventMulticaster.java:156)
		at org.springframework.context.support.AbstractApplicationContext.publishEvent(AbstractApplicationContext.java:454)
		at org.springframework.context.support.AbstractApplicationContext.publishEvent(AbstractApplicationContext.java:387)
		at org.springframework.context.support.AbstractApplicationContext.finishRefresh(AbstractApplicationContext.java:1009)
		at org.springframework.context.support.AbstractApplicationContext.refresh(AbstractApplicationContext.java:630)
		at org.springframework.web.servlet.FrameworkServlet.configureAndRefreshWebApplicationContext(FrameworkServlet.java:706)
		at org.springframework.web.servlet.FrameworkServlet.createWebApplicationContext(FrameworkServlet.java:672)
		at org.springframework.web.servlet.FrameworkServlet.createWebApplicationContext(FrameworkServlet.java:720)
		at org.springframework.web.servlet.FrameworkServlet.initWebApplicationContext(FrameworkServlet.java:595)
		at org.springframework.web.servlet.FrameworkServlet.initServletBean(FrameworkServlet.java:537)
		at org.springframework.web.servlet.HttpServletBean.init(HttpServletBean.java:169)
		at jakarta.servlet.GenericServlet.init(GenericServlet.java:143)
		at jakarta.servlet.http.HttpServlet.init(HttpServlet.java:122)
		at org.apache.catalina.core.StandardWrapper.initServlet(StandardWrapper.java:817)
		at org.apache.catalina.core.StandardWrapper.loadServlet(StandardWrapper.java:787)
		at org.apache.catalina.core.StandardWrapper.allocate(StandardWrapper.java:568)
		at org.apache.catalina.core.StandardWrapperValve.invoke(StandardWrapperValve.java:115)
		at org.apache.catalina.core.StandardContextValve.invoke(StandardContextValve.java:79)
		at org.apache.catalina.authenticator.AuthenticatorBase.invoke(AuthenticatorBase.java:483)
		at org.apache.catalina.core.StandardHostValve.invoke(StandardHostValve.java:115)
		at org.apache.catalina.valves.ErrorReportValve.invoke(ErrorReportValve.java:93)
		at org.apache.catalina.valves.AbstractAccessLogValve.invoke(AbstractAccessLogValve.java:663)
		at org.apache.catalina.core.StandardEngineValve.invoke(StandardEngineValve.java:74)
		at org.apache.catalina.connector.CoyoteAdapter.service(CoyoteAdapter.java:342)
		at org.apache.coyote.http11.Http11Processor.service(Http11Processor.java:395)
		at org.apache.coyote.AbstractProcessorLight.process(AbstractProcessorLight.java:63)
		at org.apache.coyote.AbstractProtocol$ConnectionHandler.process(AbstractProtocol.java:905)
		at org.apache.tomcat.util.net.NioEndpoint$SocketProcessor.doRun(NioEndpoint.java:1746)
		at org.apache.tomcat.util.net.SocketProcessorBase.run(SocketProcessorBase.java:52)
		at org.apache.tomcat.util.threads.ThreadPoolExecutor.runWorker(ThreadPoolExecutor.java:1148)
		at org.apache.tomcat.util.threads.ThreadPoolExecutor$Worker.run(ThreadPoolExecutor.java:636)
		at org.apache.tomcat.util.threads.TaskThread$WrappingRunnable.run(TaskThread.java:63)
		at java.base/java.lang.Thread.run(Thread.java:1583)
19-Jan-2025 19:30:16.559 INFO [main] org.apache.catalina.core.ApplicationContext.log SessionListener: contextDestroyed()
19-Jan-2025 19:30:16.559 INFO [main] org.apache.catalina.core.ApplicationContext.log ContextListener: contextDestroyed()
19-Jan-2025 19:30:26.587 INFO [main] org.apache.catalina.core.ApplicationContext.log No Spring WebApplicationInitializer types detected on classpath
19-Jan-2025 19:30:26.730 INFO [main] org.apache.catalina.core.ApplicationContext.log Initializing Spring DispatcherServlet 'dispatcher'
19-Jan-2025 19:30:28.168 INFO [main] org.apache.catalina.core.ApplicationContext.log ContextListener: contextInitialized()
19-Jan-2025 19:30:28.168 INFO [main] org.apache.catalina.core.ApplicationContext.log SessionListener: contextInitialized()
19-Jan-2025 19:30:28.169 INFO [main] org.apache.catalina.core.ApplicationContext.log ContextListener: attributeAdded('StockTicker', 'async.Stockticker@128ebca1')
19-Jan-2025 19:30:31.833 SEVERE [http-nio-8080-exec-1] org.apache.catalina.core.StandardWrapperValve.invoke Servlet.service() для сервлета [dispatcher] в контексте с путем [/blog] выбросил исключение [Request processing failed: org.springframework.jdbc.BadSqlGrammarException: StatementCallback; bad SQL grammar [SELECT post.id, post.name, image_url, SUBSTRING(description[1], 1, 7) AS abbreviatedDescription, ARRAY(SELECT name FROM tag WHERE post.id = tag.post_id) AS tags, likes.count AS likesCount, COUNT(comment.post_id) AS commentCount FROM post LEFT JOIN likes ON post.id = likes.post_id LEFT JOIN comment ON post.id = comment.post_id GROUP BY comment.post_id, post.name, post.id, likes.count]] с первопричиной
	org.h2.jdbc.JdbcSQLSyntaxErrorException: Таблица "TAG" не найдена
Table "TAG" not found; SQL statement:
SELECT post.id, post.name, image_url, SUBSTRING(description[1], 1, 7) AS abbreviatedDescription, ARRAY(SELECT name FROM tag WHERE post.id = tag.post_id) AS tags, likes.count AS likesCount, COUNT(comment.post_id) AS commentCount FROM post LEFT JOIN likes ON post.id = likes.post_id LEFT JOIN comment ON post.id = comment.post_id GROUP BY comment.post_id, post.name, post.id, likes.count [42102-220]
		at org.h2.message.DbException.getJdbcSQLException(DbException.java:514)
		at org.h2.message.DbException.getJdbcSQLException(DbException.java:489)
		at org.h2.message.DbException.get(DbException.java:223)
		at org.h2.message.DbException.get(DbException.java:199)
		at org.h2.command.Parser.getTableOrViewNotFoundDbException(Parser.java:8561)
		at org.h2.command.Parser.getTableOrViewNotFoundDbException(Parser.java:8532)
		at org.h2.command.Parser.readTableOrView(Parser.java:8521)
		at org.h2.command.Parser.readTablePrimary(Parser.java:1911)
		at org.h2.command.Parser.readTableReference(Parser.java:2391)
		at org.h2.command.Parser.parseSelectFromPart(Parser.java:2844)
		at org.h2.command.Parser.parseSelect(Parser.java:2950)
		at org.h2.command.Parser.parseQueryPrimary(Parser.java:2834)
		at org.h2.command.Parser.parseQueryTerm(Parser.java:2690)
		at org.h2.command.Parser.parseQueryExpressionBody(Parser.java:2669)
		at org.h2.command.Parser.parseQueryExpressionBodyAndEndOfQuery(Parser.java:2662)
		at org.h2.command.Parser.parseQueryExpression(Parser.java:2655)
		at org.h2.command.Parser.parseQuery(Parser.java:2624)
		at org.h2.command.Parser.readTermWithoutIdentifier(Parser.java:5112)
		at org.h2.command.Parser.readTerm(Parser.java:4983)
		at org.h2.command.Parser.readFactor(Parser.java:3463)
		at org.h2.command.Parser.readSum(Parser.java:3450)
		at org.h2.command.Parser.readConcat(Parser.java:3415)
		at org.h2.command.Parser.readCondition(Parser.java:3205)
		at org.h2.command.Parser.readExpression(Parser.java:3125)
		at org.h2.command.Parser.parseSelectExpressions(Parser.java:2925)
		at org.h2.command.Parser.parseSelect(Parser.java:2943)
		at org.h2.command.Parser.parseQueryPrimary(Parser.java:2834)
		at org.h2.command.Parser.parseQueryTerm(Parser.java:2690)
		at org.h2.command.Parser.parseQueryExpressionBody(Parser.java:2669)
		at org.h2.command.Parser.parseQueryExpressionBodyAndEndOfQuery(Parser.java:2662)
		at org.h2.command.Parser.parseQueryExpression(Parser.java:2655)
		at org.h2.command.Parser.parseQuery(Parser.java:2624)
		at org.h2.command.Parser.parsePrepared(Parser.java:732)
		at org.h2.command.Parser.parse(Parser.java:697)
		at org.h2.command.Parser.parse(Parser.java:669)
		at org.h2.command.Parser.prepareCommand(Parser.java:577)
		at org.h2.engine.SessionLocal.prepareLocal(SessionLocal.java:634)
		at org.h2.engine.SessionLocal.prepareCommand(SessionLocal.java:557)
		at org.h2.jdbc.JdbcConnection.prepareCommand(JdbcConnection.java:1116)
		at org.h2.jdbc.JdbcStatement.executeQuery(JdbcStatement.java:92)
		at org.springframework.jdbc.core.JdbcTemplate$1QueryStatementCallback.doInStatement(JdbcTemplate.java:463)
		at org.springframework.jdbc.core.JdbcTemplate.execute(JdbcTemplate.java:393)
		at org.springframework.jdbc.core.JdbcTemplate.query(JdbcTemplate.java:476)
		at org.springframework.jdbc.core.JdbcTemplate.query(JdbcTemplate.java:486)
		at ru.yandex.practicum.repository.PostRepositoryImpl.findAll(PostRepositoryImpl.java:30)
		at ru.yandex.practicum.service.PostServiceImpl.findAll(PostServiceImpl.java:17)
		at ru.yandex.practicum.controller.PostsFeedController.users(PostsFeedController.java:23)
		at java.base/jdk.internal.reflect.DirectMethodHandleAccessor.invoke(DirectMethodHandleAccessor.java:103)
		at java.base/java.lang.reflect.Method.invoke(Method.java:580)
		at org.springframework.web.method.support.InvocableHandlerMethod.doInvoke(InvocableHandlerMethod.java:257)
		at org.springframework.web.method.support.InvocableHandlerMethod.invokeForRequest(InvocableHandlerMethod.java:190)
		at org.springframework.web.servlet.mvc.method.annotation.ServletInvocableHandlerMethod.invokeAndHandle(ServletInvocableHandlerMethod.java:118)
		at org.springframework.web.servlet.mvc.method.annotation.RequestMappingHandlerAdapter.invokeHandlerMethod(RequestMappingHandlerAdapter.java:986)
		at org.springframework.web.servlet.mvc.method.annotation.RequestMappingHandlerAdapter.handleInternal(RequestMappingHandlerAdapter.java:891)
		at org.springframework.web.servlet.mvc.method.AbstractHandlerMethodAdapter.handle(AbstractHandlerMethodAdapter.java:87)
		at org.springframework.web.servlet.DispatcherServlet.doDispatch(DispatcherServlet.java:1088)
		at org.springframework.web.servlet.DispatcherServlet.doService(DispatcherServlet.java:978)
		at org.springframework.web.servlet.FrameworkServlet.processRequest(FrameworkServlet.java:1014)
		at org.springframework.web.servlet.FrameworkServlet.doGet(FrameworkServlet.java:903)
		at jakarta.servlet.http.HttpServlet.service(HttpServlet.java:619)
		at org.springframework.web.servlet.FrameworkServlet.service(FrameworkServlet.java:885)
		at jakarta.servlet.http.HttpServlet.service(HttpServlet.java:716)
		at org.apache.catalina.core.ApplicationFilterChain.doFilter(ApplicationFilterChain.java:130)
		at org.apache.tomcat.websocket.server.WsFilter.doFilter(WsFilter.java:51)
		at org.apache.catalina.core.ApplicationFilterChain.doFilter(ApplicationFilterChain.java:109)
		at org.apache.catalina.core.StandardWrapperValve.invoke(StandardWrapperValve.java:167)
		at org.apache.catalina.core.StandardContextValve.invoke(StandardContextValve.java:79)
		at org.apache.catalina.authenticator.AuthenticatorBase.invoke(AuthenticatorBase.java:483)
		at org.apache.catalina.core.StandardHostValve.invoke(StandardHostValve.java:115)
		at org.apache.catalina.valves.ErrorReportValve.invoke(ErrorReportValve.java:93)
		at org.apache.catalina.valves.AbstractAccessLogValve.invoke(AbstractAccessLogValve.java:663)
		at org.apache.catalina.core.StandardEngineValve.invoke(StandardEngineValve.java:74)
		at org.apache.catalina.connector.CoyoteAdapter.service(CoyoteAdapter.java:342)
		at org.apache.coyote.http11.Http11Processor.service(Http11Processor.java:395)
		at org.apache.coyote.AbstractProcessorLight.process(AbstractProcessorLight.java:63)
		at org.apache.coyote.AbstractProtocol$ConnectionHandler.process(AbstractProtocol.java:905)
		at org.apache.tomcat.util.net.NioEndpoint$SocketProcessor.doRun(NioEndpoint.java:1746)
		at org.apache.tomcat.util.net.SocketProcessorBase.run(SocketProcessorBase.java:52)
		at org.apache.tomcat.util.threads.ThreadPoolExecutor.runWorker(ThreadPoolExecutor.java:1148)
		at org.apache.tomcat.util.threads.ThreadPoolExecutor$Worker.run(ThreadPoolExecutor.java:636)
		at org.apache.tomcat.util.threads.TaskThread$WrappingRunnable.run(TaskThread.java:63)
		at java.base/java.lang.Thread.run(Thread.java:1583)
19-Jan-2025 19:32:12.418 INFO [main] org.apache.catalina.core.ApplicationContext.log Destroying Spring FrameworkServlet 'dispatcher'
19-Jan-2025 19:32:12.426 INFO [main] org.apache.catalina.core.ApplicationContext.log SessionListener: contextDestroyed()
19-Jan-2025 19:32:12.426 INFO [main] org.apache.catalina.core.ApplicationContext.log ContextListener: contextDestroyed()
19-Jan-2025 19:32:22.418 INFO [main] org.apache.catalina.core.ApplicationContext.log No Spring WebApplicationInitializer types detected on classpath
19-Jan-2025 19:32:22.590 INFO [main] org.apache.catalina.core.ApplicationContext.log Initializing Spring DispatcherServlet 'dispatcher'
19-Jan-2025 19:32:23.963 SEVERE [main] org.apache.catalina.core.ApplicationContext.log Servlet.init() для сервлета [dispatcher] выбросил исключение
	org.springframework.jdbc.datasource.init.ScriptStatementFailedException: Failed to execute SQL script statement #5 of class path resource [schema.sql]: INSERT INTO "POST" ("NAME", "IMAGE_URL", "DESCRIPTION") VALUES ("Plov", "url-1", "{description-11, description-12, description-13}"), ("Pasta", "url-2", "{description-21, description-22, description-23}"), ("Pizza", "url-3", "{description-31, description-32, description-33}")
		at org.springframework.jdbc.datasource.init.ScriptUtils.executeSqlScript(ScriptUtils.java:282)
		at org.springframework.jdbc.datasource.init.ResourceDatabasePopulator.populate(ResourceDatabasePopulator.java:254)
		at org.springframework.jdbc.datasource.init.DatabasePopulatorUtils.execute(DatabasePopulatorUtils.java:54)
		at org.springframework.jdbc.datasource.init.ResourceDatabasePopulator.execute(ResourceDatabasePopulator.java:269)
		at ru.yandex.practicum.configuration.DataSourceConfiguration.populate(DataSourceConfiguration.java:45)
		at java.base/jdk.internal.reflect.DirectMethodHandleAccessor.invoke(DirectMethodHandleAccessor.java:103)
		at java.base/java.lang.reflect.Method.invoke(Method.java:580)
		at org.springframework.context.event.ApplicationListenerMethodAdapter.doInvoke(ApplicationListenerMethodAdapter.java:382)
		at org.springframework.context.event.ApplicationListenerMethodAdapter.processEvent(ApplicationListenerMethodAdapter.java:254)
		at org.springframework.context.event.ApplicationListenerMethodAdapter.onApplicationEvent(ApplicationListenerMethodAdapter.java:173)
		at org.springframework.context.event.SimpleApplicationEventMulticaster.doInvokeListener(SimpleApplicationEventMulticaster.java:185)
		at org.springframework.context.event.SimpleApplicationEventMulticaster.invokeListener(SimpleApplicationEventMulticaster.java:178)
		at org.springframework.context.event.SimpleApplicationEventMulticaster.multicastEvent(SimpleApplicationEventMulticaster.java:156)
		at org.springframework.context.support.AbstractApplicationContext.publishEvent(AbstractApplicationContext.java:454)
		at org.springframework.context.support.AbstractApplicationContext.publishEvent(AbstractApplicationContext.java:387)
		at org.springframework.context.support.AbstractApplicationContext.finishRefresh(AbstractApplicationContext.java:1009)
		at org.springframework.context.support.AbstractApplicationContext.refresh(AbstractApplicationContext.java:630)
		at org.springframework.web.servlet.FrameworkServlet.configureAndRefreshWebApplicationContext(FrameworkServlet.java:706)
		at org.springframework.web.servlet.FrameworkServlet.createWebApplicationContext(FrameworkServlet.java:672)
		at org.springframework.web.servlet.FrameworkServlet.createWebApplicationContext(FrameworkServlet.java:720)
		at org.springframework.web.servlet.FrameworkServlet.initWebApplicationContext(FrameworkServlet.java:595)
		at org.springframework.web.servlet.FrameworkServlet.initServletBean(FrameworkServlet.java:537)
		at org.springframework.web.servlet.HttpServletBean.init(HttpServletBean.java:169)
		at jakarta.servlet.GenericServlet.init(GenericServlet.java:143)
		at jakarta.servlet.http.HttpServlet.init(HttpServlet.java:122)
		at org.apache.catalina.core.StandardWrapper.initServlet(StandardWrapper.java:817)
		at org.apache.catalina.core.StandardWrapper.loadServlet(StandardWrapper.java:787)
		at org.apache.catalina.core.StandardWrapper.load(StandardWrapper.java:691)
		at org.apache.catalina.core.StandardContext.loadOnStartup(StandardContext.java:4153)
		at org.apache.catalina.core.StandardContext.startInternal(StandardContext.java:4437)
		at org.apache.catalina.util.LifecycleBase.start(LifecycleBase.java:164)
		at org.apache.catalina.core.ContainerBase.addChild(ContainerBase.java:566)
		at org.apache.catalina.core.StandardHost.addChild(StandardHost.java:653)
		at org.apache.catalina.startup.HostConfig.deployWAR(HostConfig.java:933)
		at org.apache.catalina.startup.HostConfig$DeployWar.run(HostConfig.java:1875)
		at java.base/java.util.concurrent.Executors$RunnableAdapter.call(Executors.java:572)
		at java.base/java.util.concurrent.FutureTask.run(FutureTask.java:317)
		at org.apache.tomcat.util.threads.InlineExecutorService.execute(InlineExecutorService.java:75)
		at java.base/java.util.concurrent.AbstractExecutorService.submit(AbstractExecutorService.java:123)
		at org.apache.catalina.startup.HostConfig.deployWARs(HostConfig.java:735)
		at org.apache.catalina.startup.HostConfig.deployApps(HostConfig.java:387)
		at org.apache.catalina.startup.HostConfig.start(HostConfig.java:1593)
		at org.apache.catalina.startup.HostConfig.lifecycleEvent(HostConfig.java:267)
		at org.apache.catalina.util.LifecycleBase.fireLifecycleEvent(LifecycleBase.java:109)
		at org.apache.catalina.util.LifecycleBase.setStateInternal(LifecycleBase.java:389)
		at org.apache.catalina.util.LifecycleBase.setState(LifecycleBase.java:336)
		at org.apache.catalina.core.ContainerBase.startInternal(ContainerBase.java:743)
		at org.apache.catalina.core.StandardHost.startInternal(StandardHost.java:771)
		at org.apache.catalina.util.LifecycleBase.start(LifecycleBase.java:164)
		at org.apache.catalina.core.ContainerBase$StartChild.call(ContainerBase.java:1170)
		at org.apache.catalina.core.ContainerBase$StartChild.call(ContainerBase.java:1160)
		at java.base/java.util.concurrent.FutureTask.run(FutureTask.java:317)
		at org.apache.tomcat.util.threads.InlineExecutorService.execute(InlineExecutorService.java:75)
		at java.base/java.util.concurrent.AbstractExecutorService.submit(AbstractExecutorService.java:145)
		at org.apache.catalina.core.ContainerBase.startInternal(ContainerBase.java:716)
		at org.apache.catalina.core.StandardEngine.startInternal(StandardEngine.java:203)
		at org.apache.catalina.util.LifecycleBase.start(LifecycleBase.java:164)
		at org.apache.catalina.core.StandardService.startInternal(StandardService.java:415)
		at org.apache.catalina.util.LifecycleBase.start(LifecycleBase.java:164)
		at org.apache.catalina.core.StandardServer.startInternal(StandardServer.java:866)
		at org.apache.catalina.util.LifecycleBase.start(LifecycleBase.java:164)
		at org.apache.catalina.startup.Catalina.start(Catalina.java:759)
		at java.base/jdk.internal.reflect.DirectMethodHandleAccessor.invoke(DirectMethodHandleAccessor.java:103)
		at java.base/java.lang.reflect.Method.invoke(Method.java:580)
		at org.apache.catalina.startup.Bootstrap.start(Bootstrap.java:342)
		at org.apache.catalina.startup.Bootstrap.main(Bootstrap.java:470)
	Caused by: org.h2.jdbc.JdbcSQLSyntaxErrorException: Столбец "Plov" не найден
Column "Plov" not found; SQL statement:
INSERT INTO "POST" ("NAME", "IMAGE_URL", "DESCRIPTION") VALUES ("Plov", "url-1", "{description-11, description-12, description-13}"), ("Pasta", "url-2", "{description-21, description-22, description-23}"), ("Pizza", "url-3", "{description-31, description-32, description-33}") [42122-220]
		at org.h2.message.DbException.getJdbcSQLException(DbException.java:514)
		at org.h2.message.DbException.getJdbcSQLException(DbException.java:489)
		at org.h2.message.DbException.get(DbException.java:223)
		at org.h2.message.DbException.get(DbException.java:199)
		at org.h2.expression.ExpressionColumn.getColumnException(ExpressionColumn.java:244)
		at org.h2.expression.ExpressionColumn.optimizeOther(ExpressionColumn.java:226)
		at org.h2.expression.ExpressionColumn.optimize(ExpressionColumn.java:213)
		at org.h2.command.dml.Insert.doPrepare(Insert.java:300)
		at org.h2.command.dml.DataChangeStatement.prepare(DataChangeStatement.java:37)
		at org.h2.command.Parser.prepareCommand(Parser.java:583)
		at org.h2.engine.SessionLocal.prepareLocal(SessionLocal.java:634)
		at org.h2.engine.SessionLocal.prepareCommand(SessionLocal.java:557)
		at org.h2.jdbc.JdbcConnection.prepareCommand(JdbcConnection.java:1116)
		at org.h2.jdbc.JdbcStatement.executeInternal(JdbcStatement.java:237)
		at org.h2.jdbc.JdbcStatement.execute(JdbcStatement.java:223)
		at org.springframework.jdbc.datasource.init.ScriptUtils.executeSqlScript(ScriptUtils.java:261)
		... 65 more
19-Jan-2025 19:32:23.963 SEVERE [main] org.apache.catalina.core.StandardContext.loadOnStartup Servlet [dispatcher] in web application [/blog] threw load() exception
	org.h2.jdbc.JdbcSQLSyntaxErrorException: Столбец "Plov" не найден
Column "Plov" not found; SQL statement:
INSERT INTO "POST" ("NAME", "IMAGE_URL", "DESCRIPTION") VALUES ("Plov", "url-1", "{description-11, description-12, description-13}"), ("Pasta", "url-2", "{description-21, description-22, description-23}"), ("Pizza", "url-3", "{description-31, description-32, description-33}") [42122-220]
		at org.h2.message.DbException.getJdbcSQLException(DbException.java:514)
		at org.h2.message.DbException.getJdbcSQLException(DbException.java:489)
		at org.h2.message.DbException.get(DbException.java:223)
		at org.h2.message.DbException.get(DbException.java:199)
		at org.h2.expression.ExpressionColumn.getColumnException(ExpressionColumn.java:244)
		at org.h2.expression.ExpressionColumn.optimizeOther(ExpressionColumn.java:226)
		at org.h2.expression.ExpressionColumn.optimize(ExpressionColumn.java:213)
		at org.h2.command.dml.Insert.doPrepare(Insert.java:300)
		at org.h2.command.dml.DataChangeStatement.prepare(DataChangeStatement.java:37)
		at org.h2.command.Parser.prepareCommand(Parser.java:583)
		at org.h2.engine.SessionLocal.prepareLocal(SessionLocal.java:634)
		at org.h2.engine.SessionLocal.prepareCommand(SessionLocal.java:557)
		at org.h2.jdbc.JdbcConnection.prepareCommand(JdbcConnection.java:1116)
		at org.h2.jdbc.JdbcStatement.executeInternal(JdbcStatement.java:237)
		at org.h2.jdbc.JdbcStatement.execute(JdbcStatement.java:223)
		at org.springframework.jdbc.datasource.init.ScriptUtils.executeSqlScript(ScriptUtils.java:261)
		at org.springframework.jdbc.datasource.init.ResourceDatabasePopulator.populate(ResourceDatabasePopulator.java:254)
		at org.springframework.jdbc.datasource.init.DatabasePopulatorUtils.execute(DatabasePopulatorUtils.java:54)
		at org.springframework.jdbc.datasource.init.ResourceDatabasePopulator.execute(ResourceDatabasePopulator.java:269)
		at ru.yandex.practicum.configuration.DataSourceConfiguration.populate(DataSourceConfiguration.java:45)
		at java.base/jdk.internal.reflect.DirectMethodHandleAccessor.invoke(DirectMethodHandleAccessor.java:103)
		at java.base/java.lang.reflect.Method.invoke(Method.java:580)
		at org.springframework.context.event.ApplicationListenerMethodAdapter.doInvoke(ApplicationListenerMethodAdapter.java:382)
		at org.springframework.context.event.ApplicationListenerMethodAdapter.processEvent(ApplicationListenerMethodAdapter.java:254)
		at org.springframework.context.event.ApplicationListenerMethodAdapter.onApplicationEvent(ApplicationListenerMethodAdapter.java:173)
		at org.springframework.context.event.SimpleApplicationEventMulticaster.doInvokeListener(SimpleApplicationEventMulticaster.java:185)
		at org.springframework.context.event.SimpleApplicationEventMulticaster.invokeListener(SimpleApplicationEventMulticaster.java:178)
		at org.springframework.context.event.SimpleApplicationEventMulticaster.multicastEvent(SimpleApplicationEventMulticaster.java:156)
		at org.springframework.context.support.AbstractApplicationContext.publishEvent(AbstractApplicationContext.java:454)
		at org.springframework.context.support.AbstractApplicationContext.publishEvent(AbstractApplicationContext.java:387)
		at org.springframework.context.support.AbstractApplicationContext.finishRefresh(AbstractApplicationContext.java:1009)
		at org.springframework.context.support.AbstractApplicationContext.refresh(AbstractApplicationContext.java:630)
		at org.springframework.web.servlet.FrameworkServlet.configureAndRefreshWebApplicationContext(FrameworkServlet.java:706)
		at org.springframework.web.servlet.FrameworkServlet.createWebApplicationContext(FrameworkServlet.java:672)
		at org.springframework.web.servlet.FrameworkServlet.createWebApplicationContext(FrameworkServlet.java:720)
		at org.springframework.web.servlet.FrameworkServlet.initWebApplicationContext(FrameworkServlet.java:595)
		at org.springframework.web.servlet.FrameworkServlet.initServletBean(FrameworkServlet.java:537)
		at org.springframework.web.servlet.HttpServletBean.init(HttpServletBean.java:169)
		at jakarta.servlet.GenericServlet.init(GenericServlet.java:143)
		at jakarta.servlet.http.HttpServlet.init(HttpServlet.java:122)
		at org.apache.catalina.core.StandardWrapper.initServlet(StandardWrapper.java:817)
		at org.apache.catalina.core.StandardWrapper.loadServlet(StandardWrapper.java:787)
		at org.apache.catalina.core.StandardWrapper.load(StandardWrapper.java:691)
		at org.apache.catalina.core.StandardContext.loadOnStartup(StandardContext.java:4153)
		at org.apache.catalina.core.StandardContext.startInternal(StandardContext.java:4437)
		at org.apache.catalina.util.LifecycleBase.start(LifecycleBase.java:164)
		at org.apache.catalina.core.ContainerBase.addChild(ContainerBase.java:566)
		at org.apache.catalina.core.StandardHost.addChild(StandardHost.java:653)
		at org.apache.catalina.startup.HostConfig.deployWAR(HostConfig.java:933)
		at org.apache.catalina.startup.HostConfig$DeployWar.run(HostConfig.java:1875)
		at java.base/java.util.concurrent.Executors$RunnableAdapter.call(Executors.java:572)
		at java.base/java.util.concurrent.FutureTask.run(FutureTask.java:317)
		at org.apache.tomcat.util.threads.InlineExecutorService.execute(InlineExecutorService.java:75)
		at java.base/java.util.concurrent.AbstractExecutorService.submit(AbstractExecutorService.java:123)
		at org.apache.catalina.startup.HostConfig.deployWARs(HostConfig.java:735)
		at org.apache.catalina.startup.HostConfig.deployApps(HostConfig.java:387)
		at org.apache.catalina.startup.HostConfig.start(HostConfig.java:1593)
		at org.apache.catalina.startup.HostConfig.lifecycleEvent(HostConfig.java:267)
		at org.apache.catalina.util.LifecycleBase.fireLifecycleEvent(LifecycleBase.java:109)
		at org.apache.catalina.util.LifecycleBase.setStateInternal(LifecycleBase.java:389)
		at org.apache.catalina.util.LifecycleBase.setState(LifecycleBase.java:336)
		at org.apache.catalina.core.ContainerBase.startInternal(ContainerBase.java:743)
		at org.apache.catalina.core.StandardHost.startInternal(StandardHost.java:771)
		at org.apache.catalina.util.LifecycleBase.start(LifecycleBase.java:164)
		at org.apache.catalina.core.ContainerBase$StartChild.call(ContainerBase.java:1170)
		at org.apache.catalina.core.ContainerBase$StartChild.call(ContainerBase.java:1160)
		at java.base/java.util.concurrent.FutureTask.run(FutureTask.java:317)
		at org.apache.tomcat.util.threads.InlineExecutorService.execute(InlineExecutorService.java:75)
		at java.base/java.util.concurrent.AbstractExecutorService.submit(AbstractExecutorService.java:145)
		at org.apache.catalina.core.ContainerBase.startInternal(ContainerBase.java:716)
		at org.apache.catalina.core.StandardEngine.startInternal(StandardEngine.java:203)
		at org.apache.catalina.util.LifecycleBase.start(LifecycleBase.java:164)
		at org.apache.catalina.core.StandardService.startInternal(StandardService.java:415)
		at org.apache.catalina.util.LifecycleBase.start(LifecycleBase.java:164)
		at org.apache.catalina.core.StandardServer.startInternal(StandardServer.java:866)
		at org.apache.catalina.util.LifecycleBase.start(LifecycleBase.java:164)
		at org.apache.catalina.startup.Catalina.start(Catalina.java:759)
		at java.base/jdk.internal.reflect.DirectMethodHandleAccessor.invoke(DirectMethodHandleAccessor.java:103)
		at java.base/java.lang.reflect.Method.invoke(Method.java:580)
		at org.apache.catalina.startup.Bootstrap.start(Bootstrap.java:342)
		at org.apache.catalina.startup.Bootstrap.main(Bootstrap.java:470)
19-Jan-2025 19:32:24.266 INFO [main] org.apache.catalina.core.ApplicationContext.log ContextListener: contextInitialized()
19-Jan-2025 19:32:24.266 INFO [main] org.apache.catalina.core.ApplicationContext.log SessionListener: contextInitialized()
19-Jan-2025 19:32:24.268 INFO [main] org.apache.catalina.core.ApplicationContext.log ContextListener: attributeAdded('StockTicker', 'async.Stockticker@30b0d5a7')
19-Jan-2025 19:32:24.400 INFO [http-nio-8080-exec-1] org.apache.catalina.core.ApplicationContext.log Initializing Spring DispatcherServlet 'dispatcher'
19-Jan-2025 19:32:24.479 SEVERE [http-nio-8080-exec-1] org.apache.catalina.core.ApplicationContext.log Servlet.init() для сервлета [dispatcher] выбросил исключение
	org.springframework.jdbc.datasource.init.ScriptStatementFailedException: Failed to execute SQL script statement #5 of class path resource [schema.sql]: INSERT INTO "POST" ("NAME", "IMAGE_URL", "DESCRIPTION") VALUES ("Plov", "url-1", "{description-11, description-12, description-13}"), ("Pasta", "url-2", "{description-21, description-22, description-23}"), ("Pizza", "url-3", "{description-31, description-32, description-33}")
		at org.springframework.jdbc.datasource.init.ScriptUtils.executeSqlScript(ScriptUtils.java:282)
		at org.springframework.jdbc.datasource.init.ResourceDatabasePopulator.populate(ResourceDatabasePopulator.java:254)
		at org.springframework.jdbc.datasource.init.DatabasePopulatorUtils.execute(DatabasePopulatorUtils.java:54)
		at org.springframework.jdbc.datasource.init.ResourceDatabasePopulator.execute(ResourceDatabasePopulator.java:269)
		at ru.yandex.practicum.configuration.DataSourceConfiguration.populate(DataSourceConfiguration.java:45)
		at java.base/jdk.internal.reflect.DirectMethodHandleAccessor.invoke(DirectMethodHandleAccessor.java:103)
		at java.base/java.lang.reflect.Method.invoke(Method.java:580)
		at org.springframework.context.event.ApplicationListenerMethodAdapter.doInvoke(ApplicationListenerMethodAdapter.java:382)
		at org.springframework.context.event.ApplicationListenerMethodAdapter.processEvent(ApplicationListenerMethodAdapter.java:254)
		at org.springframework.context.event.ApplicationListenerMethodAdapter.onApplicationEvent(ApplicationListenerMethodAdapter.java:173)
		at org.springframework.context.event.SimpleApplicationEventMulticaster.doInvokeListener(SimpleApplicationEventMulticaster.java:185)
		at org.springframework.context.event.SimpleApplicationEventMulticaster.invokeListener(SimpleApplicationEventMulticaster.java:178)
		at org.springframework.context.event.SimpleApplicationEventMulticaster.multicastEvent(SimpleApplicationEventMulticaster.java:156)
		at org.springframework.context.support.AbstractApplicationContext.publishEvent(AbstractApplicationContext.java:454)
		at org.springframework.context.support.AbstractApplicationContext.publishEvent(AbstractApplicationContext.java:387)
		at org.springframework.context.support.AbstractApplicationContext.finishRefresh(AbstractApplicationContext.java:1009)
		at org.springframework.context.support.AbstractApplicationContext.refresh(AbstractApplicationContext.java:630)
		at org.springframework.web.servlet.FrameworkServlet.configureAndRefreshWebApplicationContext(FrameworkServlet.java:706)
		at org.springframework.web.servlet.FrameworkServlet.createWebApplicationContext(FrameworkServlet.java:672)
		at org.springframework.web.servlet.FrameworkServlet.createWebApplicationContext(FrameworkServlet.java:720)
		at org.springframework.web.servlet.FrameworkServlet.initWebApplicationContext(FrameworkServlet.java:595)
		at org.springframework.web.servlet.FrameworkServlet.initServletBean(FrameworkServlet.java:537)
		at org.springframework.web.servlet.HttpServletBean.init(HttpServletBean.java:169)
		at jakarta.servlet.GenericServlet.init(GenericServlet.java:143)
		at jakarta.servlet.http.HttpServlet.init(HttpServlet.java:122)
		at org.apache.catalina.core.StandardWrapper.initServlet(StandardWrapper.java:817)
		at org.apache.catalina.core.StandardWrapper.loadServlet(StandardWrapper.java:787)
		at org.apache.catalina.core.StandardWrapper.allocate(StandardWrapper.java:568)
		at org.apache.catalina.core.StandardWrapperValve.invoke(StandardWrapperValve.java:115)
		at org.apache.catalina.core.StandardContextValve.invoke(StandardContextValve.java:79)
		at org.apache.catalina.authenticator.AuthenticatorBase.invoke(AuthenticatorBase.java:483)
		at org.apache.catalina.core.StandardHostValve.invoke(StandardHostValve.java:115)
		at org.apache.catalina.valves.ErrorReportValve.invoke(ErrorReportValve.java:93)
		at org.apache.catalina.valves.AbstractAccessLogValve.invoke(AbstractAccessLogValve.java:663)
		at org.apache.catalina.core.StandardEngineValve.invoke(StandardEngineValve.java:74)
		at org.apache.catalina.connector.CoyoteAdapter.service(CoyoteAdapter.java:342)
		at org.apache.coyote.http11.Http11Processor.service(Http11Processor.java:395)
		at org.apache.coyote.AbstractProcessorLight.process(AbstractProcessorLight.java:63)
		at org.apache.coyote.AbstractProtocol$ConnectionHandler.process(AbstractProtocol.java:905)
		at org.apache.tomcat.util.net.NioEndpoint$SocketProcessor.doRun(NioEndpoint.java:1746)
		at org.apache.tomcat.util.net.SocketProcessorBase.run(SocketProcessorBase.java:52)
		at org.apache.tomcat.util.threads.ThreadPoolExecutor.runWorker(ThreadPoolExecutor.java:1148)
		at org.apache.tomcat.util.threads.ThreadPoolExecutor$Worker.run(ThreadPoolExecutor.java:636)
		at org.apache.tomcat.util.threads.TaskThread$WrappingRunnable.run(TaskThread.java:63)
		at java.base/java.lang.Thread.run(Thread.java:1583)
	Caused by: org.h2.jdbc.JdbcSQLSyntaxErrorException: Столбец "Plov" не найден
Column "Plov" not found; SQL statement:
INSERT INTO "POST" ("NAME", "IMAGE_URL", "DESCRIPTION") VALUES ("Plov", "url-1", "{description-11, description-12, description-13}"), ("Pasta", "url-2", "{description-21, description-22, description-23}"), ("Pizza", "url-3", "{description-31, description-32, description-33}") [42122-220]
		at org.h2.message.DbException.getJdbcSQLException(DbException.java:514)
		at org.h2.message.DbException.getJdbcSQLException(DbException.java:489)
		at org.h2.message.DbException.get(DbException.java:223)
		at org.h2.message.DbException.get(DbException.java:199)
		at org.h2.expression.ExpressionColumn.getColumnException(ExpressionColumn.java:244)
		at org.h2.expression.ExpressionColumn.optimizeOther(ExpressionColumn.java:226)
		at org.h2.expression.ExpressionColumn.optimize(ExpressionColumn.java:213)
		at org.h2.command.dml.Insert.doPrepare(Insert.java:300)
		at org.h2.command.dml.DataChangeStatement.prepare(DataChangeStatement.java:37)
		at org.h2.command.Parser.prepareCommand(Parser.java:583)
		at org.h2.engine.SessionLocal.prepareLocal(SessionLocal.java:634)
		at org.h2.engine.SessionLocal.prepareCommand(SessionLocal.java:557)
		at org.h2.jdbc.JdbcConnection.prepareCommand(JdbcConnection.java:1116)
		at org.h2.jdbc.JdbcStatement.executeInternal(JdbcStatement.java:237)
		at org.h2.jdbc.JdbcStatement.execute(JdbcStatement.java:223)
		at org.springframework.jdbc.datasource.init.ScriptUtils.executeSqlScript(ScriptUtils.java:261)
		... 44 more
19-Jan-2025 19:32:24.479 SEVERE [http-nio-8080-exec-1] org.apache.catalina.core.StandardWrapperValve.invoke Ошибка выделения для сервлета [dispatcher]
	org.h2.jdbc.JdbcSQLSyntaxErrorException: Столбец "Plov" не найден
Column "Plov" not found; SQL statement:
INSERT INTO "POST" ("NAME", "IMAGE_URL", "DESCRIPTION") VALUES ("Plov", "url-1", "{description-11, description-12, description-13}"), ("Pasta", "url-2", "{description-21, description-22, description-23}"), ("Pizza", "url-3", "{description-31, description-32, description-33}") [42122-220]
		at org.h2.message.DbException.getJdbcSQLException(DbException.java:514)
		at org.h2.message.DbException.getJdbcSQLException(DbException.java:489)
		at org.h2.message.DbException.get(DbException.java:223)
		at org.h2.message.DbException.get(DbException.java:199)
		at org.h2.expression.ExpressionColumn.getColumnException(ExpressionColumn.java:244)
		at org.h2.expression.ExpressionColumn.optimizeOther(ExpressionColumn.java:226)
		at org.h2.expression.ExpressionColumn.optimize(ExpressionColumn.java:213)
		at org.h2.command.dml.Insert.doPrepare(Insert.java:300)
		at org.h2.command.dml.DataChangeStatement.prepare(DataChangeStatement.java:37)
		at org.h2.command.Parser.prepareCommand(Parser.java:583)
		at org.h2.engine.SessionLocal.prepareLocal(SessionLocal.java:634)
		at org.h2.engine.SessionLocal.prepareCommand(SessionLocal.java:557)
		at org.h2.jdbc.JdbcConnection.prepareCommand(JdbcConnection.java:1116)
		at org.h2.jdbc.JdbcStatement.executeInternal(JdbcStatement.java:237)
		at org.h2.jdbc.JdbcStatement.execute(JdbcStatement.java:223)
		at org.springframework.jdbc.datasource.init.ScriptUtils.executeSqlScript(ScriptUtils.java:261)
		at org.springframework.jdbc.datasource.init.ResourceDatabasePopulator.populate(ResourceDatabasePopulator.java:254)
		at org.springframework.jdbc.datasource.init.DatabasePopulatorUtils.execute(DatabasePopulatorUtils.java:54)
		at org.springframework.jdbc.datasource.init.ResourceDatabasePopulator.execute(ResourceDatabasePopulator.java:269)
		at ru.yandex.practicum.configuration.DataSourceConfiguration.populate(DataSourceConfiguration.java:45)
		at java.base/jdk.internal.reflect.DirectMethodHandleAccessor.invoke(DirectMethodHandleAccessor.java:103)
		at java.base/java.lang.reflect.Method.invoke(Method.java:580)
		at org.springframework.context.event.ApplicationListenerMethodAdapter.doInvoke(ApplicationListenerMethodAdapter.java:382)
		at org.springframework.context.event.ApplicationListenerMethodAdapter.processEvent(ApplicationListenerMethodAdapter.java:254)
		at org.springframework.context.event.ApplicationListenerMethodAdapter.onApplicationEvent(ApplicationListenerMethodAdapter.java:173)
		at org.springframework.context.event.SimpleApplicationEventMulticaster.doInvokeListener(SimpleApplicationEventMulticaster.java:185)
		at org.springframework.context.event.SimpleApplicationEventMulticaster.invokeListener(SimpleApplicationEventMulticaster.java:178)
		at org.springframework.context.event.SimpleApplicationEventMulticaster.multicastEvent(SimpleApplicationEventMulticaster.java:156)
		at org.springframework.context.support.AbstractApplicationContext.publishEvent(AbstractApplicationContext.java:454)
		at org.springframework.context.support.AbstractApplicationContext.publishEvent(AbstractApplicationContext.java:387)
		at org.springframework.context.support.AbstractApplicationContext.finishRefresh(AbstractApplicationContext.java:1009)
		at org.springframework.context.support.AbstractApplicationContext.refresh(AbstractApplicationContext.java:630)
		at org.springframework.web.servlet.FrameworkServlet.configureAndRefreshWebApplicationContext(FrameworkServlet.java:706)
		at org.springframework.web.servlet.FrameworkServlet.createWebApplicationContext(FrameworkServlet.java:672)
		at org.springframework.web.servlet.FrameworkServlet.createWebApplicationContext(FrameworkServlet.java:720)
		at org.springframework.web.servlet.FrameworkServlet.initWebApplicationContext(FrameworkServlet.java:595)
		at org.springframework.web.servlet.FrameworkServlet.initServletBean(FrameworkServlet.java:537)
		at org.springframework.web.servlet.HttpServletBean.init(HttpServletBean.java:169)
		at jakarta.servlet.GenericServlet.init(GenericServlet.java:143)
		at jakarta.servlet.http.HttpServlet.init(HttpServlet.java:122)
		at org.apache.catalina.core.StandardWrapper.initServlet(StandardWrapper.java:817)
		at org.apache.catalina.core.StandardWrapper.loadServlet(StandardWrapper.java:787)
		at org.apache.catalina.core.StandardWrapper.allocate(StandardWrapper.java:568)
		at org.apache.catalina.core.StandardWrapperValve.invoke(StandardWrapperValve.java:115)
		at org.apache.catalina.core.StandardContextValve.invoke(StandardContextValve.java:79)
		at org.apache.catalina.authenticator.AuthenticatorBase.invoke(AuthenticatorBase.java:483)
		at org.apache.catalina.core.StandardHostValve.invoke(StandardHostValve.java:115)
		at org.apache.catalina.valves.ErrorReportValve.invoke(ErrorReportValve.java:93)
		at org.apache.catalina.valves.AbstractAccessLogValve.invoke(AbstractAccessLogValve.java:663)
		at org.apache.catalina.core.StandardEngineValve.invoke(StandardEngineValve.java:74)
		at org.apache.catalina.connector.CoyoteAdapter.service(CoyoteAdapter.java:342)
		at org.apache.coyote.http11.Http11Processor.service(Http11Processor.java:395)
		at org.apache.coyote.AbstractProcessorLight.process(AbstractProcessorLight.java:63)
		at org.apache.coyote.AbstractProtocol$ConnectionHandler.process(AbstractProtocol.java:905)
		at org.apache.tomcat.util.net.NioEndpoint$SocketProcessor.doRun(NioEndpoint.java:1746)
		at org.apache.tomcat.util.net.SocketProcessorBase.run(SocketProcessorBase.java:52)
		at org.apache.tomcat.util.threads.ThreadPoolExecutor.runWorker(ThreadPoolExecutor.java:1148)
		at org.apache.tomcat.util.threads.ThreadPoolExecutor$Worker.run(ThreadPoolExecutor.java:636)
		at org.apache.tomcat.util.threads.TaskThread$WrappingRunnable.run(TaskThread.java:63)
		at java.base/java.lang.Thread.run(Thread.java:1583)
19-Jan-2025 19:44:14.237 INFO [main] org.apache.catalina.core.ApplicationContext.log SessionListener: contextDestroyed()
19-Jan-2025 19:44:14.237 INFO [main] org.apache.catalina.core.ApplicationContext.log ContextListener: contextDestroyed()
19-Jan-2025 19:44:29.268 INFO [main] org.apache.catalina.core.ApplicationContext.log No Spring WebApplicationInitializer types detected on classpath
19-Jan-2025 19:44:29.419 INFO [main] org.apache.catalina.core.ApplicationContext.log Initializing Spring DispatcherServlet 'dispatcher'
19-Jan-2025 19:44:30.679 SEVERE [main] org.apache.catalina.core.ApplicationContext.log Servlet.init() для сервлета [dispatcher] выбросил исключение
	org.springframework.jdbc.datasource.init.ScriptStatementFailedException: Failed to execute SQL script statement #7 of class path resource [schema.sql]: INSERT INTO "LIKE" ("COUNT", "POST_ID") VALUES (1, 1), (5, 2), (4, 3)
		at org.springframework.jdbc.datasource.init.ScriptUtils.executeSqlScript(ScriptUtils.java:282)
		at org.springframework.jdbc.datasource.init.ResourceDatabasePopulator.populate(ResourceDatabasePopulator.java:254)
		at org.springframework.jdbc.datasource.init.DatabasePopulatorUtils.execute(DatabasePopulatorUtils.java:54)
		at org.springframework.jdbc.datasource.init.ResourceDatabasePopulator.execute(ResourceDatabasePopulator.java:269)
		at ru.yandex.practicum.configuration.DataSourceConfiguration.populate(DataSourceConfiguration.java:45)
		at java.base/jdk.internal.reflect.DirectMethodHandleAccessor.invoke(DirectMethodHandleAccessor.java:103)
		at java.base/java.lang.reflect.Method.invoke(Method.java:580)
		at org.springframework.context.event.ApplicationListenerMethodAdapter.doInvoke(ApplicationListenerMethodAdapter.java:382)
		at org.springframework.context.event.ApplicationListenerMethodAdapter.processEvent(ApplicationListenerMethodAdapter.java:254)
		at org.springframework.context.event.ApplicationListenerMethodAdapter.onApplicationEvent(ApplicationListenerMethodAdapter.java:173)
		at org.springframework.context.event.SimpleApplicationEventMulticaster.doInvokeListener(SimpleApplicationEventMulticaster.java:185)
		at org.springframework.context.event.SimpleApplicationEventMulticaster.invokeListener(SimpleApplicationEventMulticaster.java:178)
		at org.springframework.context.event.SimpleApplicationEventMulticaster.multicastEvent(SimpleApplicationEventMulticaster.java:156)
		at org.springframework.context.support.AbstractApplicationContext.publishEvent(AbstractApplicationContext.java:454)
		at org.springframework.context.support.AbstractApplicationContext.publishEvent(AbstractApplicationContext.java:387)
		at org.springframework.context.support.AbstractApplicationContext.finishRefresh(AbstractApplicationContext.java:1009)
		at org.springframework.context.support.AbstractApplicationContext.refresh(AbstractApplicationContext.java:630)
		at org.springframework.web.servlet.FrameworkServlet.configureAndRefreshWebApplicationContext(FrameworkServlet.java:706)
		at org.springframework.web.servlet.FrameworkServlet.createWebApplicationContext(FrameworkServlet.java:672)
		at org.springframework.web.servlet.FrameworkServlet.createWebApplicationContext(FrameworkServlet.java:720)
		at org.springframework.web.servlet.FrameworkServlet.initWebApplicationContext(FrameworkServlet.java:595)
		at org.springframework.web.servlet.FrameworkServlet.initServletBean(FrameworkServlet.java:537)
		at org.springframework.web.servlet.HttpServletBean.init(HttpServletBean.java:169)
		at jakarta.servlet.GenericServlet.init(GenericServlet.java:143)
		at jakarta.servlet.http.HttpServlet.init(HttpServlet.java:122)
		at org.apache.catalina.core.StandardWrapper.initServlet(StandardWrapper.java:817)
		at org.apache.catalina.core.StandardWrapper.loadServlet(StandardWrapper.java:787)
		at org.apache.catalina.core.StandardWrapper.load(StandardWrapper.java:691)
		at org.apache.catalina.core.StandardContext.loadOnStartup(StandardContext.java:4153)
		at org.apache.catalina.core.StandardContext.startInternal(StandardContext.java:4437)
		at org.apache.catalina.util.LifecycleBase.start(LifecycleBase.java:164)
		at org.apache.catalina.core.ContainerBase.addChild(ContainerBase.java:566)
		at org.apache.catalina.core.StandardHost.addChild(StandardHost.java:653)
		at org.apache.catalina.startup.HostConfig.deployWAR(HostConfig.java:933)
		at org.apache.catalina.startup.HostConfig$DeployWar.run(HostConfig.java:1875)
		at java.base/java.util.concurrent.Executors$RunnableAdapter.call(Executors.java:572)
		at java.base/java.util.concurrent.FutureTask.run(FutureTask.java:317)
		at org.apache.tomcat.util.threads.InlineExecutorService.execute(InlineExecutorService.java:75)
		at java.base/java.util.concurrent.AbstractExecutorService.submit(AbstractExecutorService.java:123)
		at org.apache.catalina.startup.HostConfig.deployWARs(HostConfig.java:735)
		at org.apache.catalina.startup.HostConfig.deployApps(HostConfig.java:387)
		at org.apache.catalina.startup.HostConfig.start(HostConfig.java:1593)
		at org.apache.catalina.startup.HostConfig.lifecycleEvent(HostConfig.java:267)
		at org.apache.catalina.util.LifecycleBase.fireLifecycleEvent(LifecycleBase.java:109)
		at org.apache.catalina.util.LifecycleBase.setStateInternal(LifecycleBase.java:389)
		at org.apache.catalina.util.LifecycleBase.setState(LifecycleBase.java:336)
		at org.apache.catalina.core.ContainerBase.startInternal(ContainerBase.java:743)
		at org.apache.catalina.core.StandardHost.startInternal(StandardHost.java:771)
		at org.apache.catalina.util.LifecycleBase.start(LifecycleBase.java:164)
		at org.apache.catalina.core.ContainerBase$StartChild.call(ContainerBase.java:1170)
		at org.apache.catalina.core.ContainerBase$StartChild.call(ContainerBase.java:1160)
		at java.base/java.util.concurrent.FutureTask.run(FutureTask.java:317)
		at org.apache.tomcat.util.threads.InlineExecutorService.execute(InlineExecutorService.java:75)
		at java.base/java.util.concurrent.AbstractExecutorService.submit(AbstractExecutorService.java:145)
		at org.apache.catalina.core.ContainerBase.startInternal(ContainerBase.java:716)
		at org.apache.catalina.core.StandardEngine.startInternal(StandardEngine.java:203)
		at org.apache.catalina.util.LifecycleBase.start(LifecycleBase.java:164)
		at org.apache.catalina.core.StandardService.startInternal(StandardService.java:415)
		at org.apache.catalina.util.LifecycleBase.start(LifecycleBase.java:164)
		at org.apache.catalina.core.StandardServer.startInternal(StandardServer.java:866)
		at org.apache.catalina.util.LifecycleBase.start(LifecycleBase.java:164)
		at org.apache.catalina.startup.Catalina.start(Catalina.java:759)
		at java.base/jdk.internal.reflect.DirectMethodHandleAccessor.invoke(DirectMethodHandleAccessor.java:103)
		at java.base/java.lang.reflect.Method.invoke(Method.java:580)
		at org.apache.catalina.startup.Bootstrap.start(Bootstrap.java:342)
		at org.apache.catalina.startup.Bootstrap.main(Bootstrap.java:470)
	Caused by: org.h2.jdbc.JdbcSQLSyntaxErrorException: Таблица "LIKE" не найдена
Table "LIKE" not found; SQL statement:
INSERT INTO "LIKE" ("COUNT", "POST_ID") VALUES (1, 1), (5, 2), (4, 3) [42102-220]
		at org.h2.message.DbException.getJdbcSQLException(DbException.java:514)
		at org.h2.message.DbException.getJdbcSQLException(DbException.java:489)
		at org.h2.message.DbException.get(DbException.java:223)
		at org.h2.message.DbException.get(DbException.java:199)
		at org.h2.command.Parser.getTableOrViewNotFoundDbException(Parser.java:8561)
		at org.h2.command.Parser.getTableOrViewNotFoundDbException(Parser.java:8532)
		at org.h2.command.Parser.readTableOrView(Parser.java:8521)
		at org.h2.command.Parser.readTableOrView(Parser.java:8487)
		at org.h2.command.Parser.parseInsert(Parser.java:1663)
		at org.h2.command.Parser.parsePrepared(Parser.java:822)
		at org.h2.command.Parser.parse(Parser.java:697)
		at org.h2.command.Parser.parse(Parser.java:669)
		at org.h2.command.Parser.prepareCommand(Parser.java:577)
		at org.h2.engine.SessionLocal.prepareLocal(SessionLocal.java:634)
		at org.h2.engine.SessionLocal.prepareCommand(SessionLocal.java:557)
		at org.h2.jdbc.JdbcConnection.prepareCommand(JdbcConnection.java:1116)
		at org.h2.jdbc.JdbcStatement.executeInternal(JdbcStatement.java:237)
		at org.h2.jdbc.JdbcStatement.execute(JdbcStatement.java:223)
		at org.springframework.jdbc.datasource.init.ScriptUtils.executeSqlScript(ScriptUtils.java:261)
		... 65 more
19-Jan-2025 19:44:30.679 SEVERE [main] org.apache.catalina.core.StandardContext.loadOnStartup Servlet [dispatcher] in web application [/blog] threw load() exception
	org.h2.jdbc.JdbcSQLSyntaxErrorException: Таблица "LIKE" не найдена
Table "LIKE" not found; SQL statement:
INSERT INTO "LIKE" ("COUNT", "POST_ID") VALUES (1, 1), (5, 2), (4, 3) [42102-220]
		at org.h2.message.DbException.getJdbcSQLException(DbException.java:514)
		at org.h2.message.DbException.getJdbcSQLException(DbException.java:489)
		at org.h2.message.DbException.get(DbException.java:223)
		at org.h2.message.DbException.get(DbException.java:199)
		at org.h2.command.Parser.getTableOrViewNotFoundDbException(Parser.java:8561)
		at org.h2.command.Parser.getTableOrViewNotFoundDbException(Parser.java:8532)
		at org.h2.command.Parser.readTableOrView(Parser.java:8521)
		at org.h2.command.Parser.readTableOrView(Parser.java:8487)
		at org.h2.command.Parser.parseInsert(Parser.java:1663)
		at org.h2.command.Parser.parsePrepared(Parser.java:822)
		at org.h2.command.Parser.parse(Parser.java:697)
		at org.h2.command.Parser.parse(Parser.java:669)
		at org.h2.command.Parser.prepareCommand(Parser.java:577)
		at org.h2.engine.SessionLocal.prepareLocal(SessionLocal.java:634)
		at org.h2.engine.SessionLocal.prepareCommand(SessionLocal.java:557)
		at org.h2.jdbc.JdbcConnection.prepareCommand(JdbcConnection.java:1116)
		at org.h2.jdbc.JdbcStatement.executeInternal(JdbcStatement.java:237)
		at org.h2.jdbc.JdbcStatement.execute(JdbcStatement.java:223)
		at org.springframework.jdbc.datasource.init.ScriptUtils.executeSqlScript(ScriptUtils.java:261)
		at org.springframework.jdbc.datasource.init.ResourceDatabasePopulator.populate(ResourceDatabasePopulator.java:254)
		at org.springframework.jdbc.datasource.init.DatabasePopulatorUtils.execute(DatabasePopulatorUtils.java:54)
		at org.springframework.jdbc.datasource.init.ResourceDatabasePopulator.execute(ResourceDatabasePopulator.java:269)
		at ru.yandex.practicum.configuration.DataSourceConfiguration.populate(DataSourceConfiguration.java:45)
		at java.base/jdk.internal.reflect.DirectMethodHandleAccessor.invoke(DirectMethodHandleAccessor.java:103)
		at java.base/java.lang.reflect.Method.invoke(Method.java:580)
		at org.springframework.context.event.ApplicationListenerMethodAdapter.doInvoke(ApplicationListenerMethodAdapter.java:382)
		at org.springframework.context.event.ApplicationListenerMethodAdapter.processEvent(ApplicationListenerMethodAdapter.java:254)
		at org.springframework.context.event.ApplicationListenerMethodAdapter.onApplicationEvent(ApplicationListenerMethodAdapter.java:173)
		at org.springframework.context.event.SimpleApplicationEventMulticaster.doInvokeListener(SimpleApplicationEventMulticaster.java:185)
		at org.springframework.context.event.SimpleApplicationEventMulticaster.invokeListener(SimpleApplicationEventMulticaster.java:178)
		at org.springframework.context.event.SimpleApplicationEventMulticaster.multicastEvent(SimpleApplicationEventMulticaster.java:156)
		at org.springframework.context.support.AbstractApplicationContext.publishEvent(AbstractApplicationContext.java:454)
		at org.springframework.context.support.AbstractApplicationContext.publishEvent(AbstractApplicationContext.java:387)
		at org.springframework.context.support.AbstractApplicationContext.finishRefresh(AbstractApplicationContext.java:1009)
		at org.springframework.context.support.AbstractApplicationContext.refresh(AbstractApplicationContext.java:630)
		at org.springframework.web.servlet.FrameworkServlet.configureAndRefreshWebApplicationContext(FrameworkServlet.java:706)
		at org.springframework.web.servlet.FrameworkServlet.createWebApplicationContext(FrameworkServlet.java:672)
		at org.springframework.web.servlet.FrameworkServlet.createWebApplicationContext(FrameworkServlet.java:720)
		at org.springframework.web.servlet.FrameworkServlet.initWebApplicationContext(FrameworkServlet.java:595)
		at org.springframework.web.servlet.FrameworkServlet.initServletBean(FrameworkServlet.java:537)
		at org.springframework.web.servlet.HttpServletBean.init(HttpServletBean.java:169)
		at jakarta.servlet.GenericServlet.init(GenericServlet.java:143)
		at jakarta.servlet.http.HttpServlet.init(HttpServlet.java:122)
		at org.apache.catalina.core.StandardWrapper.initServlet(StandardWrapper.java:817)
		at org.apache.catalina.core.StandardWrapper.loadServlet(StandardWrapper.java:787)
		at org.apache.catalina.core.StandardWrapper.load(StandardWrapper.java:691)
		at org.apache.catalina.core.StandardContext.loadOnStartup(StandardContext.java:4153)
		at org.apache.catalina.core.StandardContext.startInternal(StandardContext.java:4437)
		at org.apache.catalina.util.LifecycleBase.start(LifecycleBase.java:164)
		at org.apache.catalina.core.ContainerBase.addChild(ContainerBase.java:566)
		at org.apache.catalina.core.StandardHost.addChild(StandardHost.java:653)
		at org.apache.catalina.startup.HostConfig.deployWAR(HostConfig.java:933)
		at org.apache.catalina.startup.HostConfig$DeployWar.run(HostConfig.java:1875)
		at java.base/java.util.concurrent.Executors$RunnableAdapter.call(Executors.java:572)
		at java.base/java.util.concurrent.FutureTask.run(FutureTask.java:317)
		at org.apache.tomcat.util.threads.InlineExecutorService.execute(InlineExecutorService.java:75)
		at java.base/java.util.concurrent.AbstractExecutorService.submit(AbstractExecutorService.java:123)
		at org.apache.catalina.startup.HostConfig.deployWARs(HostConfig.java:735)
		at org.apache.catalina.startup.HostConfig.deployApps(HostConfig.java:387)
		at org.apache.catalina.startup.HostConfig.start(HostConfig.java:1593)
		at org.apache.catalina.startup.HostConfig.lifecycleEvent(HostConfig.java:267)
		at org.apache.catalina.util.LifecycleBase.fireLifecycleEvent(LifecycleBase.java:109)
		at org.apache.catalina.util.LifecycleBase.setStateInternal(LifecycleBase.java:389)
		at org.apache.catalina.util.LifecycleBase.setState(LifecycleBase.java:336)
		at org.apache.catalina.core.ContainerBase.startInternal(ContainerBase.java:743)
		at org.apache.catalina.core.StandardHost.startInternal(StandardHost.java:771)
		at org.apache.catalina.util.LifecycleBase.start(LifecycleBase.java:164)
		at org.apache.catalina.core.ContainerBase$StartChild.call(ContainerBase.java:1170)
		at org.apache.catalina.core.ContainerBase$StartChild.call(ContainerBase.java:1160)
		at java.base/java.util.concurrent.FutureTask.run(FutureTask.java:317)
		at org.apache.tomcat.util.threads.InlineExecutorService.execute(InlineExecutorService.java:75)
		at java.base/java.util.concurrent.AbstractExecutorService.submit(AbstractExecutorService.java:145)
		at org.apache.catalina.core.ContainerBase.startInternal(ContainerBase.java:716)
		at org.apache.catalina.core.StandardEngine.startInternal(StandardEngine.java:203)
		at org.apache.catalina.util.LifecycleBase.start(LifecycleBase.java:164)
		at org.apache.catalina.core.StandardService.startInternal(StandardService.java:415)
		at org.apache.catalina.util.LifecycleBase.start(LifecycleBase.java:164)
		at org.apache.catalina.core.StandardServer.startInternal(StandardServer.java:866)
		at org.apache.catalina.util.LifecycleBase.start(LifecycleBase.java:164)
		at org.apache.catalina.startup.Catalina.start(Catalina.java:759)
		at java.base/jdk.internal.reflect.DirectMethodHandleAccessor.invoke(DirectMethodHandleAccessor.java:103)
		at java.base/java.lang.reflect.Method.invoke(Method.java:580)
		at org.apache.catalina.startup.Bootstrap.start(Bootstrap.java:342)
		at org.apache.catalina.startup.Bootstrap.main(Bootstrap.java:470)
19-Jan-2025 19:44:31.059 INFO [main] org.apache.catalina.core.ApplicationContext.log ContextListener: contextInitialized()
19-Jan-2025 19:44:31.059 INFO [main] org.apache.catalina.core.ApplicationContext.log SessionListener: contextInitialized()
19-Jan-2025 19:44:31.061 INFO [main] org.apache.catalina.core.ApplicationContext.log ContextListener: attributeAdded('StockTicker', 'async.Stockticker@2a22e7e2')
19-Jan-2025 19:44:31.264 INFO [http-nio-8080-exec-1] org.apache.catalina.core.ApplicationContext.log Initializing Spring DispatcherServlet 'dispatcher'
19-Jan-2025 19:44:31.393 SEVERE [http-nio-8080-exec-1] org.apache.catalina.core.ApplicationContext.log Servlet.init() для сервлета [dispatcher] выбросил исключение
	org.springframework.jdbc.datasource.init.ScriptStatementFailedException: Failed to execute SQL script statement #5 of class path resource [schema.sql]: INSERT INTO "POST" ("NAME", "IMAGE_URL", "DESCRIPTION") VALUES ('Plov', 'url-1', '{description-11, description-12, description-13}'), ('Pasta', 'url-2', '{description-21, description-22, description-23}'), ('Pizza', 'url-3', '{description-31, description-32, description-33}')
		at org.springframework.jdbc.datasource.init.ScriptUtils.executeSqlScript(ScriptUtils.java:282)
		at org.springframework.jdbc.datasource.init.ResourceDatabasePopulator.populate(ResourceDatabasePopulator.java:254)
		at org.springframework.jdbc.datasource.init.DatabasePopulatorUtils.execute(DatabasePopulatorUtils.java:54)
		at org.springframework.jdbc.datasource.init.ResourceDatabasePopulator.execute(ResourceDatabasePopulator.java:269)
		at ru.yandex.practicum.configuration.DataSourceConfiguration.populate(DataSourceConfiguration.java:45)
		at java.base/jdk.internal.reflect.DirectMethodHandleAccessor.invoke(DirectMethodHandleAccessor.java:103)
		at java.base/java.lang.reflect.Method.invoke(Method.java:580)
		at org.springframework.context.event.ApplicationListenerMethodAdapter.doInvoke(ApplicationListenerMethodAdapter.java:382)
		at org.springframework.context.event.ApplicationListenerMethodAdapter.processEvent(ApplicationListenerMethodAdapter.java:254)
		at org.springframework.context.event.ApplicationListenerMethodAdapter.onApplicationEvent(ApplicationListenerMethodAdapter.java:173)
		at org.springframework.context.event.SimpleApplicationEventMulticaster.doInvokeListener(SimpleApplicationEventMulticaster.java:185)
		at org.springframework.context.event.SimpleApplicationEventMulticaster.invokeListener(SimpleApplicationEventMulticaster.java:178)
		at org.springframework.context.event.SimpleApplicationEventMulticaster.multicastEvent(SimpleApplicationEventMulticaster.java:156)
		at org.springframework.context.support.AbstractApplicationContext.publishEvent(AbstractApplicationContext.java:454)
		at org.springframework.context.support.AbstractApplicationContext.publishEvent(AbstractApplicationContext.java:387)
		at org.springframework.context.support.AbstractApplicationContext.finishRefresh(AbstractApplicationContext.java:1009)
		at org.springframework.context.support.AbstractApplicationContext.refresh(AbstractApplicationContext.java:630)
		at org.springframework.web.servlet.FrameworkServlet.configureAndRefreshWebApplicationContext(FrameworkServlet.java:706)
		at org.springframework.web.servlet.FrameworkServlet.createWebApplicationContext(FrameworkServlet.java:672)
		at org.springframework.web.servlet.FrameworkServlet.createWebApplicationContext(FrameworkServlet.java:720)
		at org.springframework.web.servlet.FrameworkServlet.initWebApplicationContext(FrameworkServlet.java:595)
		at org.springframework.web.servlet.FrameworkServlet.initServletBean(FrameworkServlet.java:537)
		at org.springframework.web.servlet.HttpServletBean.init(HttpServletBean.java:169)
		at jakarta.servlet.GenericServlet.init(GenericServlet.java:143)
		at jakarta.servlet.http.HttpServlet.init(HttpServlet.java:122)
		at org.apache.catalina.core.StandardWrapper.initServlet(StandardWrapper.java:817)
		at org.apache.catalina.core.StandardWrapper.loadServlet(StandardWrapper.java:787)
		at org.apache.catalina.core.StandardWrapper.allocate(StandardWrapper.java:568)
		at org.apache.catalina.core.StandardWrapperValve.invoke(StandardWrapperValve.java:115)
		at org.apache.catalina.core.StandardContextValve.invoke(StandardContextValve.java:79)
		at org.apache.catalina.authenticator.AuthenticatorBase.invoke(AuthenticatorBase.java:483)
		at org.apache.catalina.core.StandardHostValve.invoke(StandardHostValve.java:115)
		at org.apache.catalina.valves.ErrorReportValve.invoke(ErrorReportValve.java:93)
		at org.apache.catalina.valves.AbstractAccessLogValve.invoke(AbstractAccessLogValve.java:663)
		at org.apache.catalina.core.StandardEngineValve.invoke(StandardEngineValve.java:74)
		at org.apache.catalina.connector.CoyoteAdapter.service(CoyoteAdapter.java:342)
		at org.apache.coyote.http11.Http11Processor.service(Http11Processor.java:395)
		at org.apache.coyote.AbstractProcessorLight.process(AbstractProcessorLight.java:63)
		at org.apache.coyote.AbstractProtocol$ConnectionHandler.process(AbstractProtocol.java:905)
		at org.apache.tomcat.util.net.NioEndpoint$SocketProcessor.doRun(NioEndpoint.java:1746)
		at org.apache.tomcat.util.net.SocketProcessorBase.run(SocketProcessorBase.java:52)
		at org.apache.tomcat.util.threads.ThreadPoolExecutor.runWorker(ThreadPoolExecutor.java:1148)
		at org.apache.tomcat.util.threads.ThreadPoolExecutor$Worker.run(ThreadPoolExecutor.java:636)
		at org.apache.tomcat.util.threads.TaskThread$WrappingRunnable.run(TaskThread.java:63)
		at java.base/java.lang.Thread.run(Thread.java:1583)
	Caused by: org.h2.jdbc.JdbcSQLIntegrityConstraintViolationException: Нарушение уникального индекса или первичного ключа: "PUBLIC.UK_POST_NAME_INDEX_2 ON PUBLIC.POST(NAME NULLS FIRST) VALUES ( /* 1 */ 'Plov' )"
Unique index or primary key violation: "PUBLIC.UK_POST_NAME_INDEX_2 ON PUBLIC.POST(NAME NULLS FIRST) VALUES ( /* 1 */ 'Plov' )"; SQL statement:
INSERT INTO "POST" ("NAME", "IMAGE_URL", "DESCRIPTION") VALUES ('Plov', 'url-1', '{description-11, description-12, description-13}'), ('Pasta', 'url-2', '{description-21, description-22, description-23}'), ('Pizza', 'url-3', '{description-31, description-32, description-33}') [23505-220]
		at org.h2.message.DbException.getJdbcSQLException(DbException.java:520)
		at org.h2.message.DbException.getJdbcSQLException(DbException.java:489)
		at org.h2.message.DbException.get(DbException.java:223)
		at org.h2.message.DbException.get(DbException.java:199)
		at org.h2.index.Index.getDuplicateKeyException(Index.java:527)
		at org.h2.mvstore.db.MVSecondaryIndex.checkUnique(MVSecondaryIndex.java:223)
		at org.h2.mvstore.db.MVSecondaryIndex.add(MVSecondaryIndex.java:184)
		at org.h2.mvstore.db.MVTable.addRow(MVTable.java:519)
		at org.h2.command.dml.Insert.insertRows(Insert.java:174)
		at org.h2.command.dml.Insert.update(Insert.java:135)
		at org.h2.command.dml.DataChangeStatement.update(DataChangeStatement.java:74)
		at org.h2.command.CommandContainer.update(CommandContainer.java:169)
		at org.h2.command.Command.executeUpdate(Command.java:252)
		at org.h2.jdbc.JdbcStatement.executeInternal(JdbcStatement.java:252)
		at org.h2.jdbc.JdbcStatement.execute(JdbcStatement.java:223)
		at org.springframework.jdbc.datasource.init.ScriptUtils.executeSqlScript(ScriptUtils.java:261)
		... 44 more
19-Jan-2025 19:44:31.393 SEVERE [http-nio-8080-exec-1] org.apache.catalina.core.StandardWrapperValve.invoke Ошибка выделения для сервлета [dispatcher]
	org.h2.jdbc.JdbcSQLIntegrityConstraintViolationException: Нарушение уникального индекса или первичного ключа: "PUBLIC.UK_POST_NAME_INDEX_2 ON PUBLIC.POST(NAME NULLS FIRST) VALUES ( /* 1 */ 'Plov' )"
Unique index or primary key violation: "PUBLIC.UK_POST_NAME_INDEX_2 ON PUBLIC.POST(NAME NULLS FIRST) VALUES ( /* 1 */ 'Plov' )"; SQL statement:
INSERT INTO "POST" ("NAME", "IMAGE_URL", "DESCRIPTION") VALUES ('Plov', 'url-1', '{description-11, description-12, description-13}'), ('Pasta', 'url-2', '{description-21, description-22, description-23}'), ('Pizza', 'url-3', '{description-31, description-32, description-33}') [23505-220]
		at org.h2.message.DbException.getJdbcSQLException(DbException.java:520)
		at org.h2.message.DbException.getJdbcSQLException(DbException.java:489)
		at org.h2.message.DbException.get(DbException.java:223)
		at org.h2.message.DbException.get(DbException.java:199)
		at org.h2.index.Index.getDuplicateKeyException(Index.java:527)
		at org.h2.mvstore.db.MVSecondaryIndex.checkUnique(MVSecondaryIndex.java:223)
		at org.h2.mvstore.db.MVSecondaryIndex.add(MVSecondaryIndex.java:184)
		at org.h2.mvstore.db.MVTable.addRow(MVTable.java:519)
		at org.h2.command.dml.Insert.insertRows(Insert.java:174)
		at org.h2.command.dml.Insert.update(Insert.java:135)
		at org.h2.command.dml.DataChangeStatement.update(DataChangeStatement.java:74)
		at org.h2.command.CommandContainer.update(CommandContainer.java:169)
		at org.h2.command.Command.executeUpdate(Command.java:252)
		at org.h2.jdbc.JdbcStatement.executeInternal(JdbcStatement.java:252)
		at org.h2.jdbc.JdbcStatement.execute(JdbcStatement.java:223)
		at org.springframework.jdbc.datasource.init.ScriptUtils.executeSqlScript(ScriptUtils.java:261)
		at org.springframework.jdbc.datasource.init.ResourceDatabasePopulator.populate(ResourceDatabasePopulator.java:254)
		at org.springframework.jdbc.datasource.init.DatabasePopulatorUtils.execute(DatabasePopulatorUtils.java:54)
		at org.springframework.jdbc.datasource.init.ResourceDatabasePopulator.execute(ResourceDatabasePopulator.java:269)
		at ru.yandex.practicum.configuration.DataSourceConfiguration.populate(DataSourceConfiguration.java:45)
		at java.base/jdk.internal.reflect.DirectMethodHandleAccessor.invoke(DirectMethodHandleAccessor.java:103)
		at java.base/java.lang.reflect.Method.invoke(Method.java:580)
		at org.springframework.context.event.ApplicationListenerMethodAdapter.doInvoke(ApplicationListenerMethodAdapter.java:382)
		at org.springframework.context.event.ApplicationListenerMethodAdapter.processEvent(ApplicationListenerMethodAdapter.java:254)
		at org.springframework.context.event.ApplicationListenerMethodAdapter.onApplicationEvent(ApplicationListenerMethodAdapter.java:173)
		at org.springframework.context.event.SimpleApplicationEventMulticaster.doInvokeListener(SimpleApplicationEventMulticaster.java:185)
		at org.springframework.context.event.SimpleApplicationEventMulticaster.invokeListener(SimpleApplicationEventMulticaster.java:178)
		at org.springframework.context.event.SimpleApplicationEventMulticaster.multicastEvent(SimpleApplicationEventMulticaster.java:156)
		at org.springframework.context.support.AbstractApplicationContext.publishEvent(AbstractApplicationContext.java:454)
		at org.springframework.context.support.AbstractApplicationContext.publishEvent(AbstractApplicationContext.java:387)
		at org.springframework.context.support.AbstractApplicationContext.finishRefresh(AbstractApplicationContext.java:1009)
		at org.springframework.context.support.AbstractApplicationContext.refresh(AbstractApplicationContext.java:630)
		at org.springframework.web.servlet.FrameworkServlet.configureAndRefreshWebApplicationContext(FrameworkServlet.java:706)
		at org.springframework.web.servlet.FrameworkServlet.createWebApplicationContext(FrameworkServlet.java:672)
		at org.springframework.web.servlet.FrameworkServlet.createWebApplicationContext(FrameworkServlet.java:720)
		at org.springframework.web.servlet.FrameworkServlet.initWebApplicationContext(FrameworkServlet.java:595)
		at org.springframework.web.servlet.FrameworkServlet.initServletBean(FrameworkServlet.java:537)
		at org.springframework.web.servlet.HttpServletBean.init(HttpServletBean.java:169)
		at jakarta.servlet.GenericServlet.init(GenericServlet.java:143)
		at jakarta.servlet.http.HttpServlet.init(HttpServlet.java:122)
		at org.apache.catalina.core.StandardWrapper.initServlet(StandardWrapper.java:817)
		at org.apache.catalina.core.StandardWrapper.loadServlet(StandardWrapper.java:787)
		at org.apache.catalina.core.StandardWrapper.allocate(StandardWrapper.java:568)
		at org.apache.catalina.core.StandardWrapperValve.invoke(StandardWrapperValve.java:115)
		at org.apache.catalina.core.StandardContextValve.invoke(StandardContextValve.java:79)
		at org.apache.catalina.authenticator.AuthenticatorBase.invoke(AuthenticatorBase.java:483)
		at org.apache.catalina.core.StandardHostValve.invoke(StandardHostValve.java:115)
		at org.apache.catalina.valves.ErrorReportValve.invoke(ErrorReportValve.java:93)
		at org.apache.catalina.valves.AbstractAccessLogValve.invoke(AbstractAccessLogValve.java:663)
		at org.apache.catalina.core.StandardEngineValve.invoke(StandardEngineValve.java:74)
		at org.apache.catalina.connector.CoyoteAdapter.service(CoyoteAdapter.java:342)
		at org.apache.coyote.http11.Http11Processor.service(Http11Processor.java:395)
		at org.apache.coyote.AbstractProcessorLight.process(AbstractProcessorLight.java:63)
		at org.apache.coyote.AbstractProtocol$ConnectionHandler.process(AbstractProtocol.java:905)
		at org.apache.tomcat.util.net.NioEndpoint$SocketProcessor.doRun(NioEndpoint.java:1746)
		at org.apache.tomcat.util.net.SocketProcessorBase.run(SocketProcessorBase.java:52)
		at org.apache.tomcat.util.threads.ThreadPoolExecutor.runWorker(ThreadPoolExecutor.java:1148)
		at org.apache.tomcat.util.threads.ThreadPoolExecutor$Worker.run(ThreadPoolExecutor.java:636)
		at org.apache.tomcat.util.threads.TaskThread$WrappingRunnable.run(TaskThread.java:63)
		at java.base/java.lang.Thread.run(Thread.java:1583)
19-Jan-2025 19:45:41.812 INFO [main] org.apache.catalina.core.ApplicationContext.log SessionListener: contextDestroyed()
19-Jan-2025 19:45:41.812 INFO [main] org.apache.catalina.core.ApplicationContext.log ContextListener: contextDestroyed()
19-Jan-2025 19:46:47.491 INFO [main] org.apache.catalina.core.ApplicationContext.log No Spring WebApplicationInitializer types detected on classpath
19-Jan-2025 19:46:47.649 INFO [main] org.apache.catalina.core.ApplicationContext.log Initializing Spring DispatcherServlet 'dispatcher'
19-Jan-2025 19:46:48.795 SEVERE [main] org.apache.catalina.core.ApplicationContext.log Servlet.init() для сервлета [dispatcher] выбросил исключение
	org.springframework.jdbc.datasource.init.ScriptStatementFailedException: Failed to execute SQL script statement #7 of class path resource [schema.sql]: INSERT INTO "LIKE" ("COUNT", "POST_ID") VALUES (1, 1), (5, 2), (4, 3)
		at org.springframework.jdbc.datasource.init.ScriptUtils.executeSqlScript(ScriptUtils.java:282)
		at org.springframework.jdbc.datasource.init.ResourceDatabasePopulator.populate(ResourceDatabasePopulator.java:254)
		at org.springframework.jdbc.datasource.init.DatabasePopulatorUtils.execute(DatabasePopulatorUtils.java:54)
		at org.springframework.jdbc.datasource.init.ResourceDatabasePopulator.execute(ResourceDatabasePopulator.java:269)
		at ru.yandex.practicum.configuration.DataSourceConfiguration.populate(DataSourceConfiguration.java:45)
		at java.base/jdk.internal.reflect.DirectMethodHandleAccessor.invoke(DirectMethodHandleAccessor.java:103)
		at java.base/java.lang.reflect.Method.invoke(Method.java:580)
		at org.springframework.context.event.ApplicationListenerMethodAdapter.doInvoke(ApplicationListenerMethodAdapter.java:382)
		at org.springframework.context.event.ApplicationListenerMethodAdapter.processEvent(ApplicationListenerMethodAdapter.java:254)
		at org.springframework.context.event.ApplicationListenerMethodAdapter.onApplicationEvent(ApplicationListenerMethodAdapter.java:173)
		at org.springframework.context.event.SimpleApplicationEventMulticaster.doInvokeListener(SimpleApplicationEventMulticaster.java:185)
		at org.springframework.context.event.SimpleApplicationEventMulticaster.invokeListener(SimpleApplicationEventMulticaster.java:178)
		at org.springframework.context.event.SimpleApplicationEventMulticaster.multicastEvent(SimpleApplicationEventMulticaster.java:156)
		at org.springframework.context.support.AbstractApplicationContext.publishEvent(AbstractApplicationContext.java:454)
		at org.springframework.context.support.AbstractApplicationContext.publishEvent(AbstractApplicationContext.java:387)
		at org.springframework.context.support.AbstractApplicationContext.finishRefresh(AbstractApplicationContext.java:1009)
		at org.springframework.context.support.AbstractApplicationContext.refresh(AbstractApplicationContext.java:630)
		at org.springframework.web.servlet.FrameworkServlet.configureAndRefreshWebApplicationContext(FrameworkServlet.java:706)
		at org.springframework.web.servlet.FrameworkServlet.createWebApplicationContext(FrameworkServlet.java:672)
		at org.springframework.web.servlet.FrameworkServlet.createWebApplicationContext(FrameworkServlet.java:720)
		at org.springframework.web.servlet.FrameworkServlet.initWebApplicationContext(FrameworkServlet.java:595)
		at org.springframework.web.servlet.FrameworkServlet.initServletBean(FrameworkServlet.java:537)
		at org.springframework.web.servlet.HttpServletBean.init(HttpServletBean.java:169)
		at jakarta.servlet.GenericServlet.init(GenericServlet.java:143)
		at jakarta.servlet.http.HttpServlet.init(HttpServlet.java:122)
		at org.apache.catalina.core.StandardWrapper.initServlet(StandardWrapper.java:817)
		at org.apache.catalina.core.StandardWrapper.loadServlet(StandardWrapper.java:787)
		at org.apache.catalina.core.StandardWrapper.load(StandardWrapper.java:691)
		at org.apache.catalina.core.StandardContext.loadOnStartup(StandardContext.java:4153)
		at org.apache.catalina.core.StandardContext.startInternal(StandardContext.java:4437)
		at org.apache.catalina.util.LifecycleBase.start(LifecycleBase.java:164)
		at org.apache.catalina.core.ContainerBase.addChild(ContainerBase.java:566)
		at org.apache.catalina.core.StandardHost.addChild(StandardHost.java:653)
		at org.apache.catalina.startup.HostConfig.deployWAR(HostConfig.java:933)
		at org.apache.catalina.startup.HostConfig$DeployWar.run(HostConfig.java:1875)
		at java.base/java.util.concurrent.Executors$RunnableAdapter.call(Executors.java:572)
		at java.base/java.util.concurrent.FutureTask.run(FutureTask.java:317)
		at org.apache.tomcat.util.threads.InlineExecutorService.execute(InlineExecutorService.java:75)
		at java.base/java.util.concurrent.AbstractExecutorService.submit(AbstractExecutorService.java:123)
		at org.apache.catalina.startup.HostConfig.deployWARs(HostConfig.java:735)
		at org.apache.catalina.startup.HostConfig.deployApps(HostConfig.java:387)
		at org.apache.catalina.startup.HostConfig.start(HostConfig.java:1593)
		at org.apache.catalina.startup.HostConfig.lifecycleEvent(HostConfig.java:267)
		at org.apache.catalina.util.LifecycleBase.fireLifecycleEvent(LifecycleBase.java:109)
		at org.apache.catalina.util.LifecycleBase.setStateInternal(LifecycleBase.java:389)
		at org.apache.catalina.util.LifecycleBase.setState(LifecycleBase.java:336)
		at org.apache.catalina.core.ContainerBase.startInternal(ContainerBase.java:743)
		at org.apache.catalina.core.StandardHost.startInternal(StandardHost.java:771)
		at org.apache.catalina.util.LifecycleBase.start(LifecycleBase.java:164)
		at org.apache.catalina.core.ContainerBase$StartChild.call(ContainerBase.java:1170)
		at org.apache.catalina.core.ContainerBase$StartChild.call(ContainerBase.java:1160)
		at java.base/java.util.concurrent.FutureTask.run(FutureTask.java:317)
		at org.apache.tomcat.util.threads.InlineExecutorService.execute(InlineExecutorService.java:75)
		at java.base/java.util.concurrent.AbstractExecutorService.submit(AbstractExecutorService.java:145)
		at org.apache.catalina.core.ContainerBase.startInternal(ContainerBase.java:716)
		at org.apache.catalina.core.StandardEngine.startInternal(StandardEngine.java:203)
		at org.apache.catalina.util.LifecycleBase.start(LifecycleBase.java:164)
		at org.apache.catalina.core.StandardService.startInternal(StandardService.java:415)
		at org.apache.catalina.util.LifecycleBase.start(LifecycleBase.java:164)
		at org.apache.catalina.core.StandardServer.startInternal(StandardServer.java:866)
		at org.apache.catalina.util.LifecycleBase.start(LifecycleBase.java:164)
		at org.apache.catalina.startup.Catalina.start(Catalina.java:759)
		at java.base/jdk.internal.reflect.DirectMethodHandleAccessor.invoke(DirectMethodHandleAccessor.java:103)
		at java.base/java.lang.reflect.Method.invoke(Method.java:580)
		at org.apache.catalina.startup.Bootstrap.start(Bootstrap.java:342)
		at org.apache.catalina.startup.Bootstrap.main(Bootstrap.java:470)
	Caused by: org.h2.jdbc.JdbcSQLSyntaxErrorException: Таблица "LIKE" не найдена
Table "LIKE" not found; SQL statement:
INSERT INTO "LIKE" ("COUNT", "POST_ID") VALUES (1, 1), (5, 2), (4, 3) [42102-220]
		at org.h2.message.DbException.getJdbcSQLException(DbException.java:514)
		at org.h2.message.DbException.getJdbcSQLException(DbException.java:489)
		at org.h2.message.DbException.get(DbException.java:223)
		at org.h2.message.DbException.get(DbException.java:199)
		at org.h2.command.Parser.getTableOrViewNotFoundDbException(Parser.java:8561)
		at org.h2.command.Parser.getTableOrViewNotFoundDbException(Parser.java:8532)
		at org.h2.command.Parser.readTableOrView(Parser.java:8521)
		at org.h2.command.Parser.readTableOrView(Parser.java:8487)
		at org.h2.command.Parser.parseInsert(Parser.java:1663)
		at org.h2.command.Parser.parsePrepared(Parser.java:822)
		at org.h2.command.Parser.parse(Parser.java:697)
		at org.h2.command.Parser.parse(Parser.java:669)
		at org.h2.command.Parser.prepareCommand(Parser.java:577)
		at org.h2.engine.SessionLocal.prepareLocal(SessionLocal.java:634)
		at org.h2.engine.SessionLocal.prepareCommand(SessionLocal.java:557)
		at org.h2.jdbc.JdbcConnection.prepareCommand(JdbcConnection.java:1116)
		at org.h2.jdbc.JdbcStatement.executeInternal(JdbcStatement.java:237)
		at org.h2.jdbc.JdbcStatement.execute(JdbcStatement.java:223)
		at org.springframework.jdbc.datasource.init.ScriptUtils.executeSqlScript(ScriptUtils.java:261)
		... 65 more
19-Jan-2025 19:46:48.795 SEVERE [main] org.apache.catalina.core.StandardContext.loadOnStartup Servlet [dispatcher] in web application [/blog] threw load() exception
	org.h2.jdbc.JdbcSQLSyntaxErrorException: Таблица "LIKE" не найдена
Table "LIKE" not found; SQL statement:
INSERT INTO "LIKE" ("COUNT", "POST_ID") VALUES (1, 1), (5, 2), (4, 3) [42102-220]
		at org.h2.message.DbException.getJdbcSQLException(DbException.java:514)
		at org.h2.message.DbException.getJdbcSQLException(DbException.java:489)
		at org.h2.message.DbException.get(DbException.java:223)
		at org.h2.message.DbException.get(DbException.java:199)
		at org.h2.command.Parser.getTableOrViewNotFoundDbException(Parser.java:8561)
		at org.h2.command.Parser.getTableOrViewNotFoundDbException(Parser.java:8532)
		at org.h2.command.Parser.readTableOrView(Parser.java:8521)
		at org.h2.command.Parser.readTableOrView(Parser.java:8487)
		at org.h2.command.Parser.parseInsert(Parser.java:1663)
		at org.h2.command.Parser.parsePrepared(Parser.java:822)
		at org.h2.command.Parser.parse(Parser.java:697)
		at org.h2.command.Parser.parse(Parser.java:669)
		at org.h2.command.Parser.prepareCommand(Parser.java:577)
		at org.h2.engine.SessionLocal.prepareLocal(SessionLocal.java:634)
		at org.h2.engine.SessionLocal.prepareCommand(SessionLocal.java:557)
		at org.h2.jdbc.JdbcConnection.prepareCommand(JdbcConnection.java:1116)
		at org.h2.jdbc.JdbcStatement.executeInternal(JdbcStatement.java:237)
		at org.h2.jdbc.JdbcStatement.execute(JdbcStatement.java:223)
		at org.springframework.jdbc.datasource.init.ScriptUtils.executeSqlScript(ScriptUtils.java:261)
		at org.springframework.jdbc.datasource.init.ResourceDatabasePopulator.populate(ResourceDatabasePopulator.java:254)
		at org.springframework.jdbc.datasource.init.DatabasePopulatorUtils.execute(DatabasePopulatorUtils.java:54)
		at org.springframework.jdbc.datasource.init.ResourceDatabasePopulator.execute(ResourceDatabasePopulator.java:269)
		at ru.yandex.practicum.configuration.DataSourceConfiguration.populate(DataSourceConfiguration.java:45)
		at java.base/jdk.internal.reflect.DirectMethodHandleAccessor.invoke(DirectMethodHandleAccessor.java:103)
		at java.base/java.lang.reflect.Method.invoke(Method.java:580)
		at org.springframework.context.event.ApplicationListenerMethodAdapter.doInvoke(ApplicationListenerMethodAdapter.java:382)
		at org.springframework.context.event.ApplicationListenerMethodAdapter.processEvent(ApplicationListenerMethodAdapter.java:254)
		at org.springframework.context.event.ApplicationListenerMethodAdapter.onApplicationEvent(ApplicationListenerMethodAdapter.java:173)
		at org.springframework.context.event.SimpleApplicationEventMulticaster.doInvokeListener(SimpleApplicationEventMulticaster.java:185)
		at org.springframework.context.event.SimpleApplicationEventMulticaster.invokeListener(SimpleApplicationEventMulticaster.java:178)
		at org.springframework.context.event.SimpleApplicationEventMulticaster.multicastEvent(SimpleApplicationEventMulticaster.java:156)
		at org.springframework.context.support.AbstractApplicationContext.publishEvent(AbstractApplicationContext.java:454)
		at org.springframework.context.support.AbstractApplicationContext.publishEvent(AbstractApplicationContext.java:387)
		at org.springframework.context.support.AbstractApplicationContext.finishRefresh(AbstractApplicationContext.java:1009)
		at org.springframework.context.support.AbstractApplicationContext.refresh(AbstractApplicationContext.java:630)
		at org.springframework.web.servlet.FrameworkServlet.configureAndRefreshWebApplicationContext(FrameworkServlet.java:706)
		at org.springframework.web.servlet.FrameworkServlet.createWebApplicationContext(FrameworkServlet.java:672)
		at org.springframework.web.servlet.FrameworkServlet.createWebApplicationContext(FrameworkServlet.java:720)
		at org.springframework.web.servlet.FrameworkServlet.initWebApplicationContext(FrameworkServlet.java:595)
		at org.springframework.web.servlet.FrameworkServlet.initServletBean(FrameworkServlet.java:537)
		at org.springframework.web.servlet.HttpServletBean.init(HttpServletBean.java:169)
		at jakarta.servlet.GenericServlet.init(GenericServlet.java:143)
		at jakarta.servlet.http.HttpServlet.init(HttpServlet.java:122)
		at org.apache.catalina.core.StandardWrapper.initServlet(StandardWrapper.java:817)
		at org.apache.catalina.core.StandardWrapper.loadServlet(StandardWrapper.java:787)
		at org.apache.catalina.core.StandardWrapper.load(StandardWrapper.java:691)
		at org.apache.catalina.core.StandardContext.loadOnStartup(StandardContext.java:4153)
		at org.apache.catalina.core.StandardContext.startInternal(StandardContext.java:4437)
		at org.apache.catalina.util.LifecycleBase.start(LifecycleBase.java:164)
		at org.apache.catalina.core.ContainerBase.addChild(ContainerBase.java:566)
		at org.apache.catalina.core.StandardHost.addChild(StandardHost.java:653)
		at org.apache.catalina.startup.HostConfig.deployWAR(HostConfig.java:933)
		at org.apache.catalina.startup.HostConfig$DeployWar.run(HostConfig.java:1875)
		at java.base/java.util.concurrent.Executors$RunnableAdapter.call(Executors.java:572)
		at java.base/java.util.concurrent.FutureTask.run(FutureTask.java:317)
		at org.apache.tomcat.util.threads.InlineExecutorService.execute(InlineExecutorService.java:75)
		at java.base/java.util.concurrent.AbstractExecutorService.submit(AbstractExecutorService.java:123)
		at org.apache.catalina.startup.HostConfig.deployWARs(HostConfig.java:735)
		at org.apache.catalina.startup.HostConfig.deployApps(HostConfig.java:387)
		at org.apache.catalina.startup.HostConfig.start(HostConfig.java:1593)
		at org.apache.catalina.startup.HostConfig.lifecycleEvent(HostConfig.java:267)
		at org.apache.catalina.util.LifecycleBase.fireLifecycleEvent(LifecycleBase.java:109)
		at org.apache.catalina.util.LifecycleBase.setStateInternal(LifecycleBase.java:389)
		at org.apache.catalina.util.LifecycleBase.setState(LifecycleBase.java:336)
		at org.apache.catalina.core.ContainerBase.startInternal(ContainerBase.java:743)
		at org.apache.catalina.core.StandardHost.startInternal(StandardHost.java:771)
		at org.apache.catalina.util.LifecycleBase.start(LifecycleBase.java:164)
		at org.apache.catalina.core.ContainerBase$StartChild.call(ContainerBase.java:1170)
		at org.apache.catalina.core.ContainerBase$StartChild.call(ContainerBase.java:1160)
		at java.base/java.util.concurrent.FutureTask.run(FutureTask.java:317)
		at org.apache.tomcat.util.threads.InlineExecutorService.execute(InlineExecutorService.java:75)
		at java.base/java.util.concurrent.AbstractExecutorService.submit(AbstractExecutorService.java:145)
		at org.apache.catalina.core.ContainerBase.startInternal(ContainerBase.java:716)
		at org.apache.catalina.core.StandardEngine.startInternal(StandardEngine.java:203)
		at org.apache.catalina.util.LifecycleBase.start(LifecycleBase.java:164)
		at org.apache.catalina.core.StandardService.startInternal(StandardService.java:415)
		at org.apache.catalina.util.LifecycleBase.start(LifecycleBase.java:164)
		at org.apache.catalina.core.StandardServer.startInternal(StandardServer.java:866)
		at org.apache.catalina.util.LifecycleBase.start(LifecycleBase.java:164)
		at org.apache.catalina.startup.Catalina.start(Catalina.java:759)
		at java.base/jdk.internal.reflect.DirectMethodHandleAccessor.invoke(DirectMethodHandleAccessor.java:103)
		at java.base/java.lang.reflect.Method.invoke(Method.java:580)
		at org.apache.catalina.startup.Bootstrap.start(Bootstrap.java:342)
		at org.apache.catalina.startup.Bootstrap.main(Bootstrap.java:470)
19-Jan-2025 19:46:49.098 INFO [main] org.apache.catalina.core.ApplicationContext.log ContextListener: contextInitialized()
19-Jan-2025 19:46:49.098 INFO [main] org.apache.catalina.core.ApplicationContext.log SessionListener: contextInitialized()
19-Jan-2025 19:46:49.100 INFO [main] org.apache.catalina.core.ApplicationContext.log ContextListener: attributeAdded('StockTicker', 'async.Stockticker@2a22e7e2')
19-Jan-2025 19:46:51.338 INFO [http-nio-8080-exec-1] org.apache.catalina.core.ApplicationContext.log Initializing Spring DispatcherServlet 'dispatcher'
19-Jan-2025 19:46:51.435 SEVERE [http-nio-8080-exec-1] org.apache.catalina.core.ApplicationContext.log Servlet.init() для сервлета [dispatcher] выбросил исключение
	org.springframework.jdbc.datasource.init.ScriptStatementFailedException: Failed to execute SQL script statement #5 of class path resource [schema.sql]: INSERT INTO "POST" ("NAME", "IMAGE_URL", "DESCRIPTION") VALUES ('Plov', 'url-1', '{description-11, description-12, description-13}'), ('Pasta', 'url-2', '{description-21, description-22, description-23}'), ('Pizza', 'url-3', '{description-31, description-32, description-33}')
		at org.springframework.jdbc.datasource.init.ScriptUtils.executeSqlScript(ScriptUtils.java:282)
		at org.springframework.jdbc.datasource.init.ResourceDatabasePopulator.populate(ResourceDatabasePopulator.java:254)
		at org.springframework.jdbc.datasource.init.DatabasePopulatorUtils.execute(DatabasePopulatorUtils.java:54)
		at org.springframework.jdbc.datasource.init.ResourceDatabasePopulator.execute(ResourceDatabasePopulator.java:269)
		at ru.yandex.practicum.configuration.DataSourceConfiguration.populate(DataSourceConfiguration.java:45)
		at java.base/jdk.internal.reflect.DirectMethodHandleAccessor.invoke(DirectMethodHandleAccessor.java:103)
		at java.base/java.lang.reflect.Method.invoke(Method.java:580)
		at org.springframework.context.event.ApplicationListenerMethodAdapter.doInvoke(ApplicationListenerMethodAdapter.java:382)
		at org.springframework.context.event.ApplicationListenerMethodAdapter.processEvent(ApplicationListenerMethodAdapter.java:254)
		at org.springframework.context.event.ApplicationListenerMethodAdapter.onApplicationEvent(ApplicationListenerMethodAdapter.java:173)
		at org.springframework.context.event.SimpleApplicationEventMulticaster.doInvokeListener(SimpleApplicationEventMulticaster.java:185)
		at org.springframework.context.event.SimpleApplicationEventMulticaster.invokeListener(SimpleApplicationEventMulticaster.java:178)
		at org.springframework.context.event.SimpleApplicationEventMulticaster.multicastEvent(SimpleApplicationEventMulticaster.java:156)
		at org.springframework.context.support.AbstractApplicationContext.publishEvent(AbstractApplicationContext.java:454)
		at org.springframework.context.support.AbstractApplicationContext.publishEvent(AbstractApplicationContext.java:387)
		at org.springframework.context.support.AbstractApplicationContext.finishRefresh(AbstractApplicationContext.java:1009)
		at org.springframework.context.support.AbstractApplicationContext.refresh(AbstractApplicationContext.java:630)
		at org.springframework.web.servlet.FrameworkServlet.configureAndRefreshWebApplicationContext(FrameworkServlet.java:706)
		at org.springframework.web.servlet.FrameworkServlet.createWebApplicationContext(FrameworkServlet.java:672)
		at org.springframework.web.servlet.FrameworkServlet.createWebApplicationContext(FrameworkServlet.java:720)
		at org.springframework.web.servlet.FrameworkServlet.initWebApplicationContext(FrameworkServlet.java:595)
		at org.springframework.web.servlet.FrameworkServlet.initServletBean(FrameworkServlet.java:537)
		at org.springframework.web.servlet.HttpServletBean.init(HttpServletBean.java:169)
		at jakarta.servlet.GenericServlet.init(GenericServlet.java:143)
		at jakarta.servlet.http.HttpServlet.init(HttpServlet.java:122)
		at org.apache.catalina.core.StandardWrapper.initServlet(StandardWrapper.java:817)
		at org.apache.catalina.core.StandardWrapper.loadServlet(StandardWrapper.java:787)
		at org.apache.catalina.core.StandardWrapper.allocate(StandardWrapper.java:568)
		at org.apache.catalina.core.StandardWrapperValve.invoke(StandardWrapperValve.java:115)
		at org.apache.catalina.core.StandardContextValve.invoke(StandardContextValve.java:79)
		at org.apache.catalina.authenticator.AuthenticatorBase.invoke(AuthenticatorBase.java:483)
		at org.apache.catalina.core.StandardHostValve.invoke(StandardHostValve.java:115)
		at org.apache.catalina.valves.ErrorReportValve.invoke(ErrorReportValve.java:93)
		at org.apache.catalina.valves.AbstractAccessLogValve.invoke(AbstractAccessLogValve.java:663)
		at org.apache.catalina.core.StandardEngineValve.invoke(StandardEngineValve.java:74)
		at org.apache.catalina.connector.CoyoteAdapter.service(CoyoteAdapter.java:342)
		at org.apache.coyote.http11.Http11Processor.service(Http11Processor.java:395)
		at org.apache.coyote.AbstractProcessorLight.process(AbstractProcessorLight.java:63)
		at org.apache.coyote.AbstractProtocol$ConnectionHandler.process(AbstractProtocol.java:905)
		at org.apache.tomcat.util.net.NioEndpoint$SocketProcessor.doRun(NioEndpoint.java:1746)
		at org.apache.tomcat.util.net.SocketProcessorBase.run(SocketProcessorBase.java:52)
		at org.apache.tomcat.util.threads.ThreadPoolExecutor.runWorker(ThreadPoolExecutor.java:1148)
		at org.apache.tomcat.util.threads.ThreadPoolExecutor$Worker.run(ThreadPoolExecutor.java:636)
		at org.apache.tomcat.util.threads.TaskThread$WrappingRunnable.run(TaskThread.java:63)
		at java.base/java.lang.Thread.run(Thread.java:1583)
	Caused by: org.h2.jdbc.JdbcSQLIntegrityConstraintViolationException: Нарушение уникального индекса или первичного ключа: "PUBLIC.UK_POST_NAME_INDEX_2 ON PUBLIC.POST(NAME NULLS FIRST) VALUES ( /* 1 */ 'Plov' )"
Unique index or primary key violation: "PUBLIC.UK_POST_NAME_INDEX_2 ON PUBLIC.POST(NAME NULLS FIRST) VALUES ( /* 1 */ 'Plov' )"; SQL statement:
INSERT INTO "POST" ("NAME", "IMAGE_URL", "DESCRIPTION") VALUES ('Plov', 'url-1', '{description-11, description-12, description-13}'), ('Pasta', 'url-2', '{description-21, description-22, description-23}'), ('Pizza', 'url-3', '{description-31, description-32, description-33}') [23505-220]
		at org.h2.message.DbException.getJdbcSQLException(DbException.java:520)
		at org.h2.message.DbException.getJdbcSQLException(DbException.java:489)
		at org.h2.message.DbException.get(DbException.java:223)
		at org.h2.message.DbException.get(DbException.java:199)
		at org.h2.index.Index.getDuplicateKeyException(Index.java:527)
		at org.h2.mvstore.db.MVSecondaryIndex.checkUnique(MVSecondaryIndex.java:223)
		at org.h2.mvstore.db.MVSecondaryIndex.add(MVSecondaryIndex.java:184)
		at org.h2.mvstore.db.MVTable.addRow(MVTable.java:519)
		at org.h2.command.dml.Insert.insertRows(Insert.java:174)
		at org.h2.command.dml.Insert.update(Insert.java:135)
		at org.h2.command.dml.DataChangeStatement.update(DataChangeStatement.java:74)
		at org.h2.command.CommandContainer.update(CommandContainer.java:169)
		at org.h2.command.Command.executeUpdate(Command.java:252)
		at org.h2.jdbc.JdbcStatement.executeInternal(JdbcStatement.java:252)
		at org.h2.jdbc.JdbcStatement.execute(JdbcStatement.java:223)
		at org.springframework.jdbc.datasource.init.ScriptUtils.executeSqlScript(ScriptUtils.java:261)
		... 44 more
19-Jan-2025 19:46:51.436 SEVERE [http-nio-8080-exec-1] org.apache.catalina.core.StandardWrapperValve.invoke Ошибка выделения для сервлета [dispatcher]
	org.h2.jdbc.JdbcSQLIntegrityConstraintViolationException: Нарушение уникального индекса или первичного ключа: "PUBLIC.UK_POST_NAME_INDEX_2 ON PUBLIC.POST(NAME NULLS FIRST) VALUES ( /* 1 */ 'Plov' )"
Unique index or primary key violation: "PUBLIC.UK_POST_NAME_INDEX_2 ON PUBLIC.POST(NAME NULLS FIRST) VALUES ( /* 1 */ 'Plov' )"; SQL statement:
INSERT INTO "POST" ("NAME", "IMAGE_URL", "DESCRIPTION") VALUES ('Plov', 'url-1', '{description-11, description-12, description-13}'), ('Pasta', 'url-2', '{description-21, description-22, description-23}'), ('Pizza', 'url-3', '{description-31, description-32, description-33}') [23505-220]
		at org.h2.message.DbException.getJdbcSQLException(DbException.java:520)
		at org.h2.message.DbException.getJdbcSQLException(DbException.java:489)
		at org.h2.message.DbException.get(DbException.java:223)
		at org.h2.message.DbException.get(DbException.java:199)
		at org.h2.index.Index.getDuplicateKeyException(Index.java:527)
		at org.h2.mvstore.db.MVSecondaryIndex.checkUnique(MVSecondaryIndex.java:223)
		at org.h2.mvstore.db.MVSecondaryIndex.add(MVSecondaryIndex.java:184)
		at org.h2.mvstore.db.MVTable.addRow(MVTable.java:519)
		at org.h2.command.dml.Insert.insertRows(Insert.java:174)
		at org.h2.command.dml.Insert.update(Insert.java:135)
		at org.h2.command.dml.DataChangeStatement.update(DataChangeStatement.java:74)
		at org.h2.command.CommandContainer.update(CommandContainer.java:169)
		at org.h2.command.Command.executeUpdate(Command.java:252)
		at org.h2.jdbc.JdbcStatement.executeInternal(JdbcStatement.java:252)
		at org.h2.jdbc.JdbcStatement.execute(JdbcStatement.java:223)
		at org.springframework.jdbc.datasource.init.ScriptUtils.executeSqlScript(ScriptUtils.java:261)
		at org.springframework.jdbc.datasource.init.ResourceDatabasePopulator.populate(ResourceDatabasePopulator.java:254)
		at org.springframework.jdbc.datasource.init.DatabasePopulatorUtils.execute(DatabasePopulatorUtils.java:54)
		at org.springframework.jdbc.datasource.init.ResourceDatabasePopulator.execute(ResourceDatabasePopulator.java:269)
		at ru.yandex.practicum.configuration.DataSourceConfiguration.populate(DataSourceConfiguration.java:45)
		at java.base/jdk.internal.reflect.DirectMethodHandleAccessor.invoke(DirectMethodHandleAccessor.java:103)
		at java.base/java.lang.reflect.Method.invoke(Method.java:580)
		at org.springframework.context.event.ApplicationListenerMethodAdapter.doInvoke(ApplicationListenerMethodAdapter.java:382)
		at org.springframework.context.event.ApplicationListenerMethodAdapter.processEvent(ApplicationListenerMethodAdapter.java:254)
		at org.springframework.context.event.ApplicationListenerMethodAdapter.onApplicationEvent(ApplicationListenerMethodAdapter.java:173)
		at org.springframework.context.event.SimpleApplicationEventMulticaster.doInvokeListener(SimpleApplicationEventMulticaster.java:185)
		at org.springframework.context.event.SimpleApplicationEventMulticaster.invokeListener(SimpleApplicationEventMulticaster.java:178)
		at org.springframework.context.event.SimpleApplicationEventMulticaster.multicastEvent(SimpleApplicationEventMulticaster.java:156)
		at org.springframework.context.support.AbstractApplicationContext.publishEvent(AbstractApplicationContext.java:454)
		at org.springframework.context.support.AbstractApplicationContext.publishEvent(AbstractApplicationContext.java:387)
		at org.springframework.context.support.AbstractApplicationContext.finishRefresh(AbstractApplicationContext.java:1009)
		at org.springframework.context.support.AbstractApplicationContext.refresh(AbstractApplicationContext.java:630)
		at org.springframework.web.servlet.FrameworkServlet.configureAndRefreshWebApplicationContext(FrameworkServlet.java:706)
		at org.springframework.web.servlet.FrameworkServlet.createWebApplicationContext(FrameworkServlet.java:672)
		at org.springframework.web.servlet.FrameworkServlet.createWebApplicationContext(FrameworkServlet.java:720)
		at org.springframework.web.servlet.FrameworkServlet.initWebApplicationContext(FrameworkServlet.java:595)
		at org.springframework.web.servlet.FrameworkServlet.initServletBean(FrameworkServlet.java:537)
		at org.springframework.web.servlet.HttpServletBean.init(HttpServletBean.java:169)
		at jakarta.servlet.GenericServlet.init(GenericServlet.java:143)
		at jakarta.servlet.http.HttpServlet.init(HttpServlet.java:122)
		at org.apache.catalina.core.StandardWrapper.initServlet(StandardWrapper.java:817)
		at org.apache.catalina.core.StandardWrapper.loadServlet(StandardWrapper.java:787)
		at org.apache.catalina.core.StandardWrapper.allocate(StandardWrapper.java:568)
		at org.apache.catalina.core.StandardWrapperValve.invoke(StandardWrapperValve.java:115)
		at org.apache.catalina.core.StandardContextValve.invoke(StandardContextValve.java:79)
		at org.apache.catalina.authenticator.AuthenticatorBase.invoke(AuthenticatorBase.java:483)
		at org.apache.catalina.core.StandardHostValve.invoke(StandardHostValve.java:115)
		at org.apache.catalina.valves.ErrorReportValve.invoke(ErrorReportValve.java:93)
		at org.apache.catalina.valves.AbstractAccessLogValve.invoke(AbstractAccessLogValve.java:663)
		at org.apache.catalina.core.StandardEngineValve.invoke(StandardEngineValve.java:74)
		at org.apache.catalina.connector.CoyoteAdapter.service(CoyoteAdapter.java:342)
		at org.apache.coyote.http11.Http11Processor.service(Http11Processor.java:395)
		at org.apache.coyote.AbstractProcessorLight.process(AbstractProcessorLight.java:63)
		at org.apache.coyote.AbstractProtocol$ConnectionHandler.process(AbstractProtocol.java:905)
		at org.apache.tomcat.util.net.NioEndpoint$SocketProcessor.doRun(NioEndpoint.java:1746)
		at org.apache.tomcat.util.net.SocketProcessorBase.run(SocketProcessorBase.java:52)
		at org.apache.tomcat.util.threads.ThreadPoolExecutor.runWorker(ThreadPoolExecutor.java:1148)
		at org.apache.tomcat.util.threads.ThreadPoolExecutor$Worker.run(ThreadPoolExecutor.java:636)
		at org.apache.tomcat.util.threads.TaskThread$WrappingRunnable.run(TaskThread.java:63)
		at java.base/java.lang.Thread.run(Thread.java:1583)
19-Jan-2025 19:55:25.195 INFO [main] org.apache.catalina.core.ApplicationContext.log SessionListener: contextDestroyed()
19-Jan-2025 19:55:25.195 INFO [main] org.apache.catalina.core.ApplicationContext.log ContextListener: contextDestroyed()
19-Jan-2025 19:55:35.904 INFO [main] org.apache.catalina.core.ApplicationContext.log No Spring WebApplicationInitializer types detected on classpath
19-Jan-2025 19:55:36.048 INFO [main] org.apache.catalina.core.ApplicationContext.log Initializing Spring DispatcherServlet 'dispatcher'
19-Jan-2025 19:55:37.593 INFO [main] org.apache.catalina.core.ApplicationContext.log ContextListener: contextInitialized()
19-Jan-2025 19:55:37.594 INFO [main] org.apache.catalina.core.ApplicationContext.log SessionListener: contextInitialized()
19-Jan-2025 19:55:37.595 INFO [main] org.apache.catalina.core.ApplicationContext.log ContextListener: attributeAdded('StockTicker', 'async.Stockticker@386d41cb')
19-Jan-2025 19:55:38.461 SEVERE [http-nio-8080-exec-1] org.apache.catalina.core.StandardWrapperValve.invoke Servlet.service() для сервлета [dispatcher] в контексте с путем [/blog] выбросил исключение [Request processing failed: org.thymeleaf.exceptions.TemplateInputException: An error happened during template parsing (template: "templates/feed.html")] с первопричиной
	java.io.FileNotFoundException: ClassLoader resource "templates/feed.html" could not be resolved
		at org.thymeleaf.templateresource.ClassLoaderTemplateResource.reader(ClassLoaderTemplateResource.java:130)
		at org.thymeleaf.templateparser.markup.AbstractMarkupTemplateParser.parse(AbstractMarkupTemplateParser.java:223)
		at org.thymeleaf.templateparser.markup.AbstractMarkupTemplateParser.parseStandalone(AbstractMarkupTemplateParser.java:100)
		at org.thymeleaf.engine.TemplateManager.parseAndProcess(TemplateManager.java:649)
		at org.thymeleaf.TemplateEngine.process(TemplateEngine.java:1103)
		at org.thymeleaf.TemplateEngine.process(TemplateEngine.java:1077)
		at org.thymeleaf.spring6.view.ThymeleafView.renderFragment(ThymeleafView.java:372)
		at org.thymeleaf.spring6.view.ThymeleafView.render(ThymeleafView.java:192)
		at org.springframework.web.servlet.DispatcherServlet.render(DispatcherServlet.java:1435)
		at org.springframework.web.servlet.DispatcherServlet.processDispatchResult(DispatcherServlet.java:1167)
		at org.springframework.web.servlet.DispatcherServlet.doDispatch(DispatcherServlet.java:1105)
		at org.springframework.web.servlet.DispatcherServlet.doService(DispatcherServlet.java:978)
		at org.springframework.web.servlet.FrameworkServlet.processRequest(FrameworkServlet.java:1014)
		at org.springframework.web.servlet.FrameworkServlet.doGet(FrameworkServlet.java:903)
		at jakarta.servlet.http.HttpServlet.service(HttpServlet.java:619)
		at org.springframework.web.servlet.FrameworkServlet.service(FrameworkServlet.java:885)
		at jakarta.servlet.http.HttpServlet.service(HttpServlet.java:716)
		at org.apache.catalina.core.ApplicationFilterChain.doFilter(ApplicationFilterChain.java:130)
		at org.apache.tomcat.websocket.server.WsFilter.doFilter(WsFilter.java:51)
		at org.apache.catalina.core.ApplicationFilterChain.doFilter(ApplicationFilterChain.java:109)
		at org.apache.catalina.core.StandardWrapperValve.invoke(StandardWrapperValve.java:167)
		at org.apache.catalina.core.StandardContextValve.invoke(StandardContextValve.java:79)
		at org.apache.catalina.authenticator.AuthenticatorBase.invoke(AuthenticatorBase.java:483)
		at org.apache.catalina.core.StandardHostValve.invoke(StandardHostValve.java:115)
		at org.apache.catalina.valves.ErrorReportValve.invoke(ErrorReportValve.java:93)
		at org.apache.catalina.valves.AbstractAccessLogValve.invoke(AbstractAccessLogValve.java:663)
		at org.apache.catalina.core.StandardEngineValve.invoke(StandardEngineValve.java:74)
		at org.apache.catalina.connector.CoyoteAdapter.service(CoyoteAdapter.java:342)
		at org.apache.coyote.http11.Http11Processor.service(Http11Processor.java:395)
		at org.apache.coyote.AbstractProcessorLight.process(AbstractProcessorLight.java:63)
		at org.apache.coyote.AbstractProtocol$ConnectionHandler.process(AbstractProtocol.java:905)
		at org.apache.tomcat.util.net.NioEndpoint$SocketProcessor.doRun(NioEndpoint.java:1746)
		at org.apache.tomcat.util.net.SocketProcessorBase.run(SocketProcessorBase.java:52)
		at org.apache.tomcat.util.threads.ThreadPoolExecutor.runWorker(ThreadPoolExecutor.java:1148)
		at org.apache.tomcat.util.threads.ThreadPoolExecutor$Worker.run(ThreadPoolExecutor.java:636)
		at org.apache.tomcat.util.threads.TaskThread$WrappingRunnable.run(TaskThread.java:63)
		at java.base/java.lang.Thread.run(Thread.java:1583)
19-Jan-2025 20:06:05.507 INFO [main] org.apache.catalina.core.ApplicationContext.log Destroying Spring FrameworkServlet 'dispatcher'
19-Jan-2025 20:06:05.513 INFO [main] org.apache.catalina.core.ApplicationContext.log SessionListener: contextDestroyed()
19-Jan-2025 20:06:05.514 INFO [main] org.apache.catalina.core.ApplicationContext.log ContextListener: contextDestroyed()
19-Jan-2025 20:06:16.397 INFO [main] org.apache.catalina.core.ApplicationContext.log No Spring WebApplicationInitializer types detected on classpath
19-Jan-2025 20:06:16.538 INFO [main] org.apache.catalina.core.ApplicationContext.log Initializing Spring DispatcherServlet 'dispatcher'
19-Jan-2025 20:06:18.004 INFO [main] org.apache.catalina.core.ApplicationContext.log ContextListener: contextInitialized()
19-Jan-2025 20:06:18.005 INFO [main] org.apache.catalina.core.ApplicationContext.log SessionListener: contextInitialized()
19-Jan-2025 20:06:18.006 INFO [main] org.apache.catalina.core.ApplicationContext.log ContextListener: attributeAdded('StockTicker', 'async.Stockticker@7dd92a36')
19-Jan-2025 20:08:12.499 INFO [main] org.apache.catalina.core.ApplicationContext.log Destroying Spring FrameworkServlet 'dispatcher'
19-Jan-2025 20:08:12.505 INFO [main] org.apache.catalina.core.ApplicationContext.log SessionListener: contextDestroyed()
19-Jan-2025 20:08:12.506 INFO [main] org.apache.catalina.core.ApplicationContext.log ContextListener: contextDestroyed()
19-Jan-2025 20:08:22.405 INFO [main] org.apache.catalina.core.ApplicationContext.log No Spring WebApplicationInitializer types detected on classpath
19-Jan-2025 20:08:22.547 INFO [main] org.apache.catalina.core.ApplicationContext.log Initializing Spring DispatcherServlet 'dispatcher'
19-Jan-2025 20:08:23.961 INFO [main] org.apache.catalina.core.ApplicationContext.log ContextListener: contextInitialized()
19-Jan-2025 20:08:23.962 INFO [main] org.apache.catalina.core.ApplicationContext.log SessionListener: contextInitialized()
19-Jan-2025 20:08:23.963 INFO [main] org.apache.catalina.core.ApplicationContext.log ContextListener: attributeAdded('StockTicker', 'async.Stockticker@20bf7206')
19-Jan-2025 20:10:40.263 INFO [main] org.apache.catalina.core.ApplicationContext.log Destroying Spring FrameworkServlet 'dispatcher'
19-Jan-2025 20:10:40.270 INFO [main] org.apache.catalina.core.ApplicationContext.log SessionListener: contextDestroyed()
19-Jan-2025 20:10:40.270 INFO [main] org.apache.catalina.core.ApplicationContext.log ContextListener: contextDestroyed()
19-Jan-2025 20:10:50.326 INFO [main] org.apache.catalina.core.ApplicationContext.log No Spring WebApplicationInitializer types detected on classpath
19-Jan-2025 20:10:50.494 INFO [main] org.apache.catalina.core.ApplicationContext.log Initializing Spring DispatcherServlet 'dispatcher'
19-Jan-2025 20:10:52.122 INFO [main] org.apache.catalina.core.ApplicationContext.log ContextListener: contextInitialized()
19-Jan-2025 20:10:52.122 INFO [main] org.apache.catalina.core.ApplicationContext.log SessionListener: contextInitialized()
19-Jan-2025 20:10:52.125 INFO [main] org.apache.catalina.core.ApplicationContext.log ContextListener: attributeAdded('StockTicker', 'async.Stockticker@34f3c920')
19-Jan-2025 20:32:40.189 INFO [main] org.apache.catalina.core.ApplicationContext.log Destroying Spring FrameworkServlet 'dispatcher'
19-Jan-2025 20:32:40.198 INFO [main] org.apache.catalina.core.ApplicationContext.log SessionListener: contextDestroyed()
19-Jan-2025 20:32:40.198 INFO [main] org.apache.catalina.core.ApplicationContext.log ContextListener: contextDestroyed()
19-Jan-2025 20:32:49.041 INFO [main] org.apache.catalina.core.ApplicationContext.log No Spring WebApplicationInitializer types detected on classpath
19-Jan-2025 20:32:49.208 INFO [main] org.apache.catalina.core.ApplicationContext.log Initializing Spring DispatcherServlet 'dispatcher'
19-Jan-2025 20:32:50.914 INFO [main] org.apache.catalina.core.ApplicationContext.log ContextListener: contextInitialized()
19-Jan-2025 20:32:50.914 INFO [main] org.apache.catalina.core.ApplicationContext.log SessionListener: contextInitialized()
19-Jan-2025 20:32:50.916 INFO [main] org.apache.catalina.core.ApplicationContext.log ContextListener: attributeAdded('StockTicker', 'async.Stockticker@7828bc6b')
19-Jan-2025 20:37:55.612 INFO [main] org.apache.catalina.core.ApplicationContext.log Destroying Spring FrameworkServlet 'dispatcher'
19-Jan-2025 20:37:55.620 INFO [main] org.apache.catalina.core.ApplicationContext.log SessionListener: contextDestroyed()
19-Jan-2025 20:37:55.620 INFO [main] org.apache.catalina.core.ApplicationContext.log ContextListener: contextDestroyed()
19-Jan-2025 20:38:05.087 INFO [main] org.apache.catalina.core.ApplicationContext.log No Spring WebApplicationInitializer types detected on classpath
19-Jan-2025 20:38:05.240 INFO [main] org.apache.catalina.core.ApplicationContext.log Initializing Spring DispatcherServlet 'dispatcher'
19-Jan-2025 20:38:06.860 INFO [main] org.apache.catalina.core.ApplicationContext.log ContextListener: contextInitialized()
19-Jan-2025 20:38:06.860 INFO [main] org.apache.catalina.core.ApplicationContext.log SessionListener: contextInitialized()
19-Jan-2025 20:38:06.861 INFO [main] org.apache.catalina.core.ApplicationContext.log ContextListener: attributeAdded('StockTicker', 'async.Stockticker@760ac834')
19-Jan-2025 20:46:35.735 INFO [main] org.apache.catalina.core.ApplicationContext.log Destroying Spring FrameworkServlet 'dispatcher'
19-Jan-2025 20:46:35.742 INFO [main] org.apache.catalina.core.ApplicationContext.log SessionListener: contextDestroyed()
19-Jan-2025 20:46:35.742 INFO [main] org.apache.catalina.core.ApplicationContext.log ContextListener: contextDestroyed()
19-Jan-2025 20:46:53.330 INFO [main] org.apache.catalina.core.ApplicationContext.log No Spring WebApplicationInitializer types detected on classpath
19-Jan-2025 20:46:53.495 INFO [main] org.apache.catalina.core.ApplicationContext.log Initializing Spring DispatcherServlet 'dispatcher'
19-Jan-2025 20:46:55.156 INFO [main] org.apache.catalina.core.ApplicationContext.log ContextListener: contextInitialized()
19-Jan-2025 20:46:55.156 INFO [main] org.apache.catalina.core.ApplicationContext.log SessionListener: contextInitialized()
19-Jan-2025 20:46:55.157 INFO [main] org.apache.catalina.core.ApplicationContext.log ContextListener: attributeAdded('StockTicker', 'async.Stockticker@760ac834')
19-Jan-2025 20:50:36.046 INFO [main] org.apache.catalina.core.ApplicationContext.log Destroying Spring FrameworkServlet 'dispatcher'
19-Jan-2025 20:50:36.055 INFO [main] org.apache.catalina.core.ApplicationContext.log SessionListener: contextDestroyed()
19-Jan-2025 20:50:36.055 INFO [main] org.apache.catalina.core.ApplicationContext.log ContextListener: contextDestroyed()
19-Jan-2025 20:50:47.566 INFO [main] org.apache.catalina.core.ApplicationContext.log No Spring WebApplicationInitializer types detected on classpath
19-Jan-2025 20:50:47.723 INFO [main] org.apache.catalina.core.ApplicationContext.log Initializing Spring DispatcherServlet 'dispatcher'
19-Jan-2025 20:50:49.354 INFO [main] org.apache.catalina.core.ApplicationContext.log ContextListener: contextInitialized()
19-Jan-2025 20:50:49.354 INFO [main] org.apache.catalina.core.ApplicationContext.log SessionListener: contextInitialized()
19-Jan-2025 20:50:49.356 INFO [main] org.apache.catalina.core.ApplicationContext.log ContextListener: attributeAdded('StockTicker', 'async.Stockticker@4cb939d5')
19-Jan-2025 22:37:56.940 INFO [main] org.apache.catalina.core.ApplicationContext.log Destroying Spring FrameworkServlet 'dispatcher'
19-Jan-2025 22:37:56.949 INFO [main] org.apache.catalina.core.ApplicationContext.log SessionListener: contextDestroyed()
19-Jan-2025 22:37:56.949 INFO [main] org.apache.catalina.core.ApplicationContext.log ContextListener: contextDestroyed()
19-Jan-2025 22:38:07.031 INFO [main] org.apache.catalina.core.ApplicationContext.log No Spring WebApplicationInitializer types detected on classpath
19-Jan-2025 22:38:07.209 INFO [main] org.apache.catalina.core.ApplicationContext.log Initializing Spring DispatcherServlet 'dispatcher'
19-Jan-2025 22:38:08.737 INFO [main] org.apache.catalina.core.ApplicationContext.log ContextListener: contextInitialized()
19-Jan-2025 22:38:08.737 INFO [main] org.apache.catalina.core.ApplicationContext.log SessionListener: contextInitialized()
19-Jan-2025 22:38:08.739 INFO [main] org.apache.catalina.core.ApplicationContext.log ContextListener: attributeAdded('StockTicker', 'async.Stockticker@7828bc6b')
19-Jan-2025 22:41:57.196 INFO [main] org.apache.catalina.core.ApplicationContext.log Destroying Spring FrameworkServlet 'dispatcher'
19-Jan-2025 22:41:57.204 INFO [main] org.apache.catalina.core.ApplicationContext.log SessionListener: contextDestroyed()
19-Jan-2025 22:41:57.204 INFO [main] org.apache.catalina.core.ApplicationContext.log ContextListener: contextDestroyed()
19-Jan-2025 22:42:07.950 INFO [main] org.apache.catalina.core.ApplicationContext.log No Spring WebApplicationInitializer types detected on classpath
19-Jan-2025 22:42:08.126 INFO [main] org.apache.catalina.core.ApplicationContext.log Initializing Spring DispatcherServlet 'dispatcher'
19-Jan-2025 22:42:09.783 INFO [main] org.apache.catalina.core.ApplicationContext.log ContextListener: contextInitialized()
19-Jan-2025 22:42:09.784 INFO [main] org.apache.catalina.core.ApplicationContext.log SessionListener: contextInitialized()
19-Jan-2025 22:42:09.787 INFO [main] org.apache.catalina.core.ApplicationContext.log ContextListener: attributeAdded('StockTicker', 'async.Stockticker@4cb939d5')
19-Jan-2025 22:50:01.475 INFO [main] org.apache.catalina.core.ApplicationContext.log Destroying Spring FrameworkServlet 'dispatcher'
19-Jan-2025 22:50:01.482 INFO [main] org.apache.catalina.core.ApplicationContext.log SessionListener: contextDestroyed()
19-Jan-2025 22:50:01.482 INFO [main] org.apache.catalina.core.ApplicationContext.log ContextListener: contextDestroyed()
19-Jan-2025 22:50:09.941 INFO [main] org.apache.catalina.core.ApplicationContext.log No Spring WebApplicationInitializer types detected on classpath
19-Jan-2025 22:50:10.104 INFO [main] org.apache.catalina.core.ApplicationContext.log Initializing Spring DispatcherServlet 'dispatcher'
19-Jan-2025 22:50:11.728 INFO [main] org.apache.catalina.core.ApplicationContext.log ContextListener: contextInitialized()
19-Jan-2025 22:50:11.728 INFO [main] org.apache.catalina.core.ApplicationContext.log SessionListener: contextInitialized()
19-Jan-2025 22:50:11.729 INFO [main] org.apache.catalina.core.ApplicationContext.log ContextListener: attributeAdded('StockTicker', 'async.Stockticker@760ac834')
19-Jan-2025 22:54:21.777 INFO [main] org.apache.catalina.core.ApplicationContext.log Destroying Spring FrameworkServlet 'dispatcher'
19-Jan-2025 22:54:21.785 INFO [main] org.apache.catalina.core.ApplicationContext.log SessionListener: contextDestroyed()
19-Jan-2025 22:54:21.785 INFO [main] org.apache.catalina.core.ApplicationContext.log ContextListener: contextDestroyed()
19-Jan-2025 22:54:31.558 INFO [main] org.apache.catalina.core.ApplicationContext.log No Spring WebApplicationInitializer types detected on classpath
19-Jan-2025 22:54:31.714 INFO [main] org.apache.catalina.core.ApplicationContext.log Initializing Spring DispatcherServlet 'dispatcher'
19-Jan-2025 22:54:32.999 SEVERE [main] org.apache.catalina.core.ApplicationContext.log Servlet.init() для сервлета [dispatcher] выбросил исключение
	org.springframework.jdbc.datasource.init.ScriptStatementFailedException: Failed to execute SQL script statement #7 of class path resource [schema.sql]: INSERT INTO "LIKE" ("COUNT", "POST_ID") VALUES (1, 1), (5, 2), (4, 3)
		at org.springframework.jdbc.datasource.init.ScriptUtils.executeSqlScript(ScriptUtils.java:282)
		at org.springframework.jdbc.datasource.init.ResourceDatabasePopulator.populate(ResourceDatabasePopulator.java:254)
		at org.springframework.jdbc.datasource.init.DatabasePopulatorUtils.execute(DatabasePopulatorUtils.java:54)
		at org.springframework.jdbc.datasource.init.ResourceDatabasePopulator.execute(ResourceDatabasePopulator.java:269)
		at ru.yandex.practicum.configuration.DataSourceConfiguration.populate(DataSourceConfiguration.java:45)
		at java.base/jdk.internal.reflect.DirectMethodHandleAccessor.invoke(DirectMethodHandleAccessor.java:103)
		at java.base/java.lang.reflect.Method.invoke(Method.java:580)
		at org.springframework.context.event.ApplicationListenerMethodAdapter.doInvoke(ApplicationListenerMethodAdapter.java:382)
		at org.springframework.context.event.ApplicationListenerMethodAdapter.processEvent(ApplicationListenerMethodAdapter.java:254)
		at org.springframework.context.event.ApplicationListenerMethodAdapter.onApplicationEvent(ApplicationListenerMethodAdapter.java:173)
		at org.springframework.context.event.SimpleApplicationEventMulticaster.doInvokeListener(SimpleApplicationEventMulticaster.java:185)
		at org.springframework.context.event.SimpleApplicationEventMulticaster.invokeListener(SimpleApplicationEventMulticaster.java:178)
		at org.springframework.context.event.SimpleApplicationEventMulticaster.multicastEvent(SimpleApplicationEventMulticaster.java:156)
		at org.springframework.context.support.AbstractApplicationContext.publishEvent(AbstractApplicationContext.java:454)
		at org.springframework.context.support.AbstractApplicationContext.publishEvent(AbstractApplicationContext.java:387)
		at org.springframework.context.support.AbstractApplicationContext.finishRefresh(AbstractApplicationContext.java:1009)
		at org.springframework.context.support.AbstractApplicationContext.refresh(AbstractApplicationContext.java:630)
		at org.springframework.web.servlet.FrameworkServlet.configureAndRefreshWebApplicationContext(FrameworkServlet.java:706)
		at org.springframework.web.servlet.FrameworkServlet.createWebApplicationContext(FrameworkServlet.java:672)
		at org.springframework.web.servlet.FrameworkServlet.createWebApplicationContext(FrameworkServlet.java:720)
		at org.springframework.web.servlet.FrameworkServlet.initWebApplicationContext(FrameworkServlet.java:595)
		at org.springframework.web.servlet.FrameworkServlet.initServletBean(FrameworkServlet.java:537)
		at org.springframework.web.servlet.HttpServletBean.init(HttpServletBean.java:169)
		at jakarta.servlet.GenericServlet.init(GenericServlet.java:143)
		at jakarta.servlet.http.HttpServlet.init(HttpServlet.java:122)
		at org.apache.catalina.core.StandardWrapper.initServlet(StandardWrapper.java:817)
		at org.apache.catalina.core.StandardWrapper.loadServlet(StandardWrapper.java:787)
		at org.apache.catalina.core.StandardWrapper.load(StandardWrapper.java:691)
		at org.apache.catalina.core.StandardContext.loadOnStartup(StandardContext.java:4153)
		at org.apache.catalina.core.StandardContext.startInternal(StandardContext.java:4437)
		at org.apache.catalina.util.LifecycleBase.start(LifecycleBase.java:164)
		at org.apache.catalina.core.ContainerBase.addChild(ContainerBase.java:566)
		at org.apache.catalina.core.StandardHost.addChild(StandardHost.java:653)
		at org.apache.catalina.startup.HostConfig.deployWAR(HostConfig.java:933)
		at org.apache.catalina.startup.HostConfig$DeployWar.run(HostConfig.java:1875)
		at java.base/java.util.concurrent.Executors$RunnableAdapter.call(Executors.java:572)
		at java.base/java.util.concurrent.FutureTask.run(FutureTask.java:317)
		at org.apache.tomcat.util.threads.InlineExecutorService.execute(InlineExecutorService.java:75)
		at java.base/java.util.concurrent.AbstractExecutorService.submit(AbstractExecutorService.java:123)
		at org.apache.catalina.startup.HostConfig.deployWARs(HostConfig.java:735)
		at org.apache.catalina.startup.HostConfig.deployApps(HostConfig.java:387)
		at org.apache.catalina.startup.HostConfig.start(HostConfig.java:1593)
		at org.apache.catalina.startup.HostConfig.lifecycleEvent(HostConfig.java:267)
		at org.apache.catalina.util.LifecycleBase.fireLifecycleEvent(LifecycleBase.java:109)
		at org.apache.catalina.util.LifecycleBase.setStateInternal(LifecycleBase.java:389)
		at org.apache.catalina.util.LifecycleBase.setState(LifecycleBase.java:336)
		at org.apache.catalina.core.ContainerBase.startInternal(ContainerBase.java:743)
		at org.apache.catalina.core.StandardHost.startInternal(StandardHost.java:771)
		at org.apache.catalina.util.LifecycleBase.start(LifecycleBase.java:164)
		at org.apache.catalina.core.ContainerBase$StartChild.call(ContainerBase.java:1170)
		at org.apache.catalina.core.ContainerBase$StartChild.call(ContainerBase.java:1160)
		at java.base/java.util.concurrent.FutureTask.run(FutureTask.java:317)
		at org.apache.tomcat.util.threads.InlineExecutorService.execute(InlineExecutorService.java:75)
		at java.base/java.util.concurrent.AbstractExecutorService.submit(AbstractExecutorService.java:145)
		at org.apache.catalina.core.ContainerBase.startInternal(ContainerBase.java:716)
		at org.apache.catalina.core.StandardEngine.startInternal(StandardEngine.java:203)
		at org.apache.catalina.util.LifecycleBase.start(LifecycleBase.java:164)
		at org.apache.catalina.core.StandardService.startInternal(StandardService.java:415)
		at org.apache.catalina.util.LifecycleBase.start(LifecycleBase.java:164)
		at org.apache.catalina.core.StandardServer.startInternal(StandardServer.java:866)
		at org.apache.catalina.util.LifecycleBase.start(LifecycleBase.java:164)
		at org.apache.catalina.startup.Catalina.start(Catalina.java:759)
		at java.base/jdk.internal.reflect.DirectMethodHandleAccessor.invoke(DirectMethodHandleAccessor.java:103)
		at java.base/java.lang.reflect.Method.invoke(Method.java:580)
		at org.apache.catalina.startup.Bootstrap.start(Bootstrap.java:342)
		at org.apache.catalina.startup.Bootstrap.main(Bootstrap.java:470)
	Caused by: org.h2.jdbc.JdbcSQLSyntaxErrorException: Таблица "LIKE" не найдена
Table "LIKE" not found; SQL statement:
INSERT INTO "LIKE" ("COUNT", "POST_ID") VALUES (1, 1), (5, 2), (4, 3) [42102-220]
		at org.h2.message.DbException.getJdbcSQLException(DbException.java:514)
		at org.h2.message.DbException.getJdbcSQLException(DbException.java:489)
		at org.h2.message.DbException.get(DbException.java:223)
		at org.h2.message.DbException.get(DbException.java:199)
		at org.h2.command.Parser.getTableOrViewNotFoundDbException(Parser.java:8561)
		at org.h2.command.Parser.getTableOrViewNotFoundDbException(Parser.java:8532)
		at org.h2.command.Parser.readTableOrView(Parser.java:8521)
		at org.h2.command.Parser.readTableOrView(Parser.java:8487)
		at org.h2.command.Parser.parseInsert(Parser.java:1663)
		at org.h2.command.Parser.parsePrepared(Parser.java:822)
		at org.h2.command.Parser.parse(Parser.java:697)
		at org.h2.command.Parser.parse(Parser.java:669)
		at org.h2.command.Parser.prepareCommand(Parser.java:577)
		at org.h2.engine.SessionLocal.prepareLocal(SessionLocal.java:634)
		at org.h2.engine.SessionLocal.prepareCommand(SessionLocal.java:557)
		at org.h2.jdbc.JdbcConnection.prepareCommand(JdbcConnection.java:1116)
		at org.h2.jdbc.JdbcStatement.executeInternal(JdbcStatement.java:237)
		at org.h2.jdbc.JdbcStatement.execute(JdbcStatement.java:223)
		at org.springframework.jdbc.datasource.init.ScriptUtils.executeSqlScript(ScriptUtils.java:261)
		... 65 more
19-Jan-2025 22:54:33.000 SEVERE [main] org.apache.catalina.core.StandardContext.loadOnStartup Servlet [dispatcher] in web application [/blog] threw load() exception
	org.h2.jdbc.JdbcSQLSyntaxErrorException: Таблица "LIKE" не найдена
Table "LIKE" not found; SQL statement:
INSERT INTO "LIKE" ("COUNT", "POST_ID") VALUES (1, 1), (5, 2), (4, 3) [42102-220]
		at org.h2.message.DbException.getJdbcSQLException(DbException.java:514)
		at org.h2.message.DbException.getJdbcSQLException(DbException.java:489)
		at org.h2.message.DbException.get(DbException.java:223)
		at org.h2.message.DbException.get(DbException.java:199)
		at org.h2.command.Parser.getTableOrViewNotFoundDbException(Parser.java:8561)
		at org.h2.command.Parser.getTableOrViewNotFoundDbException(Parser.java:8532)
		at org.h2.command.Parser.readTableOrView(Parser.java:8521)
		at org.h2.command.Parser.readTableOrView(Parser.java:8487)
		at org.h2.command.Parser.parseInsert(Parser.java:1663)
		at org.h2.command.Parser.parsePrepared(Parser.java:822)
		at org.h2.command.Parser.parse(Parser.java:697)
		at org.h2.command.Parser.parse(Parser.java:669)
		at org.h2.command.Parser.prepareCommand(Parser.java:577)
		at org.h2.engine.SessionLocal.prepareLocal(SessionLocal.java:634)
		at org.h2.engine.SessionLocal.prepareCommand(SessionLocal.java:557)
		at org.h2.jdbc.JdbcConnection.prepareCommand(JdbcConnection.java:1116)
		at org.h2.jdbc.JdbcStatement.executeInternal(JdbcStatement.java:237)
		at org.h2.jdbc.JdbcStatement.execute(JdbcStatement.java:223)
		at org.springframework.jdbc.datasource.init.ScriptUtils.executeSqlScript(ScriptUtils.java:261)
		at org.springframework.jdbc.datasource.init.ResourceDatabasePopulator.populate(ResourceDatabasePopulator.java:254)
		at org.springframework.jdbc.datasource.init.DatabasePopulatorUtils.execute(DatabasePopulatorUtils.java:54)
		at org.springframework.jdbc.datasource.init.ResourceDatabasePopulator.execute(ResourceDatabasePopulator.java:269)
		at ru.yandex.practicum.configuration.DataSourceConfiguration.populate(DataSourceConfiguration.java:45)
		at java.base/jdk.internal.reflect.DirectMethodHandleAccessor.invoke(DirectMethodHandleAccessor.java:103)
		at java.base/java.lang.reflect.Method.invoke(Method.java:580)
		at org.springframework.context.event.ApplicationListenerMethodAdapter.doInvoke(ApplicationListenerMethodAdapter.java:382)
		at org.springframework.context.event.ApplicationListenerMethodAdapter.processEvent(ApplicationListenerMethodAdapter.java:254)
		at org.springframework.context.event.ApplicationListenerMethodAdapter.onApplicationEvent(ApplicationListenerMethodAdapter.java:173)
		at org.springframework.context.event.SimpleApplicationEventMulticaster.doInvokeListener(SimpleApplicationEventMulticaster.java:185)
		at org.springframework.context.event.SimpleApplicationEventMulticaster.invokeListener(SimpleApplicationEventMulticaster.java:178)
		at org.springframework.context.event.SimpleApplicationEventMulticaster.multicastEvent(SimpleApplicationEventMulticaster.java:156)
		at org.springframework.context.support.AbstractApplicationContext.publishEvent(AbstractApplicationContext.java:454)
		at org.springframework.context.support.AbstractApplicationContext.publishEvent(AbstractApplicationContext.java:387)
		at org.springframework.context.support.AbstractApplicationContext.finishRefresh(AbstractApplicationContext.java:1009)
		at org.springframework.context.support.AbstractApplicationContext.refresh(AbstractApplicationContext.java:630)
		at org.springframework.web.servlet.FrameworkServlet.configureAndRefreshWebApplicationContext(FrameworkServlet.java:706)
		at org.springframework.web.servlet.FrameworkServlet.createWebApplicationContext(FrameworkServlet.java:672)
		at org.springframework.web.servlet.FrameworkServlet.createWebApplicationContext(FrameworkServlet.java:720)
		at org.springframework.web.servlet.FrameworkServlet.initWebApplicationContext(FrameworkServlet.java:595)
		at org.springframework.web.servlet.FrameworkServlet.initServletBean(FrameworkServlet.java:537)
		at org.springframework.web.servlet.HttpServletBean.init(HttpServletBean.java:169)
		at jakarta.servlet.GenericServlet.init(GenericServlet.java:143)
		at jakarta.servlet.http.HttpServlet.init(HttpServlet.java:122)
		at org.apache.catalina.core.StandardWrapper.initServlet(StandardWrapper.java:817)
		at org.apache.catalina.core.StandardWrapper.loadServlet(StandardWrapper.java:787)
		at org.apache.catalina.core.StandardWrapper.load(StandardWrapper.java:691)
		at org.apache.catalina.core.StandardContext.loadOnStartup(StandardContext.java:4153)
		at org.apache.catalina.core.StandardContext.startInternal(StandardContext.java:4437)
		at org.apache.catalina.util.LifecycleBase.start(LifecycleBase.java:164)
		at org.apache.catalina.core.ContainerBase.addChild(ContainerBase.java:566)
		at org.apache.catalina.core.StandardHost.addChild(StandardHost.java:653)
		at org.apache.catalina.startup.HostConfig.deployWAR(HostConfig.java:933)
		at org.apache.catalina.startup.HostConfig$DeployWar.run(HostConfig.java:1875)
		at java.base/java.util.concurrent.Executors$RunnableAdapter.call(Executors.java:572)
		at java.base/java.util.concurrent.FutureTask.run(FutureTask.java:317)
		at org.apache.tomcat.util.threads.InlineExecutorService.execute(InlineExecutorService.java:75)
		at java.base/java.util.concurrent.AbstractExecutorService.submit(AbstractExecutorService.java:123)
		at org.apache.catalina.startup.HostConfig.deployWARs(HostConfig.java:735)
		at org.apache.catalina.startup.HostConfig.deployApps(HostConfig.java:387)
		at org.apache.catalina.startup.HostConfig.start(HostConfig.java:1593)
		at org.apache.catalina.startup.HostConfig.lifecycleEvent(HostConfig.java:267)
		at org.apache.catalina.util.LifecycleBase.fireLifecycleEvent(LifecycleBase.java:109)
		at org.apache.catalina.util.LifecycleBase.setStateInternal(LifecycleBase.java:389)
		at org.apache.catalina.util.LifecycleBase.setState(LifecycleBase.java:336)
		at org.apache.catalina.core.ContainerBase.startInternal(ContainerBase.java:743)
		at org.apache.catalina.core.StandardHost.startInternal(StandardHost.java:771)
		at org.apache.catalina.util.LifecycleBase.start(LifecycleBase.java:164)
		at org.apache.catalina.core.ContainerBase$StartChild.call(ContainerBase.java:1170)
		at org.apache.catalina.core.ContainerBase$StartChild.call(ContainerBase.java:1160)
		at java.base/java.util.concurrent.FutureTask.run(FutureTask.java:317)
		at org.apache.tomcat.util.threads.InlineExecutorService.execute(InlineExecutorService.java:75)
		at java.base/java.util.concurrent.AbstractExecutorService.submit(AbstractExecutorService.java:145)
		at org.apache.catalina.core.ContainerBase.startInternal(ContainerBase.java:716)
		at org.apache.catalina.core.StandardEngine.startInternal(StandardEngine.java:203)
		at org.apache.catalina.util.LifecycleBase.start(LifecycleBase.java:164)
		at org.apache.catalina.core.StandardService.startInternal(StandardService.java:415)
		at org.apache.catalina.util.LifecycleBase.start(LifecycleBase.java:164)
		at org.apache.catalina.core.StandardServer.startInternal(StandardServer.java:866)
		at org.apache.catalina.util.LifecycleBase.start(LifecycleBase.java:164)
		at org.apache.catalina.startup.Catalina.start(Catalina.java:759)
		at java.base/jdk.internal.reflect.DirectMethodHandleAccessor.invoke(DirectMethodHandleAccessor.java:103)
		at java.base/java.lang.reflect.Method.invoke(Method.java:580)
		at org.apache.catalina.startup.Bootstrap.start(Bootstrap.java:342)
		at org.apache.catalina.startup.Bootstrap.main(Bootstrap.java:470)
19-Jan-2025 22:54:33.385 INFO [main] org.apache.catalina.core.ApplicationContext.log ContextListener: contextInitialized()
19-Jan-2025 22:54:33.385 INFO [main] org.apache.catalina.core.ApplicationContext.log SessionListener: contextInitialized()
19-Jan-2025 22:54:33.386 INFO [main] org.apache.catalina.core.ApplicationContext.log ContextListener: attributeAdded('StockTicker', 'async.Stockticker@77e24d3c')
19-Jan-2025 22:54:35.024 INFO [http-nio-8080-exec-1] org.apache.catalina.core.ApplicationContext.log Initializing Spring DispatcherServlet 'dispatcher'
19-Jan-2025 22:54:35.122 SEVERE [http-nio-8080-exec-1] org.apache.catalina.core.ApplicationContext.log Servlet.init() для сервлета [dispatcher] выбросил исключение
	org.springframework.jdbc.datasource.init.ScriptStatementFailedException: Failed to execute SQL script statement #5 of class path resource [schema.sql]: INSERT INTO "POST" ("NAME", "IMAGE_URL", "DESCRIPTION") VALUES ('Plov', 'url-1', '{description-11, description-12, description-13}'), ('Pasta', 'url-2', '{description-21, description-22, description-23}'), ('Pizza', 'url-3', '{description-31, description-32, description-33}')
		at org.springframework.jdbc.datasource.init.ScriptUtils.executeSqlScript(ScriptUtils.java:282)
		at org.springframework.jdbc.datasource.init.ResourceDatabasePopulator.populate(ResourceDatabasePopulator.java:254)
		at org.springframework.jdbc.datasource.init.DatabasePopulatorUtils.execute(DatabasePopulatorUtils.java:54)
		at org.springframework.jdbc.datasource.init.ResourceDatabasePopulator.execute(ResourceDatabasePopulator.java:269)
		at ru.yandex.practicum.configuration.DataSourceConfiguration.populate(DataSourceConfiguration.java:45)
		at java.base/jdk.internal.reflect.DirectMethodHandleAccessor.invoke(DirectMethodHandleAccessor.java:103)
		at java.base/java.lang.reflect.Method.invoke(Method.java:580)
		at org.springframework.context.event.ApplicationListenerMethodAdapter.doInvoke(ApplicationListenerMethodAdapter.java:382)
		at org.springframework.context.event.ApplicationListenerMethodAdapter.processEvent(ApplicationListenerMethodAdapter.java:254)
		at org.springframework.context.event.ApplicationListenerMethodAdapter.onApplicationEvent(ApplicationListenerMethodAdapter.java:173)
		at org.springframework.context.event.SimpleApplicationEventMulticaster.doInvokeListener(SimpleApplicationEventMulticaster.java:185)
		at org.springframework.context.event.SimpleApplicationEventMulticaster.invokeListener(SimpleApplicationEventMulticaster.java:178)
		at org.springframework.context.event.SimpleApplicationEventMulticaster.multicastEvent(SimpleApplicationEventMulticaster.java:156)
		at org.springframework.context.support.AbstractApplicationContext.publishEvent(AbstractApplicationContext.java:454)
		at org.springframework.context.support.AbstractApplicationContext.publishEvent(AbstractApplicationContext.java:387)
		at org.springframework.context.support.AbstractApplicationContext.finishRefresh(AbstractApplicationContext.java:1009)
		at org.springframework.context.support.AbstractApplicationContext.refresh(AbstractApplicationContext.java:630)
		at org.springframework.web.servlet.FrameworkServlet.configureAndRefreshWebApplicationContext(FrameworkServlet.java:706)
		at org.springframework.web.servlet.FrameworkServlet.createWebApplicationContext(FrameworkServlet.java:672)
		at org.springframework.web.servlet.FrameworkServlet.createWebApplicationContext(FrameworkServlet.java:720)
		at org.springframework.web.servlet.FrameworkServlet.initWebApplicationContext(FrameworkServlet.java:595)
		at org.springframework.web.servlet.FrameworkServlet.initServletBean(FrameworkServlet.java:537)
		at org.springframework.web.servlet.HttpServletBean.init(HttpServletBean.java:169)
		at jakarta.servlet.GenericServlet.init(GenericServlet.java:143)
		at jakarta.servlet.http.HttpServlet.init(HttpServlet.java:122)
		at org.apache.catalina.core.StandardWrapper.initServlet(StandardWrapper.java:817)
		at org.apache.catalina.core.StandardWrapper.loadServlet(StandardWrapper.java:787)
		at org.apache.catalina.core.StandardWrapper.allocate(StandardWrapper.java:568)
		at org.apache.catalina.core.StandardWrapperValve.invoke(StandardWrapperValve.java:115)
		at org.apache.catalina.core.StandardContextValve.invoke(StandardContextValve.java:79)
		at org.apache.catalina.authenticator.AuthenticatorBase.invoke(AuthenticatorBase.java:483)
		at org.apache.catalina.core.StandardHostValve.invoke(StandardHostValve.java:115)
		at org.apache.catalina.valves.ErrorReportValve.invoke(ErrorReportValve.java:93)
		at org.apache.catalina.valves.AbstractAccessLogValve.invoke(AbstractAccessLogValve.java:663)
		at org.apache.catalina.core.StandardEngineValve.invoke(StandardEngineValve.java:74)
		at org.apache.catalina.connector.CoyoteAdapter.service(CoyoteAdapter.java:342)
		at org.apache.coyote.http11.Http11Processor.service(Http11Processor.java:395)
		at org.apache.coyote.AbstractProcessorLight.process(AbstractProcessorLight.java:63)
		at org.apache.coyote.AbstractProtocol$ConnectionHandler.process(AbstractProtocol.java:905)
		at org.apache.tomcat.util.net.NioEndpoint$SocketProcessor.doRun(NioEndpoint.java:1746)
		at org.apache.tomcat.util.net.SocketProcessorBase.run(SocketProcessorBase.java:52)
		at org.apache.tomcat.util.threads.ThreadPoolExecutor.runWorker(ThreadPoolExecutor.java:1148)
		at org.apache.tomcat.util.threads.ThreadPoolExecutor$Worker.run(ThreadPoolExecutor.java:636)
		at org.apache.tomcat.util.threads.TaskThread$WrappingRunnable.run(TaskThread.java:63)
		at java.base/java.lang.Thread.run(Thread.java:1583)
	Caused by: org.h2.jdbc.JdbcSQLIntegrityConstraintViolationException: Нарушение уникального индекса или первичного ключа: "PUBLIC.UK_POST_NAME_INDEX_2 ON PUBLIC.POST(NAME NULLS FIRST) VALUES ( /* 1 */ 'Plov' )"
Unique index or primary key violation: "PUBLIC.UK_POST_NAME_INDEX_2 ON PUBLIC.POST(NAME NULLS FIRST) VALUES ( /* 1 */ 'Plov' )"; SQL statement:
INSERT INTO "POST" ("NAME", "IMAGE_URL", "DESCRIPTION") VALUES ('Plov', 'url-1', '{description-11, description-12, description-13}'), ('Pasta', 'url-2', '{description-21, description-22, description-23}'), ('Pizza', 'url-3', '{description-31, description-32, description-33}') [23505-220]
		at org.h2.message.DbException.getJdbcSQLException(DbException.java:520)
		at org.h2.message.DbException.getJdbcSQLException(DbException.java:489)
		at org.h2.message.DbException.get(DbException.java:223)
		at org.h2.message.DbException.get(DbException.java:199)
		at org.h2.index.Index.getDuplicateKeyException(Index.java:527)
		at org.h2.mvstore.db.MVSecondaryIndex.checkUnique(MVSecondaryIndex.java:223)
		at org.h2.mvstore.db.MVSecondaryIndex.add(MVSecondaryIndex.java:184)
		at org.h2.mvstore.db.MVTable.addRow(MVTable.java:519)
		at org.h2.command.dml.Insert.insertRows(Insert.java:174)
		at org.h2.command.dml.Insert.update(Insert.java:135)
		at org.h2.command.dml.DataChangeStatement.update(DataChangeStatement.java:74)
		at org.h2.command.CommandContainer.update(CommandContainer.java:169)
		at org.h2.command.Command.executeUpdate(Command.java:252)
		at org.h2.jdbc.JdbcStatement.executeInternal(JdbcStatement.java:252)
		at org.h2.jdbc.JdbcStatement.execute(JdbcStatement.java:223)
		at org.springframework.jdbc.datasource.init.ScriptUtils.executeSqlScript(ScriptUtils.java:261)
		... 44 more
19-Jan-2025 22:54:35.122 SEVERE [http-nio-8080-exec-1] org.apache.catalina.core.StandardWrapperValve.invoke Ошибка выделения для сервлета [dispatcher]
	org.h2.jdbc.JdbcSQLIntegrityConstraintViolationException: Нарушение уникального индекса или первичного ключа: "PUBLIC.UK_POST_NAME_INDEX_2 ON PUBLIC.POST(NAME NULLS FIRST) VALUES ( /* 1 */ 'Plov' )"
Unique index or primary key violation: "PUBLIC.UK_POST_NAME_INDEX_2 ON PUBLIC.POST(NAME NULLS FIRST) VALUES ( /* 1 */ 'Plov' )"; SQL statement:
INSERT INTO "POST" ("NAME", "IMAGE_URL", "DESCRIPTION") VALUES ('Plov', 'url-1', '{description-11, description-12, description-13}'), ('Pasta', 'url-2', '{description-21, description-22, description-23}'), ('Pizza', 'url-3', '{description-31, description-32, description-33}') [23505-220]
		at org.h2.message.DbException.getJdbcSQLException(DbException.java:520)
		at org.h2.message.DbException.getJdbcSQLException(DbException.java:489)
		at org.h2.message.DbException.get(DbException.java:223)
		at org.h2.message.DbException.get(DbException.java:199)
		at org.h2.index.Index.getDuplicateKeyException(Index.java:527)
		at org.h2.mvstore.db.MVSecondaryIndex.checkUnique(MVSecondaryIndex.java:223)
		at org.h2.mvstore.db.MVSecondaryIndex.add(MVSecondaryIndex.java:184)
		at org.h2.mvstore.db.MVTable.addRow(MVTable.java:519)
		at org.h2.command.dml.Insert.insertRows(Insert.java:174)
		at org.h2.command.dml.Insert.update(Insert.java:135)
		at org.h2.command.dml.DataChangeStatement.update(DataChangeStatement.java:74)
		at org.h2.command.CommandContainer.update(CommandContainer.java:169)
		at org.h2.command.Command.executeUpdate(Command.java:252)
		at org.h2.jdbc.JdbcStatement.executeInternal(JdbcStatement.java:252)
		at org.h2.jdbc.JdbcStatement.execute(JdbcStatement.java:223)
		at org.springframework.jdbc.datasource.init.ScriptUtils.executeSqlScript(ScriptUtils.java:261)
		at org.springframework.jdbc.datasource.init.ResourceDatabasePopulator.populate(ResourceDatabasePopulator.java:254)
		at org.springframework.jdbc.datasource.init.DatabasePopulatorUtils.execute(DatabasePopulatorUtils.java:54)
		at org.springframework.jdbc.datasource.init.ResourceDatabasePopulator.execute(ResourceDatabasePopulator.java:269)
		at ru.yandex.practicum.configuration.DataSourceConfiguration.populate(DataSourceConfiguration.java:45)
		at java.base/jdk.internal.reflect.DirectMethodHandleAccessor.invoke(DirectMethodHandleAccessor.java:103)
		at java.base/java.lang.reflect.Method.invoke(Method.java:580)
		at org.springframework.context.event.ApplicationListenerMethodAdapter.doInvoke(ApplicationListenerMethodAdapter.java:382)
		at org.springframework.context.event.ApplicationListenerMethodAdapter.processEvent(ApplicationListenerMethodAdapter.java:254)
		at org.springframework.context.event.ApplicationListenerMethodAdapter.onApplicationEvent(ApplicationListenerMethodAdapter.java:173)
		at org.springframework.context.event.SimpleApplicationEventMulticaster.doInvokeListener(SimpleApplicationEventMulticaster.java:185)
		at org.springframework.context.event.SimpleApplicationEventMulticaster.invokeListener(SimpleApplicationEventMulticaster.java:178)
		at org.springframework.context.event.SimpleApplicationEventMulticaster.multicastEvent(SimpleApplicationEventMulticaster.java:156)
		at org.springframework.context.support.AbstractApplicationContext.publishEvent(AbstractApplicationContext.java:454)
		at org.springframework.context.support.AbstractApplicationContext.publishEvent(AbstractApplicationContext.java:387)
		at org.springframework.context.support.AbstractApplicationContext.finishRefresh(AbstractApplicationContext.java:1009)
		at org.springframework.context.support.AbstractApplicationContext.refresh(AbstractApplicationContext.java:630)
		at org.springframework.web.servlet.FrameworkServlet.configureAndRefreshWebApplicationContext(FrameworkServlet.java:706)
		at org.springframework.web.servlet.FrameworkServlet.createWebApplicationContext(FrameworkServlet.java:672)
		at org.springframework.web.servlet.FrameworkServlet.createWebApplicationContext(FrameworkServlet.java:720)
		at org.springframework.web.servlet.FrameworkServlet.initWebApplicationContext(FrameworkServlet.java:595)
		at org.springframework.web.servlet.FrameworkServlet.initServletBean(FrameworkServlet.java:537)
		at org.springframework.web.servlet.HttpServletBean.init(HttpServletBean.java:169)
		at jakarta.servlet.GenericServlet.init(GenericServlet.java:143)
		at jakarta.servlet.http.HttpServlet.init(HttpServlet.java:122)
		at org.apache.catalina.core.StandardWrapper.initServlet(StandardWrapper.java:817)
		at org.apache.catalina.core.StandardWrapper.loadServlet(StandardWrapper.java:787)
		at org.apache.catalina.core.StandardWrapper.allocate(StandardWrapper.java:568)
		at org.apache.catalina.core.StandardWrapperValve.invoke(StandardWrapperValve.java:115)
		at org.apache.catalina.core.StandardContextValve.invoke(StandardContextValve.java:79)
		at org.apache.catalina.authenticator.AuthenticatorBase.invoke(AuthenticatorBase.java:483)
		at org.apache.catalina.core.StandardHostValve.invoke(StandardHostValve.java:115)
		at org.apache.catalina.valves.ErrorReportValve.invoke(ErrorReportValve.java:93)
		at org.apache.catalina.valves.AbstractAccessLogValve.invoke(AbstractAccessLogValve.java:663)
		at org.apache.catalina.core.StandardEngineValve.invoke(StandardEngineValve.java:74)
		at org.apache.catalina.connector.CoyoteAdapter.service(CoyoteAdapter.java:342)
		at org.apache.coyote.http11.Http11Processor.service(Http11Processor.java:395)
		at org.apache.coyote.AbstractProcessorLight.process(AbstractProcessorLight.java:63)
		at org.apache.coyote.AbstractProtocol$ConnectionHandler.process(AbstractProtocol.java:905)
		at org.apache.tomcat.util.net.NioEndpoint$SocketProcessor.doRun(NioEndpoint.java:1746)
		at org.apache.tomcat.util.net.SocketProcessorBase.run(SocketProcessorBase.java:52)
		at org.apache.tomcat.util.threads.ThreadPoolExecutor.runWorker(ThreadPoolExecutor.java:1148)
		at org.apache.tomcat.util.threads.ThreadPoolExecutor$Worker.run(ThreadPoolExecutor.java:636)
		at org.apache.tomcat.util.threads.TaskThread$WrappingRunnable.run(TaskThread.java:63)
		at java.base/java.lang.Thread.run(Thread.java:1583)
19-Jan-2025 22:55:53.082 INFO [main] org.apache.catalina.core.ApplicationContext.log SessionListener: contextDestroyed()
19-Jan-2025 22:55:53.082 INFO [main] org.apache.catalina.core.ApplicationContext.log ContextListener: contextDestroyed()
19-Jan-2025 22:59:28.299 INFO [main] org.apache.catalina.core.ApplicationContext.log No Spring WebApplicationInitializer types detected on classpath
19-Jan-2025 22:59:28.454 INFO [main] org.apache.catalina.core.ApplicationContext.log Initializing Spring DispatcherServlet 'dispatcher'
19-Jan-2025 22:59:29.917 SEVERE [main] org.apache.catalina.core.ApplicationContext.log Servlet.init() для сервлета [dispatcher] выбросил исключение
	org.springframework.jdbc.datasource.init.ScriptStatementFailedException: Failed to execute SQL script statement #7 of class path resource [schema.sql]: INSERT INTO "LIKE" ("COUNT", "POST_ID") VALUES (1, 1), (5, 2), (4, 3)
		at org.springframework.jdbc.datasource.init.ScriptUtils.executeSqlScript(ScriptUtils.java:282)
		at org.springframework.jdbc.datasource.init.ResourceDatabasePopulator.populate(ResourceDatabasePopulator.java:254)
		at org.springframework.jdbc.datasource.init.DatabasePopulatorUtils.execute(DatabasePopulatorUtils.java:54)
		at org.springframework.jdbc.datasource.init.ResourceDatabasePopulator.execute(ResourceDatabasePopulator.java:269)
		at ru.yandex.practicum.configuration.DataSourceConfiguration.populate(DataSourceConfiguration.java:45)
		at java.base/jdk.internal.reflect.DirectMethodHandleAccessor.invoke(DirectMethodHandleAccessor.java:103)
		at java.base/java.lang.reflect.Method.invoke(Method.java:580)
		at org.springframework.context.event.ApplicationListenerMethodAdapter.doInvoke(ApplicationListenerMethodAdapter.java:382)
		at org.springframework.context.event.ApplicationListenerMethodAdapter.processEvent(ApplicationListenerMethodAdapter.java:254)
		at org.springframework.context.event.ApplicationListenerMethodAdapter.onApplicationEvent(ApplicationListenerMethodAdapter.java:173)
		at org.springframework.context.event.SimpleApplicationEventMulticaster.doInvokeListener(SimpleApplicationEventMulticaster.java:185)
		at org.springframework.context.event.SimpleApplicationEventMulticaster.invokeListener(SimpleApplicationEventMulticaster.java:178)
		at org.springframework.context.event.SimpleApplicationEventMulticaster.multicastEvent(SimpleApplicationEventMulticaster.java:156)
		at org.springframework.context.support.AbstractApplicationContext.publishEvent(AbstractApplicationContext.java:454)
		at org.springframework.context.support.AbstractApplicationContext.publishEvent(AbstractApplicationContext.java:387)
		at org.springframework.context.support.AbstractApplicationContext.finishRefresh(AbstractApplicationContext.java:1009)
		at org.springframework.context.support.AbstractApplicationContext.refresh(AbstractApplicationContext.java:630)
		at org.springframework.web.servlet.FrameworkServlet.configureAndRefreshWebApplicationContext(FrameworkServlet.java:706)
		at org.springframework.web.servlet.FrameworkServlet.createWebApplicationContext(FrameworkServlet.java:672)
		at org.springframework.web.servlet.FrameworkServlet.createWebApplicationContext(FrameworkServlet.java:720)
		at org.springframework.web.servlet.FrameworkServlet.initWebApplicationContext(FrameworkServlet.java:595)
		at org.springframework.web.servlet.FrameworkServlet.initServletBean(FrameworkServlet.java:537)
		at org.springframework.web.servlet.HttpServletBean.init(HttpServletBean.java:169)
		at jakarta.servlet.GenericServlet.init(GenericServlet.java:143)
		at jakarta.servlet.http.HttpServlet.init(HttpServlet.java:122)
		at org.apache.catalina.core.StandardWrapper.initServlet(StandardWrapper.java:817)
		at org.apache.catalina.core.StandardWrapper.loadServlet(StandardWrapper.java:787)
		at org.apache.catalina.core.StandardWrapper.load(StandardWrapper.java:691)
		at org.apache.catalina.core.StandardContext.loadOnStartup(StandardContext.java:4153)
		at org.apache.catalina.core.StandardContext.startInternal(StandardContext.java:4437)
		at org.apache.catalina.util.LifecycleBase.start(LifecycleBase.java:164)
		at org.apache.catalina.core.ContainerBase.addChild(ContainerBase.java:566)
		at org.apache.catalina.core.StandardHost.addChild(StandardHost.java:653)
		at org.apache.catalina.startup.HostConfig.deployWAR(HostConfig.java:933)
		at org.apache.catalina.startup.HostConfig$DeployWar.run(HostConfig.java:1875)
		at java.base/java.util.concurrent.Executors$RunnableAdapter.call(Executors.java:572)
		at java.base/java.util.concurrent.FutureTask.run(FutureTask.java:317)
		at org.apache.tomcat.util.threads.InlineExecutorService.execute(InlineExecutorService.java:75)
		at java.base/java.util.concurrent.AbstractExecutorService.submit(AbstractExecutorService.java:123)
		at org.apache.catalina.startup.HostConfig.deployWARs(HostConfig.java:735)
		at org.apache.catalina.startup.HostConfig.deployApps(HostConfig.java:387)
		at org.apache.catalina.startup.HostConfig.start(HostConfig.java:1593)
		at org.apache.catalina.startup.HostConfig.lifecycleEvent(HostConfig.java:267)
		at org.apache.catalina.util.LifecycleBase.fireLifecycleEvent(LifecycleBase.java:109)
		at org.apache.catalina.util.LifecycleBase.setStateInternal(LifecycleBase.java:389)
		at org.apache.catalina.util.LifecycleBase.setState(LifecycleBase.java:336)
		at org.apache.catalina.core.ContainerBase.startInternal(ContainerBase.java:743)
		at org.apache.catalina.core.StandardHost.startInternal(StandardHost.java:771)
		at org.apache.catalina.util.LifecycleBase.start(LifecycleBase.java:164)
		at org.apache.catalina.core.ContainerBase$StartChild.call(ContainerBase.java:1170)
		at org.apache.catalina.core.ContainerBase$StartChild.call(ContainerBase.java:1160)
		at java.base/java.util.concurrent.FutureTask.run(FutureTask.java:317)
		at org.apache.tomcat.util.threads.InlineExecutorService.execute(InlineExecutorService.java:75)
		at java.base/java.util.concurrent.AbstractExecutorService.submit(AbstractExecutorService.java:145)
		at org.apache.catalina.core.ContainerBase.startInternal(ContainerBase.java:716)
		at org.apache.catalina.core.StandardEngine.startInternal(StandardEngine.java:203)
		at org.apache.catalina.util.LifecycleBase.start(LifecycleBase.java:164)
		at org.apache.catalina.core.StandardService.startInternal(StandardService.java:415)
		at org.apache.catalina.util.LifecycleBase.start(LifecycleBase.java:164)
		at org.apache.catalina.core.StandardServer.startInternal(StandardServer.java:866)
		at org.apache.catalina.util.LifecycleBase.start(LifecycleBase.java:164)
		at org.apache.catalina.startup.Catalina.start(Catalina.java:759)
		at java.base/jdk.internal.reflect.DirectMethodHandleAccessor.invoke(DirectMethodHandleAccessor.java:103)
		at java.base/java.lang.reflect.Method.invoke(Method.java:580)
		at org.apache.catalina.startup.Bootstrap.start(Bootstrap.java:342)
		at org.apache.catalina.startup.Bootstrap.main(Bootstrap.java:470)
	Caused by: org.h2.jdbc.JdbcSQLSyntaxErrorException: Таблица "LIKE" не найдена
Table "LIKE" not found; SQL statement:
INSERT INTO "LIKE" ("COUNT", "POST_ID") VALUES (1, 1), (5, 2), (4, 3) [42102-220]
		at org.h2.message.DbException.getJdbcSQLException(DbException.java:514)
		at org.h2.message.DbException.getJdbcSQLException(DbException.java:489)
		at org.h2.message.DbException.get(DbException.java:223)
		at org.h2.message.DbException.get(DbException.java:199)
		at org.h2.command.Parser.getTableOrViewNotFoundDbException(Parser.java:8561)
		at org.h2.command.Parser.getTableOrViewNotFoundDbException(Parser.java:8532)
		at org.h2.command.Parser.readTableOrView(Parser.java:8521)
		at org.h2.command.Parser.readTableOrView(Parser.java:8487)
		at org.h2.command.Parser.parseInsert(Parser.java:1663)
		at org.h2.command.Parser.parsePrepared(Parser.java:822)
		at org.h2.command.Parser.parse(Parser.java:697)
		at org.h2.command.Parser.parse(Parser.java:669)
		at org.h2.command.Parser.prepareCommand(Parser.java:577)
		at org.h2.engine.SessionLocal.prepareLocal(SessionLocal.java:634)
		at org.h2.engine.SessionLocal.prepareCommand(SessionLocal.java:557)
		at org.h2.jdbc.JdbcConnection.prepareCommand(JdbcConnection.java:1116)
		at org.h2.jdbc.JdbcStatement.executeInternal(JdbcStatement.java:237)
		at org.h2.jdbc.JdbcStatement.execute(JdbcStatement.java:223)
		at org.springframework.jdbc.datasource.init.ScriptUtils.executeSqlScript(ScriptUtils.java:261)
		... 65 more
19-Jan-2025 22:59:29.917 SEVERE [main] org.apache.catalina.core.StandardContext.loadOnStartup Servlet [dispatcher] in web application [/blog] threw load() exception
	org.h2.jdbc.JdbcSQLSyntaxErrorException: Таблица "LIKE" не найдена
Table "LIKE" not found; SQL statement:
INSERT INTO "LIKE" ("COUNT", "POST_ID") VALUES (1, 1), (5, 2), (4, 3) [42102-220]
		at org.h2.message.DbException.getJdbcSQLException(DbException.java:514)
		at org.h2.message.DbException.getJdbcSQLException(DbException.java:489)
		at org.h2.message.DbException.get(DbException.java:223)
		at org.h2.message.DbException.get(DbException.java:199)
		at org.h2.command.Parser.getTableOrViewNotFoundDbException(Parser.java:8561)
		at org.h2.command.Parser.getTableOrViewNotFoundDbException(Parser.java:8532)
		at org.h2.command.Parser.readTableOrView(Parser.java:8521)
		at org.h2.command.Parser.readTableOrView(Parser.java:8487)
		at org.h2.command.Parser.parseInsert(Parser.java:1663)
		at org.h2.command.Parser.parsePrepared(Parser.java:822)
		at org.h2.command.Parser.parse(Parser.java:697)
		at org.h2.command.Parser.parse(Parser.java:669)
		at org.h2.command.Parser.prepareCommand(Parser.java:577)
		at org.h2.engine.SessionLocal.prepareLocal(SessionLocal.java:634)
		at org.h2.engine.SessionLocal.prepareCommand(SessionLocal.java:557)
		at org.h2.jdbc.JdbcConnection.prepareCommand(JdbcConnection.java:1116)
		at org.h2.jdbc.JdbcStatement.executeInternal(JdbcStatement.java:237)
		at org.h2.jdbc.JdbcStatement.execute(JdbcStatement.java:223)
		at org.springframework.jdbc.datasource.init.ScriptUtils.executeSqlScript(ScriptUtils.java:261)
		at org.springframework.jdbc.datasource.init.ResourceDatabasePopulator.populate(ResourceDatabasePopulator.java:254)
		at org.springframework.jdbc.datasource.init.DatabasePopulatorUtils.execute(DatabasePopulatorUtils.java:54)
		at org.springframework.jdbc.datasource.init.ResourceDatabasePopulator.execute(ResourceDatabasePopulator.java:269)
		at ru.yandex.practicum.configuration.DataSourceConfiguration.populate(DataSourceConfiguration.java:45)
		at java.base/jdk.internal.reflect.DirectMethodHandleAccessor.invoke(DirectMethodHandleAccessor.java:103)
		at java.base/java.lang.reflect.Method.invoke(Method.java:580)
		at org.springframework.context.event.ApplicationListenerMethodAdapter.doInvoke(ApplicationListenerMethodAdapter.java:382)
		at org.springframework.context.event.ApplicationListenerMethodAdapter.processEvent(ApplicationListenerMethodAdapter.java:254)
		at org.springframework.context.event.ApplicationListenerMethodAdapter.onApplicationEvent(ApplicationListenerMethodAdapter.java:173)
		at org.springframework.context.event.SimpleApplicationEventMulticaster.doInvokeListener(SimpleApplicationEventMulticaster.java:185)
		at org.springframework.context.event.SimpleApplicationEventMulticaster.invokeListener(SimpleApplicationEventMulticaster.java:178)
		at org.springframework.context.event.SimpleApplicationEventMulticaster.multicastEvent(SimpleApplicationEventMulticaster.java:156)
		at org.springframework.context.support.AbstractApplicationContext.publishEvent(AbstractApplicationContext.java:454)
		at org.springframework.context.support.AbstractApplicationContext.publishEvent(AbstractApplicationContext.java:387)
		at org.springframework.context.support.AbstractApplicationContext.finishRefresh(AbstractApplicationContext.java:1009)
		at org.springframework.context.support.AbstractApplicationContext.refresh(AbstractApplicationContext.java:630)
		at org.springframework.web.servlet.FrameworkServlet.configureAndRefreshWebApplicationContext(FrameworkServlet.java:706)
		at org.springframework.web.servlet.FrameworkServlet.createWebApplicationContext(FrameworkServlet.java:672)
		at org.springframework.web.servlet.FrameworkServlet.createWebApplicationContext(FrameworkServlet.java:720)
		at org.springframework.web.servlet.FrameworkServlet.initWebApplicationContext(FrameworkServlet.java:595)
		at org.springframework.web.servlet.FrameworkServlet.initServletBean(FrameworkServlet.java:537)
		at org.springframework.web.servlet.HttpServletBean.init(HttpServletBean.java:169)
		at jakarta.servlet.GenericServlet.init(GenericServlet.java:143)
		at jakarta.servlet.http.HttpServlet.init(HttpServlet.java:122)
		at org.apache.catalina.core.StandardWrapper.initServlet(StandardWrapper.java:817)
		at org.apache.catalina.core.StandardWrapper.loadServlet(StandardWrapper.java:787)
		at org.apache.catalina.core.StandardWrapper.load(StandardWrapper.java:691)
		at org.apache.catalina.core.StandardContext.loadOnStartup(StandardContext.java:4153)
		at org.apache.catalina.core.StandardContext.startInternal(StandardContext.java:4437)
		at org.apache.catalina.util.LifecycleBase.start(LifecycleBase.java:164)
		at org.apache.catalina.core.ContainerBase.addChild(ContainerBase.java:566)
		at org.apache.catalina.core.StandardHost.addChild(StandardHost.java:653)
		at org.apache.catalina.startup.HostConfig.deployWAR(HostConfig.java:933)
		at org.apache.catalina.startup.HostConfig$DeployWar.run(HostConfig.java:1875)
		at java.base/java.util.concurrent.Executors$RunnableAdapter.call(Executors.java:572)
		at java.base/java.util.concurrent.FutureTask.run(FutureTask.java:317)
		at org.apache.tomcat.util.threads.InlineExecutorService.execute(InlineExecutorService.java:75)
		at java.base/java.util.concurrent.AbstractExecutorService.submit(AbstractExecutorService.java:123)
		at org.apache.catalina.startup.HostConfig.deployWARs(HostConfig.java:735)
		at org.apache.catalina.startup.HostConfig.deployApps(HostConfig.java:387)
		at org.apache.catalina.startup.HostConfig.start(HostConfig.java:1593)
		at org.apache.catalina.startup.HostConfig.lifecycleEvent(HostConfig.java:267)
		at org.apache.catalina.util.LifecycleBase.fireLifecycleEvent(LifecycleBase.java:109)
		at org.apache.catalina.util.LifecycleBase.setStateInternal(LifecycleBase.java:389)
		at org.apache.catalina.util.LifecycleBase.setState(LifecycleBase.java:336)
		at org.apache.catalina.core.ContainerBase.startInternal(ContainerBase.java:743)
		at org.apache.catalina.core.StandardHost.startInternal(StandardHost.java:771)
		at org.apache.catalina.util.LifecycleBase.start(LifecycleBase.java:164)
		at org.apache.catalina.core.ContainerBase$StartChild.call(ContainerBase.java:1170)
		at org.apache.catalina.core.ContainerBase$StartChild.call(ContainerBase.java:1160)
		at java.base/java.util.concurrent.FutureTask.run(FutureTask.java:317)
		at org.apache.tomcat.util.threads.InlineExecutorService.execute(InlineExecutorService.java:75)
		at java.base/java.util.concurrent.AbstractExecutorService.submit(AbstractExecutorService.java:145)
		at org.apache.catalina.core.ContainerBase.startInternal(ContainerBase.java:716)
		at org.apache.catalina.core.StandardEngine.startInternal(StandardEngine.java:203)
		at org.apache.catalina.util.LifecycleBase.start(LifecycleBase.java:164)
		at org.apache.catalina.core.StandardService.startInternal(StandardService.java:415)
		at org.apache.catalina.util.LifecycleBase.start(LifecycleBase.java:164)
		at org.apache.catalina.core.StandardServer.startInternal(StandardServer.java:866)
		at org.apache.catalina.util.LifecycleBase.start(LifecycleBase.java:164)
		at org.apache.catalina.startup.Catalina.start(Catalina.java:759)
		at java.base/jdk.internal.reflect.DirectMethodHandleAccessor.invoke(DirectMethodHandleAccessor.java:103)
		at java.base/java.lang.reflect.Method.invoke(Method.java:580)
		at org.apache.catalina.startup.Bootstrap.start(Bootstrap.java:342)
		at org.apache.catalina.startup.Bootstrap.main(Bootstrap.java:470)
19-Jan-2025 22:59:30.339 INFO [main] org.apache.catalina.core.ApplicationContext.log ContextListener: contextInitialized()
19-Jan-2025 22:59:30.339 INFO [main] org.apache.catalina.core.ApplicationContext.log SessionListener: contextInitialized()
19-Jan-2025 22:59:30.342 INFO [main] org.apache.catalina.core.ApplicationContext.log ContextListener: attributeAdded('StockTicker', 'async.Stockticker@40dd2cfe')
19-Jan-2025 22:59:38.292 INFO [http-nio-8080-exec-1] org.apache.catalina.core.ApplicationContext.log Initializing Spring DispatcherServlet 'dispatcher'
19-Jan-2025 22:59:38.376 SEVERE [http-nio-8080-exec-1] org.apache.catalina.core.ApplicationContext.log Servlet.init() для сервлета [dispatcher] выбросил исключение
	org.springframework.jdbc.datasource.init.ScriptStatementFailedException: Failed to execute SQL script statement #5 of class path resource [schema.sql]: INSERT INTO "POST" ("NAME", "IMAGE_URL", "DESCRIPTION") VALUES ('Plov', 'url-1', '{description-11, description-12, description-13}'), ('Pasta', 'url-2', '{description-21, description-22, description-23}'), ('Pizza', 'url-3', '{description-31, description-32, description-33}')
		at org.springframework.jdbc.datasource.init.ScriptUtils.executeSqlScript(ScriptUtils.java:282)
		at org.springframework.jdbc.datasource.init.ResourceDatabasePopulator.populate(ResourceDatabasePopulator.java:254)
		at org.springframework.jdbc.datasource.init.DatabasePopulatorUtils.execute(DatabasePopulatorUtils.java:54)
		at org.springframework.jdbc.datasource.init.ResourceDatabasePopulator.execute(ResourceDatabasePopulator.java:269)
		at ru.yandex.practicum.configuration.DataSourceConfiguration.populate(DataSourceConfiguration.java:45)
		at java.base/jdk.internal.reflect.DirectMethodHandleAccessor.invoke(DirectMethodHandleAccessor.java:103)
		at java.base/java.lang.reflect.Method.invoke(Method.java:580)
		at org.springframework.context.event.ApplicationListenerMethodAdapter.doInvoke(ApplicationListenerMethodAdapter.java:382)
		at org.springframework.context.event.ApplicationListenerMethodAdapter.processEvent(ApplicationListenerMethodAdapter.java:254)
		at org.springframework.context.event.ApplicationListenerMethodAdapter.onApplicationEvent(ApplicationListenerMethodAdapter.java:173)
		at org.springframework.context.event.SimpleApplicationEventMulticaster.doInvokeListener(SimpleApplicationEventMulticaster.java:185)
		at org.springframework.context.event.SimpleApplicationEventMulticaster.invokeListener(SimpleApplicationEventMulticaster.java:178)
		at org.springframework.context.event.SimpleApplicationEventMulticaster.multicastEvent(SimpleApplicationEventMulticaster.java:156)
		at org.springframework.context.support.AbstractApplicationContext.publishEvent(AbstractApplicationContext.java:454)
		at org.springframework.context.support.AbstractApplicationContext.publishEvent(AbstractApplicationContext.java:387)
		at org.springframework.context.support.AbstractApplicationContext.finishRefresh(AbstractApplicationContext.java:1009)
		at org.springframework.context.support.AbstractApplicationContext.refresh(AbstractApplicationContext.java:630)
		at org.springframework.web.servlet.FrameworkServlet.configureAndRefreshWebApplicationContext(FrameworkServlet.java:706)
		at org.springframework.web.servlet.FrameworkServlet.createWebApplicationContext(FrameworkServlet.java:672)
		at org.springframework.web.servlet.FrameworkServlet.createWebApplicationContext(FrameworkServlet.java:720)
		at org.springframework.web.servlet.FrameworkServlet.initWebApplicationContext(FrameworkServlet.java:595)
		at org.springframework.web.servlet.FrameworkServlet.initServletBean(FrameworkServlet.java:537)
		at org.springframework.web.servlet.HttpServletBean.init(HttpServletBean.java:169)
		at jakarta.servlet.GenericServlet.init(GenericServlet.java:143)
		at jakarta.servlet.http.HttpServlet.init(HttpServlet.java:122)
		at org.apache.catalina.core.StandardWrapper.initServlet(StandardWrapper.java:817)
		at org.apache.catalina.core.StandardWrapper.loadServlet(StandardWrapper.java:787)
		at org.apache.catalina.core.StandardWrapper.allocate(StandardWrapper.java:568)
		at org.apache.catalina.core.StandardWrapperValve.invoke(StandardWrapperValve.java:115)
		at org.apache.catalina.core.StandardContextValve.invoke(StandardContextValve.java:79)
		at org.apache.catalina.authenticator.AuthenticatorBase.invoke(AuthenticatorBase.java:483)
		at org.apache.catalina.core.StandardHostValve.invoke(StandardHostValve.java:115)
		at org.apache.catalina.valves.ErrorReportValve.invoke(ErrorReportValve.java:93)
		at org.apache.catalina.valves.AbstractAccessLogValve.invoke(AbstractAccessLogValve.java:663)
		at org.apache.catalina.core.StandardEngineValve.invoke(StandardEngineValve.java:74)
		at org.apache.catalina.connector.CoyoteAdapter.service(CoyoteAdapter.java:342)
		at org.apache.coyote.http11.Http11Processor.service(Http11Processor.java:395)
		at org.apache.coyote.AbstractProcessorLight.process(AbstractProcessorLight.java:63)
		at org.apache.coyote.AbstractProtocol$ConnectionHandler.process(AbstractProtocol.java:905)
		at org.apache.tomcat.util.net.NioEndpoint$SocketProcessor.doRun(NioEndpoint.java:1746)
		at org.apache.tomcat.util.net.SocketProcessorBase.run(SocketProcessorBase.java:52)
		at org.apache.tomcat.util.threads.ThreadPoolExecutor.runWorker(ThreadPoolExecutor.java:1148)
		at org.apache.tomcat.util.threads.ThreadPoolExecutor$Worker.run(ThreadPoolExecutor.java:636)
		at org.apache.tomcat.util.threads.TaskThread$WrappingRunnable.run(TaskThread.java:63)
		at java.base/java.lang.Thread.run(Thread.java:1583)
	Caused by: org.h2.jdbc.JdbcSQLIntegrityConstraintViolationException: Нарушение уникального индекса или первичного ключа: "PUBLIC.UK_POST_NAME_INDEX_2 ON PUBLIC.POST(NAME NULLS FIRST) VALUES ( /* 1 */ 'Plov' )"
Unique index or primary key violation: "PUBLIC.UK_POST_NAME_INDEX_2 ON PUBLIC.POST(NAME NULLS FIRST) VALUES ( /* 1 */ 'Plov' )"; SQL statement:
INSERT INTO "POST" ("NAME", "IMAGE_URL", "DESCRIPTION") VALUES ('Plov', 'url-1', '{description-11, description-12, description-13}'), ('Pasta', 'url-2', '{description-21, description-22, description-23}'), ('Pizza', 'url-3', '{description-31, description-32, description-33}') [23505-220]
		at org.h2.message.DbException.getJdbcSQLException(DbException.java:520)
		at org.h2.message.DbException.getJdbcSQLException(DbException.java:489)
		at org.h2.message.DbException.get(DbException.java:223)
		at org.h2.message.DbException.get(DbException.java:199)
		at org.h2.index.Index.getDuplicateKeyException(Index.java:527)
		at org.h2.mvstore.db.MVSecondaryIndex.checkUnique(MVSecondaryIndex.java:223)
		at org.h2.mvstore.db.MVSecondaryIndex.add(MVSecondaryIndex.java:184)
		at org.h2.mvstore.db.MVTable.addRow(MVTable.java:519)
		at org.h2.command.dml.Insert.insertRows(Insert.java:174)
		at org.h2.command.dml.Insert.update(Insert.java:135)
		at org.h2.command.dml.DataChangeStatement.update(DataChangeStatement.java:74)
		at org.h2.command.CommandContainer.update(CommandContainer.java:169)
		at org.h2.command.Command.executeUpdate(Command.java:252)
		at org.h2.jdbc.JdbcStatement.executeInternal(JdbcStatement.java:252)
		at org.h2.jdbc.JdbcStatement.execute(JdbcStatement.java:223)
		at org.springframework.jdbc.datasource.init.ScriptUtils.executeSqlScript(ScriptUtils.java:261)
		... 44 more
19-Jan-2025 22:59:38.377 SEVERE [http-nio-8080-exec-1] org.apache.catalina.core.StandardWrapperValve.invoke Ошибка выделения для сервлета [dispatcher]
	org.h2.jdbc.JdbcSQLIntegrityConstraintViolationException: Нарушение уникального индекса или первичного ключа: "PUBLIC.UK_POST_NAME_INDEX_2 ON PUBLIC.POST(NAME NULLS FIRST) VALUES ( /* 1 */ 'Plov' )"
Unique index or primary key violation: "PUBLIC.UK_POST_NAME_INDEX_2 ON PUBLIC.POST(NAME NULLS FIRST) VALUES ( /* 1 */ 'Plov' )"; SQL statement:
INSERT INTO "POST" ("NAME", "IMAGE_URL", "DESCRIPTION") VALUES ('Plov', 'url-1', '{description-11, description-12, description-13}'), ('Pasta', 'url-2', '{description-21, description-22, description-23}'), ('Pizza', 'url-3', '{description-31, description-32, description-33}') [23505-220]
		at org.h2.message.DbException.getJdbcSQLException(DbException.java:520)
		at org.h2.message.DbException.getJdbcSQLException(DbException.java:489)
		at org.h2.message.DbException.get(DbException.java:223)
		at org.h2.message.DbException.get(DbException.java:199)
		at org.h2.index.Index.getDuplicateKeyException(Index.java:527)
		at org.h2.mvstore.db.MVSecondaryIndex.checkUnique(MVSecondaryIndex.java:223)
		at org.h2.mvstore.db.MVSecondaryIndex.add(MVSecondaryIndex.java:184)
		at org.h2.mvstore.db.MVTable.addRow(MVTable.java:519)
		at org.h2.command.dml.Insert.insertRows(Insert.java:174)
		at org.h2.command.dml.Insert.update(Insert.java:135)
		at org.h2.command.dml.DataChangeStatement.update(DataChangeStatement.java:74)
		at org.h2.command.CommandContainer.update(CommandContainer.java:169)
		at org.h2.command.Command.executeUpdate(Command.java:252)
		at org.h2.jdbc.JdbcStatement.executeInternal(JdbcStatement.java:252)
		at org.h2.jdbc.JdbcStatement.execute(JdbcStatement.java:223)
		at org.springframework.jdbc.datasource.init.ScriptUtils.executeSqlScript(ScriptUtils.java:261)
		at org.springframework.jdbc.datasource.init.ResourceDatabasePopulator.populate(ResourceDatabasePopulator.java:254)
		at org.springframework.jdbc.datasource.init.DatabasePopulatorUtils.execute(DatabasePopulatorUtils.java:54)
		at org.springframework.jdbc.datasource.init.ResourceDatabasePopulator.execute(ResourceDatabasePopulator.java:269)
		at ru.yandex.practicum.configuration.DataSourceConfiguration.populate(DataSourceConfiguration.java:45)
		at java.base/jdk.internal.reflect.DirectMethodHandleAccessor.invoke(DirectMethodHandleAccessor.java:103)
		at java.base/java.lang.reflect.Method.invoke(Method.java:580)
		at org.springframework.context.event.ApplicationListenerMethodAdapter.doInvoke(ApplicationListenerMethodAdapter.java:382)
		at org.springframework.context.event.ApplicationListenerMethodAdapter.processEvent(ApplicationListenerMethodAdapter.java:254)
		at org.springframework.context.event.ApplicationListenerMethodAdapter.onApplicationEvent(ApplicationListenerMethodAdapter.java:173)
		at org.springframework.context.event.SimpleApplicationEventMulticaster.doInvokeListener(SimpleApplicationEventMulticaster.java:185)
		at org.springframework.context.event.SimpleApplicationEventMulticaster.invokeListener(SimpleApplicationEventMulticaster.java:178)
		at org.springframework.context.event.SimpleApplicationEventMulticaster.multicastEvent(SimpleApplicationEventMulticaster.java:156)
		at org.springframework.context.support.AbstractApplicationContext.publishEvent(AbstractApplicationContext.java:454)
		at org.springframework.context.support.AbstractApplicationContext.publishEvent(AbstractApplicationContext.java:387)
		at org.springframework.context.support.AbstractApplicationContext.finishRefresh(AbstractApplicationContext.java:1009)
		at org.springframework.context.support.AbstractApplicationContext.refresh(AbstractApplicationContext.java:630)
		at org.springframework.web.servlet.FrameworkServlet.configureAndRefreshWebApplicationContext(FrameworkServlet.java:706)
		at org.springframework.web.servlet.FrameworkServlet.createWebApplicationContext(FrameworkServlet.java:672)
		at org.springframework.web.servlet.FrameworkServlet.createWebApplicationContext(FrameworkServlet.java:720)
		at org.springframework.web.servlet.FrameworkServlet.initWebApplicationContext(FrameworkServlet.java:595)
		at org.springframework.web.servlet.FrameworkServlet.initServletBean(FrameworkServlet.java:537)
		at org.springframework.web.servlet.HttpServletBean.init(HttpServletBean.java:169)
		at jakarta.servlet.GenericServlet.init(GenericServlet.java:143)
		at jakarta.servlet.http.HttpServlet.init(HttpServlet.java:122)
		at org.apache.catalina.core.StandardWrapper.initServlet(StandardWrapper.java:817)
		at org.apache.catalina.core.StandardWrapper.loadServlet(StandardWrapper.java:787)
		at org.apache.catalina.core.StandardWrapper.allocate(StandardWrapper.java:568)
		at org.apache.catalina.core.StandardWrapperValve.invoke(StandardWrapperValve.java:115)
		at org.apache.catalina.core.StandardContextValve.invoke(StandardContextValve.java:79)
		at org.apache.catalina.authenticator.AuthenticatorBase.invoke(AuthenticatorBase.java:483)
		at org.apache.catalina.core.StandardHostValve.invoke(StandardHostValve.java:115)
		at org.apache.catalina.valves.ErrorReportValve.invoke(ErrorReportValve.java:93)
		at org.apache.catalina.valves.AbstractAccessLogValve.invoke(AbstractAccessLogValve.java:663)
		at org.apache.catalina.core.StandardEngineValve.invoke(StandardEngineValve.java:74)
		at org.apache.catalina.connector.CoyoteAdapter.service(CoyoteAdapter.java:342)
		at org.apache.coyote.http11.Http11Processor.service(Http11Processor.java:395)
		at org.apache.coyote.AbstractProcessorLight.process(AbstractProcessorLight.java:63)
		at org.apache.coyote.AbstractProtocol$ConnectionHandler.process(AbstractProtocol.java:905)
		at org.apache.tomcat.util.net.NioEndpoint$SocketProcessor.doRun(NioEndpoint.java:1746)
		at org.apache.tomcat.util.net.SocketProcessorBase.run(SocketProcessorBase.java:52)
		at org.apache.tomcat.util.threads.ThreadPoolExecutor.runWorker(ThreadPoolExecutor.java:1148)
		at org.apache.tomcat.util.threads.ThreadPoolExecutor$Worker.run(ThreadPoolExecutor.java:636)
		at org.apache.tomcat.util.threads.TaskThread$WrappingRunnable.run(TaskThread.java:63)
		at java.base/java.lang.Thread.run(Thread.java:1583)
19-Jan-2025 23:01:07.867 INFO [main] org.apache.catalina.core.ApplicationContext.log SessionListener: contextDestroyed()
19-Jan-2025 23:01:07.867 INFO [main] org.apache.catalina.core.ApplicationContext.log ContextListener: contextDestroyed()
19-Jan-2025 23:01:19.916 INFO [main] org.apache.catalina.core.ApplicationContext.log No Spring WebApplicationInitializer types detected on classpath
19-Jan-2025 23:01:20.083 INFO [main] org.apache.catalina.core.ApplicationContext.log Initializing Spring DispatcherServlet 'dispatcher'
19-Jan-2025 23:01:21.436 SEVERE [main] org.apache.catalina.core.ApplicationContext.log Servlet.init() для сервлета [dispatcher] выбросил исключение
	org.springframework.jdbc.datasource.init.ScriptStatementFailedException: Failed to execute SQL script statement #7 of class path resource [schema.sql]: INSERT INTO "LIKE" ("COUNT", "POST_ID") VALUES (1, 1), (5, 2), (4, 3)
		at org.springframework.jdbc.datasource.init.ScriptUtils.executeSqlScript(ScriptUtils.java:282)
		at org.springframework.jdbc.datasource.init.ResourceDatabasePopulator.populate(ResourceDatabasePopulator.java:254)
		at org.springframework.jdbc.datasource.init.DatabasePopulatorUtils.execute(DatabasePopulatorUtils.java:54)
		at org.springframework.jdbc.datasource.init.ResourceDatabasePopulator.execute(ResourceDatabasePopulator.java:269)
		at ru.yandex.practicum.configuration.DataSourceConfiguration.populate(DataSourceConfiguration.java:45)
		at java.base/jdk.internal.reflect.DirectMethodHandleAccessor.invoke(DirectMethodHandleAccessor.java:103)
		at java.base/java.lang.reflect.Method.invoke(Method.java:580)
		at org.springframework.context.event.ApplicationListenerMethodAdapter.doInvoke(ApplicationListenerMethodAdapter.java:382)
		at org.springframework.context.event.ApplicationListenerMethodAdapter.processEvent(ApplicationListenerMethodAdapter.java:254)
		at org.springframework.context.event.ApplicationListenerMethodAdapter.onApplicationEvent(ApplicationListenerMethodAdapter.java:173)
		at org.springframework.context.event.SimpleApplicationEventMulticaster.doInvokeListener(SimpleApplicationEventMulticaster.java:185)
		at org.springframework.context.event.SimpleApplicationEventMulticaster.invokeListener(SimpleApplicationEventMulticaster.java:178)
		at org.springframework.context.event.SimpleApplicationEventMulticaster.multicastEvent(SimpleApplicationEventMulticaster.java:156)
		at org.springframework.context.support.AbstractApplicationContext.publishEvent(AbstractApplicationContext.java:454)
		at org.springframework.context.support.AbstractApplicationContext.publishEvent(AbstractApplicationContext.java:387)
		at org.springframework.context.support.AbstractApplicationContext.finishRefresh(AbstractApplicationContext.java:1009)
		at org.springframework.context.support.AbstractApplicationContext.refresh(AbstractApplicationContext.java:630)
		at org.springframework.web.servlet.FrameworkServlet.configureAndRefreshWebApplicationContext(FrameworkServlet.java:706)
		at org.springframework.web.servlet.FrameworkServlet.createWebApplicationContext(FrameworkServlet.java:672)
		at org.springframework.web.servlet.FrameworkServlet.createWebApplicationContext(FrameworkServlet.java:720)
		at org.springframework.web.servlet.FrameworkServlet.initWebApplicationContext(FrameworkServlet.java:595)
		at org.springframework.web.servlet.FrameworkServlet.initServletBean(FrameworkServlet.java:537)
		at org.springframework.web.servlet.HttpServletBean.init(HttpServletBean.java:169)
		at jakarta.servlet.GenericServlet.init(GenericServlet.java:143)
		at jakarta.servlet.http.HttpServlet.init(HttpServlet.java:122)
		at org.apache.catalina.core.StandardWrapper.initServlet(StandardWrapper.java:817)
		at org.apache.catalina.core.StandardWrapper.loadServlet(StandardWrapper.java:787)
		at org.apache.catalina.core.StandardWrapper.load(StandardWrapper.java:691)
		at org.apache.catalina.core.StandardContext.loadOnStartup(StandardContext.java:4153)
		at org.apache.catalina.core.StandardContext.startInternal(StandardContext.java:4437)
		at org.apache.catalina.util.LifecycleBase.start(LifecycleBase.java:164)
		at org.apache.catalina.core.ContainerBase.addChild(ContainerBase.java:566)
		at org.apache.catalina.core.StandardHost.addChild(StandardHost.java:653)
		at org.apache.catalina.startup.HostConfig.deployWAR(HostConfig.java:933)
		at org.apache.catalina.startup.HostConfig$DeployWar.run(HostConfig.java:1875)
		at java.base/java.util.concurrent.Executors$RunnableAdapter.call(Executors.java:572)
		at java.base/java.util.concurrent.FutureTask.run(FutureTask.java:317)
		at org.apache.tomcat.util.threads.InlineExecutorService.execute(InlineExecutorService.java:75)
		at java.base/java.util.concurrent.AbstractExecutorService.submit(AbstractExecutorService.java:123)
		at org.apache.catalina.startup.HostConfig.deployWARs(HostConfig.java:735)
		at org.apache.catalina.startup.HostConfig.deployApps(HostConfig.java:387)
		at org.apache.catalina.startup.HostConfig.start(HostConfig.java:1593)
		at org.apache.catalina.startup.HostConfig.lifecycleEvent(HostConfig.java:267)
		at org.apache.catalina.util.LifecycleBase.fireLifecycleEvent(LifecycleBase.java:109)
		at org.apache.catalina.util.LifecycleBase.setStateInternal(LifecycleBase.java:389)
		at org.apache.catalina.util.LifecycleBase.setState(LifecycleBase.java:336)
		at org.apache.catalina.core.ContainerBase.startInternal(ContainerBase.java:743)
		at org.apache.catalina.core.StandardHost.startInternal(StandardHost.java:771)
		at org.apache.catalina.util.LifecycleBase.start(LifecycleBase.java:164)
		at org.apache.catalina.core.ContainerBase$StartChild.call(ContainerBase.java:1170)
		at org.apache.catalina.core.ContainerBase$StartChild.call(ContainerBase.java:1160)
		at java.base/java.util.concurrent.FutureTask.run(FutureTask.java:317)
		at org.apache.tomcat.util.threads.InlineExecutorService.execute(InlineExecutorService.java:75)
		at java.base/java.util.concurrent.AbstractExecutorService.submit(AbstractExecutorService.java:145)
		at org.apache.catalina.core.ContainerBase.startInternal(ContainerBase.java:716)
		at org.apache.catalina.core.StandardEngine.startInternal(StandardEngine.java:203)
		at org.apache.catalina.util.LifecycleBase.start(LifecycleBase.java:164)
		at org.apache.catalina.core.StandardService.startInternal(StandardService.java:415)
		at org.apache.catalina.util.LifecycleBase.start(LifecycleBase.java:164)
		at org.apache.catalina.core.StandardServer.startInternal(StandardServer.java:866)
		at org.apache.catalina.util.LifecycleBase.start(LifecycleBase.java:164)
		at org.apache.catalina.startup.Catalina.start(Catalina.java:759)
		at java.base/jdk.internal.reflect.DirectMethodHandleAccessor.invoke(DirectMethodHandleAccessor.java:103)
		at java.base/java.lang.reflect.Method.invoke(Method.java:580)
		at org.apache.catalina.startup.Bootstrap.start(Bootstrap.java:342)
		at org.apache.catalina.startup.Bootstrap.main(Bootstrap.java:470)
	Caused by: org.h2.jdbc.JdbcSQLSyntaxErrorException: Таблица "LIKE" не найдена
Table "LIKE" not found; SQL statement:
INSERT INTO "LIKE" ("COUNT", "POST_ID") VALUES (1, 1), (5, 2), (4, 3) [42102-220]
		at org.h2.message.DbException.getJdbcSQLException(DbException.java:514)
		at org.h2.message.DbException.getJdbcSQLException(DbException.java:489)
		at org.h2.message.DbException.get(DbException.java:223)
		at org.h2.message.DbException.get(DbException.java:199)
		at org.h2.command.Parser.getTableOrViewNotFoundDbException(Parser.java:8561)
		at org.h2.command.Parser.getTableOrViewNotFoundDbException(Parser.java:8532)
		at org.h2.command.Parser.readTableOrView(Parser.java:8521)
		at org.h2.command.Parser.readTableOrView(Parser.java:8487)
		at org.h2.command.Parser.parseInsert(Parser.java:1663)
		at org.h2.command.Parser.parsePrepared(Parser.java:822)
		at org.h2.command.Parser.parse(Parser.java:697)
		at org.h2.command.Parser.parse(Parser.java:669)
		at org.h2.command.Parser.prepareCommand(Parser.java:577)
		at org.h2.engine.SessionLocal.prepareLocal(SessionLocal.java:634)
		at org.h2.engine.SessionLocal.prepareCommand(SessionLocal.java:557)
		at org.h2.jdbc.JdbcConnection.prepareCommand(JdbcConnection.java:1116)
		at org.h2.jdbc.JdbcStatement.executeInternal(JdbcStatement.java:237)
		at org.h2.jdbc.JdbcStatement.execute(JdbcStatement.java:223)
		at org.springframework.jdbc.datasource.init.ScriptUtils.executeSqlScript(ScriptUtils.java:261)
		... 65 more
19-Jan-2025 23:01:21.436 SEVERE [main] org.apache.catalina.core.StandardContext.loadOnStartup Servlet [dispatcher] in web application [/blog] threw load() exception
	org.h2.jdbc.JdbcSQLSyntaxErrorException: Таблица "LIKE" не найдена
Table "LIKE" not found; SQL statement:
INSERT INTO "LIKE" ("COUNT", "POST_ID") VALUES (1, 1), (5, 2), (4, 3) [42102-220]
		at org.h2.message.DbException.getJdbcSQLException(DbException.java:514)
		at org.h2.message.DbException.getJdbcSQLException(DbException.java:489)
		at org.h2.message.DbException.get(DbException.java:223)
		at org.h2.message.DbException.get(DbException.java:199)
		at org.h2.command.Parser.getTableOrViewNotFoundDbException(Parser.java:8561)
		at org.h2.command.Parser.getTableOrViewNotFoundDbException(Parser.java:8532)
		at org.h2.command.Parser.readTableOrView(Parser.java:8521)
		at org.h2.command.Parser.readTableOrView(Parser.java:8487)
		at org.h2.command.Parser.parseInsert(Parser.java:1663)
		at org.h2.command.Parser.parsePrepared(Parser.java:822)
		at org.h2.command.Parser.parse(Parser.java:697)
		at org.h2.command.Parser.parse(Parser.java:669)
		at org.h2.command.Parser.prepareCommand(Parser.java:577)
		at org.h2.engine.SessionLocal.prepareLocal(SessionLocal.java:634)
		at org.h2.engine.SessionLocal.prepareCommand(SessionLocal.java:557)
		at org.h2.jdbc.JdbcConnection.prepareCommand(JdbcConnection.java:1116)
		at org.h2.jdbc.JdbcStatement.executeInternal(JdbcStatement.java:237)
		at org.h2.jdbc.JdbcStatement.execute(JdbcStatement.java:223)
		at org.springframework.jdbc.datasource.init.ScriptUtils.executeSqlScript(ScriptUtils.java:261)
		at org.springframework.jdbc.datasource.init.ResourceDatabasePopulator.populate(ResourceDatabasePopulator.java:254)
		at org.springframework.jdbc.datasource.init.DatabasePopulatorUtils.execute(DatabasePopulatorUtils.java:54)
		at org.springframework.jdbc.datasource.init.ResourceDatabasePopulator.execute(ResourceDatabasePopulator.java:269)
		at ru.yandex.practicum.configuration.DataSourceConfiguration.populate(DataSourceConfiguration.java:45)
		at java.base/jdk.internal.reflect.DirectMethodHandleAccessor.invoke(DirectMethodHandleAccessor.java:103)
		at java.base/java.lang.reflect.Method.invoke(Method.java:580)
		at org.springframework.context.event.ApplicationListenerMethodAdapter.doInvoke(ApplicationListenerMethodAdapter.java:382)
		at org.springframework.context.event.ApplicationListenerMethodAdapter.processEvent(ApplicationListenerMethodAdapter.java:254)
		at org.springframework.context.event.ApplicationListenerMethodAdapter.onApplicationEvent(ApplicationListenerMethodAdapter.java:173)
		at org.springframework.context.event.SimpleApplicationEventMulticaster.doInvokeListener(SimpleApplicationEventMulticaster.java:185)
		at org.springframework.context.event.SimpleApplicationEventMulticaster.invokeListener(SimpleApplicationEventMulticaster.java:178)
		at org.springframework.context.event.SimpleApplicationEventMulticaster.multicastEvent(SimpleApplicationEventMulticaster.java:156)
		at org.springframework.context.support.AbstractApplicationContext.publishEvent(AbstractApplicationContext.java:454)
		at org.springframework.context.support.AbstractApplicationContext.publishEvent(AbstractApplicationContext.java:387)
		at org.springframework.context.support.AbstractApplicationContext.finishRefresh(AbstractApplicationContext.java:1009)
		at org.springframework.context.support.AbstractApplicationContext.refresh(AbstractApplicationContext.java:630)
		at org.springframework.web.servlet.FrameworkServlet.configureAndRefreshWebApplicationContext(FrameworkServlet.java:706)
		at org.springframework.web.servlet.FrameworkServlet.createWebApplicationContext(FrameworkServlet.java:672)
		at org.springframework.web.servlet.FrameworkServlet.createWebApplicationContext(FrameworkServlet.java:720)
		at org.springframework.web.servlet.FrameworkServlet.initWebApplicationContext(FrameworkServlet.java:595)
		at org.springframework.web.servlet.FrameworkServlet.initServletBean(FrameworkServlet.java:537)
		at org.springframework.web.servlet.HttpServletBean.init(HttpServletBean.java:169)
		at jakarta.servlet.GenericServlet.init(GenericServlet.java:143)
		at jakarta.servlet.http.HttpServlet.init(HttpServlet.java:122)
		at org.apache.catalina.core.StandardWrapper.initServlet(StandardWrapper.java:817)
		at org.apache.catalina.core.StandardWrapper.loadServlet(StandardWrapper.java:787)
		at org.apache.catalina.core.StandardWrapper.load(StandardWrapper.java:691)
		at org.apache.catalina.core.StandardContext.loadOnStartup(StandardContext.java:4153)
		at org.apache.catalina.core.StandardContext.startInternal(StandardContext.java:4437)
		at org.apache.catalina.util.LifecycleBase.start(LifecycleBase.java:164)
		at org.apache.catalina.core.ContainerBase.addChild(ContainerBase.java:566)
		at org.apache.catalina.core.StandardHost.addChild(StandardHost.java:653)
		at org.apache.catalina.startup.HostConfig.deployWAR(HostConfig.java:933)
		at org.apache.catalina.startup.HostConfig$DeployWar.run(HostConfig.java:1875)
		at java.base/java.util.concurrent.Executors$RunnableAdapter.call(Executors.java:572)
		at java.base/java.util.concurrent.FutureTask.run(FutureTask.java:317)
		at org.apache.tomcat.util.threads.InlineExecutorService.execute(InlineExecutorService.java:75)
		at java.base/java.util.concurrent.AbstractExecutorService.submit(AbstractExecutorService.java:123)
		at org.apache.catalina.startup.HostConfig.deployWARs(HostConfig.java:735)
		at org.apache.catalina.startup.HostConfig.deployApps(HostConfig.java:387)
		at org.apache.catalina.startup.HostConfig.start(HostConfig.java:1593)
		at org.apache.catalina.startup.HostConfig.lifecycleEvent(HostConfig.java:267)
		at org.apache.catalina.util.LifecycleBase.fireLifecycleEvent(LifecycleBase.java:109)
		at org.apache.catalina.util.LifecycleBase.setStateInternal(LifecycleBase.java:389)
		at org.apache.catalina.util.LifecycleBase.setState(LifecycleBase.java:336)
		at org.apache.catalina.core.ContainerBase.startInternal(ContainerBase.java:743)
		at org.apache.catalina.core.StandardHost.startInternal(StandardHost.java:771)
		at org.apache.catalina.util.LifecycleBase.start(LifecycleBase.java:164)
		at org.apache.catalina.core.ContainerBase$StartChild.call(ContainerBase.java:1170)
		at org.apache.catalina.core.ContainerBase$StartChild.call(ContainerBase.java:1160)
		at java.base/java.util.concurrent.FutureTask.run(FutureTask.java:317)
		at org.apache.tomcat.util.threads.InlineExecutorService.execute(InlineExecutorService.java:75)
		at java.base/java.util.concurrent.AbstractExecutorService.submit(AbstractExecutorService.java:145)
		at org.apache.catalina.core.ContainerBase.startInternal(ContainerBase.java:716)
		at org.apache.catalina.core.StandardEngine.startInternal(StandardEngine.java:203)
		at org.apache.catalina.util.LifecycleBase.start(LifecycleBase.java:164)
		at org.apache.catalina.core.StandardService.startInternal(StandardService.java:415)
		at org.apache.catalina.util.LifecycleBase.start(LifecycleBase.java:164)
		at org.apache.catalina.core.StandardServer.startInternal(StandardServer.java:866)
		at org.apache.catalina.util.LifecycleBase.start(LifecycleBase.java:164)
		at org.apache.catalina.startup.Catalina.start(Catalina.java:759)
		at java.base/jdk.internal.reflect.DirectMethodHandleAccessor.invoke(DirectMethodHandleAccessor.java:103)
		at java.base/java.lang.reflect.Method.invoke(Method.java:580)
		at org.apache.catalina.startup.Bootstrap.start(Bootstrap.java:342)
		at org.apache.catalina.startup.Bootstrap.main(Bootstrap.java:470)
19-Jan-2025 23:01:21.699 INFO [main] org.apache.catalina.core.ApplicationContext.log ContextListener: contextInitialized()
19-Jan-2025 23:01:21.700 INFO [main] org.apache.catalina.core.ApplicationContext.log SessionListener: contextInitialized()
19-Jan-2025 23:01:21.701 INFO [main] org.apache.catalina.core.ApplicationContext.log ContextListener: attributeAdded('StockTicker', 'async.Stockticker@56afbace')
19-Jan-2025 23:01:25.539 INFO [http-nio-8080-exec-1] org.apache.catalina.core.ApplicationContext.log Initializing Spring DispatcherServlet 'dispatcher'
19-Jan-2025 23:01:25.652 SEVERE [http-nio-8080-exec-1] org.apache.catalina.core.ApplicationContext.log Servlet.init() для сервлета [dispatcher] выбросил исключение
	org.springframework.jdbc.datasource.init.ScriptStatementFailedException: Failed to execute SQL script statement #7 of class path resource [schema.sql]: INSERT INTO "LIKE" ("COUNT", "POST_ID") VALUES (1, 1), (5, 2), (4, 3)
		at org.springframework.jdbc.datasource.init.ScriptUtils.executeSqlScript(ScriptUtils.java:282)
		at org.springframework.jdbc.datasource.init.ResourceDatabasePopulator.populate(ResourceDatabasePopulator.java:254)
		at org.springframework.jdbc.datasource.init.DatabasePopulatorUtils.execute(DatabasePopulatorUtils.java:54)
		at org.springframework.jdbc.datasource.init.ResourceDatabasePopulator.execute(ResourceDatabasePopulator.java:269)
		at ru.yandex.practicum.configuration.DataSourceConfiguration.populate(DataSourceConfiguration.java:45)
		at java.base/jdk.internal.reflect.DirectMethodHandleAccessor.invoke(DirectMethodHandleAccessor.java:103)
		at java.base/java.lang.reflect.Method.invoke(Method.java:580)
		at org.springframework.context.event.ApplicationListenerMethodAdapter.doInvoke(ApplicationListenerMethodAdapter.java:382)
		at org.springframework.context.event.ApplicationListenerMethodAdapter.processEvent(ApplicationListenerMethodAdapter.java:254)
		at org.springframework.context.event.ApplicationListenerMethodAdapter.onApplicationEvent(ApplicationListenerMethodAdapter.java:173)
		at org.springframework.context.event.SimpleApplicationEventMulticaster.doInvokeListener(SimpleApplicationEventMulticaster.java:185)
		at org.springframework.context.event.SimpleApplicationEventMulticaster.invokeListener(SimpleApplicationEventMulticaster.java:178)
		at org.springframework.context.event.SimpleApplicationEventMulticaster.multicastEvent(SimpleApplicationEventMulticaster.java:156)
		at org.springframework.context.support.AbstractApplicationContext.publishEvent(AbstractApplicationContext.java:454)
		at org.springframework.context.support.AbstractApplicationContext.publishEvent(AbstractApplicationContext.java:387)
		at org.springframework.context.support.AbstractApplicationContext.finishRefresh(AbstractApplicationContext.java:1009)
		at org.springframework.context.support.AbstractApplicationContext.refresh(AbstractApplicationContext.java:630)
		at org.springframework.web.servlet.FrameworkServlet.configureAndRefreshWebApplicationContext(FrameworkServlet.java:706)
		at org.springframework.web.servlet.FrameworkServlet.createWebApplicationContext(FrameworkServlet.java:672)
		at org.springframework.web.servlet.FrameworkServlet.createWebApplicationContext(FrameworkServlet.java:720)
		at org.springframework.web.servlet.FrameworkServlet.initWebApplicationContext(FrameworkServlet.java:595)
		at org.springframework.web.servlet.FrameworkServlet.initServletBean(FrameworkServlet.java:537)
		at org.springframework.web.servlet.HttpServletBean.init(HttpServletBean.java:169)
		at jakarta.servlet.GenericServlet.init(GenericServlet.java:143)
		at jakarta.servlet.http.HttpServlet.init(HttpServlet.java:122)
		at org.apache.catalina.core.StandardWrapper.initServlet(StandardWrapper.java:817)
		at org.apache.catalina.core.StandardWrapper.loadServlet(StandardWrapper.java:787)
		at org.apache.catalina.core.StandardWrapper.allocate(StandardWrapper.java:568)
		at org.apache.catalina.core.StandardWrapperValve.invoke(StandardWrapperValve.java:115)
		at org.apache.catalina.core.StandardContextValve.invoke(StandardContextValve.java:79)
		at org.apache.catalina.authenticator.AuthenticatorBase.invoke(AuthenticatorBase.java:483)
		at org.apache.catalina.core.StandardHostValve.invoke(StandardHostValve.java:115)
		at org.apache.catalina.valves.ErrorReportValve.invoke(ErrorReportValve.java:93)
		at org.apache.catalina.valves.AbstractAccessLogValve.invoke(AbstractAccessLogValve.java:663)
		at org.apache.catalina.core.StandardEngineValve.invoke(StandardEngineValve.java:74)
		at org.apache.catalina.connector.CoyoteAdapter.service(CoyoteAdapter.java:342)
		at org.apache.coyote.http11.Http11Processor.service(Http11Processor.java:395)
		at org.apache.coyote.AbstractProcessorLight.process(AbstractProcessorLight.java:63)
		at org.apache.coyote.AbstractProtocol$ConnectionHandler.process(AbstractProtocol.java:905)
		at org.apache.tomcat.util.net.NioEndpoint$SocketProcessor.doRun(NioEndpoint.java:1746)
		at org.apache.tomcat.util.net.SocketProcessorBase.run(SocketProcessorBase.java:52)
		at org.apache.tomcat.util.threads.ThreadPoolExecutor.runWorker(ThreadPoolExecutor.java:1148)
		at org.apache.tomcat.util.threads.ThreadPoolExecutor$Worker.run(ThreadPoolExecutor.java:636)
		at org.apache.tomcat.util.threads.TaskThread$WrappingRunnable.run(TaskThread.java:63)
		at java.base/java.lang.Thread.run(Thread.java:1583)
	Caused by: org.h2.jdbc.JdbcSQLSyntaxErrorException: Таблица "LIKE" не найдена
Table "LIKE" not found; SQL statement:
INSERT INTO "LIKE" ("COUNT", "POST_ID") VALUES (1, 1), (5, 2), (4, 3) [42102-220]
		at org.h2.message.DbException.getJdbcSQLException(DbException.java:514)
		at org.h2.message.DbException.getJdbcSQLException(DbException.java:489)
		at org.h2.message.DbException.get(DbException.java:223)
		at org.h2.message.DbException.get(DbException.java:199)
		at org.h2.command.Parser.getTableOrViewNotFoundDbException(Parser.java:8561)
		at org.h2.command.Parser.getTableOrViewNotFoundDbException(Parser.java:8532)
		at org.h2.command.Parser.readTableOrView(Parser.java:8521)
		at org.h2.command.Parser.readTableOrView(Parser.java:8487)
		at org.h2.command.Parser.parseInsert(Parser.java:1663)
		at org.h2.command.Parser.parsePrepared(Parser.java:822)
		at org.h2.command.Parser.parse(Parser.java:697)
		at org.h2.command.Parser.parse(Parser.java:669)
		at org.h2.command.Parser.prepareCommand(Parser.java:577)
		at org.h2.engine.SessionLocal.prepareLocal(SessionLocal.java:634)
		at org.h2.engine.SessionLocal.prepareCommand(SessionLocal.java:557)
		at org.h2.jdbc.JdbcConnection.prepareCommand(JdbcConnection.java:1116)
		at org.h2.jdbc.JdbcStatement.executeInternal(JdbcStatement.java:237)
		at org.h2.jdbc.JdbcStatement.execute(JdbcStatement.java:223)
		at org.springframework.jdbc.datasource.init.ScriptUtils.executeSqlScript(ScriptUtils.java:261)
		... 44 more
19-Jan-2025 23:01:25.652 SEVERE [http-nio-8080-exec-1] org.apache.catalina.core.StandardWrapperValve.invoke Ошибка выделения для сервлета [dispatcher]
	org.h2.jdbc.JdbcSQLSyntaxErrorException: Таблица "LIKE" не найдена
Table "LIKE" not found; SQL statement:
INSERT INTO "LIKE" ("COUNT", "POST_ID") VALUES (1, 1), (5, 2), (4, 3) [42102-220]
		at org.h2.message.DbException.getJdbcSQLException(DbException.java:514)
		at org.h2.message.DbException.getJdbcSQLException(DbException.java:489)
		at org.h2.message.DbException.get(DbException.java:223)
		at org.h2.message.DbException.get(DbException.java:199)
		at org.h2.command.Parser.getTableOrViewNotFoundDbException(Parser.java:8561)
		at org.h2.command.Parser.getTableOrViewNotFoundDbException(Parser.java:8532)
		at org.h2.command.Parser.readTableOrView(Parser.java:8521)
		at org.h2.command.Parser.readTableOrView(Parser.java:8487)
		at org.h2.command.Parser.parseInsert(Parser.java:1663)
		at org.h2.command.Parser.parsePrepared(Parser.java:822)
		at org.h2.command.Parser.parse(Parser.java:697)
		at org.h2.command.Parser.parse(Parser.java:669)
		at org.h2.command.Parser.prepareCommand(Parser.java:577)
		at org.h2.engine.SessionLocal.prepareLocal(SessionLocal.java:634)
		at org.h2.engine.SessionLocal.prepareCommand(SessionLocal.java:557)
		at org.h2.jdbc.JdbcConnection.prepareCommand(JdbcConnection.java:1116)
		at org.h2.jdbc.JdbcStatement.executeInternal(JdbcStatement.java:237)
		at org.h2.jdbc.JdbcStatement.execute(JdbcStatement.java:223)
		at org.springframework.jdbc.datasource.init.ScriptUtils.executeSqlScript(ScriptUtils.java:261)
		at org.springframework.jdbc.datasource.init.ResourceDatabasePopulator.populate(ResourceDatabasePopulator.java:254)
		at org.springframework.jdbc.datasource.init.DatabasePopulatorUtils.execute(DatabasePopulatorUtils.java:54)
		at org.springframework.jdbc.datasource.init.ResourceDatabasePopulator.execute(ResourceDatabasePopulator.java:269)
		at ru.yandex.practicum.configuration.DataSourceConfiguration.populate(DataSourceConfiguration.java:45)
		at java.base/jdk.internal.reflect.DirectMethodHandleAccessor.invoke(DirectMethodHandleAccessor.java:103)
		at java.base/java.lang.reflect.Method.invoke(Method.java:580)
		at org.springframework.context.event.ApplicationListenerMethodAdapter.doInvoke(ApplicationListenerMethodAdapter.java:382)
		at org.springframework.context.event.ApplicationListenerMethodAdapter.processEvent(ApplicationListenerMethodAdapter.java:254)
		at org.springframework.context.event.ApplicationListenerMethodAdapter.onApplicationEvent(ApplicationListenerMethodAdapter.java:173)
		at org.springframework.context.event.SimpleApplicationEventMulticaster.doInvokeListener(SimpleApplicationEventMulticaster.java:185)
		at org.springframework.context.event.SimpleApplicationEventMulticaster.invokeListener(SimpleApplicationEventMulticaster.java:178)
		at org.springframework.context.event.SimpleApplicationEventMulticaster.multicastEvent(SimpleApplicationEventMulticaster.java:156)
		at org.springframework.context.support.AbstractApplicationContext.publishEvent(AbstractApplicationContext.java:454)
		at org.springframework.context.support.AbstractApplicationContext.publishEvent(AbstractApplicationContext.java:387)
		at org.springframework.context.support.AbstractApplicationContext.finishRefresh(AbstractApplicationContext.java:1009)
		at org.springframework.context.support.AbstractApplicationContext.refresh(AbstractApplicationContext.java:630)
		at org.springframework.web.servlet.FrameworkServlet.configureAndRefreshWebApplicationContext(FrameworkServlet.java:706)
		at org.springframework.web.servlet.FrameworkServlet.createWebApplicationContext(FrameworkServlet.java:672)
		at org.springframework.web.servlet.FrameworkServlet.createWebApplicationContext(FrameworkServlet.java:720)
		at org.springframework.web.servlet.FrameworkServlet.initWebApplicationContext(FrameworkServlet.java:595)
		at org.springframework.web.servlet.FrameworkServlet.initServletBean(FrameworkServlet.java:537)
		at org.springframework.web.servlet.HttpServletBean.init(HttpServletBean.java:169)
		at jakarta.servlet.GenericServlet.init(GenericServlet.java:143)
		at jakarta.servlet.http.HttpServlet.init(HttpServlet.java:122)
		at org.apache.catalina.core.StandardWrapper.initServlet(StandardWrapper.java:817)
		at org.apache.catalina.core.StandardWrapper.loadServlet(StandardWrapper.java:787)
		at org.apache.catalina.core.StandardWrapper.allocate(StandardWrapper.java:568)
		at org.apache.catalina.core.StandardWrapperValve.invoke(StandardWrapperValve.java:115)
		at org.apache.catalina.core.StandardContextValve.invoke(StandardContextValve.java:79)
		at org.apache.catalina.authenticator.AuthenticatorBase.invoke(AuthenticatorBase.java:483)
		at org.apache.catalina.core.StandardHostValve.invoke(StandardHostValve.java:115)
		at org.apache.catalina.valves.ErrorReportValve.invoke(ErrorReportValve.java:93)
		at org.apache.catalina.valves.AbstractAccessLogValve.invoke(AbstractAccessLogValve.java:663)
		at org.apache.catalina.core.StandardEngineValve.invoke(StandardEngineValve.java:74)
		at org.apache.catalina.connector.CoyoteAdapter.service(CoyoteAdapter.java:342)
		at org.apache.coyote.http11.Http11Processor.service(Http11Processor.java:395)
		at org.apache.coyote.AbstractProcessorLight.process(AbstractProcessorLight.java:63)
		at org.apache.coyote.AbstractProtocol$ConnectionHandler.process(AbstractProtocol.java:905)
		at org.apache.tomcat.util.net.NioEndpoint$SocketProcessor.doRun(NioEndpoint.java:1746)
		at org.apache.tomcat.util.net.SocketProcessorBase.run(SocketProcessorBase.java:52)
		at org.apache.tomcat.util.threads.ThreadPoolExecutor.runWorker(ThreadPoolExecutor.java:1148)
		at org.apache.tomcat.util.threads.ThreadPoolExecutor$Worker.run(ThreadPoolExecutor.java:636)
		at org.apache.tomcat.util.threads.TaskThread$WrappingRunnable.run(TaskThread.java:63)
		at java.base/java.lang.Thread.run(Thread.java:1583)
19-Jan-2025 23:03:43.559 INFO [main] org.apache.catalina.core.ApplicationContext.log SessionListener: contextDestroyed()
19-Jan-2025 23:03:43.559 INFO [main] org.apache.catalina.core.ApplicationContext.log ContextListener: contextDestroyed()
19-Jan-2025 23:03:55.283 INFO [main] org.apache.catalina.core.ApplicationContext.log No Spring WebApplicationInitializer types detected on classpath
19-Jan-2025 23:03:55.450 INFO [main] org.apache.catalina.core.ApplicationContext.log Initializing Spring DispatcherServlet 'dispatcher'
19-Jan-2025 23:03:57.459 INFO [main] org.apache.catalina.core.ApplicationContext.log ContextListener: contextInitialized()
19-Jan-2025 23:03:57.459 INFO [main] org.apache.catalina.core.ApplicationContext.log SessionListener: contextInitialized()
19-Jan-2025 23:03:57.461 INFO [main] org.apache.catalina.core.ApplicationContext.log ContextListener: attributeAdded('StockTicker', 'async.Stockticker@34f3c920')
19-Jan-2025 23:05:48.371 INFO [main] org.apache.catalina.core.ApplicationContext.log Destroying Spring FrameworkServlet 'dispatcher'
19-Jan-2025 23:05:48.379 INFO [main] org.apache.catalina.core.ApplicationContext.log SessionListener: contextDestroyed()
19-Jan-2025 23:05:48.379 INFO [main] org.apache.catalina.core.ApplicationContext.log ContextListener: contextDestroyed()
19-Jan-2025 23:05:58.724 INFO [main] org.apache.catalina.core.ApplicationContext.log No Spring WebApplicationInitializer types detected on classpath
19-Jan-2025 23:05:58.870 INFO [main] org.apache.catalina.core.ApplicationContext.log Initializing Spring DispatcherServlet 'dispatcher'
19-Jan-2025 23:06:00.406 INFO [main] org.apache.catalina.core.ApplicationContext.log ContextListener: contextInitialized()
19-Jan-2025 23:06:00.407 INFO [main] org.apache.catalina.core.ApplicationContext.log SessionListener: contextInitialized()
19-Jan-2025 23:06:00.409 INFO [main] org.apache.catalina.core.ApplicationContext.log ContextListener: attributeAdded('StockTicker', 'async.Stockticker@13f255ed')
19-Jan-2025 23:06:08.465 INFO [main] org.apache.catalina.core.ApplicationContext.log Destroying Spring FrameworkServlet 'dispatcher'
19-Jan-2025 23:06:08.472 INFO [main] org.apache.catalina.core.ApplicationContext.log SessionListener: contextDestroyed()
19-Jan-2025 23:06:08.472 INFO [main] org.apache.catalina.core.ApplicationContext.log ContextListener: contextDestroyed()
19-Jan-2025 23:06:50.212 INFO [main] org.apache.catalina.core.ApplicationContext.log No Spring WebApplicationInitializer types detected on classpath
19-Jan-2025 23:06:50.363 INFO [main] org.apache.catalina.core.ApplicationContext.log Initializing Spring DispatcherServlet 'dispatcher'
19-Jan-2025 23:06:52.012 INFO [main] org.apache.catalina.core.ApplicationContext.log ContextListener: contextInitialized()
19-Jan-2025 23:06:52.012 INFO [main] org.apache.catalina.core.ApplicationContext.log SessionListener: contextInitialized()
19-Jan-2025 23:06:52.014 INFO [main] org.apache.catalina.core.ApplicationContext.log ContextListener: attributeAdded('StockTicker', 'async.Stockticker@42a198dd')
