26-Jan-2025 23:31:53.251 INFO [main] org.apache.catalina.core.ApplicationContext.log No Spring WebApplicationInitializer types detected on classpath
26-Jan-2025 23:31:53.403 INFO [main] org.apache.catalina.core.ApplicationContext.log Initializing Spring DispatcherServlet 'dispatcher'
26-Jan-2025 23:31:54.885 SEVERE [main] org.apache.catalina.core.ApplicationContext.log Servlet.init() для сервлета [dispatcher] выбросил исключение
	org.springframework.jdbc.datasource.init.ScriptStatementFailedException: Failed to execute SQL script statement #1 of class path resource [schema.sql]: INSERT INTO users (username, password, enabled, department, role) VALUES ("username", "1234", true, 1, "ADMIN")
		at org.springframework.jdbc.datasource.init.ScriptUtils.executeSqlScript(ScriptUtils.java:282)
		at org.springframework.jdbc.datasource.init.ResourceDatabasePopulator.populate(ResourceDatabasePopulator.java:254)
		at org.springframework.jdbc.datasource.init.DatabasePopulatorUtils.execute(DatabasePopulatorUtils.java:54)
		at org.springframework.jdbc.datasource.init.ResourceDatabasePopulator.execute(ResourceDatabasePopulator.java:269)
		at ru.yandex.practicum.configuration.DataSourceConfiguration.populate(DataSourceConfiguration.java:51)
		at java.base/jdk.internal.reflect.DirectMethodHandleAccessor.invoke(DirectMethodHandleAccessor.java:103)
		at java.base/java.lang.reflect.Method.invoke(Method.java:580)
		at org.springframework.context.event.ApplicationListenerMethodAdapter.doInvoke(ApplicationListenerMethodAdapter.java:382)
		at org.springframework.context.event.ApplicationListenerMethodAdapter.processEvent(ApplicationListenerMethodAdapter.java:254)
		at org.springframework.context.event.ApplicationListenerMethodAdapter.onApplicationEvent(ApplicationListenerMethodAdapter.java:173)
		at org.springframework.context.event.SimpleApplicationEventMulticaster.doInvokeListener(SimpleApplicationEventMulticaster.java:185)
		at org.springframework.context.event.SimpleApplicationEventMulticaster.invokeListener(SimpleApplicationEventMulticaster.java:178)
		at org.springframework.context.event.SimpleApplicationEventMulticaster.multicastEvent(SimpleApplicationEventMulticaster.java:156)
		at org.springframework.context.support.AbstractApplicationContext.publishEvent(AbstractApplicationContext.java:454)
		at org.springframework.context.support.AbstractApplicationContext.publishEvent(AbstractApplicationContext.java:387)
		at org.springframework.context.support.AbstractApplicationContext.finishRefresh(AbstractApplicationContext.java:1009)
		at org.springframework.context.support.AbstractApplicationContext.refresh(AbstractApplicationContext.java:630)
		at org.springframework.web.servlet.FrameworkServlet.configureAndRefreshWebApplicationContext(FrameworkServlet.java:706)
		at org.springframework.web.servlet.FrameworkServlet.createWebApplicationContext(FrameworkServlet.java:672)
		at org.springframework.web.servlet.FrameworkServlet.createWebApplicationContext(FrameworkServlet.java:720)
		at org.springframework.web.servlet.FrameworkServlet.initWebApplicationContext(FrameworkServlet.java:595)
		at org.springframework.web.servlet.FrameworkServlet.initServletBean(FrameworkServlet.java:537)
		at org.springframework.web.servlet.HttpServletBean.init(HttpServletBean.java:169)
		at jakarta.servlet.GenericServlet.init(GenericServlet.java:143)
		at jakarta.servlet.http.HttpServlet.init(HttpServlet.java:122)
		at org.apache.catalina.core.StandardWrapper.initServlet(StandardWrapper.java:817)
		at org.apache.catalina.core.StandardWrapper.loadServlet(StandardWrapper.java:787)
		at org.apache.catalina.core.StandardWrapper.load(StandardWrapper.java:691)
		at org.apache.catalina.core.StandardContext.loadOnStartup(StandardContext.java:4153)
		at org.apache.catalina.core.StandardContext.startInternal(StandardContext.java:4437)
		at org.apache.catalina.util.LifecycleBase.start(LifecycleBase.java:164)
		at org.apache.catalina.core.ContainerBase.addChild(ContainerBase.java:566)
		at org.apache.catalina.core.StandardHost.addChild(StandardHost.java:653)
		at org.apache.catalina.startup.HostConfig.deployWAR(HostConfig.java:933)
		at org.apache.catalina.startup.HostConfig$DeployWar.run(HostConfig.java:1875)
		at java.base/java.util.concurrent.Executors$RunnableAdapter.call(Executors.java:572)
		at java.base/java.util.concurrent.FutureTask.run(FutureTask.java:317)
		at org.apache.tomcat.util.threads.InlineExecutorService.execute(InlineExecutorService.java:75)
		at java.base/java.util.concurrent.AbstractExecutorService.submit(AbstractExecutorService.java:123)
		at org.apache.catalina.startup.HostConfig.deployWARs(HostConfig.java:735)
		at org.apache.catalina.startup.HostConfig.deployApps(HostConfig.java:387)
		at org.apache.catalina.startup.HostConfig.start(HostConfig.java:1593)
		at org.apache.catalina.startup.HostConfig.lifecycleEvent(HostConfig.java:267)
		at org.apache.catalina.util.LifecycleBase.fireLifecycleEvent(LifecycleBase.java:109)
		at org.apache.catalina.util.LifecycleBase.setStateInternal(LifecycleBase.java:389)
		at org.apache.catalina.util.LifecycleBase.setState(LifecycleBase.java:336)
		at org.apache.catalina.core.ContainerBase.startInternal(ContainerBase.java:743)
		at org.apache.catalina.core.StandardHost.startInternal(StandardHost.java:771)
		at org.apache.catalina.util.LifecycleBase.start(LifecycleBase.java:164)
		at org.apache.catalina.core.ContainerBase$StartChild.call(ContainerBase.java:1170)
		at org.apache.catalina.core.ContainerBase$StartChild.call(ContainerBase.java:1160)
		at java.base/java.util.concurrent.FutureTask.run(FutureTask.java:317)
		at org.apache.tomcat.util.threads.InlineExecutorService.execute(InlineExecutorService.java:75)
		at java.base/java.util.concurrent.AbstractExecutorService.submit(AbstractExecutorService.java:145)
		at org.apache.catalina.core.ContainerBase.startInternal(ContainerBase.java:716)
		at org.apache.catalina.core.StandardEngine.startInternal(StandardEngine.java:203)
		at org.apache.catalina.util.LifecycleBase.start(LifecycleBase.java:164)
		at org.apache.catalina.core.StandardService.startInternal(StandardService.java:415)
		at org.apache.catalina.util.LifecycleBase.start(LifecycleBase.java:164)
		at org.apache.catalina.core.StandardServer.startInternal(StandardServer.java:866)
		at org.apache.catalina.util.LifecycleBase.start(LifecycleBase.java:164)
		at org.apache.catalina.startup.Catalina.start(Catalina.java:759)
		at java.base/jdk.internal.reflect.DirectMethodHandleAccessor.invoke(DirectMethodHandleAccessor.java:103)
		at java.base/java.lang.reflect.Method.invoke(Method.java:580)
		at org.apache.catalina.startup.Bootstrap.start(Bootstrap.java:342)
		at org.apache.catalina.startup.Bootstrap.main(Bootstrap.java:470)
	Caused by: org.postgresql.util.PSQLException: ОШИБКА: столбец "username" не существует
  Подсказка: Столбец "username" есть в таблице "users", но на него нельзя ссылаться из этой части запроса.
  Позиция: 75
		at org.postgresql.core.v3.QueryExecutorImpl.receiveErrorResponse(QueryExecutorImpl.java:2733)
		at org.postgresql.core.v3.QueryExecutorImpl.processResults(QueryExecutorImpl.java:2420)
		at org.postgresql.core.v3.QueryExecutorImpl.execute(QueryExecutorImpl.java:372)
		at org.postgresql.jdbc.PgStatement.executeInternal(PgStatement.java:517)
		at org.postgresql.jdbc.PgStatement.execute(PgStatement.java:434)
		at org.postgresql.jdbc.PgStatement.executeWithFlags(PgStatement.java:356)
		at org.postgresql.jdbc.PgStatement.executeCachedSql(PgStatement.java:341)
		at org.postgresql.jdbc.PgStatement.executeWithFlags(PgStatement.java:317)
		at org.postgresql.jdbc.PgStatement.execute(PgStatement.java:312)
		at org.springframework.jdbc.datasource.init.ScriptUtils.executeSqlScript(ScriptUtils.java:261)
		... 65 more
26-Jan-2025 23:31:54.885 SEVERE [main] org.apache.catalina.core.StandardContext.loadOnStartup Servlet [dispatcher] in web application [/blog] threw load() exception
	org.postgresql.util.PSQLException: ОШИБКА: столбец "username" не существует
  Подсказка: Столбец "username" есть в таблице "users", но на него нельзя ссылаться из этой части запроса.
  Позиция: 75
		at org.postgresql.core.v3.QueryExecutorImpl.receiveErrorResponse(QueryExecutorImpl.java:2733)
		at org.postgresql.core.v3.QueryExecutorImpl.processResults(QueryExecutorImpl.java:2420)
		at org.postgresql.core.v3.QueryExecutorImpl.execute(QueryExecutorImpl.java:372)
		at org.postgresql.jdbc.PgStatement.executeInternal(PgStatement.java:517)
		at org.postgresql.jdbc.PgStatement.execute(PgStatement.java:434)
		at org.postgresql.jdbc.PgStatement.executeWithFlags(PgStatement.java:356)
		at org.postgresql.jdbc.PgStatement.executeCachedSql(PgStatement.java:341)
		at org.postgresql.jdbc.PgStatement.executeWithFlags(PgStatement.java:317)
		at org.postgresql.jdbc.PgStatement.execute(PgStatement.java:312)
		at org.springframework.jdbc.datasource.init.ScriptUtils.executeSqlScript(ScriptUtils.java:261)
		at org.springframework.jdbc.datasource.init.ResourceDatabasePopulator.populate(ResourceDatabasePopulator.java:254)
		at org.springframework.jdbc.datasource.init.DatabasePopulatorUtils.execute(DatabasePopulatorUtils.java:54)
		at org.springframework.jdbc.datasource.init.ResourceDatabasePopulator.execute(ResourceDatabasePopulator.java:269)
		at ru.yandex.practicum.configuration.DataSourceConfiguration.populate(DataSourceConfiguration.java:51)
		at java.base/jdk.internal.reflect.DirectMethodHandleAccessor.invoke(DirectMethodHandleAccessor.java:103)
		at java.base/java.lang.reflect.Method.invoke(Method.java:580)
		at org.springframework.context.event.ApplicationListenerMethodAdapter.doInvoke(ApplicationListenerMethodAdapter.java:382)
		at org.springframework.context.event.ApplicationListenerMethodAdapter.processEvent(ApplicationListenerMethodAdapter.java:254)
		at org.springframework.context.event.ApplicationListenerMethodAdapter.onApplicationEvent(ApplicationListenerMethodAdapter.java:173)
		at org.springframework.context.event.SimpleApplicationEventMulticaster.doInvokeListener(SimpleApplicationEventMulticaster.java:185)
		at org.springframework.context.event.SimpleApplicationEventMulticaster.invokeListener(SimpleApplicationEventMulticaster.java:178)
		at org.springframework.context.event.SimpleApplicationEventMulticaster.multicastEvent(SimpleApplicationEventMulticaster.java:156)
		at org.springframework.context.support.AbstractApplicationContext.publishEvent(AbstractApplicationContext.java:454)
		at org.springframework.context.support.AbstractApplicationContext.publishEvent(AbstractApplicationContext.java:387)
		at org.springframework.context.support.AbstractApplicationContext.finishRefresh(AbstractApplicationContext.java:1009)
		at org.springframework.context.support.AbstractApplicationContext.refresh(AbstractApplicationContext.java:630)
		at org.springframework.web.servlet.FrameworkServlet.configureAndRefreshWebApplicationContext(FrameworkServlet.java:706)
		at org.springframework.web.servlet.FrameworkServlet.createWebApplicationContext(FrameworkServlet.java:672)
		at org.springframework.web.servlet.FrameworkServlet.createWebApplicationContext(FrameworkServlet.java:720)
		at org.springframework.web.servlet.FrameworkServlet.initWebApplicationContext(FrameworkServlet.java:595)
		at org.springframework.web.servlet.FrameworkServlet.initServletBean(FrameworkServlet.java:537)
		at org.springframework.web.servlet.HttpServletBean.init(HttpServletBean.java:169)
		at jakarta.servlet.GenericServlet.init(GenericServlet.java:143)
		at jakarta.servlet.http.HttpServlet.init(HttpServlet.java:122)
		at org.apache.catalina.core.StandardWrapper.initServlet(StandardWrapper.java:817)
		at org.apache.catalina.core.StandardWrapper.loadServlet(StandardWrapper.java:787)
		at org.apache.catalina.core.StandardWrapper.load(StandardWrapper.java:691)
		at org.apache.catalina.core.StandardContext.loadOnStartup(StandardContext.java:4153)
		at org.apache.catalina.core.StandardContext.startInternal(StandardContext.java:4437)
		at org.apache.catalina.util.LifecycleBase.start(LifecycleBase.java:164)
		at org.apache.catalina.core.ContainerBase.addChild(ContainerBase.java:566)
		at org.apache.catalina.core.StandardHost.addChild(StandardHost.java:653)
		at org.apache.catalina.startup.HostConfig.deployWAR(HostConfig.java:933)
		at org.apache.catalina.startup.HostConfig$DeployWar.run(HostConfig.java:1875)
		at java.base/java.util.concurrent.Executors$RunnableAdapter.call(Executors.java:572)
		at java.base/java.util.concurrent.FutureTask.run(FutureTask.java:317)
		at org.apache.tomcat.util.threads.InlineExecutorService.execute(InlineExecutorService.java:75)
		at java.base/java.util.concurrent.AbstractExecutorService.submit(AbstractExecutorService.java:123)
		at org.apache.catalina.startup.HostConfig.deployWARs(HostConfig.java:735)
		at org.apache.catalina.startup.HostConfig.deployApps(HostConfig.java:387)
		at org.apache.catalina.startup.HostConfig.start(HostConfig.java:1593)
		at org.apache.catalina.startup.HostConfig.lifecycleEvent(HostConfig.java:267)
		at org.apache.catalina.util.LifecycleBase.fireLifecycleEvent(LifecycleBase.java:109)
		at org.apache.catalina.util.LifecycleBase.setStateInternal(LifecycleBase.java:389)
		at org.apache.catalina.util.LifecycleBase.setState(LifecycleBase.java:336)
		at org.apache.catalina.core.ContainerBase.startInternal(ContainerBase.java:743)
		at org.apache.catalina.core.StandardHost.startInternal(StandardHost.java:771)
		at org.apache.catalina.util.LifecycleBase.start(LifecycleBase.java:164)
		at org.apache.catalina.core.ContainerBase$StartChild.call(ContainerBase.java:1170)
		at org.apache.catalina.core.ContainerBase$StartChild.call(ContainerBase.java:1160)
		at java.base/java.util.concurrent.FutureTask.run(FutureTask.java:317)
		at org.apache.tomcat.util.threads.InlineExecutorService.execute(InlineExecutorService.java:75)
		at java.base/java.util.concurrent.AbstractExecutorService.submit(AbstractExecutorService.java:145)
		at org.apache.catalina.core.ContainerBase.startInternal(ContainerBase.java:716)
		at org.apache.catalina.core.StandardEngine.startInternal(StandardEngine.java:203)
		at org.apache.catalina.util.LifecycleBase.start(LifecycleBase.java:164)
		at org.apache.catalina.core.StandardService.startInternal(StandardService.java:415)
		at org.apache.catalina.util.LifecycleBase.start(LifecycleBase.java:164)
		at org.apache.catalina.core.StandardServer.startInternal(StandardServer.java:866)
		at org.apache.catalina.util.LifecycleBase.start(LifecycleBase.java:164)
		at org.apache.catalina.startup.Catalina.start(Catalina.java:759)
		at java.base/jdk.internal.reflect.DirectMethodHandleAccessor.invoke(DirectMethodHandleAccessor.java:103)
		at java.base/java.lang.reflect.Method.invoke(Method.java:580)
		at org.apache.catalina.startup.Bootstrap.start(Bootstrap.java:342)
		at org.apache.catalina.startup.Bootstrap.main(Bootstrap.java:470)
26-Jan-2025 23:31:55.143 INFO [main] org.apache.catalina.core.ApplicationContext.log ContextListener: contextInitialized()
26-Jan-2025 23:31:55.143 INFO [main] org.apache.catalina.core.ApplicationContext.log SessionListener: contextInitialized()
26-Jan-2025 23:31:55.144 INFO [main] org.apache.catalina.core.ApplicationContext.log ContextListener: attributeAdded('StockTicker', 'async.Stockticker@14d7a962')
26-Jan-2025 23:32:08.635 INFO [http-nio-8080-exec-1] org.apache.catalina.core.ApplicationContext.log Initializing Spring DispatcherServlet 'dispatcher'
26-Jan-2025 23:32:08.765 SEVERE [http-nio-8080-exec-1] org.apache.catalina.core.ApplicationContext.log Servlet.init() для сервлета [dispatcher] выбросил исключение
	org.springframework.jdbc.datasource.init.ScriptStatementFailedException: Failed to execute SQL script statement #1 of class path resource [schema.sql]: INSERT INTO users (username, password, enabled, department, role) VALUES ("username", "1234", true, 1, "ADMIN")
		at org.springframework.jdbc.datasource.init.ScriptUtils.executeSqlScript(ScriptUtils.java:282)
		at org.springframework.jdbc.datasource.init.ResourceDatabasePopulator.populate(ResourceDatabasePopulator.java:254)
		at org.springframework.jdbc.datasource.init.DatabasePopulatorUtils.execute(DatabasePopulatorUtils.java:54)
		at org.springframework.jdbc.datasource.init.ResourceDatabasePopulator.execute(ResourceDatabasePopulator.java:269)
		at ru.yandex.practicum.configuration.DataSourceConfiguration.populate(DataSourceConfiguration.java:51)
		at java.base/jdk.internal.reflect.DirectMethodHandleAccessor.invoke(DirectMethodHandleAccessor.java:103)
		at java.base/java.lang.reflect.Method.invoke(Method.java:580)
		at org.springframework.context.event.ApplicationListenerMethodAdapter.doInvoke(ApplicationListenerMethodAdapter.java:382)
		at org.springframework.context.event.ApplicationListenerMethodAdapter.processEvent(ApplicationListenerMethodAdapter.java:254)
		at org.springframework.context.event.ApplicationListenerMethodAdapter.onApplicationEvent(ApplicationListenerMethodAdapter.java:173)
		at org.springframework.context.event.SimpleApplicationEventMulticaster.doInvokeListener(SimpleApplicationEventMulticaster.java:185)
		at org.springframework.context.event.SimpleApplicationEventMulticaster.invokeListener(SimpleApplicationEventMulticaster.java:178)
		at org.springframework.context.event.SimpleApplicationEventMulticaster.multicastEvent(SimpleApplicationEventMulticaster.java:156)
		at org.springframework.context.support.AbstractApplicationContext.publishEvent(AbstractApplicationContext.java:454)
		at org.springframework.context.support.AbstractApplicationContext.publishEvent(AbstractApplicationContext.java:387)
		at org.springframework.context.support.AbstractApplicationContext.finishRefresh(AbstractApplicationContext.java:1009)
		at org.springframework.context.support.AbstractApplicationContext.refresh(AbstractApplicationContext.java:630)
		at org.springframework.web.servlet.FrameworkServlet.configureAndRefreshWebApplicationContext(FrameworkServlet.java:706)
		at org.springframework.web.servlet.FrameworkServlet.createWebApplicationContext(FrameworkServlet.java:672)
		at org.springframework.web.servlet.FrameworkServlet.createWebApplicationContext(FrameworkServlet.java:720)
		at org.springframework.web.servlet.FrameworkServlet.initWebApplicationContext(FrameworkServlet.java:595)
		at org.springframework.web.servlet.FrameworkServlet.initServletBean(FrameworkServlet.java:537)
		at org.springframework.web.servlet.HttpServletBean.init(HttpServletBean.java:169)
		at jakarta.servlet.GenericServlet.init(GenericServlet.java:143)
		at jakarta.servlet.http.HttpServlet.init(HttpServlet.java:122)
		at org.apache.catalina.core.StandardWrapper.initServlet(StandardWrapper.java:817)
		at org.apache.catalina.core.StandardWrapper.loadServlet(StandardWrapper.java:787)
		at org.apache.catalina.core.StandardWrapper.allocate(StandardWrapper.java:568)
		at org.apache.catalina.core.StandardWrapperValve.invoke(StandardWrapperValve.java:115)
		at org.apache.catalina.core.StandardContextValve.invoke(StandardContextValve.java:79)
		at org.apache.catalina.authenticator.AuthenticatorBase.invoke(AuthenticatorBase.java:483)
		at org.apache.catalina.core.StandardHostValve.invoke(StandardHostValve.java:115)
		at org.apache.catalina.valves.ErrorReportValve.invoke(ErrorReportValve.java:93)
		at org.apache.catalina.valves.AbstractAccessLogValve.invoke(AbstractAccessLogValve.java:663)
		at org.apache.catalina.core.StandardEngineValve.invoke(StandardEngineValve.java:74)
		at org.apache.catalina.connector.CoyoteAdapter.service(CoyoteAdapter.java:342)
		at org.apache.coyote.http11.Http11Processor.service(Http11Processor.java:395)
		at org.apache.coyote.AbstractProcessorLight.process(AbstractProcessorLight.java:63)
		at org.apache.coyote.AbstractProtocol$ConnectionHandler.process(AbstractProtocol.java:905)
		at org.apache.tomcat.util.net.NioEndpoint$SocketProcessor.doRun(NioEndpoint.java:1746)
		at org.apache.tomcat.util.net.SocketProcessorBase.run(SocketProcessorBase.java:52)
		at org.apache.tomcat.util.threads.ThreadPoolExecutor.runWorker(ThreadPoolExecutor.java:1148)
		at org.apache.tomcat.util.threads.ThreadPoolExecutor$Worker.run(ThreadPoolExecutor.java:636)
		at org.apache.tomcat.util.threads.TaskThread$WrappingRunnable.run(TaskThread.java:63)
		at java.base/java.lang.Thread.run(Thread.java:1583)
	Caused by: org.postgresql.util.PSQLException: ОШИБКА: столбец "username" не существует
  Подсказка: Столбец "username" есть в таблице "users", но на него нельзя ссылаться из этой части запроса.
  Позиция: 75
		at org.postgresql.core.v3.QueryExecutorImpl.receiveErrorResponse(QueryExecutorImpl.java:2733)
		at org.postgresql.core.v3.QueryExecutorImpl.processResults(QueryExecutorImpl.java:2420)
		at org.postgresql.core.v3.QueryExecutorImpl.execute(QueryExecutorImpl.java:372)
		at org.postgresql.jdbc.PgStatement.executeInternal(PgStatement.java:517)
		at org.postgresql.jdbc.PgStatement.execute(PgStatement.java:434)
		at org.postgresql.jdbc.PgStatement.executeWithFlags(PgStatement.java:356)
		at org.postgresql.jdbc.PgStatement.executeCachedSql(PgStatement.java:341)
		at org.postgresql.jdbc.PgStatement.executeWithFlags(PgStatement.java:317)
		at org.postgresql.jdbc.PgStatement.execute(PgStatement.java:312)
		at org.springframework.jdbc.datasource.init.ScriptUtils.executeSqlScript(ScriptUtils.java:261)
		... 44 more
26-Jan-2025 23:32:08.766 SEVERE [http-nio-8080-exec-1] org.apache.catalina.core.StandardWrapperValve.invoke Ошибка выделения для сервлета [dispatcher]
	org.postgresql.util.PSQLException: ОШИБКА: столбец "username" не существует
  Подсказка: Столбец "username" есть в таблице "users", но на него нельзя ссылаться из этой части запроса.
  Позиция: 75
		at org.postgresql.core.v3.QueryExecutorImpl.receiveErrorResponse(QueryExecutorImpl.java:2733)
		at org.postgresql.core.v3.QueryExecutorImpl.processResults(QueryExecutorImpl.java:2420)
		at org.postgresql.core.v3.QueryExecutorImpl.execute(QueryExecutorImpl.java:372)
		at org.postgresql.jdbc.PgStatement.executeInternal(PgStatement.java:517)
		at org.postgresql.jdbc.PgStatement.execute(PgStatement.java:434)
		at org.postgresql.jdbc.PgStatement.executeWithFlags(PgStatement.java:356)
		at org.postgresql.jdbc.PgStatement.executeCachedSql(PgStatement.java:341)
		at org.postgresql.jdbc.PgStatement.executeWithFlags(PgStatement.java:317)
		at org.postgresql.jdbc.PgStatement.execute(PgStatement.java:312)
		at org.springframework.jdbc.datasource.init.ScriptUtils.executeSqlScript(ScriptUtils.java:261)
		at org.springframework.jdbc.datasource.init.ResourceDatabasePopulator.populate(ResourceDatabasePopulator.java:254)
		at org.springframework.jdbc.datasource.init.DatabasePopulatorUtils.execute(DatabasePopulatorUtils.java:54)
		at org.springframework.jdbc.datasource.init.ResourceDatabasePopulator.execute(ResourceDatabasePopulator.java:269)
		at ru.yandex.practicum.configuration.DataSourceConfiguration.populate(DataSourceConfiguration.java:51)
		at java.base/jdk.internal.reflect.DirectMethodHandleAccessor.invoke(DirectMethodHandleAccessor.java:103)
		at java.base/java.lang.reflect.Method.invoke(Method.java:580)
		at org.springframework.context.event.ApplicationListenerMethodAdapter.doInvoke(ApplicationListenerMethodAdapter.java:382)
		at org.springframework.context.event.ApplicationListenerMethodAdapter.processEvent(ApplicationListenerMethodAdapter.java:254)
		at org.springframework.context.event.ApplicationListenerMethodAdapter.onApplicationEvent(ApplicationListenerMethodAdapter.java:173)
		at org.springframework.context.event.SimpleApplicationEventMulticaster.doInvokeListener(SimpleApplicationEventMulticaster.java:185)
		at org.springframework.context.event.SimpleApplicationEventMulticaster.invokeListener(SimpleApplicationEventMulticaster.java:178)
		at org.springframework.context.event.SimpleApplicationEventMulticaster.multicastEvent(SimpleApplicationEventMulticaster.java:156)
		at org.springframework.context.support.AbstractApplicationContext.publishEvent(AbstractApplicationContext.java:454)
		at org.springframework.context.support.AbstractApplicationContext.publishEvent(AbstractApplicationContext.java:387)
		at org.springframework.context.support.AbstractApplicationContext.finishRefresh(AbstractApplicationContext.java:1009)
		at org.springframework.context.support.AbstractApplicationContext.refresh(AbstractApplicationContext.java:630)
		at org.springframework.web.servlet.FrameworkServlet.configureAndRefreshWebApplicationContext(FrameworkServlet.java:706)
		at org.springframework.web.servlet.FrameworkServlet.createWebApplicationContext(FrameworkServlet.java:672)
		at org.springframework.web.servlet.FrameworkServlet.createWebApplicationContext(FrameworkServlet.java:720)
		at org.springframework.web.servlet.FrameworkServlet.initWebApplicationContext(FrameworkServlet.java:595)
		at org.springframework.web.servlet.FrameworkServlet.initServletBean(FrameworkServlet.java:537)
		at org.springframework.web.servlet.HttpServletBean.init(HttpServletBean.java:169)
		at jakarta.servlet.GenericServlet.init(GenericServlet.java:143)
		at jakarta.servlet.http.HttpServlet.init(HttpServlet.java:122)
		at org.apache.catalina.core.StandardWrapper.initServlet(StandardWrapper.java:817)
		at org.apache.catalina.core.StandardWrapper.loadServlet(StandardWrapper.java:787)
		at org.apache.catalina.core.StandardWrapper.allocate(StandardWrapper.java:568)
		at org.apache.catalina.core.StandardWrapperValve.invoke(StandardWrapperValve.java:115)
		at org.apache.catalina.core.StandardContextValve.invoke(StandardContextValve.java:79)
		at org.apache.catalina.authenticator.AuthenticatorBase.invoke(AuthenticatorBase.java:483)
		at org.apache.catalina.core.StandardHostValve.invoke(StandardHostValve.java:115)
		at org.apache.catalina.valves.ErrorReportValve.invoke(ErrorReportValve.java:93)
		at org.apache.catalina.valves.AbstractAccessLogValve.invoke(AbstractAccessLogValve.java:663)
		at org.apache.catalina.core.StandardEngineValve.invoke(StandardEngineValve.java:74)
		at org.apache.catalina.connector.CoyoteAdapter.service(CoyoteAdapter.java:342)
		at org.apache.coyote.http11.Http11Processor.service(Http11Processor.java:395)
		at org.apache.coyote.AbstractProcessorLight.process(AbstractProcessorLight.java:63)
		at org.apache.coyote.AbstractProtocol$ConnectionHandler.process(AbstractProtocol.java:905)
		at org.apache.tomcat.util.net.NioEndpoint$SocketProcessor.doRun(NioEndpoint.java:1746)
		at org.apache.tomcat.util.net.SocketProcessorBase.run(SocketProcessorBase.java:52)
		at org.apache.tomcat.util.threads.ThreadPoolExecutor.runWorker(ThreadPoolExecutor.java:1148)
		at org.apache.tomcat.util.threads.ThreadPoolExecutor$Worker.run(ThreadPoolExecutor.java:636)
		at org.apache.tomcat.util.threads.TaskThread$WrappingRunnable.run(TaskThread.java:63)
		at java.base/java.lang.Thread.run(Thread.java:1583)
26-Jan-2025 23:32:09.111 INFO [http-nio-8080-exec-2] org.apache.catalina.core.ApplicationContext.log Initializing Spring DispatcherServlet 'dispatcher'
26-Jan-2025 23:32:09.238 SEVERE [http-nio-8080-exec-2] org.apache.catalina.core.ApplicationContext.log Servlet.init() для сервлета [dispatcher] выбросил исключение
	org.springframework.jdbc.datasource.init.ScriptStatementFailedException: Failed to execute SQL script statement #1 of class path resource [schema.sql]: INSERT INTO users (username, password, enabled, department, role) VALUES ("username", "1234", true, 1, "ADMIN")
		at org.springframework.jdbc.datasource.init.ScriptUtils.executeSqlScript(ScriptUtils.java:282)
		at org.springframework.jdbc.datasource.init.ResourceDatabasePopulator.populate(ResourceDatabasePopulator.java:254)
		at org.springframework.jdbc.datasource.init.DatabasePopulatorUtils.execute(DatabasePopulatorUtils.java:54)
		at org.springframework.jdbc.datasource.init.ResourceDatabasePopulator.execute(ResourceDatabasePopulator.java:269)
		at ru.yandex.practicum.configuration.DataSourceConfiguration.populate(DataSourceConfiguration.java:51)
		at java.base/jdk.internal.reflect.DirectMethodHandleAccessor.invoke(DirectMethodHandleAccessor.java:103)
		at java.base/java.lang.reflect.Method.invoke(Method.java:580)
		at org.springframework.context.event.ApplicationListenerMethodAdapter.doInvoke(ApplicationListenerMethodAdapter.java:382)
		at org.springframework.context.event.ApplicationListenerMethodAdapter.processEvent(ApplicationListenerMethodAdapter.java:254)
		at org.springframework.context.event.ApplicationListenerMethodAdapter.onApplicationEvent(ApplicationListenerMethodAdapter.java:173)
		at org.springframework.context.event.SimpleApplicationEventMulticaster.doInvokeListener(SimpleApplicationEventMulticaster.java:185)
		at org.springframework.context.event.SimpleApplicationEventMulticaster.invokeListener(SimpleApplicationEventMulticaster.java:178)
		at org.springframework.context.event.SimpleApplicationEventMulticaster.multicastEvent(SimpleApplicationEventMulticaster.java:156)
		at org.springframework.context.support.AbstractApplicationContext.publishEvent(AbstractApplicationContext.java:454)
		at org.springframework.context.support.AbstractApplicationContext.publishEvent(AbstractApplicationContext.java:387)
		at org.springframework.context.support.AbstractApplicationContext.finishRefresh(AbstractApplicationContext.java:1009)
		at org.springframework.context.support.AbstractApplicationContext.refresh(AbstractApplicationContext.java:630)
		at org.springframework.web.servlet.FrameworkServlet.configureAndRefreshWebApplicationContext(FrameworkServlet.java:706)
		at org.springframework.web.servlet.FrameworkServlet.createWebApplicationContext(FrameworkServlet.java:672)
		at org.springframework.web.servlet.FrameworkServlet.createWebApplicationContext(FrameworkServlet.java:720)
		at org.springframework.web.servlet.FrameworkServlet.initWebApplicationContext(FrameworkServlet.java:595)
		at org.springframework.web.servlet.FrameworkServlet.initServletBean(FrameworkServlet.java:537)
		at org.springframework.web.servlet.HttpServletBean.init(HttpServletBean.java:169)
		at jakarta.servlet.GenericServlet.init(GenericServlet.java:143)
		at jakarta.servlet.http.HttpServlet.init(HttpServlet.java:122)
		at org.apache.catalina.core.StandardWrapper.initServlet(StandardWrapper.java:817)
		at org.apache.catalina.core.StandardWrapper.loadServlet(StandardWrapper.java:787)
		at org.apache.catalina.core.StandardWrapper.allocate(StandardWrapper.java:568)
		at org.apache.catalina.core.StandardWrapperValve.invoke(StandardWrapperValve.java:115)
		at org.apache.catalina.core.StandardContextValve.invoke(StandardContextValve.java:79)
		at org.apache.catalina.authenticator.AuthenticatorBase.invoke(AuthenticatorBase.java:483)
		at org.apache.catalina.core.StandardHostValve.invoke(StandardHostValve.java:115)
		at org.apache.catalina.valves.ErrorReportValve.invoke(ErrorReportValve.java:93)
		at org.apache.catalina.valves.AbstractAccessLogValve.invoke(AbstractAccessLogValve.java:663)
		at org.apache.catalina.core.StandardEngineValve.invoke(StandardEngineValve.java:74)
		at org.apache.catalina.connector.CoyoteAdapter.service(CoyoteAdapter.java:342)
		at org.apache.coyote.http11.Http11Processor.service(Http11Processor.java:395)
		at org.apache.coyote.AbstractProcessorLight.process(AbstractProcessorLight.java:63)
		at org.apache.coyote.AbstractProtocol$ConnectionHandler.process(AbstractProtocol.java:905)
		at org.apache.tomcat.util.net.NioEndpoint$SocketProcessor.doRun(NioEndpoint.java:1746)
		at org.apache.tomcat.util.net.SocketProcessorBase.run(SocketProcessorBase.java:52)
		at org.apache.tomcat.util.threads.ThreadPoolExecutor.runWorker(ThreadPoolExecutor.java:1148)
		at org.apache.tomcat.util.threads.ThreadPoolExecutor$Worker.run(ThreadPoolExecutor.java:636)
		at org.apache.tomcat.util.threads.TaskThread$WrappingRunnable.run(TaskThread.java:63)
		at java.base/java.lang.Thread.run(Thread.java:1583)
	Caused by: org.postgresql.util.PSQLException: ОШИБКА: столбец "username" не существует
  Подсказка: Столбец "username" есть в таблице "users", но на него нельзя ссылаться из этой части запроса.
  Позиция: 75
		at org.postgresql.core.v3.QueryExecutorImpl.receiveErrorResponse(QueryExecutorImpl.java:2733)
		at org.postgresql.core.v3.QueryExecutorImpl.processResults(QueryExecutorImpl.java:2420)
		at org.postgresql.core.v3.QueryExecutorImpl.execute(QueryExecutorImpl.java:372)
		at org.postgresql.jdbc.PgStatement.executeInternal(PgStatement.java:517)
		at org.postgresql.jdbc.PgStatement.execute(PgStatement.java:434)
		at org.postgresql.jdbc.PgStatement.executeWithFlags(PgStatement.java:356)
		at org.postgresql.jdbc.PgStatement.executeCachedSql(PgStatement.java:341)
		at org.postgresql.jdbc.PgStatement.executeWithFlags(PgStatement.java:317)
		at org.postgresql.jdbc.PgStatement.execute(PgStatement.java:312)
		at org.springframework.jdbc.datasource.init.ScriptUtils.executeSqlScript(ScriptUtils.java:261)
		... 44 more
26-Jan-2025 23:32:09.238 SEVERE [http-nio-8080-exec-2] org.apache.catalina.core.StandardWrapperValve.invoke Ошибка выделения для сервлета [dispatcher]
	org.postgresql.util.PSQLException: ОШИБКА: столбец "username" не существует
  Подсказка: Столбец "username" есть в таблице "users", но на него нельзя ссылаться из этой части запроса.
  Позиция: 75
		at org.postgresql.core.v3.QueryExecutorImpl.receiveErrorResponse(QueryExecutorImpl.java:2733)
		at org.postgresql.core.v3.QueryExecutorImpl.processResults(QueryExecutorImpl.java:2420)
		at org.postgresql.core.v3.QueryExecutorImpl.execute(QueryExecutorImpl.java:372)
		at org.postgresql.jdbc.PgStatement.executeInternal(PgStatement.java:517)
		at org.postgresql.jdbc.PgStatement.execute(PgStatement.java:434)
		at org.postgresql.jdbc.PgStatement.executeWithFlags(PgStatement.java:356)
		at org.postgresql.jdbc.PgStatement.executeCachedSql(PgStatement.java:341)
		at org.postgresql.jdbc.PgStatement.executeWithFlags(PgStatement.java:317)
		at org.postgresql.jdbc.PgStatement.execute(PgStatement.java:312)
		at org.springframework.jdbc.datasource.init.ScriptUtils.executeSqlScript(ScriptUtils.java:261)
		at org.springframework.jdbc.datasource.init.ResourceDatabasePopulator.populate(ResourceDatabasePopulator.java:254)
		at org.springframework.jdbc.datasource.init.DatabasePopulatorUtils.execute(DatabasePopulatorUtils.java:54)
		at org.springframework.jdbc.datasource.init.ResourceDatabasePopulator.execute(ResourceDatabasePopulator.java:269)
		at ru.yandex.practicum.configuration.DataSourceConfiguration.populate(DataSourceConfiguration.java:51)
		at java.base/jdk.internal.reflect.DirectMethodHandleAccessor.invoke(DirectMethodHandleAccessor.java:103)
		at java.base/java.lang.reflect.Method.invoke(Method.java:580)
		at org.springframework.context.event.ApplicationListenerMethodAdapter.doInvoke(ApplicationListenerMethodAdapter.java:382)
		at org.springframework.context.event.ApplicationListenerMethodAdapter.processEvent(ApplicationListenerMethodAdapter.java:254)
		at org.springframework.context.event.ApplicationListenerMethodAdapter.onApplicationEvent(ApplicationListenerMethodAdapter.java:173)
		at org.springframework.context.event.SimpleApplicationEventMulticaster.doInvokeListener(SimpleApplicationEventMulticaster.java:185)
		at org.springframework.context.event.SimpleApplicationEventMulticaster.invokeListener(SimpleApplicationEventMulticaster.java:178)
		at org.springframework.context.event.SimpleApplicationEventMulticaster.multicastEvent(SimpleApplicationEventMulticaster.java:156)
		at org.springframework.context.support.AbstractApplicationContext.publishEvent(AbstractApplicationContext.java:454)
		at org.springframework.context.support.AbstractApplicationContext.publishEvent(AbstractApplicationContext.java:387)
		at org.springframework.context.support.AbstractApplicationContext.finishRefresh(AbstractApplicationContext.java:1009)
		at org.springframework.context.support.AbstractApplicationContext.refresh(AbstractApplicationContext.java:630)
		at org.springframework.web.servlet.FrameworkServlet.configureAndRefreshWebApplicationContext(FrameworkServlet.java:706)
		at org.springframework.web.servlet.FrameworkServlet.createWebApplicationContext(FrameworkServlet.java:672)
		at org.springframework.web.servlet.FrameworkServlet.createWebApplicationContext(FrameworkServlet.java:720)
		at org.springframework.web.servlet.FrameworkServlet.initWebApplicationContext(FrameworkServlet.java:595)
		at org.springframework.web.servlet.FrameworkServlet.initServletBean(FrameworkServlet.java:537)
		at org.springframework.web.servlet.HttpServletBean.init(HttpServletBean.java:169)
		at jakarta.servlet.GenericServlet.init(GenericServlet.java:143)
		at jakarta.servlet.http.HttpServlet.init(HttpServlet.java:122)
		at org.apache.catalina.core.StandardWrapper.initServlet(StandardWrapper.java:817)
		at org.apache.catalina.core.StandardWrapper.loadServlet(StandardWrapper.java:787)
		at org.apache.catalina.core.StandardWrapper.allocate(StandardWrapper.java:568)
		at org.apache.catalina.core.StandardWrapperValve.invoke(StandardWrapperValve.java:115)
		at org.apache.catalina.core.StandardContextValve.invoke(StandardContextValve.java:79)
		at org.apache.catalina.authenticator.AuthenticatorBase.invoke(AuthenticatorBase.java:483)
		at org.apache.catalina.core.StandardHostValve.invoke(StandardHostValve.java:115)
		at org.apache.catalina.valves.ErrorReportValve.invoke(ErrorReportValve.java:93)
		at org.apache.catalina.valves.AbstractAccessLogValve.invoke(AbstractAccessLogValve.java:663)
		at org.apache.catalina.core.StandardEngineValve.invoke(StandardEngineValve.java:74)
		at org.apache.catalina.connector.CoyoteAdapter.service(CoyoteAdapter.java:342)
		at org.apache.coyote.http11.Http11Processor.service(Http11Processor.java:395)
		at org.apache.coyote.AbstractProcessorLight.process(AbstractProcessorLight.java:63)
		at org.apache.coyote.AbstractProtocol$ConnectionHandler.process(AbstractProtocol.java:905)
		at org.apache.tomcat.util.net.NioEndpoint$SocketProcessor.doRun(NioEndpoint.java:1746)
		at org.apache.tomcat.util.net.SocketProcessorBase.run(SocketProcessorBase.java:52)
		at org.apache.tomcat.util.threads.ThreadPoolExecutor.runWorker(ThreadPoolExecutor.java:1148)
		at org.apache.tomcat.util.threads.ThreadPoolExecutor$Worker.run(ThreadPoolExecutor.java:636)
		at org.apache.tomcat.util.threads.TaskThread$WrappingRunnable.run(TaskThread.java:63)
		at java.base/java.lang.Thread.run(Thread.java:1583)
26-Jan-2025 23:33:54.340 INFO [main] org.apache.catalina.core.ApplicationContext.log SessionListener: contextDestroyed()
26-Jan-2025 23:33:54.340 INFO [main] org.apache.catalina.core.ApplicationContext.log ContextListener: contextDestroyed()
26-Jan-2025 23:35:24.270 INFO [main] org.apache.catalina.core.ApplicationContext.log No Spring WebApplicationInitializer types detected on classpath
26-Jan-2025 23:35:24.420 INFO [main] org.apache.catalina.core.ApplicationContext.log Initializing Spring DispatcherServlet 'dispatcher'
26-Jan-2025 23:35:26.000 INFO [main] org.apache.catalina.core.ApplicationContext.log ContextListener: contextInitialized()
26-Jan-2025 23:35:26.001 INFO [main] org.apache.catalina.core.ApplicationContext.log SessionListener: contextInitialized()
26-Jan-2025 23:35:26.002 INFO [main] org.apache.catalina.core.ApplicationContext.log ContextListener: attributeAdded('StockTicker', 'async.Stockticker@3c592c0c')
26-Jan-2025 23:41:47.101 INFO [main] org.apache.catalina.core.ApplicationContext.log Destroying Spring FrameworkServlet 'dispatcher'
26-Jan-2025 23:41:47.107 INFO [main] org.apache.catalina.core.ApplicationContext.log SessionListener: contextDestroyed()
26-Jan-2025 23:41:47.107 INFO [main] org.apache.catalina.core.ApplicationContext.log ContextListener: contextDestroyed()
26-Jan-2025 23:41:56.824 INFO [main] org.apache.catalina.core.ApplicationContext.log No Spring WebApplicationInitializer types detected on classpath
26-Jan-2025 23:41:56.972 INFO [main] org.apache.catalina.core.ApplicationContext.log Initializing Spring DispatcherServlet 'dispatcher'
26-Jan-2025 23:41:58.716 SEVERE [main] org.apache.catalina.core.ApplicationContext.log Servlet.init() для сервлета [dispatcher] выбросил исключение
	org.springframework.jdbc.datasource.init.UncategorizedScriptException: Failed to execute database script
		at org.springframework.jdbc.datasource.init.DatabasePopulatorUtils.execute(DatabasePopulatorUtils.java:67)
		at org.springframework.jdbc.datasource.init.ResourceDatabasePopulator.execute(ResourceDatabasePopulator.java:269)
		at ru.yandex.practicum.configuration.DataSourceConfiguration.populate(DataSourceConfiguration.java:51)
		at java.base/jdk.internal.reflect.DirectMethodHandleAccessor.invoke(DirectMethodHandleAccessor.java:103)
		at java.base/java.lang.reflect.Method.invoke(Method.java:580)
		at org.springframework.context.event.ApplicationListenerMethodAdapter.doInvoke(ApplicationListenerMethodAdapter.java:382)
		at org.springframework.context.event.ApplicationListenerMethodAdapter.processEvent(ApplicationListenerMethodAdapter.java:254)
		at org.springframework.context.event.ApplicationListenerMethodAdapter.onApplicationEvent(ApplicationListenerMethodAdapter.java:173)
		at org.springframework.context.event.SimpleApplicationEventMulticaster.doInvokeListener(SimpleApplicationEventMulticaster.java:185)
		at org.springframework.context.event.SimpleApplicationEventMulticaster.invokeListener(SimpleApplicationEventMulticaster.java:178)
		at org.springframework.context.event.SimpleApplicationEventMulticaster.multicastEvent(SimpleApplicationEventMulticaster.java:156)
		at org.springframework.context.support.AbstractApplicationContext.publishEvent(AbstractApplicationContext.java:454)
		at org.springframework.context.support.AbstractApplicationContext.publishEvent(AbstractApplicationContext.java:387)
		at org.springframework.context.support.AbstractApplicationContext.finishRefresh(AbstractApplicationContext.java:1009)
		at org.springframework.context.support.AbstractApplicationContext.refresh(AbstractApplicationContext.java:630)
		at org.springframework.web.servlet.FrameworkServlet.configureAndRefreshWebApplicationContext(FrameworkServlet.java:706)
		at org.springframework.web.servlet.FrameworkServlet.createWebApplicationContext(FrameworkServlet.java:672)
		at org.springframework.web.servlet.FrameworkServlet.createWebApplicationContext(FrameworkServlet.java:720)
		at org.springframework.web.servlet.FrameworkServlet.initWebApplicationContext(FrameworkServlet.java:595)
		at org.springframework.web.servlet.FrameworkServlet.initServletBean(FrameworkServlet.java:537)
		at org.springframework.web.servlet.HttpServletBean.init(HttpServletBean.java:169)
		at jakarta.servlet.GenericServlet.init(GenericServlet.java:143)
		at jakarta.servlet.http.HttpServlet.init(HttpServlet.java:122)
		at org.apache.catalina.core.StandardWrapper.initServlet(StandardWrapper.java:817)
		at org.apache.catalina.core.StandardWrapper.loadServlet(StandardWrapper.java:787)
		at org.apache.catalina.core.StandardWrapper.load(StandardWrapper.java:691)
		at org.apache.catalina.core.StandardContext.loadOnStartup(StandardContext.java:4153)
		at org.apache.catalina.core.StandardContext.startInternal(StandardContext.java:4437)
		at org.apache.catalina.util.LifecycleBase.start(LifecycleBase.java:164)
		at org.apache.catalina.core.ContainerBase.addChild(ContainerBase.java:566)
		at org.apache.catalina.core.StandardHost.addChild(StandardHost.java:653)
		at org.apache.catalina.startup.HostConfig.deployWAR(HostConfig.java:933)
		at org.apache.catalina.startup.HostConfig$DeployWar.run(HostConfig.java:1875)
		at java.base/java.util.concurrent.Executors$RunnableAdapter.call(Executors.java:572)
		at java.base/java.util.concurrent.FutureTask.run(FutureTask.java:317)
		at org.apache.tomcat.util.threads.InlineExecutorService.execute(InlineExecutorService.java:75)
		at java.base/java.util.concurrent.AbstractExecutorService.submit(AbstractExecutorService.java:123)
		at org.apache.catalina.startup.HostConfig.deployWARs(HostConfig.java:735)
		at org.apache.catalina.startup.HostConfig.deployApps(HostConfig.java:387)
		at org.apache.catalina.startup.HostConfig.start(HostConfig.java:1593)
		at org.apache.catalina.startup.HostConfig.lifecycleEvent(HostConfig.java:267)
		at org.apache.catalina.util.LifecycleBase.fireLifecycleEvent(LifecycleBase.java:109)
		at org.apache.catalina.util.LifecycleBase.setStateInternal(LifecycleBase.java:389)
		at org.apache.catalina.util.LifecycleBase.setState(LifecycleBase.java:336)
		at org.apache.catalina.core.ContainerBase.startInternal(ContainerBase.java:743)
		at org.apache.catalina.core.StandardHost.startInternal(StandardHost.java:771)
		at org.apache.catalina.util.LifecycleBase.start(LifecycleBase.java:164)
		at org.apache.catalina.core.ContainerBase$StartChild.call(ContainerBase.java:1170)
		at org.apache.catalina.core.ContainerBase$StartChild.call(ContainerBase.java:1160)
		at java.base/java.util.concurrent.FutureTask.run(FutureTask.java:317)
		at org.apache.tomcat.util.threads.InlineExecutorService.execute(InlineExecutorService.java:75)
		at java.base/java.util.concurrent.AbstractExecutorService.submit(AbstractExecutorService.java:145)
		at org.apache.catalina.core.ContainerBase.startInternal(ContainerBase.java:716)
		at org.apache.catalina.core.StandardEngine.startInternal(StandardEngine.java:203)
		at org.apache.catalina.util.LifecycleBase.start(LifecycleBase.java:164)
		at org.apache.catalina.core.StandardService.startInternal(StandardService.java:415)
		at org.apache.catalina.util.LifecycleBase.start(LifecycleBase.java:164)
		at org.apache.catalina.core.StandardServer.startInternal(StandardServer.java:866)
		at org.apache.catalina.util.LifecycleBase.start(LifecycleBase.java:164)
		at org.apache.catalina.startup.Catalina.start(Catalina.java:759)
		at java.base/jdk.internal.reflect.DirectMethodHandleAccessor.invoke(DirectMethodHandleAccessor.java:103)
		at java.base/java.lang.reflect.Method.invoke(Method.java:580)
		at org.apache.catalina.startup.Bootstrap.start(Bootstrap.java:342)
		at org.apache.catalina.startup.Bootstrap.main(Bootstrap.java:470)
	Caused by: org.springframework.jdbc.CannotGetJdbcConnectionException: Failed to obtain JDBC Connection
		at org.springframework.jdbc.datasource.DataSourceUtils.getConnection(DataSourceUtils.java:84)
		at org.springframework.jdbc.datasource.init.DatabasePopulatorUtils.execute(DatabasePopulatorUtils.java:52)
		... 63 more
	Caused by: org.postgresql.util.PSQLException: ВАЖНО: база данных "blog" не существует
		at org.postgresql.core.v3.QueryExecutorImpl.receiveErrorResponse(QueryExecutorImpl.java:2733)
		at org.postgresql.core.v3.QueryExecutorImpl.readStartupMessages(QueryExecutorImpl.java:2845)
		at org.postgresql.core.v3.QueryExecutorImpl.<init>(QueryExecutorImpl.java:176)
		at org.postgresql.core.v3.ConnectionFactoryImpl.openConnectionImpl(ConnectionFactoryImpl.java:323)
		at org.postgresql.core.ConnectionFactory.openConnection(ConnectionFactory.java:54)
		at org.postgresql.jdbc.PgConnection.<init>(PgConnection.java:273)
		at org.postgresql.Driver.makeConnection(Driver.java:446)
		at org.postgresql.Driver.connect(Driver.java:298)
		at java.sql/java.sql.DriverManager.getConnection(DriverManager.java:683)
		at java.sql/java.sql.DriverManager.getConnection(DriverManager.java:191)
		at org.springframework.jdbc.datasource.DriverManagerDataSource.getConnectionFromDriverManager(DriverManagerDataSource.java:155)
		at org.springframework.jdbc.datasource.DriverManagerDataSource.getConnectionFromDriver(DriverManagerDataSource.java:146)
		at org.springframework.jdbc.datasource.AbstractDriverBasedDataSource.getConnectionFromDriver(AbstractDriverBasedDataSource.java:205)
		at org.springframework.jdbc.datasource.AbstractDriverBasedDataSource.getConnection(AbstractDriverBasedDataSource.java:169)
		at org.springframework.jdbc.datasource.DataSourceUtils.fetchConnection(DataSourceUtils.java:160)
		at org.springframework.jdbc.datasource.DataSourceUtils.doGetConnection(DataSourceUtils.java:118)
		at org.springframework.jdbc.datasource.DataSourceUtils.getConnection(DataSourceUtils.java:81)
		... 64 more
26-Jan-2025 23:41:58.716 SEVERE [main] org.apache.catalina.core.StandardContext.loadOnStartup Servlet [dispatcher] in web application [/blog] threw load() exception
	org.postgresql.util.PSQLException: ВАЖНО: база данных "blog" не существует
		at org.postgresql.core.v3.QueryExecutorImpl.receiveErrorResponse(QueryExecutorImpl.java:2733)
		at org.postgresql.core.v3.QueryExecutorImpl.readStartupMessages(QueryExecutorImpl.java:2845)
		at org.postgresql.core.v3.QueryExecutorImpl.<init>(QueryExecutorImpl.java:176)
		at org.postgresql.core.v3.ConnectionFactoryImpl.openConnectionImpl(ConnectionFactoryImpl.java:323)
		at org.postgresql.core.ConnectionFactory.openConnection(ConnectionFactory.java:54)
		at org.postgresql.jdbc.PgConnection.<init>(PgConnection.java:273)
		at org.postgresql.Driver.makeConnection(Driver.java:446)
		at org.postgresql.Driver.connect(Driver.java:298)
		at java.sql/java.sql.DriverManager.getConnection(DriverManager.java:683)
		at java.sql/java.sql.DriverManager.getConnection(DriverManager.java:191)
		at org.springframework.jdbc.datasource.DriverManagerDataSource.getConnectionFromDriverManager(DriverManagerDataSource.java:155)
		at org.springframework.jdbc.datasource.DriverManagerDataSource.getConnectionFromDriver(DriverManagerDataSource.java:146)
		at org.springframework.jdbc.datasource.AbstractDriverBasedDataSource.getConnectionFromDriver(AbstractDriverBasedDataSource.java:205)
		at org.springframework.jdbc.datasource.AbstractDriverBasedDataSource.getConnection(AbstractDriverBasedDataSource.java:169)
		at org.springframework.jdbc.datasource.DataSourceUtils.fetchConnection(DataSourceUtils.java:160)
		at org.springframework.jdbc.datasource.DataSourceUtils.doGetConnection(DataSourceUtils.java:118)
		at org.springframework.jdbc.datasource.DataSourceUtils.getConnection(DataSourceUtils.java:81)
		at org.springframework.jdbc.datasource.init.DatabasePopulatorUtils.execute(DatabasePopulatorUtils.java:52)
		at org.springframework.jdbc.datasource.init.ResourceDatabasePopulator.execute(ResourceDatabasePopulator.java:269)
		at ru.yandex.practicum.configuration.DataSourceConfiguration.populate(DataSourceConfiguration.java:51)
		at java.base/jdk.internal.reflect.DirectMethodHandleAccessor.invoke(DirectMethodHandleAccessor.java:103)
		at java.base/java.lang.reflect.Method.invoke(Method.java:580)
		at org.springframework.context.event.ApplicationListenerMethodAdapter.doInvoke(ApplicationListenerMethodAdapter.java:382)
		at org.springframework.context.event.ApplicationListenerMethodAdapter.processEvent(ApplicationListenerMethodAdapter.java:254)
		at org.springframework.context.event.ApplicationListenerMethodAdapter.onApplicationEvent(ApplicationListenerMethodAdapter.java:173)
		at org.springframework.context.event.SimpleApplicationEventMulticaster.doInvokeListener(SimpleApplicationEventMulticaster.java:185)
		at org.springframework.context.event.SimpleApplicationEventMulticaster.invokeListener(SimpleApplicationEventMulticaster.java:178)
		at org.springframework.context.event.SimpleApplicationEventMulticaster.multicastEvent(SimpleApplicationEventMulticaster.java:156)
		at org.springframework.context.support.AbstractApplicationContext.publishEvent(AbstractApplicationContext.java:454)
		at org.springframework.context.support.AbstractApplicationContext.publishEvent(AbstractApplicationContext.java:387)
		at org.springframework.context.support.AbstractApplicationContext.finishRefresh(AbstractApplicationContext.java:1009)
		at org.springframework.context.support.AbstractApplicationContext.refresh(AbstractApplicationContext.java:630)
		at org.springframework.web.servlet.FrameworkServlet.configureAndRefreshWebApplicationContext(FrameworkServlet.java:706)
		at org.springframework.web.servlet.FrameworkServlet.createWebApplicationContext(FrameworkServlet.java:672)
		at org.springframework.web.servlet.FrameworkServlet.createWebApplicationContext(FrameworkServlet.java:720)
		at org.springframework.web.servlet.FrameworkServlet.initWebApplicationContext(FrameworkServlet.java:595)
		at org.springframework.web.servlet.FrameworkServlet.initServletBean(FrameworkServlet.java:537)
		at org.springframework.web.servlet.HttpServletBean.init(HttpServletBean.java:169)
		at jakarta.servlet.GenericServlet.init(GenericServlet.java:143)
		at jakarta.servlet.http.HttpServlet.init(HttpServlet.java:122)
		at org.apache.catalina.core.StandardWrapper.initServlet(StandardWrapper.java:817)
		at org.apache.catalina.core.StandardWrapper.loadServlet(StandardWrapper.java:787)
		at org.apache.catalina.core.StandardWrapper.load(StandardWrapper.java:691)
		at org.apache.catalina.core.StandardContext.loadOnStartup(StandardContext.java:4153)
		at org.apache.catalina.core.StandardContext.startInternal(StandardContext.java:4437)
		at org.apache.catalina.util.LifecycleBase.start(LifecycleBase.java:164)
		at org.apache.catalina.core.ContainerBase.addChild(ContainerBase.java:566)
		at org.apache.catalina.core.StandardHost.addChild(StandardHost.java:653)
		at org.apache.catalina.startup.HostConfig.deployWAR(HostConfig.java:933)
		at org.apache.catalina.startup.HostConfig$DeployWar.run(HostConfig.java:1875)
		at java.base/java.util.concurrent.Executors$RunnableAdapter.call(Executors.java:572)
		at java.base/java.util.concurrent.FutureTask.run(FutureTask.java:317)
		at org.apache.tomcat.util.threads.InlineExecutorService.execute(InlineExecutorService.java:75)
		at java.base/java.util.concurrent.AbstractExecutorService.submit(AbstractExecutorService.java:123)
		at org.apache.catalina.startup.HostConfig.deployWARs(HostConfig.java:735)
		at org.apache.catalina.startup.HostConfig.deployApps(HostConfig.java:387)
		at org.apache.catalina.startup.HostConfig.start(HostConfig.java:1593)
		at org.apache.catalina.startup.HostConfig.lifecycleEvent(HostConfig.java:267)
		at org.apache.catalina.util.LifecycleBase.fireLifecycleEvent(LifecycleBase.java:109)
		at org.apache.catalina.util.LifecycleBase.setStateInternal(LifecycleBase.java:389)
		at org.apache.catalina.util.LifecycleBase.setState(LifecycleBase.java:336)
		at org.apache.catalina.core.ContainerBase.startInternal(ContainerBase.java:743)
		at org.apache.catalina.core.StandardHost.startInternal(StandardHost.java:771)
		at org.apache.catalina.util.LifecycleBase.start(LifecycleBase.java:164)
		at org.apache.catalina.core.ContainerBase$StartChild.call(ContainerBase.java:1170)
		at org.apache.catalina.core.ContainerBase$StartChild.call(ContainerBase.java:1160)
		at java.base/java.util.concurrent.FutureTask.run(FutureTask.java:317)
		at org.apache.tomcat.util.threads.InlineExecutorService.execute(InlineExecutorService.java:75)
		at java.base/java.util.concurrent.AbstractExecutorService.submit(AbstractExecutorService.java:145)
		at org.apache.catalina.core.ContainerBase.startInternal(ContainerBase.java:716)
		at org.apache.catalina.core.StandardEngine.startInternal(StandardEngine.java:203)
		at org.apache.catalina.util.LifecycleBase.start(LifecycleBase.java:164)
		at org.apache.catalina.core.StandardService.startInternal(StandardService.java:415)
		at org.apache.catalina.util.LifecycleBase.start(LifecycleBase.java:164)
		at org.apache.catalina.core.StandardServer.startInternal(StandardServer.java:866)
		at org.apache.catalina.util.LifecycleBase.start(LifecycleBase.java:164)
		at org.apache.catalina.startup.Catalina.start(Catalina.java:759)
		at java.base/jdk.internal.reflect.DirectMethodHandleAccessor.invoke(DirectMethodHandleAccessor.java:103)
		at java.base/java.lang.reflect.Method.invoke(Method.java:580)
		at org.apache.catalina.startup.Bootstrap.start(Bootstrap.java:342)
		at org.apache.catalina.startup.Bootstrap.main(Bootstrap.java:470)
26-Jan-2025 23:41:58.984 INFO [main] org.apache.catalina.core.ApplicationContext.log ContextListener: contextInitialized()
26-Jan-2025 23:41:58.984 INFO [main] org.apache.catalina.core.ApplicationContext.log SessionListener: contextInitialized()
26-Jan-2025 23:41:58.986 INFO [main] org.apache.catalina.core.ApplicationContext.log ContextListener: attributeAdded('StockTicker', 'async.Stockticker@47184859')
26-Jan-2025 23:42:00.700 INFO [http-nio-8080-exec-1] org.apache.catalina.core.ApplicationContext.log Initializing Spring DispatcherServlet 'dispatcher'
26-Jan-2025 23:42:00.852 SEVERE [http-nio-8080-exec-1] org.apache.catalina.core.ApplicationContext.log Servlet.init() для сервлета [dispatcher] выбросил исключение
	org.springframework.jdbc.datasource.init.UncategorizedScriptException: Failed to execute database script
		at org.springframework.jdbc.datasource.init.DatabasePopulatorUtils.execute(DatabasePopulatorUtils.java:67)
		at org.springframework.jdbc.datasource.init.ResourceDatabasePopulator.execute(ResourceDatabasePopulator.java:269)
		at ru.yandex.practicum.configuration.DataSourceConfiguration.populate(DataSourceConfiguration.java:51)
		at java.base/jdk.internal.reflect.DirectMethodHandleAccessor.invoke(DirectMethodHandleAccessor.java:103)
		at java.base/java.lang.reflect.Method.invoke(Method.java:580)
		at org.springframework.context.event.ApplicationListenerMethodAdapter.doInvoke(ApplicationListenerMethodAdapter.java:382)
		at org.springframework.context.event.ApplicationListenerMethodAdapter.processEvent(ApplicationListenerMethodAdapter.java:254)
		at org.springframework.context.event.ApplicationListenerMethodAdapter.onApplicationEvent(ApplicationListenerMethodAdapter.java:173)
		at org.springframework.context.event.SimpleApplicationEventMulticaster.doInvokeListener(SimpleApplicationEventMulticaster.java:185)
		at org.springframework.context.event.SimpleApplicationEventMulticaster.invokeListener(SimpleApplicationEventMulticaster.java:178)
		at org.springframework.context.event.SimpleApplicationEventMulticaster.multicastEvent(SimpleApplicationEventMulticaster.java:156)
		at org.springframework.context.support.AbstractApplicationContext.publishEvent(AbstractApplicationContext.java:454)
		at org.springframework.context.support.AbstractApplicationContext.publishEvent(AbstractApplicationContext.java:387)
		at org.springframework.context.support.AbstractApplicationContext.finishRefresh(AbstractApplicationContext.java:1009)
		at org.springframework.context.support.AbstractApplicationContext.refresh(AbstractApplicationContext.java:630)
		at org.springframework.web.servlet.FrameworkServlet.configureAndRefreshWebApplicationContext(FrameworkServlet.java:706)
		at org.springframework.web.servlet.FrameworkServlet.createWebApplicationContext(FrameworkServlet.java:672)
		at org.springframework.web.servlet.FrameworkServlet.createWebApplicationContext(FrameworkServlet.java:720)
		at org.springframework.web.servlet.FrameworkServlet.initWebApplicationContext(FrameworkServlet.java:595)
		at org.springframework.web.servlet.FrameworkServlet.initServletBean(FrameworkServlet.java:537)
		at org.springframework.web.servlet.HttpServletBean.init(HttpServletBean.java:169)
		at jakarta.servlet.GenericServlet.init(GenericServlet.java:143)
		at jakarta.servlet.http.HttpServlet.init(HttpServlet.java:122)
		at org.apache.catalina.core.StandardWrapper.initServlet(StandardWrapper.java:817)
		at org.apache.catalina.core.StandardWrapper.loadServlet(StandardWrapper.java:787)
		at org.apache.catalina.core.StandardWrapper.allocate(StandardWrapper.java:568)
		at org.apache.catalina.core.StandardWrapperValve.invoke(StandardWrapperValve.java:115)
		at org.apache.catalina.core.StandardContextValve.invoke(StandardContextValve.java:79)
		at org.apache.catalina.authenticator.AuthenticatorBase.invoke(AuthenticatorBase.java:483)
		at org.apache.catalina.core.StandardHostValve.invoke(StandardHostValve.java:115)
		at org.apache.catalina.valves.ErrorReportValve.invoke(ErrorReportValve.java:93)
		at org.apache.catalina.valves.AbstractAccessLogValve.invoke(AbstractAccessLogValve.java:663)
		at org.apache.catalina.core.StandardEngineValve.invoke(StandardEngineValve.java:74)
		at org.apache.catalina.connector.CoyoteAdapter.service(CoyoteAdapter.java:342)
		at org.apache.coyote.http11.Http11Processor.service(Http11Processor.java:395)
		at org.apache.coyote.AbstractProcessorLight.process(AbstractProcessorLight.java:63)
		at org.apache.coyote.AbstractProtocol$ConnectionHandler.process(AbstractProtocol.java:905)
		at org.apache.tomcat.util.net.NioEndpoint$SocketProcessor.doRun(NioEndpoint.java:1746)
		at org.apache.tomcat.util.net.SocketProcessorBase.run(SocketProcessorBase.java:52)
		at org.apache.tomcat.util.threads.ThreadPoolExecutor.runWorker(ThreadPoolExecutor.java:1148)
		at org.apache.tomcat.util.threads.ThreadPoolExecutor$Worker.run(ThreadPoolExecutor.java:636)
		at org.apache.tomcat.util.threads.TaskThread$WrappingRunnable.run(TaskThread.java:63)
		at java.base/java.lang.Thread.run(Thread.java:1583)
	Caused by: org.springframework.jdbc.CannotGetJdbcConnectionException: Failed to obtain JDBC Connection
		at org.springframework.jdbc.datasource.DataSourceUtils.getConnection(DataSourceUtils.java:84)
		at org.springframework.jdbc.datasource.init.DatabasePopulatorUtils.execute(DatabasePopulatorUtils.java:52)
		... 42 more
	Caused by: org.postgresql.util.PSQLException: ВАЖНО: база данных "blog" не существует
		at org.postgresql.core.v3.QueryExecutorImpl.receiveErrorResponse(QueryExecutorImpl.java:2733)
		at org.postgresql.core.v3.QueryExecutorImpl.readStartupMessages(QueryExecutorImpl.java:2845)
		at org.postgresql.core.v3.QueryExecutorImpl.<init>(QueryExecutorImpl.java:176)
		at org.postgresql.core.v3.ConnectionFactoryImpl.openConnectionImpl(ConnectionFactoryImpl.java:323)
		at org.postgresql.core.ConnectionFactory.openConnection(ConnectionFactory.java:54)
		at org.postgresql.jdbc.PgConnection.<init>(PgConnection.java:273)
		at org.postgresql.Driver.makeConnection(Driver.java:446)
		at org.postgresql.Driver.connect(Driver.java:298)
		at java.sql/java.sql.DriverManager.getConnection(DriverManager.java:683)
		at java.sql/java.sql.DriverManager.getConnection(DriverManager.java:191)
		at org.springframework.jdbc.datasource.DriverManagerDataSource.getConnectionFromDriverManager(DriverManagerDataSource.java:155)
		at org.springframework.jdbc.datasource.DriverManagerDataSource.getConnectionFromDriver(DriverManagerDataSource.java:146)
		at org.springframework.jdbc.datasource.AbstractDriverBasedDataSource.getConnectionFromDriver(AbstractDriverBasedDataSource.java:205)
		at org.springframework.jdbc.datasource.AbstractDriverBasedDataSource.getConnection(AbstractDriverBasedDataSource.java:169)
		at org.springframework.jdbc.datasource.DataSourceUtils.fetchConnection(DataSourceUtils.java:160)
		at org.springframework.jdbc.datasource.DataSourceUtils.doGetConnection(DataSourceUtils.java:118)
		at org.springframework.jdbc.datasource.DataSourceUtils.getConnection(DataSourceUtils.java:81)
		... 43 more
26-Jan-2025 23:42:00.853 SEVERE [http-nio-8080-exec-1] org.apache.catalina.core.StandardWrapperValve.invoke Ошибка выделения для сервлета [dispatcher]
	org.postgresql.util.PSQLException: ВАЖНО: база данных "blog" не существует
		at org.postgresql.core.v3.QueryExecutorImpl.receiveErrorResponse(QueryExecutorImpl.java:2733)
		at org.postgresql.core.v3.QueryExecutorImpl.readStartupMessages(QueryExecutorImpl.java:2845)
		at org.postgresql.core.v3.QueryExecutorImpl.<init>(QueryExecutorImpl.java:176)
		at org.postgresql.core.v3.ConnectionFactoryImpl.openConnectionImpl(ConnectionFactoryImpl.java:323)
		at org.postgresql.core.ConnectionFactory.openConnection(ConnectionFactory.java:54)
		at org.postgresql.jdbc.PgConnection.<init>(PgConnection.java:273)
		at org.postgresql.Driver.makeConnection(Driver.java:446)
		at org.postgresql.Driver.connect(Driver.java:298)
		at java.sql/java.sql.DriverManager.getConnection(DriverManager.java:683)
		at java.sql/java.sql.DriverManager.getConnection(DriverManager.java:191)
		at org.springframework.jdbc.datasource.DriverManagerDataSource.getConnectionFromDriverManager(DriverManagerDataSource.java:155)
		at org.springframework.jdbc.datasource.DriverManagerDataSource.getConnectionFromDriver(DriverManagerDataSource.java:146)
		at org.springframework.jdbc.datasource.AbstractDriverBasedDataSource.getConnectionFromDriver(AbstractDriverBasedDataSource.java:205)
		at org.springframework.jdbc.datasource.AbstractDriverBasedDataSource.getConnection(AbstractDriverBasedDataSource.java:169)
		at org.springframework.jdbc.datasource.DataSourceUtils.fetchConnection(DataSourceUtils.java:160)
		at org.springframework.jdbc.datasource.DataSourceUtils.doGetConnection(DataSourceUtils.java:118)
		at org.springframework.jdbc.datasource.DataSourceUtils.getConnection(DataSourceUtils.java:81)
		at org.springframework.jdbc.datasource.init.DatabasePopulatorUtils.execute(DatabasePopulatorUtils.java:52)
		at org.springframework.jdbc.datasource.init.ResourceDatabasePopulator.execute(ResourceDatabasePopulator.java:269)
		at ru.yandex.practicum.configuration.DataSourceConfiguration.populate(DataSourceConfiguration.java:51)
		at java.base/jdk.internal.reflect.DirectMethodHandleAccessor.invoke(DirectMethodHandleAccessor.java:103)
		at java.base/java.lang.reflect.Method.invoke(Method.java:580)
		at org.springframework.context.event.ApplicationListenerMethodAdapter.doInvoke(ApplicationListenerMethodAdapter.java:382)
		at org.springframework.context.event.ApplicationListenerMethodAdapter.processEvent(ApplicationListenerMethodAdapter.java:254)
		at org.springframework.context.event.ApplicationListenerMethodAdapter.onApplicationEvent(ApplicationListenerMethodAdapter.java:173)
		at org.springframework.context.event.SimpleApplicationEventMulticaster.doInvokeListener(SimpleApplicationEventMulticaster.java:185)
		at org.springframework.context.event.SimpleApplicationEventMulticaster.invokeListener(SimpleApplicationEventMulticaster.java:178)
		at org.springframework.context.event.SimpleApplicationEventMulticaster.multicastEvent(SimpleApplicationEventMulticaster.java:156)
		at org.springframework.context.support.AbstractApplicationContext.publishEvent(AbstractApplicationContext.java:454)
		at org.springframework.context.support.AbstractApplicationContext.publishEvent(AbstractApplicationContext.java:387)
		at org.springframework.context.support.AbstractApplicationContext.finishRefresh(AbstractApplicationContext.java:1009)
		at org.springframework.context.support.AbstractApplicationContext.refresh(AbstractApplicationContext.java:630)
		at org.springframework.web.servlet.FrameworkServlet.configureAndRefreshWebApplicationContext(FrameworkServlet.java:706)
		at org.springframework.web.servlet.FrameworkServlet.createWebApplicationContext(FrameworkServlet.java:672)
		at org.springframework.web.servlet.FrameworkServlet.createWebApplicationContext(FrameworkServlet.java:720)
		at org.springframework.web.servlet.FrameworkServlet.initWebApplicationContext(FrameworkServlet.java:595)
		at org.springframework.web.servlet.FrameworkServlet.initServletBean(FrameworkServlet.java:537)
		at org.springframework.web.servlet.HttpServletBean.init(HttpServletBean.java:169)
		at jakarta.servlet.GenericServlet.init(GenericServlet.java:143)
		at jakarta.servlet.http.HttpServlet.init(HttpServlet.java:122)
		at org.apache.catalina.core.StandardWrapper.initServlet(StandardWrapper.java:817)
		at org.apache.catalina.core.StandardWrapper.loadServlet(StandardWrapper.java:787)
		at org.apache.catalina.core.StandardWrapper.allocate(StandardWrapper.java:568)
		at org.apache.catalina.core.StandardWrapperValve.invoke(StandardWrapperValve.java:115)
		at org.apache.catalina.core.StandardContextValve.invoke(StandardContextValve.java:79)
		at org.apache.catalina.authenticator.AuthenticatorBase.invoke(AuthenticatorBase.java:483)
		at org.apache.catalina.core.StandardHostValve.invoke(StandardHostValve.java:115)
		at org.apache.catalina.valves.ErrorReportValve.invoke(ErrorReportValve.java:93)
		at org.apache.catalina.valves.AbstractAccessLogValve.invoke(AbstractAccessLogValve.java:663)
		at org.apache.catalina.core.StandardEngineValve.invoke(StandardEngineValve.java:74)
		at org.apache.catalina.connector.CoyoteAdapter.service(CoyoteAdapter.java:342)
		at org.apache.coyote.http11.Http11Processor.service(Http11Processor.java:395)
		at org.apache.coyote.AbstractProcessorLight.process(AbstractProcessorLight.java:63)
		at org.apache.coyote.AbstractProtocol$ConnectionHandler.process(AbstractProtocol.java:905)
		at org.apache.tomcat.util.net.NioEndpoint$SocketProcessor.doRun(NioEndpoint.java:1746)
		at org.apache.tomcat.util.net.SocketProcessorBase.run(SocketProcessorBase.java:52)
		at org.apache.tomcat.util.threads.ThreadPoolExecutor.runWorker(ThreadPoolExecutor.java:1148)
		at org.apache.tomcat.util.threads.ThreadPoolExecutor$Worker.run(ThreadPoolExecutor.java:636)
		at org.apache.tomcat.util.threads.TaskThread$WrappingRunnable.run(TaskThread.java:63)
		at java.base/java.lang.Thread.run(Thread.java:1583)
26-Jan-2025 23:42:25.219 INFO [main] org.apache.catalina.core.ApplicationContext.log SessionListener: contextDestroyed()
26-Jan-2025 23:42:25.220 INFO [main] org.apache.catalina.core.ApplicationContext.log ContextListener: contextDestroyed()
26-Jan-2025 23:46:43.918 INFO [main] org.apache.catalina.core.ApplicationContext.log No Spring WebApplicationInitializer types detected on classpath
26-Jan-2025 23:46:44.068 INFO [main] org.apache.catalina.core.ApplicationContext.log Initializing Spring DispatcherServlet 'dispatcher'
26-Jan-2025 23:46:45.633 SEVERE [main] org.apache.catalina.core.ApplicationContext.log Servlet.init() для сервлета [dispatcher] выбросил исключение
	org.springframework.jdbc.datasource.init.UncategorizedScriptException: Failed to execute database script
		at org.springframework.jdbc.datasource.init.DatabasePopulatorUtils.execute(DatabasePopulatorUtils.java:67)
		at org.springframework.jdbc.datasource.init.ResourceDatabasePopulator.execute(ResourceDatabasePopulator.java:269)
		at ru.yandex.practicum.configuration.DataSourceConfiguration.populate(DataSourceConfiguration.java:51)
		at java.base/jdk.internal.reflect.DirectMethodHandleAccessor.invoke(DirectMethodHandleAccessor.java:103)
		at java.base/java.lang.reflect.Method.invoke(Method.java:580)
		at org.springframework.context.event.ApplicationListenerMethodAdapter.doInvoke(ApplicationListenerMethodAdapter.java:382)
		at org.springframework.context.event.ApplicationListenerMethodAdapter.processEvent(ApplicationListenerMethodAdapter.java:254)
		at org.springframework.context.event.ApplicationListenerMethodAdapter.onApplicationEvent(ApplicationListenerMethodAdapter.java:173)
		at org.springframework.context.event.SimpleApplicationEventMulticaster.doInvokeListener(SimpleApplicationEventMulticaster.java:185)
		at org.springframework.context.event.SimpleApplicationEventMulticaster.invokeListener(SimpleApplicationEventMulticaster.java:178)
		at org.springframework.context.event.SimpleApplicationEventMulticaster.multicastEvent(SimpleApplicationEventMulticaster.java:156)
		at org.springframework.context.support.AbstractApplicationContext.publishEvent(AbstractApplicationContext.java:454)
		at org.springframework.context.support.AbstractApplicationContext.publishEvent(AbstractApplicationContext.java:387)
		at org.springframework.context.support.AbstractApplicationContext.finishRefresh(AbstractApplicationContext.java:1009)
		at org.springframework.context.support.AbstractApplicationContext.refresh(AbstractApplicationContext.java:630)
		at org.springframework.web.servlet.FrameworkServlet.configureAndRefreshWebApplicationContext(FrameworkServlet.java:706)
		at org.springframework.web.servlet.FrameworkServlet.createWebApplicationContext(FrameworkServlet.java:672)
		at org.springframework.web.servlet.FrameworkServlet.createWebApplicationContext(FrameworkServlet.java:720)
		at org.springframework.web.servlet.FrameworkServlet.initWebApplicationContext(FrameworkServlet.java:595)
		at org.springframework.web.servlet.FrameworkServlet.initServletBean(FrameworkServlet.java:537)
		at org.springframework.web.servlet.HttpServletBean.init(HttpServletBean.java:169)
		at jakarta.servlet.GenericServlet.init(GenericServlet.java:143)
		at jakarta.servlet.http.HttpServlet.init(HttpServlet.java:122)
		at org.apache.catalina.core.StandardWrapper.initServlet(StandardWrapper.java:817)
		at org.apache.catalina.core.StandardWrapper.loadServlet(StandardWrapper.java:787)
		at org.apache.catalina.core.StandardWrapper.load(StandardWrapper.java:691)
		at org.apache.catalina.core.StandardContext.loadOnStartup(StandardContext.java:4153)
		at org.apache.catalina.core.StandardContext.startInternal(StandardContext.java:4437)
		at org.apache.catalina.util.LifecycleBase.start(LifecycleBase.java:164)
		at org.apache.catalina.core.ContainerBase.addChild(ContainerBase.java:566)
		at org.apache.catalina.core.StandardHost.addChild(StandardHost.java:653)
		at org.apache.catalina.startup.HostConfig.deployWAR(HostConfig.java:933)
		at org.apache.catalina.startup.HostConfig$DeployWar.run(HostConfig.java:1875)
		at java.base/java.util.concurrent.Executors$RunnableAdapter.call(Executors.java:572)
		at java.base/java.util.concurrent.FutureTask.run(FutureTask.java:317)
		at org.apache.tomcat.util.threads.InlineExecutorService.execute(InlineExecutorService.java:75)
		at java.base/java.util.concurrent.AbstractExecutorService.submit(AbstractExecutorService.java:123)
		at org.apache.catalina.startup.HostConfig.deployWARs(HostConfig.java:735)
		at org.apache.catalina.startup.HostConfig.deployApps(HostConfig.java:387)
		at org.apache.catalina.startup.HostConfig.start(HostConfig.java:1593)
		at org.apache.catalina.startup.HostConfig.lifecycleEvent(HostConfig.java:267)
		at org.apache.catalina.util.LifecycleBase.fireLifecycleEvent(LifecycleBase.java:109)
		at org.apache.catalina.util.LifecycleBase.setStateInternal(LifecycleBase.java:389)
		at org.apache.catalina.util.LifecycleBase.setState(LifecycleBase.java:336)
		at org.apache.catalina.core.ContainerBase.startInternal(ContainerBase.java:743)
		at org.apache.catalina.core.StandardHost.startInternal(StandardHost.java:771)
		at org.apache.catalina.util.LifecycleBase.start(LifecycleBase.java:164)
		at org.apache.catalina.core.ContainerBase$StartChild.call(ContainerBase.java:1170)
		at org.apache.catalina.core.ContainerBase$StartChild.call(ContainerBase.java:1160)
		at java.base/java.util.concurrent.FutureTask.run(FutureTask.java:317)
		at org.apache.tomcat.util.threads.InlineExecutorService.execute(InlineExecutorService.java:75)
		at java.base/java.util.concurrent.AbstractExecutorService.submit(AbstractExecutorService.java:145)
		at org.apache.catalina.core.ContainerBase.startInternal(ContainerBase.java:716)
		at org.apache.catalina.core.StandardEngine.startInternal(StandardEngine.java:203)
		at org.apache.catalina.util.LifecycleBase.start(LifecycleBase.java:164)
		at org.apache.catalina.core.StandardService.startInternal(StandardService.java:415)
		at org.apache.catalina.util.LifecycleBase.start(LifecycleBase.java:164)
		at org.apache.catalina.core.StandardServer.startInternal(StandardServer.java:866)
		at org.apache.catalina.util.LifecycleBase.start(LifecycleBase.java:164)
		at org.apache.catalina.startup.Catalina.start(Catalina.java:759)
		at java.base/jdk.internal.reflect.DirectMethodHandleAccessor.invoke(DirectMethodHandleAccessor.java:103)
		at java.base/java.lang.reflect.Method.invoke(Method.java:580)
		at org.apache.catalina.startup.Bootstrap.start(Bootstrap.java:342)
		at org.apache.catalina.startup.Bootstrap.main(Bootstrap.java:470)
	Caused by: org.springframework.jdbc.CannotGetJdbcConnectionException: Failed to obtain JDBC Connection
		at org.springframework.jdbc.datasource.DataSourceUtils.getConnection(DataSourceUtils.java:84)
		at org.springframework.jdbc.datasource.init.DatabasePopulatorUtils.execute(DatabasePopulatorUtils.java:52)
		... 63 more
	Caused by: org.postgresql.util.PSQLException: ВАЖНО: база данных "blog" не существует
		at org.postgresql.core.v3.QueryExecutorImpl.receiveErrorResponse(QueryExecutorImpl.java:2733)
		at org.postgresql.core.v3.QueryExecutorImpl.readStartupMessages(QueryExecutorImpl.java:2845)
		at org.postgresql.core.v3.QueryExecutorImpl.<init>(QueryExecutorImpl.java:176)
		at org.postgresql.core.v3.ConnectionFactoryImpl.openConnectionImpl(ConnectionFactoryImpl.java:323)
		at org.postgresql.core.ConnectionFactory.openConnection(ConnectionFactory.java:54)
		at org.postgresql.jdbc.PgConnection.<init>(PgConnection.java:273)
		at org.postgresql.Driver.makeConnection(Driver.java:446)
		at org.postgresql.Driver.connect(Driver.java:298)
		at java.sql/java.sql.DriverManager.getConnection(DriverManager.java:683)
		at java.sql/java.sql.DriverManager.getConnection(DriverManager.java:191)
		at org.springframework.jdbc.datasource.DriverManagerDataSource.getConnectionFromDriverManager(DriverManagerDataSource.java:155)
		at org.springframework.jdbc.datasource.DriverManagerDataSource.getConnectionFromDriver(DriverManagerDataSource.java:146)
		at org.springframework.jdbc.datasource.AbstractDriverBasedDataSource.getConnectionFromDriver(AbstractDriverBasedDataSource.java:205)
		at org.springframework.jdbc.datasource.AbstractDriverBasedDataSource.getConnection(AbstractDriverBasedDataSource.java:169)
		at org.springframework.jdbc.datasource.DataSourceUtils.fetchConnection(DataSourceUtils.java:160)
		at org.springframework.jdbc.datasource.DataSourceUtils.doGetConnection(DataSourceUtils.java:118)
		at org.springframework.jdbc.datasource.DataSourceUtils.getConnection(DataSourceUtils.java:81)
		... 64 more
26-Jan-2025 23:46:45.633 SEVERE [main] org.apache.catalina.core.StandardContext.loadOnStartup Servlet [dispatcher] in web application [/blog] threw load() exception
	org.postgresql.util.PSQLException: ВАЖНО: база данных "blog" не существует
		at org.postgresql.core.v3.QueryExecutorImpl.receiveErrorResponse(QueryExecutorImpl.java:2733)
		at org.postgresql.core.v3.QueryExecutorImpl.readStartupMessages(QueryExecutorImpl.java:2845)
		at org.postgresql.core.v3.QueryExecutorImpl.<init>(QueryExecutorImpl.java:176)
		at org.postgresql.core.v3.ConnectionFactoryImpl.openConnectionImpl(ConnectionFactoryImpl.java:323)
		at org.postgresql.core.ConnectionFactory.openConnection(ConnectionFactory.java:54)
		at org.postgresql.jdbc.PgConnection.<init>(PgConnection.java:273)
		at org.postgresql.Driver.makeConnection(Driver.java:446)
		at org.postgresql.Driver.connect(Driver.java:298)
		at java.sql/java.sql.DriverManager.getConnection(DriverManager.java:683)
		at java.sql/java.sql.DriverManager.getConnection(DriverManager.java:191)
		at org.springframework.jdbc.datasource.DriverManagerDataSource.getConnectionFromDriverManager(DriverManagerDataSource.java:155)
		at org.springframework.jdbc.datasource.DriverManagerDataSource.getConnectionFromDriver(DriverManagerDataSource.java:146)
		at org.springframework.jdbc.datasource.AbstractDriverBasedDataSource.getConnectionFromDriver(AbstractDriverBasedDataSource.java:205)
		at org.springframework.jdbc.datasource.AbstractDriverBasedDataSource.getConnection(AbstractDriverBasedDataSource.java:169)
		at org.springframework.jdbc.datasource.DataSourceUtils.fetchConnection(DataSourceUtils.java:160)
		at org.springframework.jdbc.datasource.DataSourceUtils.doGetConnection(DataSourceUtils.java:118)
		at org.springframework.jdbc.datasource.DataSourceUtils.getConnection(DataSourceUtils.java:81)
		at org.springframework.jdbc.datasource.init.DatabasePopulatorUtils.execute(DatabasePopulatorUtils.java:52)
		at org.springframework.jdbc.datasource.init.ResourceDatabasePopulator.execute(ResourceDatabasePopulator.java:269)
		at ru.yandex.practicum.configuration.DataSourceConfiguration.populate(DataSourceConfiguration.java:51)
		at java.base/jdk.internal.reflect.DirectMethodHandleAccessor.invoke(DirectMethodHandleAccessor.java:103)
		at java.base/java.lang.reflect.Method.invoke(Method.java:580)
		at org.springframework.context.event.ApplicationListenerMethodAdapter.doInvoke(ApplicationListenerMethodAdapter.java:382)
		at org.springframework.context.event.ApplicationListenerMethodAdapter.processEvent(ApplicationListenerMethodAdapter.java:254)
		at org.springframework.context.event.ApplicationListenerMethodAdapter.onApplicationEvent(ApplicationListenerMethodAdapter.java:173)
		at org.springframework.context.event.SimpleApplicationEventMulticaster.doInvokeListener(SimpleApplicationEventMulticaster.java:185)
		at org.springframework.context.event.SimpleApplicationEventMulticaster.invokeListener(SimpleApplicationEventMulticaster.java:178)
		at org.springframework.context.event.SimpleApplicationEventMulticaster.multicastEvent(SimpleApplicationEventMulticaster.java:156)
		at org.springframework.context.support.AbstractApplicationContext.publishEvent(AbstractApplicationContext.java:454)
		at org.springframework.context.support.AbstractApplicationContext.publishEvent(AbstractApplicationContext.java:387)
		at org.springframework.context.support.AbstractApplicationContext.finishRefresh(AbstractApplicationContext.java:1009)
		at org.springframework.context.support.AbstractApplicationContext.refresh(AbstractApplicationContext.java:630)
		at org.springframework.web.servlet.FrameworkServlet.configureAndRefreshWebApplicationContext(FrameworkServlet.java:706)
		at org.springframework.web.servlet.FrameworkServlet.createWebApplicationContext(FrameworkServlet.java:672)
		at org.springframework.web.servlet.FrameworkServlet.createWebApplicationContext(FrameworkServlet.java:720)
		at org.springframework.web.servlet.FrameworkServlet.initWebApplicationContext(FrameworkServlet.java:595)
		at org.springframework.web.servlet.FrameworkServlet.initServletBean(FrameworkServlet.java:537)
		at org.springframework.web.servlet.HttpServletBean.init(HttpServletBean.java:169)
		at jakarta.servlet.GenericServlet.init(GenericServlet.java:143)
		at jakarta.servlet.http.HttpServlet.init(HttpServlet.java:122)
		at org.apache.catalina.core.StandardWrapper.initServlet(StandardWrapper.java:817)
		at org.apache.catalina.core.StandardWrapper.loadServlet(StandardWrapper.java:787)
		at org.apache.catalina.core.StandardWrapper.load(StandardWrapper.java:691)
		at org.apache.catalina.core.StandardContext.loadOnStartup(StandardContext.java:4153)
		at org.apache.catalina.core.StandardContext.startInternal(StandardContext.java:4437)
		at org.apache.catalina.util.LifecycleBase.start(LifecycleBase.java:164)
		at org.apache.catalina.core.ContainerBase.addChild(ContainerBase.java:566)
		at org.apache.catalina.core.StandardHost.addChild(StandardHost.java:653)
		at org.apache.catalina.startup.HostConfig.deployWAR(HostConfig.java:933)
		at org.apache.catalina.startup.HostConfig$DeployWar.run(HostConfig.java:1875)
		at java.base/java.util.concurrent.Executors$RunnableAdapter.call(Executors.java:572)
		at java.base/java.util.concurrent.FutureTask.run(FutureTask.java:317)
		at org.apache.tomcat.util.threads.InlineExecutorService.execute(InlineExecutorService.java:75)
		at java.base/java.util.concurrent.AbstractExecutorService.submit(AbstractExecutorService.java:123)
		at org.apache.catalina.startup.HostConfig.deployWARs(HostConfig.java:735)
		at org.apache.catalina.startup.HostConfig.deployApps(HostConfig.java:387)
		at org.apache.catalina.startup.HostConfig.start(HostConfig.java:1593)
		at org.apache.catalina.startup.HostConfig.lifecycleEvent(HostConfig.java:267)
		at org.apache.catalina.util.LifecycleBase.fireLifecycleEvent(LifecycleBase.java:109)
		at org.apache.catalina.util.LifecycleBase.setStateInternal(LifecycleBase.java:389)
		at org.apache.catalina.util.LifecycleBase.setState(LifecycleBase.java:336)
		at org.apache.catalina.core.ContainerBase.startInternal(ContainerBase.java:743)
		at org.apache.catalina.core.StandardHost.startInternal(StandardHost.java:771)
		at org.apache.catalina.util.LifecycleBase.start(LifecycleBase.java:164)
		at org.apache.catalina.core.ContainerBase$StartChild.call(ContainerBase.java:1170)
		at org.apache.catalina.core.ContainerBase$StartChild.call(ContainerBase.java:1160)
		at java.base/java.util.concurrent.FutureTask.run(FutureTask.java:317)
		at org.apache.tomcat.util.threads.InlineExecutorService.execute(InlineExecutorService.java:75)
		at java.base/java.util.concurrent.AbstractExecutorService.submit(AbstractExecutorService.java:145)
		at org.apache.catalina.core.ContainerBase.startInternal(ContainerBase.java:716)
		at org.apache.catalina.core.StandardEngine.startInternal(StandardEngine.java:203)
		at org.apache.catalina.util.LifecycleBase.start(LifecycleBase.java:164)
		at org.apache.catalina.core.StandardService.startInternal(StandardService.java:415)
		at org.apache.catalina.util.LifecycleBase.start(LifecycleBase.java:164)
		at org.apache.catalina.core.StandardServer.startInternal(StandardServer.java:866)
		at org.apache.catalina.util.LifecycleBase.start(LifecycleBase.java:164)
		at org.apache.catalina.startup.Catalina.start(Catalina.java:759)
		at java.base/jdk.internal.reflect.DirectMethodHandleAccessor.invoke(DirectMethodHandleAccessor.java:103)
		at java.base/java.lang.reflect.Method.invoke(Method.java:580)
		at org.apache.catalina.startup.Bootstrap.start(Bootstrap.java:342)
		at org.apache.catalina.startup.Bootstrap.main(Bootstrap.java:470)
26-Jan-2025 23:46:45.997 INFO [main] org.apache.catalina.core.ApplicationContext.log ContextListener: contextInitialized()
26-Jan-2025 23:46:45.998 INFO [main] org.apache.catalina.core.ApplicationContext.log SessionListener: contextInitialized()
26-Jan-2025 23:46:45.999 INFO [main] org.apache.catalina.core.ApplicationContext.log ContextListener: attributeAdded('StockTicker', 'async.Stockticker@73cd3b8')
26-Jan-2025 23:46:47.217 INFO [http-nio-8080-exec-1] org.apache.catalina.core.ApplicationContext.log Initializing Spring DispatcherServlet 'dispatcher'
26-Jan-2025 23:46:47.381 SEVERE [http-nio-8080-exec-1] org.apache.catalina.core.ApplicationContext.log Servlet.init() для сервлета [dispatcher] выбросил исключение
	org.springframework.jdbc.datasource.init.UncategorizedScriptException: Failed to execute database script
		at org.springframework.jdbc.datasource.init.DatabasePopulatorUtils.execute(DatabasePopulatorUtils.java:67)
		at org.springframework.jdbc.datasource.init.ResourceDatabasePopulator.execute(ResourceDatabasePopulator.java:269)
		at ru.yandex.practicum.configuration.DataSourceConfiguration.populate(DataSourceConfiguration.java:51)
		at java.base/jdk.internal.reflect.DirectMethodHandleAccessor.invoke(DirectMethodHandleAccessor.java:103)
		at java.base/java.lang.reflect.Method.invoke(Method.java:580)
		at org.springframework.context.event.ApplicationListenerMethodAdapter.doInvoke(ApplicationListenerMethodAdapter.java:382)
		at org.springframework.context.event.ApplicationListenerMethodAdapter.processEvent(ApplicationListenerMethodAdapter.java:254)
		at org.springframework.context.event.ApplicationListenerMethodAdapter.onApplicationEvent(ApplicationListenerMethodAdapter.java:173)
		at org.springframework.context.event.SimpleApplicationEventMulticaster.doInvokeListener(SimpleApplicationEventMulticaster.java:185)
		at org.springframework.context.event.SimpleApplicationEventMulticaster.invokeListener(SimpleApplicationEventMulticaster.java:178)
		at org.springframework.context.event.SimpleApplicationEventMulticaster.multicastEvent(SimpleApplicationEventMulticaster.java:156)
		at org.springframework.context.support.AbstractApplicationContext.publishEvent(AbstractApplicationContext.java:454)
		at org.springframework.context.support.AbstractApplicationContext.publishEvent(AbstractApplicationContext.java:387)
		at org.springframework.context.support.AbstractApplicationContext.finishRefresh(AbstractApplicationContext.java:1009)
		at org.springframework.context.support.AbstractApplicationContext.refresh(AbstractApplicationContext.java:630)
		at org.springframework.web.servlet.FrameworkServlet.configureAndRefreshWebApplicationContext(FrameworkServlet.java:706)
		at org.springframework.web.servlet.FrameworkServlet.createWebApplicationContext(FrameworkServlet.java:672)
		at org.springframework.web.servlet.FrameworkServlet.createWebApplicationContext(FrameworkServlet.java:720)
		at org.springframework.web.servlet.FrameworkServlet.initWebApplicationContext(FrameworkServlet.java:595)
		at org.springframework.web.servlet.FrameworkServlet.initServletBean(FrameworkServlet.java:537)
		at org.springframework.web.servlet.HttpServletBean.init(HttpServletBean.java:169)
		at jakarta.servlet.GenericServlet.init(GenericServlet.java:143)
		at jakarta.servlet.http.HttpServlet.init(HttpServlet.java:122)
		at org.apache.catalina.core.StandardWrapper.initServlet(StandardWrapper.java:817)
		at org.apache.catalina.core.StandardWrapper.loadServlet(StandardWrapper.java:787)
		at org.apache.catalina.core.StandardWrapper.allocate(StandardWrapper.java:568)
		at org.apache.catalina.core.StandardWrapperValve.invoke(StandardWrapperValve.java:115)
		at org.apache.catalina.core.StandardContextValve.invoke(StandardContextValve.java:79)
		at org.apache.catalina.authenticator.AuthenticatorBase.invoke(AuthenticatorBase.java:483)
		at org.apache.catalina.core.StandardHostValve.invoke(StandardHostValve.java:115)
		at org.apache.catalina.valves.ErrorReportValve.invoke(ErrorReportValve.java:93)
		at org.apache.catalina.valves.AbstractAccessLogValve.invoke(AbstractAccessLogValve.java:663)
		at org.apache.catalina.core.StandardEngineValve.invoke(StandardEngineValve.java:74)
		at org.apache.catalina.connector.CoyoteAdapter.service(CoyoteAdapter.java:342)
		at org.apache.coyote.http11.Http11Processor.service(Http11Processor.java:395)
		at org.apache.coyote.AbstractProcessorLight.process(AbstractProcessorLight.java:63)
		at org.apache.coyote.AbstractProtocol$ConnectionHandler.process(AbstractProtocol.java:905)
		at org.apache.tomcat.util.net.NioEndpoint$SocketProcessor.doRun(NioEndpoint.java:1746)
		at org.apache.tomcat.util.net.SocketProcessorBase.run(SocketProcessorBase.java:52)
		at org.apache.tomcat.util.threads.ThreadPoolExecutor.runWorker(ThreadPoolExecutor.java:1148)
		at org.apache.tomcat.util.threads.ThreadPoolExecutor$Worker.run(ThreadPoolExecutor.java:636)
		at org.apache.tomcat.util.threads.TaskThread$WrappingRunnable.run(TaskThread.java:63)
		at java.base/java.lang.Thread.run(Thread.java:1583)
	Caused by: org.springframework.jdbc.CannotGetJdbcConnectionException: Failed to obtain JDBC Connection
		at org.springframework.jdbc.datasource.DataSourceUtils.getConnection(DataSourceUtils.java:84)
		at org.springframework.jdbc.datasource.init.DatabasePopulatorUtils.execute(DatabasePopulatorUtils.java:52)
		... 42 more
	Caused by: org.postgresql.util.PSQLException: ВАЖНО: база данных "blog" не существует
		at org.postgresql.core.v3.QueryExecutorImpl.receiveErrorResponse(QueryExecutorImpl.java:2733)
		at org.postgresql.core.v3.QueryExecutorImpl.readStartupMessages(QueryExecutorImpl.java:2845)
		at org.postgresql.core.v3.QueryExecutorImpl.<init>(QueryExecutorImpl.java:176)
		at org.postgresql.core.v3.ConnectionFactoryImpl.openConnectionImpl(ConnectionFactoryImpl.java:323)
		at org.postgresql.core.ConnectionFactory.openConnection(ConnectionFactory.java:54)
		at org.postgresql.jdbc.PgConnection.<init>(PgConnection.java:273)
		at org.postgresql.Driver.makeConnection(Driver.java:446)
		at org.postgresql.Driver.connect(Driver.java:298)
		at java.sql/java.sql.DriverManager.getConnection(DriverManager.java:683)
		at java.sql/java.sql.DriverManager.getConnection(DriverManager.java:191)
		at org.springframework.jdbc.datasource.DriverManagerDataSource.getConnectionFromDriverManager(DriverManagerDataSource.java:155)
		at org.springframework.jdbc.datasource.DriverManagerDataSource.getConnectionFromDriver(DriverManagerDataSource.java:146)
		at org.springframework.jdbc.datasource.AbstractDriverBasedDataSource.getConnectionFromDriver(AbstractDriverBasedDataSource.java:205)
		at org.springframework.jdbc.datasource.AbstractDriverBasedDataSource.getConnection(AbstractDriverBasedDataSource.java:169)
		at org.springframework.jdbc.datasource.DataSourceUtils.fetchConnection(DataSourceUtils.java:160)
		at org.springframework.jdbc.datasource.DataSourceUtils.doGetConnection(DataSourceUtils.java:118)
		at org.springframework.jdbc.datasource.DataSourceUtils.getConnection(DataSourceUtils.java:81)
		... 43 more
26-Jan-2025 23:46:47.381 SEVERE [http-nio-8080-exec-1] org.apache.catalina.core.StandardWrapperValve.invoke Ошибка выделения для сервлета [dispatcher]
	org.postgresql.util.PSQLException: ВАЖНО: база данных "blog" не существует
		at org.postgresql.core.v3.QueryExecutorImpl.receiveErrorResponse(QueryExecutorImpl.java:2733)
		at org.postgresql.core.v3.QueryExecutorImpl.readStartupMessages(QueryExecutorImpl.java:2845)
		at org.postgresql.core.v3.QueryExecutorImpl.<init>(QueryExecutorImpl.java:176)
		at org.postgresql.core.v3.ConnectionFactoryImpl.openConnectionImpl(ConnectionFactoryImpl.java:323)
		at org.postgresql.core.ConnectionFactory.openConnection(ConnectionFactory.java:54)
		at org.postgresql.jdbc.PgConnection.<init>(PgConnection.java:273)
		at org.postgresql.Driver.makeConnection(Driver.java:446)
		at org.postgresql.Driver.connect(Driver.java:298)
		at java.sql/java.sql.DriverManager.getConnection(DriverManager.java:683)
		at java.sql/java.sql.DriverManager.getConnection(DriverManager.java:191)
		at org.springframework.jdbc.datasource.DriverManagerDataSource.getConnectionFromDriverManager(DriverManagerDataSource.java:155)
		at org.springframework.jdbc.datasource.DriverManagerDataSource.getConnectionFromDriver(DriverManagerDataSource.java:146)
		at org.springframework.jdbc.datasource.AbstractDriverBasedDataSource.getConnectionFromDriver(AbstractDriverBasedDataSource.java:205)
		at org.springframework.jdbc.datasource.AbstractDriverBasedDataSource.getConnection(AbstractDriverBasedDataSource.java:169)
		at org.springframework.jdbc.datasource.DataSourceUtils.fetchConnection(DataSourceUtils.java:160)
		at org.springframework.jdbc.datasource.DataSourceUtils.doGetConnection(DataSourceUtils.java:118)
		at org.springframework.jdbc.datasource.DataSourceUtils.getConnection(DataSourceUtils.java:81)
		at org.springframework.jdbc.datasource.init.DatabasePopulatorUtils.execute(DatabasePopulatorUtils.java:52)
		at org.springframework.jdbc.datasource.init.ResourceDatabasePopulator.execute(ResourceDatabasePopulator.java:269)
		at ru.yandex.practicum.configuration.DataSourceConfiguration.populate(DataSourceConfiguration.java:51)
		at java.base/jdk.internal.reflect.DirectMethodHandleAccessor.invoke(DirectMethodHandleAccessor.java:103)
		at java.base/java.lang.reflect.Method.invoke(Method.java:580)
		at org.springframework.context.event.ApplicationListenerMethodAdapter.doInvoke(ApplicationListenerMethodAdapter.java:382)
		at org.springframework.context.event.ApplicationListenerMethodAdapter.processEvent(ApplicationListenerMethodAdapter.java:254)
		at org.springframework.context.event.ApplicationListenerMethodAdapter.onApplicationEvent(ApplicationListenerMethodAdapter.java:173)
		at org.springframework.context.event.SimpleApplicationEventMulticaster.doInvokeListener(SimpleApplicationEventMulticaster.java:185)
		at org.springframework.context.event.SimpleApplicationEventMulticaster.invokeListener(SimpleApplicationEventMulticaster.java:178)
		at org.springframework.context.event.SimpleApplicationEventMulticaster.multicastEvent(SimpleApplicationEventMulticaster.java:156)
		at org.springframework.context.support.AbstractApplicationContext.publishEvent(AbstractApplicationContext.java:454)
		at org.springframework.context.support.AbstractApplicationContext.publishEvent(AbstractApplicationContext.java:387)
		at org.springframework.context.support.AbstractApplicationContext.finishRefresh(AbstractApplicationContext.java:1009)
		at org.springframework.context.support.AbstractApplicationContext.refresh(AbstractApplicationContext.java:630)
		at org.springframework.web.servlet.FrameworkServlet.configureAndRefreshWebApplicationContext(FrameworkServlet.java:706)
		at org.springframework.web.servlet.FrameworkServlet.createWebApplicationContext(FrameworkServlet.java:672)
		at org.springframework.web.servlet.FrameworkServlet.createWebApplicationContext(FrameworkServlet.java:720)
		at org.springframework.web.servlet.FrameworkServlet.initWebApplicationContext(FrameworkServlet.java:595)
		at org.springframework.web.servlet.FrameworkServlet.initServletBean(FrameworkServlet.java:537)
		at org.springframework.web.servlet.HttpServletBean.init(HttpServletBean.java:169)
		at jakarta.servlet.GenericServlet.init(GenericServlet.java:143)
		at jakarta.servlet.http.HttpServlet.init(HttpServlet.java:122)
		at org.apache.catalina.core.StandardWrapper.initServlet(StandardWrapper.java:817)
		at org.apache.catalina.core.StandardWrapper.loadServlet(StandardWrapper.java:787)
		at org.apache.catalina.core.StandardWrapper.allocate(StandardWrapper.java:568)
		at org.apache.catalina.core.StandardWrapperValve.invoke(StandardWrapperValve.java:115)
		at org.apache.catalina.core.StandardContextValve.invoke(StandardContextValve.java:79)
		at org.apache.catalina.authenticator.AuthenticatorBase.invoke(AuthenticatorBase.java:483)
		at org.apache.catalina.core.StandardHostValve.invoke(StandardHostValve.java:115)
		at org.apache.catalina.valves.ErrorReportValve.invoke(ErrorReportValve.java:93)
		at org.apache.catalina.valves.AbstractAccessLogValve.invoke(AbstractAccessLogValve.java:663)
		at org.apache.catalina.core.StandardEngineValve.invoke(StandardEngineValve.java:74)
		at org.apache.catalina.connector.CoyoteAdapter.service(CoyoteAdapter.java:342)
		at org.apache.coyote.http11.Http11Processor.service(Http11Processor.java:395)
		at org.apache.coyote.AbstractProcessorLight.process(AbstractProcessorLight.java:63)
		at org.apache.coyote.AbstractProtocol$ConnectionHandler.process(AbstractProtocol.java:905)
		at org.apache.tomcat.util.net.NioEndpoint$SocketProcessor.doRun(NioEndpoint.java:1746)
		at org.apache.tomcat.util.net.SocketProcessorBase.run(SocketProcessorBase.java:52)
		at org.apache.tomcat.util.threads.ThreadPoolExecutor.runWorker(ThreadPoolExecutor.java:1148)
		at org.apache.tomcat.util.threads.ThreadPoolExecutor$Worker.run(ThreadPoolExecutor.java:636)
		at org.apache.tomcat.util.threads.TaskThread$WrappingRunnable.run(TaskThread.java:63)
		at java.base/java.lang.Thread.run(Thread.java:1583)
26-Jan-2025 23:54:02.076 INFO [main] org.apache.catalina.core.ApplicationContext.log SessionListener: contextDestroyed()
26-Jan-2025 23:54:02.076 INFO [main] org.apache.catalina.core.ApplicationContext.log ContextListener: contextDestroyed()
26-Jan-2025 23:54:11.760 INFO [main] org.apache.catalina.core.ApplicationContext.log No Spring WebApplicationInitializer types detected on classpath
26-Jan-2025 23:54:11.965 INFO [main] org.apache.catalina.core.ApplicationContext.log Initializing Spring DispatcherServlet 'dispatcher'
26-Jan-2025 23:54:13.333 SEVERE [main] org.apache.catalina.core.ApplicationContext.log Servlet.init() для сервлета [dispatcher] выбросил исключение
	org.springframework.jdbc.datasource.init.UncategorizedScriptException: Failed to execute database script
		at org.springframework.jdbc.datasource.init.DatabasePopulatorUtils.execute(DatabasePopulatorUtils.java:67)
		at org.springframework.jdbc.datasource.init.ResourceDatabasePopulator.execute(ResourceDatabasePopulator.java:269)
		at ru.yandex.practicum.configuration.DataSourceConfiguration.populate(DataSourceConfiguration.java:51)
		at java.base/jdk.internal.reflect.DirectMethodHandleAccessor.invoke(DirectMethodHandleAccessor.java:103)
		at java.base/java.lang.reflect.Method.invoke(Method.java:580)
		at org.springframework.context.event.ApplicationListenerMethodAdapter.doInvoke(ApplicationListenerMethodAdapter.java:382)
		at org.springframework.context.event.ApplicationListenerMethodAdapter.processEvent(ApplicationListenerMethodAdapter.java:254)
		at org.springframework.context.event.ApplicationListenerMethodAdapter.onApplicationEvent(ApplicationListenerMethodAdapter.java:173)
		at org.springframework.context.event.SimpleApplicationEventMulticaster.doInvokeListener(SimpleApplicationEventMulticaster.java:185)
		at org.springframework.context.event.SimpleApplicationEventMulticaster.invokeListener(SimpleApplicationEventMulticaster.java:178)
		at org.springframework.context.event.SimpleApplicationEventMulticaster.multicastEvent(SimpleApplicationEventMulticaster.java:156)
		at org.springframework.context.support.AbstractApplicationContext.publishEvent(AbstractApplicationContext.java:454)
		at org.springframework.context.support.AbstractApplicationContext.publishEvent(AbstractApplicationContext.java:387)
		at org.springframework.context.support.AbstractApplicationContext.finishRefresh(AbstractApplicationContext.java:1009)
		at org.springframework.context.support.AbstractApplicationContext.refresh(AbstractApplicationContext.java:630)
		at org.springframework.web.servlet.FrameworkServlet.configureAndRefreshWebApplicationContext(FrameworkServlet.java:706)
		at org.springframework.web.servlet.FrameworkServlet.createWebApplicationContext(FrameworkServlet.java:672)
		at org.springframework.web.servlet.FrameworkServlet.createWebApplicationContext(FrameworkServlet.java:720)
		at org.springframework.web.servlet.FrameworkServlet.initWebApplicationContext(FrameworkServlet.java:595)
		at org.springframework.web.servlet.FrameworkServlet.initServletBean(FrameworkServlet.java:537)
		at org.springframework.web.servlet.HttpServletBean.init(HttpServletBean.java:169)
		at jakarta.servlet.GenericServlet.init(GenericServlet.java:143)
		at jakarta.servlet.http.HttpServlet.init(HttpServlet.java:122)
		at org.apache.catalina.core.StandardWrapper.initServlet(StandardWrapper.java:817)
		at org.apache.catalina.core.StandardWrapper.loadServlet(StandardWrapper.java:787)
		at org.apache.catalina.core.StandardWrapper.load(StandardWrapper.java:691)
		at org.apache.catalina.core.StandardContext.loadOnStartup(StandardContext.java:4153)
		at org.apache.catalina.core.StandardContext.startInternal(StandardContext.java:4437)
		at org.apache.catalina.util.LifecycleBase.start(LifecycleBase.java:164)
		at org.apache.catalina.core.ContainerBase.addChild(ContainerBase.java:566)
		at org.apache.catalina.core.StandardHost.addChild(StandardHost.java:653)
		at org.apache.catalina.startup.HostConfig.deployWAR(HostConfig.java:933)
		at org.apache.catalina.startup.HostConfig$DeployWar.run(HostConfig.java:1875)
		at java.base/java.util.concurrent.Executors$RunnableAdapter.call(Executors.java:572)
		at java.base/java.util.concurrent.FutureTask.run(FutureTask.java:317)
		at org.apache.tomcat.util.threads.InlineExecutorService.execute(InlineExecutorService.java:75)
		at java.base/java.util.concurrent.AbstractExecutorService.submit(AbstractExecutorService.java:123)
		at org.apache.catalina.startup.HostConfig.deployWARs(HostConfig.java:735)
		at org.apache.catalina.startup.HostConfig.deployApps(HostConfig.java:387)
		at org.apache.catalina.startup.HostConfig.start(HostConfig.java:1593)
		at org.apache.catalina.startup.HostConfig.lifecycleEvent(HostConfig.java:267)
		at org.apache.catalina.util.LifecycleBase.fireLifecycleEvent(LifecycleBase.java:109)
		at org.apache.catalina.util.LifecycleBase.setStateInternal(LifecycleBase.java:389)
		at org.apache.catalina.util.LifecycleBase.setState(LifecycleBase.java:336)
		at org.apache.catalina.core.ContainerBase.startInternal(ContainerBase.java:743)
		at org.apache.catalina.core.StandardHost.startInternal(StandardHost.java:771)
		at org.apache.catalina.util.LifecycleBase.start(LifecycleBase.java:164)
		at org.apache.catalina.core.ContainerBase$StartChild.call(ContainerBase.java:1170)
		at org.apache.catalina.core.ContainerBase$StartChild.call(ContainerBase.java:1160)
		at java.base/java.util.concurrent.FutureTask.run(FutureTask.java:317)
		at org.apache.tomcat.util.threads.InlineExecutorService.execute(InlineExecutorService.java:75)
		at java.base/java.util.concurrent.AbstractExecutorService.submit(AbstractExecutorService.java:145)
		at org.apache.catalina.core.ContainerBase.startInternal(ContainerBase.java:716)
		at org.apache.catalina.core.StandardEngine.startInternal(StandardEngine.java:203)
		at org.apache.catalina.util.LifecycleBase.start(LifecycleBase.java:164)
		at org.apache.catalina.core.StandardService.startInternal(StandardService.java:415)
		at org.apache.catalina.util.LifecycleBase.start(LifecycleBase.java:164)
		at org.apache.catalina.core.StandardServer.startInternal(StandardServer.java:866)
		at org.apache.catalina.util.LifecycleBase.start(LifecycleBase.java:164)
		at org.apache.catalina.startup.Catalina.start(Catalina.java:759)
		at java.base/jdk.internal.reflect.DirectMethodHandleAccessor.invoke(DirectMethodHandleAccessor.java:103)
		at java.base/java.lang.reflect.Method.invoke(Method.java:580)
		at org.apache.catalina.startup.Bootstrap.start(Bootstrap.java:342)
		at org.apache.catalina.startup.Bootstrap.main(Bootstrap.java:470)
	Caused by: org.springframework.jdbc.CannotGetJdbcConnectionException: Failed to obtain JDBC Connection
		at org.springframework.jdbc.datasource.DataSourceUtils.getConnection(DataSourceUtils.java:84)
		at org.springframework.jdbc.datasource.init.DatabasePopulatorUtils.execute(DatabasePopulatorUtils.java:52)
		... 63 more
	Caused by: org.postgresql.util.PSQLException: ВАЖНО: база данных "blog" не существует
		at org.postgresql.core.v3.QueryExecutorImpl.receiveErrorResponse(QueryExecutorImpl.java:2733)
		at org.postgresql.core.v3.QueryExecutorImpl.readStartupMessages(QueryExecutorImpl.java:2845)
		at org.postgresql.core.v3.QueryExecutorImpl.<init>(QueryExecutorImpl.java:176)
		at org.postgresql.core.v3.ConnectionFactoryImpl.openConnectionImpl(ConnectionFactoryImpl.java:323)
		at org.postgresql.core.ConnectionFactory.openConnection(ConnectionFactory.java:54)
		at org.postgresql.jdbc.PgConnection.<init>(PgConnection.java:273)
		at org.postgresql.Driver.makeConnection(Driver.java:446)
		at org.postgresql.Driver.connect(Driver.java:298)
		at java.sql/java.sql.DriverManager.getConnection(DriverManager.java:683)
		at java.sql/java.sql.DriverManager.getConnection(DriverManager.java:191)
		at org.springframework.jdbc.datasource.DriverManagerDataSource.getConnectionFromDriverManager(DriverManagerDataSource.java:155)
		at org.springframework.jdbc.datasource.DriverManagerDataSource.getConnectionFromDriver(DriverManagerDataSource.java:146)
		at org.springframework.jdbc.datasource.AbstractDriverBasedDataSource.getConnectionFromDriver(AbstractDriverBasedDataSource.java:205)
		at org.springframework.jdbc.datasource.AbstractDriverBasedDataSource.getConnection(AbstractDriverBasedDataSource.java:169)
		at org.springframework.jdbc.datasource.DataSourceUtils.fetchConnection(DataSourceUtils.java:160)
		at org.springframework.jdbc.datasource.DataSourceUtils.doGetConnection(DataSourceUtils.java:118)
		at org.springframework.jdbc.datasource.DataSourceUtils.getConnection(DataSourceUtils.java:81)
		... 64 more
26-Jan-2025 23:54:13.333 SEVERE [main] org.apache.catalina.core.StandardContext.loadOnStartup Servlet [dispatcher] in web application [/blog] threw load() exception
	org.postgresql.util.PSQLException: ВАЖНО: база данных "blog" не существует
		at org.postgresql.core.v3.QueryExecutorImpl.receiveErrorResponse(QueryExecutorImpl.java:2733)
		at org.postgresql.core.v3.QueryExecutorImpl.readStartupMessages(QueryExecutorImpl.java:2845)
		at org.postgresql.core.v3.QueryExecutorImpl.<init>(QueryExecutorImpl.java:176)
		at org.postgresql.core.v3.ConnectionFactoryImpl.openConnectionImpl(ConnectionFactoryImpl.java:323)
		at org.postgresql.core.ConnectionFactory.openConnection(ConnectionFactory.java:54)
		at org.postgresql.jdbc.PgConnection.<init>(PgConnection.java:273)
		at org.postgresql.Driver.makeConnection(Driver.java:446)
		at org.postgresql.Driver.connect(Driver.java:298)
		at java.sql/java.sql.DriverManager.getConnection(DriverManager.java:683)
		at java.sql/java.sql.DriverManager.getConnection(DriverManager.java:191)
		at org.springframework.jdbc.datasource.DriverManagerDataSource.getConnectionFromDriverManager(DriverManagerDataSource.java:155)
		at org.springframework.jdbc.datasource.DriverManagerDataSource.getConnectionFromDriver(DriverManagerDataSource.java:146)
		at org.springframework.jdbc.datasource.AbstractDriverBasedDataSource.getConnectionFromDriver(AbstractDriverBasedDataSource.java:205)
		at org.springframework.jdbc.datasource.AbstractDriverBasedDataSource.getConnection(AbstractDriverBasedDataSource.java:169)
		at org.springframework.jdbc.datasource.DataSourceUtils.fetchConnection(DataSourceUtils.java:160)
		at org.springframework.jdbc.datasource.DataSourceUtils.doGetConnection(DataSourceUtils.java:118)
		at org.springframework.jdbc.datasource.DataSourceUtils.getConnection(DataSourceUtils.java:81)
		at org.springframework.jdbc.datasource.init.DatabasePopulatorUtils.execute(DatabasePopulatorUtils.java:52)
		at org.springframework.jdbc.datasource.init.ResourceDatabasePopulator.execute(ResourceDatabasePopulator.java:269)
		at ru.yandex.practicum.configuration.DataSourceConfiguration.populate(DataSourceConfiguration.java:51)
		at java.base/jdk.internal.reflect.DirectMethodHandleAccessor.invoke(DirectMethodHandleAccessor.java:103)
		at java.base/java.lang.reflect.Method.invoke(Method.java:580)
		at org.springframework.context.event.ApplicationListenerMethodAdapter.doInvoke(ApplicationListenerMethodAdapter.java:382)
		at org.springframework.context.event.ApplicationListenerMethodAdapter.processEvent(ApplicationListenerMethodAdapter.java:254)
		at org.springframework.context.event.ApplicationListenerMethodAdapter.onApplicationEvent(ApplicationListenerMethodAdapter.java:173)
		at org.springframework.context.event.SimpleApplicationEventMulticaster.doInvokeListener(SimpleApplicationEventMulticaster.java:185)
		at org.springframework.context.event.SimpleApplicationEventMulticaster.invokeListener(SimpleApplicationEventMulticaster.java:178)
		at org.springframework.context.event.SimpleApplicationEventMulticaster.multicastEvent(SimpleApplicationEventMulticaster.java:156)
		at org.springframework.context.support.AbstractApplicationContext.publishEvent(AbstractApplicationContext.java:454)
		at org.springframework.context.support.AbstractApplicationContext.publishEvent(AbstractApplicationContext.java:387)
		at org.springframework.context.support.AbstractApplicationContext.finishRefresh(AbstractApplicationContext.java:1009)
		at org.springframework.context.support.AbstractApplicationContext.refresh(AbstractApplicationContext.java:630)
		at org.springframework.web.servlet.FrameworkServlet.configureAndRefreshWebApplicationContext(FrameworkServlet.java:706)
		at org.springframework.web.servlet.FrameworkServlet.createWebApplicationContext(FrameworkServlet.java:672)
		at org.springframework.web.servlet.FrameworkServlet.createWebApplicationContext(FrameworkServlet.java:720)
		at org.springframework.web.servlet.FrameworkServlet.initWebApplicationContext(FrameworkServlet.java:595)
		at org.springframework.web.servlet.FrameworkServlet.initServletBean(FrameworkServlet.java:537)
		at org.springframework.web.servlet.HttpServletBean.init(HttpServletBean.java:169)
		at jakarta.servlet.GenericServlet.init(GenericServlet.java:143)
		at jakarta.servlet.http.HttpServlet.init(HttpServlet.java:122)
		at org.apache.catalina.core.StandardWrapper.initServlet(StandardWrapper.java:817)
		at org.apache.catalina.core.StandardWrapper.loadServlet(StandardWrapper.java:787)
		at org.apache.catalina.core.StandardWrapper.load(StandardWrapper.java:691)
		at org.apache.catalina.core.StandardContext.loadOnStartup(StandardContext.java:4153)
		at org.apache.catalina.core.StandardContext.startInternal(StandardContext.java:4437)
		at org.apache.catalina.util.LifecycleBase.start(LifecycleBase.java:164)
		at org.apache.catalina.core.ContainerBase.addChild(ContainerBase.java:566)
		at org.apache.catalina.core.StandardHost.addChild(StandardHost.java:653)
		at org.apache.catalina.startup.HostConfig.deployWAR(HostConfig.java:933)
		at org.apache.catalina.startup.HostConfig$DeployWar.run(HostConfig.java:1875)
		at java.base/java.util.concurrent.Executors$RunnableAdapter.call(Executors.java:572)
		at java.base/java.util.concurrent.FutureTask.run(FutureTask.java:317)
		at org.apache.tomcat.util.threads.InlineExecutorService.execute(InlineExecutorService.java:75)
		at java.base/java.util.concurrent.AbstractExecutorService.submit(AbstractExecutorService.java:123)
		at org.apache.catalina.startup.HostConfig.deployWARs(HostConfig.java:735)
		at org.apache.catalina.startup.HostConfig.deployApps(HostConfig.java:387)
		at org.apache.catalina.startup.HostConfig.start(HostConfig.java:1593)
		at org.apache.catalina.startup.HostConfig.lifecycleEvent(HostConfig.java:267)
		at org.apache.catalina.util.LifecycleBase.fireLifecycleEvent(LifecycleBase.java:109)
		at org.apache.catalina.util.LifecycleBase.setStateInternal(LifecycleBase.java:389)
		at org.apache.catalina.util.LifecycleBase.setState(LifecycleBase.java:336)
		at org.apache.catalina.core.ContainerBase.startInternal(ContainerBase.java:743)
		at org.apache.catalina.core.StandardHost.startInternal(StandardHost.java:771)
		at org.apache.catalina.util.LifecycleBase.start(LifecycleBase.java:164)
		at org.apache.catalina.core.ContainerBase$StartChild.call(ContainerBase.java:1170)
		at org.apache.catalina.core.ContainerBase$StartChild.call(ContainerBase.java:1160)
		at java.base/java.util.concurrent.FutureTask.run(FutureTask.java:317)
		at org.apache.tomcat.util.threads.InlineExecutorService.execute(InlineExecutorService.java:75)
		at java.base/java.util.concurrent.AbstractExecutorService.submit(AbstractExecutorService.java:145)
		at org.apache.catalina.core.ContainerBase.startInternal(ContainerBase.java:716)
		at org.apache.catalina.core.StandardEngine.startInternal(StandardEngine.java:203)
		at org.apache.catalina.util.LifecycleBase.start(LifecycleBase.java:164)
		at org.apache.catalina.core.StandardService.startInternal(StandardService.java:415)
		at org.apache.catalina.util.LifecycleBase.start(LifecycleBase.java:164)
		at org.apache.catalina.core.StandardServer.startInternal(StandardServer.java:866)
		at org.apache.catalina.util.LifecycleBase.start(LifecycleBase.java:164)
		at org.apache.catalina.startup.Catalina.start(Catalina.java:759)
		at java.base/jdk.internal.reflect.DirectMethodHandleAccessor.invoke(DirectMethodHandleAccessor.java:103)
		at java.base/java.lang.reflect.Method.invoke(Method.java:580)
		at org.apache.catalina.startup.Bootstrap.start(Bootstrap.java:342)
		at org.apache.catalina.startup.Bootstrap.main(Bootstrap.java:470)
26-Jan-2025 23:54:13.626 INFO [main] org.apache.catalina.core.ApplicationContext.log ContextListener: contextInitialized()
26-Jan-2025 23:54:13.626 INFO [main] org.apache.catalina.core.ApplicationContext.log SessionListener: contextInitialized()
26-Jan-2025 23:54:13.627 INFO [main] org.apache.catalina.core.ApplicationContext.log ContextListener: attributeAdded('StockTicker', 'async.Stockticker@637de489')
26-Jan-2025 23:54:15.813 INFO [http-nio-8080-exec-1] org.apache.catalina.core.ApplicationContext.log Initializing Spring DispatcherServlet 'dispatcher'
26-Jan-2025 23:54:15.961 SEVERE [http-nio-8080-exec-1] org.apache.catalina.core.ApplicationContext.log Servlet.init() для сервлета [dispatcher] выбросил исключение
	org.springframework.jdbc.datasource.init.UncategorizedScriptException: Failed to execute database script
		at org.springframework.jdbc.datasource.init.DatabasePopulatorUtils.execute(DatabasePopulatorUtils.java:67)
		at org.springframework.jdbc.datasource.init.ResourceDatabasePopulator.execute(ResourceDatabasePopulator.java:269)
		at ru.yandex.practicum.configuration.DataSourceConfiguration.populate(DataSourceConfiguration.java:51)
		at java.base/jdk.internal.reflect.DirectMethodHandleAccessor.invoke(DirectMethodHandleAccessor.java:103)
		at java.base/java.lang.reflect.Method.invoke(Method.java:580)
		at org.springframework.context.event.ApplicationListenerMethodAdapter.doInvoke(ApplicationListenerMethodAdapter.java:382)
		at org.springframework.context.event.ApplicationListenerMethodAdapter.processEvent(ApplicationListenerMethodAdapter.java:254)
		at org.springframework.context.event.ApplicationListenerMethodAdapter.onApplicationEvent(ApplicationListenerMethodAdapter.java:173)
		at org.springframework.context.event.SimpleApplicationEventMulticaster.doInvokeListener(SimpleApplicationEventMulticaster.java:185)
		at org.springframework.context.event.SimpleApplicationEventMulticaster.invokeListener(SimpleApplicationEventMulticaster.java:178)
		at org.springframework.context.event.SimpleApplicationEventMulticaster.multicastEvent(SimpleApplicationEventMulticaster.java:156)
		at org.springframework.context.support.AbstractApplicationContext.publishEvent(AbstractApplicationContext.java:454)
		at org.springframework.context.support.AbstractApplicationContext.publishEvent(AbstractApplicationContext.java:387)
		at org.springframework.context.support.AbstractApplicationContext.finishRefresh(AbstractApplicationContext.java:1009)
		at org.springframework.context.support.AbstractApplicationContext.refresh(AbstractApplicationContext.java:630)
		at org.springframework.web.servlet.FrameworkServlet.configureAndRefreshWebApplicationContext(FrameworkServlet.java:706)
		at org.springframework.web.servlet.FrameworkServlet.createWebApplicationContext(FrameworkServlet.java:672)
		at org.springframework.web.servlet.FrameworkServlet.createWebApplicationContext(FrameworkServlet.java:720)
		at org.springframework.web.servlet.FrameworkServlet.initWebApplicationContext(FrameworkServlet.java:595)
		at org.springframework.web.servlet.FrameworkServlet.initServletBean(FrameworkServlet.java:537)
		at org.springframework.web.servlet.HttpServletBean.init(HttpServletBean.java:169)
		at jakarta.servlet.GenericServlet.init(GenericServlet.java:143)
		at jakarta.servlet.http.HttpServlet.init(HttpServlet.java:122)
		at org.apache.catalina.core.StandardWrapper.initServlet(StandardWrapper.java:817)
		at org.apache.catalina.core.StandardWrapper.loadServlet(StandardWrapper.java:787)
		at org.apache.catalina.core.StandardWrapper.allocate(StandardWrapper.java:568)
		at org.apache.catalina.core.StandardWrapperValve.invoke(StandardWrapperValve.java:115)
		at org.apache.catalina.core.StandardContextValve.invoke(StandardContextValve.java:79)
		at org.apache.catalina.authenticator.AuthenticatorBase.invoke(AuthenticatorBase.java:483)
		at org.apache.catalina.core.StandardHostValve.invoke(StandardHostValve.java:115)
		at org.apache.catalina.valves.ErrorReportValve.invoke(ErrorReportValve.java:93)
		at org.apache.catalina.valves.AbstractAccessLogValve.invoke(AbstractAccessLogValve.java:663)
		at org.apache.catalina.core.StandardEngineValve.invoke(StandardEngineValve.java:74)
		at org.apache.catalina.connector.CoyoteAdapter.service(CoyoteAdapter.java:342)
		at org.apache.coyote.http11.Http11Processor.service(Http11Processor.java:395)
		at org.apache.coyote.AbstractProcessorLight.process(AbstractProcessorLight.java:63)
		at org.apache.coyote.AbstractProtocol$ConnectionHandler.process(AbstractProtocol.java:905)
		at org.apache.tomcat.util.net.NioEndpoint$SocketProcessor.doRun(NioEndpoint.java:1746)
		at org.apache.tomcat.util.net.SocketProcessorBase.run(SocketProcessorBase.java:52)
		at org.apache.tomcat.util.threads.ThreadPoolExecutor.runWorker(ThreadPoolExecutor.java:1148)
		at org.apache.tomcat.util.threads.ThreadPoolExecutor$Worker.run(ThreadPoolExecutor.java:636)
		at org.apache.tomcat.util.threads.TaskThread$WrappingRunnable.run(TaskThread.java:63)
		at java.base/java.lang.Thread.run(Thread.java:1583)
	Caused by: org.springframework.jdbc.CannotGetJdbcConnectionException: Failed to obtain JDBC Connection
		at org.springframework.jdbc.datasource.DataSourceUtils.getConnection(DataSourceUtils.java:84)
		at org.springframework.jdbc.datasource.init.DatabasePopulatorUtils.execute(DatabasePopulatorUtils.java:52)
		... 42 more
	Caused by: org.postgresql.util.PSQLException: ВАЖНО: база данных "blog" не существует
		at org.postgresql.core.v3.QueryExecutorImpl.receiveErrorResponse(QueryExecutorImpl.java:2733)
		at org.postgresql.core.v3.QueryExecutorImpl.readStartupMessages(QueryExecutorImpl.java:2845)
		at org.postgresql.core.v3.QueryExecutorImpl.<init>(QueryExecutorImpl.java:176)
		at org.postgresql.core.v3.ConnectionFactoryImpl.openConnectionImpl(ConnectionFactoryImpl.java:323)
		at org.postgresql.core.ConnectionFactory.openConnection(ConnectionFactory.java:54)
		at org.postgresql.jdbc.PgConnection.<init>(PgConnection.java:273)
		at org.postgresql.Driver.makeConnection(Driver.java:446)
		at org.postgresql.Driver.connect(Driver.java:298)
		at java.sql/java.sql.DriverManager.getConnection(DriverManager.java:683)
		at java.sql/java.sql.DriverManager.getConnection(DriverManager.java:191)
		at org.springframework.jdbc.datasource.DriverManagerDataSource.getConnectionFromDriverManager(DriverManagerDataSource.java:155)
		at org.springframework.jdbc.datasource.DriverManagerDataSource.getConnectionFromDriver(DriverManagerDataSource.java:146)
		at org.springframework.jdbc.datasource.AbstractDriverBasedDataSource.getConnectionFromDriver(AbstractDriverBasedDataSource.java:205)
		at org.springframework.jdbc.datasource.AbstractDriverBasedDataSource.getConnection(AbstractDriverBasedDataSource.java:169)
		at org.springframework.jdbc.datasource.DataSourceUtils.fetchConnection(DataSourceUtils.java:160)
		at org.springframework.jdbc.datasource.DataSourceUtils.doGetConnection(DataSourceUtils.java:118)
		at org.springframework.jdbc.datasource.DataSourceUtils.getConnection(DataSourceUtils.java:81)
		... 43 more
26-Jan-2025 23:54:15.961 SEVERE [http-nio-8080-exec-1] org.apache.catalina.core.StandardWrapperValve.invoke Ошибка выделения для сервлета [dispatcher]
	org.postgresql.util.PSQLException: ВАЖНО: база данных "blog" не существует
		at org.postgresql.core.v3.QueryExecutorImpl.receiveErrorResponse(QueryExecutorImpl.java:2733)
		at org.postgresql.core.v3.QueryExecutorImpl.readStartupMessages(QueryExecutorImpl.java:2845)
		at org.postgresql.core.v3.QueryExecutorImpl.<init>(QueryExecutorImpl.java:176)
		at org.postgresql.core.v3.ConnectionFactoryImpl.openConnectionImpl(ConnectionFactoryImpl.java:323)
		at org.postgresql.core.ConnectionFactory.openConnection(ConnectionFactory.java:54)
		at org.postgresql.jdbc.PgConnection.<init>(PgConnection.java:273)
		at org.postgresql.Driver.makeConnection(Driver.java:446)
		at org.postgresql.Driver.connect(Driver.java:298)
		at java.sql/java.sql.DriverManager.getConnection(DriverManager.java:683)
		at java.sql/java.sql.DriverManager.getConnection(DriverManager.java:191)
		at org.springframework.jdbc.datasource.DriverManagerDataSource.getConnectionFromDriverManager(DriverManagerDataSource.java:155)
		at org.springframework.jdbc.datasource.DriverManagerDataSource.getConnectionFromDriver(DriverManagerDataSource.java:146)
		at org.springframework.jdbc.datasource.AbstractDriverBasedDataSource.getConnectionFromDriver(AbstractDriverBasedDataSource.java:205)
		at org.springframework.jdbc.datasource.AbstractDriverBasedDataSource.getConnection(AbstractDriverBasedDataSource.java:169)
		at org.springframework.jdbc.datasource.DataSourceUtils.fetchConnection(DataSourceUtils.java:160)
		at org.springframework.jdbc.datasource.DataSourceUtils.doGetConnection(DataSourceUtils.java:118)
		at org.springframework.jdbc.datasource.DataSourceUtils.getConnection(DataSourceUtils.java:81)
		at org.springframework.jdbc.datasource.init.DatabasePopulatorUtils.execute(DatabasePopulatorUtils.java:52)
		at org.springframework.jdbc.datasource.init.ResourceDatabasePopulator.execute(ResourceDatabasePopulator.java:269)
		at ru.yandex.practicum.configuration.DataSourceConfiguration.populate(DataSourceConfiguration.java:51)
		at java.base/jdk.internal.reflect.DirectMethodHandleAccessor.invoke(DirectMethodHandleAccessor.java:103)
		at java.base/java.lang.reflect.Method.invoke(Method.java:580)
		at org.springframework.context.event.ApplicationListenerMethodAdapter.doInvoke(ApplicationListenerMethodAdapter.java:382)
		at org.springframework.context.event.ApplicationListenerMethodAdapter.processEvent(ApplicationListenerMethodAdapter.java:254)
		at org.springframework.context.event.ApplicationListenerMethodAdapter.onApplicationEvent(ApplicationListenerMethodAdapter.java:173)
		at org.springframework.context.event.SimpleApplicationEventMulticaster.doInvokeListener(SimpleApplicationEventMulticaster.java:185)
		at org.springframework.context.event.SimpleApplicationEventMulticaster.invokeListener(SimpleApplicationEventMulticaster.java:178)
		at org.springframework.context.event.SimpleApplicationEventMulticaster.multicastEvent(SimpleApplicationEventMulticaster.java:156)
		at org.springframework.context.support.AbstractApplicationContext.publishEvent(AbstractApplicationContext.java:454)
		at org.springframework.context.support.AbstractApplicationContext.publishEvent(AbstractApplicationContext.java:387)
		at org.springframework.context.support.AbstractApplicationContext.finishRefresh(AbstractApplicationContext.java:1009)
		at org.springframework.context.support.AbstractApplicationContext.refresh(AbstractApplicationContext.java:630)
		at org.springframework.web.servlet.FrameworkServlet.configureAndRefreshWebApplicationContext(FrameworkServlet.java:706)
		at org.springframework.web.servlet.FrameworkServlet.createWebApplicationContext(FrameworkServlet.java:672)
		at org.springframework.web.servlet.FrameworkServlet.createWebApplicationContext(FrameworkServlet.java:720)
		at org.springframework.web.servlet.FrameworkServlet.initWebApplicationContext(FrameworkServlet.java:595)
		at org.springframework.web.servlet.FrameworkServlet.initServletBean(FrameworkServlet.java:537)
		at org.springframework.web.servlet.HttpServletBean.init(HttpServletBean.java:169)
		at jakarta.servlet.GenericServlet.init(GenericServlet.java:143)
		at jakarta.servlet.http.HttpServlet.init(HttpServlet.java:122)
		at org.apache.catalina.core.StandardWrapper.initServlet(StandardWrapper.java:817)
		at org.apache.catalina.core.StandardWrapper.loadServlet(StandardWrapper.java:787)
		at org.apache.catalina.core.StandardWrapper.allocate(StandardWrapper.java:568)
		at org.apache.catalina.core.StandardWrapperValve.invoke(StandardWrapperValve.java:115)
		at org.apache.catalina.core.StandardContextValve.invoke(StandardContextValve.java:79)
		at org.apache.catalina.authenticator.AuthenticatorBase.invoke(AuthenticatorBase.java:483)
		at org.apache.catalina.core.StandardHostValve.invoke(StandardHostValve.java:115)
		at org.apache.catalina.valves.ErrorReportValve.invoke(ErrorReportValve.java:93)
		at org.apache.catalina.valves.AbstractAccessLogValve.invoke(AbstractAccessLogValve.java:663)
		at org.apache.catalina.core.StandardEngineValve.invoke(StandardEngineValve.java:74)
		at org.apache.catalina.connector.CoyoteAdapter.service(CoyoteAdapter.java:342)
		at org.apache.coyote.http11.Http11Processor.service(Http11Processor.java:395)
		at org.apache.coyote.AbstractProcessorLight.process(AbstractProcessorLight.java:63)
		at org.apache.coyote.AbstractProtocol$ConnectionHandler.process(AbstractProtocol.java:905)
		at org.apache.tomcat.util.net.NioEndpoint$SocketProcessor.doRun(NioEndpoint.java:1746)
		at org.apache.tomcat.util.net.SocketProcessorBase.run(SocketProcessorBase.java:52)
		at org.apache.tomcat.util.threads.ThreadPoolExecutor.runWorker(ThreadPoolExecutor.java:1148)
		at org.apache.tomcat.util.threads.ThreadPoolExecutor$Worker.run(ThreadPoolExecutor.java:636)
		at org.apache.tomcat.util.threads.TaskThread$WrappingRunnable.run(TaskThread.java:63)
		at java.base/java.lang.Thread.run(Thread.java:1583)
